"outcome","treated_iso3c","treated_country","year","actual","synthetic","gap"
"trade_openness","BEN","Benin",1980,53.1386195994861,41.6529058719522,11.4857137275339
"trade_openness","BEN","Benin",1981,59.8893720979652,47.3228102160467,12.5665618819185
"trade_openness","BEN","Benin",1982,57.8573353739462,46.6458347654708,11.2115006084754
"trade_openness","BEN","Benin",1983,45.3420118908271,44.4290603745039,0.912951516323226
"trade_openness","BEN","Benin",1984,50.5113034919755,43.0841882545266,7.42711523744892
"trade_openness","BEN","Benin",1985,60.3012179781571,48.6608420415602,11.6403759365969
"trade_openness","BEN","Benin",1986,49.2914176982042,50.5271269278475,-1.23570922964328
"trade_openness","BEN","Benin",1987,46.2181352147978,44.8857305968434,1.33240461795443
"trade_openness","BEN","Benin",1988,45.8868280290306,54.7819882633362,-8.89516023430563
"trade_openness","BEN","Benin",1989,38.3003673589405,48.2325113311561,-9.93214397221564
"trade_openness","BEN","Benin",1990,45.7201821451396,44.0586930519038,1.66148909323578
"trade_openness","BEN","Benin",1991,51.3447168355486,52.6322556780626,-1.28753884251403
"trade_openness","BEN","Benin",1992,56.7407458048553,62.2768319153603,-5.53608611050496
"trade_openness","BEN","Benin",1993,55.3817991336605,55.9842751060794,-0.602475972418922
"trade_openness","BEN","Benin",1994,64.4004792535565,51.9882562891625,12.412222964394
"trade_openness","BEN","Benin",1995,63.800140010475,61.0678944342144,2.7322455762606
"trade_openness","BEN","Benin",1996,56.5177914456367,60.6507211056959,-4.1329296600592
"trade_openness","BEN","Benin",1997,58.7116296113966,61.0926303872908,-2.38100077589418
"trade_openness","BEN","Benin",1998,59.5936252981433,61.9596979526803,-2.36607265453698
"trade_openness","BEN","Benin",1999,54.3917891538957,62.3295144806329,-7.93772532673724
"trade_openness","BEN","Benin",2000,47.3481515012844,55.7752659996726,-8.42711449838822
"trade_openness","BEN","Benin",2001,48.2571706392197,55.2218039965927,-6.96463335737305
"trade_openness","BEN","Benin",2002,43.7684225364311,53.4316565917077,-9.66323405527655
"trade_openness","BEN","Benin",2003,41.6162305574334,54.3647407470968,-12.7485101896634
"trade_openness","BEN","Benin",2004,39.9029743365096,63.5091148549468,-23.6061405184372
"trade_openness","BEN","Benin",2005,39.0959311879142,71.730523650819,-32.6345924629048
"trade_openness","BEN","Benin",2006,39.7746987128551,79.3594585324878,-39.5847598196327
"trade_openness","BEN","Benin",2007,49.1137841529705,79.3797318768873,-30.2659477239168
"trade_openness","BEN","Benin",2008,47.7753592695169,77.5645551790849,-29.789195909568
"trade_openness","BEN","Benin",2009,44.7026290629806,76.2542580929957,-31.5516290300151
"trade_openness","BEN","Benin",2010,51.4308599492924,77.3578905390394,-25.927030589747
"trade_openness","BEN","Benin",2011,47.2170288118403,80.0330623923734,-32.816033580533
"trade_openness","BEN","Benin",2012,50.7367367791134,75.2079204509219,-24.4711836718085
"trade_openness","BEN","Benin",2013,59.2001918331875,75.1026613840911,-15.9024695509036
"trade_openness","BEN","Benin",2014,65.2682749404551,70.2045767637359,-4.9363018232808
"trade_openness","BEN","Benin",2015,56.7563131849476,70.1889084937309,-13.4325953087833
"trade_openness","BEN","Benin",2016,58.9869283378276,57.9947326153748,0.992195722452841
"trade_openness","BEN","Benin",2017,61.4765969588474,57.6821270904136,3.79446986843378
"trade_openness","BEN","Benin",2018,61.7951944903448,60.4330983273406,1.36209616300419
"trade_openness","BEN","Benin",2019,63.68133231423,57.9449317855038,5.73640052872615
"trade_openness","BFA","Burkina Faso",1980,40.213028682332,35.8520234998389,4.36100518249313
"trade_openness","BFA","Burkina Faso",1981,40.7115242526657,35.3377828248481,5.37374142781758
"trade_openness","BFA","Burkina Faso",1982,39.8197514428109,35.9750752845167,3.8446761582942
"trade_openness","BFA","Burkina Faso",1983,37.4582972460124,35.4070254986435,2.05127174736889
"trade_openness","BFA","Burkina Faso",1984,39.7187056640872,34.758057321254,4.9606483428332
"trade_openness","BFA","Burkina Faso",1985,40.9475469828696,35.569487392343,5.3780595905266
"trade_openness","BFA","Burkina Faso",1986,37.9617294229875,35.022918876407,2.93881054658053
"trade_openness","BFA","Burkina Faso",1987,39.4399463300075,35.2098883473977,4.23005798260976
"trade_openness","BFA","Burkina Faso",1988,38.1296822765951,35.4123139922942,2.71736828430087
"trade_openness","BFA","Burkina Faso",1989,32.3947599439306,35.8934323191925,-3.49867237526193
"trade_openness","BFA","Burkina Faso",1990,35.4226504401749,36.0335235911513,-0.610873150976445
"trade_openness","BFA","Burkina Faso",1991,33.7962364263647,35.2595114079943,-1.46327498162957
"trade_openness","BFA","Burkina Faso",1992,28.3740163771975,35.3225929449412,-6.94857656774375
"trade_openness","BFA","Burkina Faso",1993,29.6250839534616,35.0966406922482,-5.47155673878661
"trade_openness","BFA","Burkina Faso",1994,39.2292222386411,35.5114725172143,3.71774972142683
"trade_openness","BFA","Burkina Faso",1995,40.7474714183407,37.0002367856988,3.74723463264186
"trade_openness","BFA","Burkina Faso",1996,38.1802977691941,36.7671771973988,1.41312057179529
"trade_openness","BFA","Burkina Faso",1997,37.4164187803511,38.3186689940624,-0.902250213711255
"trade_openness","BFA","Burkina Faso",1998,40.9397835752562,38.9942213639206,1.94556221133564
"trade_openness","BFA","Burkina Faso",1999,35.2548157814824,39.066874096165,-3.81205831468262
"trade_openness","BFA","Burkina Faso",2000,35.1229419704263,39.0599207649528,-3.93697879452647
"trade_openness","BFA","Burkina Faso",2001,31.6581708148511,40.3390937463508,-8.68092293149968
"trade_openness","BFA","Burkina Faso",2002,31.3125228527966,39.3974208768478,-8.08489802405121
"trade_openness","BFA","Burkina Faso",2003,30.3682364077323,38.8279927681327,-8.45975636040035
"trade_openness","BFA","Burkina Faso",2004,35.4809436017462,38.3432116116346,-2.86226800988844
"trade_openness","BFA","Burkina Faso",2005,34.1721697681049,41.0353597131242,-6.86318994501925
"trade_openness","BFA","Burkina Faso",2006,35.1065423554549,42.4716516033217,-7.3651092478668
"trade_openness","BFA","Burkina Faso",2007,33.7797172895073,45.7909866024749,-12.0112693129676
"trade_openness","BFA","Burkina Faso",2008,35.3853169801502,45.5424522306489,-10.1571352504987
"trade_openness","BFA","Burkina Faso",2009,40.2959836735924,43.5374772539544,-3.24149358036204
"trade_openness","BFA","Burkina Faso",2010,49.0732385398039,42.2489688541299,6.82426968567405
"trade_openness","BFA","Burkina Faso",2011,57.4972531038508,45.030157811184,12.4670952926668
"trade_openness","BFA","Burkina Faso",2012,61.2386079818398,45.3776302923256,15.8609776895142
"trade_openness","BFA","Burkina Faso",2013,64.0358513024234,43.0468636657828,20.9889876366406
"trade_openness","BFA","Burkina Faso",2014,58.8235624937426,41.6977008857846,17.125861607958
"trade_openness","BFA","Burkina Faso",2015,59.0891813101662,41.6350543205535,17.4541269896127
"trade_openness","BFA","Burkina Faso",2016,57.8931727994406,39.5095180477588,18.3836547516818
"trade_openness","BFA","Burkina Faso",2017,59.2687802020168,40.9870649326748,18.281715269342
"trade_openness","BFA","Burkina Faso",2018,60.5956256236488,41.4747987120194,19.1208269116294
"trade_openness","BFA","Burkina Faso",2019,60.4086928753226,40.7915457005157,19.6171471748069
"trade_openness","CIV","Côte d'Ivoire",1980,76.1802896945707,59.5134839401437,16.666805754427
"trade_openness","CIV","Côte d'Ivoire",1981,77.459198875202,68.4744513836373,8.98474749156469
"trade_openness","CIV","Côte d'Ivoire",1982,75.750021666503,66.791448396638,8.95857326986496
"trade_openness","CIV","Côte d'Ivoire",1983,72.6801769689194,64.58568831794,8.09448865097944
"trade_openness","CIV","Côte d'Ivoire",1984,77.103198191928,70.8198383957774,6.28335979615058
"trade_openness","CIV","Côte d'Ivoire",1985,79.1725137120598,69.9845571968716,9.18795651518816
"trade_openness","CIV","Côte d'Ivoire",1986,69.6773571637603,62.6739780572922,7.00337910646813
"trade_openness","CIV","Côte d'Ivoire",1987,63.050248281061,62.1681798086883,0.882068472372751
"trade_openness","CIV","Côte d'Ivoire",1988,58.3782715178313,62.5640205352878,-4.18574901745646
"trade_openness","CIV","Côte d'Ivoire",1989,61.0885440449655,62.7415592799134,-1.65301523494793
"trade_openness","CIV","Côte d'Ivoire",1990,58.8014956103209,66.2019968386155,-7.40050122829463
"trade_openness","CIV","Côte d'Ivoire",1991,56.9978213142969,62.2839812366283,-5.28615992233139
"trade_openness","CIV","Côte d'Ivoire",1992,60.0250653360901,62.6834195782274,-2.65835424213728
"trade_openness","CIV","Côte d'Ivoire",1993,55.3485218490843,62.2279687895536,-6.87944694046934
"trade_openness","CIV","Côte d'Ivoire",1994,69.8366580166987,60.3228169785879,9.51384103811083
"trade_openness","CIV","Côte d'Ivoire",1995,76.202343905242,63.922204679898,12.280139225344
"trade_openness","CIV","Côte d'Ivoire",1996,52.8042944211567,60.172254517949,-7.36796009679232
"trade_openness","CIV","Côte d'Ivoire",1997,54.0062903380367,63.4513658858986,-9.44507554786186
"trade_openness","CIV","Côte d'Ivoire",1998,53.6538337944761,59.03707576025,-5.38324196577388
"trade_openness","CIV","Côte d'Ivoire",1999,55.8935626908747,61.3899363936189,-5.4963737027442
"trade_openness","CIV","Côte d'Ivoire",2000,54.9639916295152,65.3258997972219,-10.3619081677067
"trade_openness","CIV","Côte d'Ivoire",2001,53.1141047180447,65.3894771431127,-12.275372425068
"trade_openness","CIV","Côte d'Ivoire",2002,55.9019482275388,66.0259451207969,-10.1239968932581
"trade_openness","CIV","Côte d'Ivoire",2003,53.260060681877,64.4168089771576,-11.1567482952806
"trade_openness","CIV","Côte d'Ivoire",2004,58.1182963035946,67.012288958827,-8.8939926552324
"trade_openness","CIV","Côte d'Ivoire",2005,62.8209360402806,71.8745052055425,-9.05356916526188
"trade_openness","CIV","Côte d'Ivoire",2006,63.690377061452,74.4725653688486,-10.7821883073966
"trade_openness","CIV","Côte d'Ivoire",2007,61.4309423484426,84.5028019864558,-23.0718596380132
"trade_openness","CIV","Côte d'Ivoire",2008,61.9406212969499,89.1345401756414,-27.1939188786915
"trade_openness","CIV","Côte d'Ivoire",2009,66.6729037469185,76.258943064945,-9.58603931802652
"trade_openness","CIV","Côte d'Ivoire",2010,67.472940081257,80.6232929180331,-13.1503528367761
"trade_openness","CIV","Côte d'Ivoire",2011,64.7159030611345,86.5369880758334,-21.8210850146989
"trade_openness","CIV","Côte d'Ivoire",2012,70.3010893191249,87.7370779401797,-17.4359886210548
"trade_openness","CIV","Côte d'Ivoire",2013,58.3526792527234,81.4896223590853,-23.1369431063619
"trade_openness","CIV","Côte d'Ivoire",2014,53.6804175610344,78.7517598273343,-25.0713422662999
"trade_openness","CIV","Côte d'Ivoire",2015,52.7153604615931,75.5620440530665,-22.8466835914734
"trade_openness","CIV","Côte d'Ivoire",2016,47.5663138935656,79.6340629894288,-32.0677490958632
"trade_openness","CIV","Côte d'Ivoire",2017,48.6596050387177,83.7038059440248,-35.0442009053071
"trade_openness","CIV","Côte d'Ivoire",2018,46.040028237159,85.9036296155156,-39.8636013783566
"trade_openness","CIV","Côte d'Ivoire",2019,44.6604105830795,84.251043206912,-39.5906326238325
"trade_openness","MLI","Mali",1980,28.947634479521,37.3232001877066,-8.37556570818564
"trade_openness","MLI","Mali",1981,28.5652296485402,37.0404704798532,-8.47524083131298
"trade_openness","MLI","Mali",1982,34.8450573189442,37.417775288688,-2.57271796974378
"trade_openness","MLI","Mali",1983,41.1969236346695,36.81515945761,4.38176417705951
"trade_openness","MLI","Mali",1984,47.8057299956105,36.087389419479,11.7183405761315
"trade_openness","MLI","Mali",1985,51.7785569314836,37.6050606287541,14.1734963027295
"trade_openness","MLI","Mali",1986,43.1057226560103,37.4547234237428,5.65099923226754
"trade_openness","MLI","Mali",1987,41.0699481733744,36.8227975024768,4.24715067089765
"trade_openness","MLI","Mali",1988,37.4486449257117,39.2430728895545,-1.79442796384279
"trade_openness","MLI","Mali",1989,34.6160830649868,38.4374195835074,-3.82133651852062
"trade_openness","MLI","Mali",1990,38.4598084868366,37.7687409327408,0.691067554095824
"trade_openness","MLI","Mali",1991,36.1545833680932,39.3409168544756,-3.18633348638243
"trade_openness","MLI","Mali",1992,37.9740349488916,41.2323736207144,-3.25833867182278
"trade_openness","MLI","Mali",1993,35.7839472513242,40.5920889949339,-4.80814174360972
"trade_openness","MLI","Mali",1994,44.0605023392665,39.8899676863525,4.17053465291403
"trade_openness","MLI","Mali",1995,45.0810713232829,42.7592649251008,2.32180639818208
"trade_openness","MLI","Mali",1996,38.9934967655238,42.1044178414085,-3.11092107588473
"trade_openness","MLI","Mali",1997,45.0487038446352,42.3089341089247,2.73976973571045
"trade_openness","MLI","Mali",1998,39.830245090196,42.6223946093987,-2.7921495192027
"trade_openness","MLI","Mali",1999,40.5393029667541,43.3311607848204,-2.79185781806633
"trade_openness","MLI","Mali",2000,44.6657609790519,43.8671108345897,0.798650144462194
"trade_openness","MLI","Mali",2001,49.3239069915403,43.4428227860005,5.88108420553983
"trade_openness","MLI","Mali",2002,46.3529227419891,42.3865188770125,3.96640386497656
"trade_openness","MLI","Mali",2003,46.8915346664625,42.065544072231,4.82599059423148
"trade_openness","MLI","Mali",2004,44.0120986422566,43.880742821598,0.131355820658584
"trade_openness","MLI","Mali",2005,44.9124085077551,47.3802902459424,-2.46788173818728
"trade_openness","MLI","Mali",2006,49.0190773449704,49.8393484917853,-0.820271146814903
"trade_openness","MLI","Mali",2007,46.8977916240376,50.4957317002709,-3.59794007623326
"trade_openness","MLI","Mali",2008,53.6430193090625,51.2498301683712,2.39318914069126
"trade_openness","MLI","Mali",2009,40.5413815805662,48.8991388031325,-8.3577572225663
"trade_openness","MLI","Mali",2010,48.8166953660615,49.4308192788221,-0.614123912760618
"trade_openness","MLI","Mali",2011,43.1814699132908,52.2043703045939,-9.02290039130309
"trade_openness","MLI","Mali",2012,49.4252356223808,51.2001912515358,-1.77495562915503
"trade_openness","MLI","Mali",2013,54.6032439863007,50.4816588353211,4.12158515097963
"trade_openness","MLI","Mali",2014,51.078682187569,50.7259809099207,0.352701277648322
"trade_openness","MLI","Mali",2015,53.5751760102265,48.0943934659455,5.48078254428097
"trade_openness","MLI","Mali",2016,53.6126193604252,43.3989101167063,10.2137092437189
"trade_openness","MLI","Mali",2017,49.4919984941972,42.7256910136629,6.76630748053434
"trade_openness","MLI","Mali",2018,50.6998462523276,43.767054794926,6.93279145740157
"trade_openness","MLI","Mali",2019,53.9987132798636,43.4410943507116,10.557618929152
"trade_openness","NER","Niger",1980,62.7102974227301,38.1641813848881,24.546116037842
"trade_openness","NER","Niger",1981,60.3573157894737,40.4702210693556,19.8870947201181
"trade_openness","NER","Niger",1982,57.0681085272408,39.5610652109087,17.5070433163321
"trade_openness","NER","Niger",1983,47.7392587544749,37.8871778986961,9.85208085577878
"trade_openness","NER","Niger",1984,49.8757152725003,41.4704172748878,8.40529799761249
"trade_openness","NER","Niger",1985,53.5266371830812,42.1868562341181,11.3397809489631
"trade_openness","NER","Niger",1986,40.6922950191672,38.401961009478,2.29033400968919
"trade_openness","NER","Niger",1987,45.984511437125,39.4837664698432,6.50074496728184
"trade_openness","NER","Niger",1988,41.8884433363145,40.7640831685685,1.12436016774597
"trade_openness","NER","Niger",1989,39.8980435664684,41.1774925831553,-1.27944901668686
"trade_openness","NER","Niger",1990,35.6167735553299,43.3473774476965,-7.73060389236655
"trade_openness","NER","Niger",1991,30.336179238057,40.2679259036859,-9.9317466656289
"trade_openness","NER","Niger",1992,28.7066499462238,40.0040385480579,-11.2973886018341
"trade_openness","NER","Niger",1993,26.098937648296,40.3790025225553,-14.2800648742593
"trade_openness","NER","Niger",1994,33.6425286170597,39.2538300149786,-5.61130139791888
"trade_openness","NER","Niger",1995,34.7775356997428,42.0472538239721,-7.26971812422927
"trade_openness","NER","Niger",1996,36.539997643493,40.3672150496378,-3.82721740614477
"trade_openness","NER","Niger",1997,33.1743453903346,42.2467228264402,-9.07237743610564
"trade_openness","NER","Niger",1998,35.0196895457842,40.5052392832299,-5.48554973744574
"trade_openness","NER","Niger",1999,31.3752367245391,41.8855361232998,-10.5102993987607
"trade_openness","NER","Niger",2000,34.7127807043604,43.7565907295606,-9.04381002520022
"trade_openness","NER","Niger",2001,33.0136670843015,44.8652570989336,-11.8515900146321
"trade_openness","NER","Niger",2002,30.8343857497549,43.5729022245128,-12.7385164747579
"trade_openness","NER","Niger",2003,33.3827931416238,41.3746229142454,-7.99182977262156
"trade_openness","NER","Niger",2004,36.9641044464896,42.5823489947666,-5.61824454827698
"trade_openness","NER","Niger",2005,38.3477418070736,48.3553772966024,-10.0076354895288
"trade_openness","NER","Niger",2006,36.5313731842429,50.9156744739922,-14.3843012897493
"trade_openness","NER","Niger",2007,35.5028028471007,53.685399374298,-18.1825965271973
"trade_openness","NER","Niger",2008,39.7112440540383,56.7030197133823,-16.991775659344
"trade_openness","NER","Niger",2009,49.5122567031625,47.7247984328223,1.78745827034015
"trade_openness","NER","Niger",2010,51.9459863027627,51.648368062675,0.297618240087736
"trade_openness","NER","Niger",2011,50.2463951569345,57.2790324650846,-7.03263730815006
"trade_openness","NER","Niger",2012,45.08596447308,58.1651433692519,-13.0791788961719
"trade_openness","NER","Niger",2013,46.2951491493291,57.7787356043742,-11.4835864550451
"trade_openness","NER","Niger",2014,45.7416008365932,56.3576658513733,-10.6160650147801
"trade_openness","NER","Niger",2015,44.727430371186,53.3030221391139,-8.57559176792788
"trade_openness","NER","Niger",2016,36.4881092245519,52.078230505348,-15.5901212807961
"trade_openness","NER","Niger",2017,39.0711117370149,53.3315443727758,-14.2604326357609
"trade_openness","NER","Niger",2018,37.5388483992356,54.9386481695132,-17.3997997702776
"trade_openness","NER","Niger",2019,37.1025664250801,54.658692902286,-17.5561264772059
"trade_openness","SEN","Senegal",1980,49.3008323036292,49.1427556299563,0.158076673672888
"trade_openness","SEN","Senegal",1981,65.8519215038223,48.4617372198892,17.3901842839331
"trade_openness","SEN","Senegal",1982,57.1036068416595,53.2903932687317,3.81321357292776
"trade_openness","SEN","Senegal",1983,68.5643150477465,50.9234385683888,17.6408764793577
"trade_openness","SEN","Senegal",1984,65.4332867839953,49.4372881933897,15.9959985906056
"trade_openness","SEN","Senegal",1985,52.6337717754652,46.6960406702762,5.93773110518904
"trade_openness","SEN","Senegal",1986,44.8247040340199,48.5266613206485,-3.70195728662861
"trade_openness","SEN","Senegal",1987,39.3920531855599,47.1881011941504,-7.79604800859052
"trade_openness","SEN","Senegal",1988,40.6318676835579,46.6413584154387,-6.00949073188084
"trade_openness","SEN","Senegal",1989,42.9574202579719,48.1444835172818,-5.18706325930992
"trade_openness","SEN","Senegal",1990,44.7892639604104,48.6155919897101,-3.82632802929967
"trade_openness","SEN","Senegal",1991,42.1828996492748,49.2725093852236,-7.08960973594883
"trade_openness","SEN","Senegal",1992,41.4568617276384,49.6417466859404,-8.18488495830202
"trade_openness","SEN","Senegal",1993,38.7742599564223,49.3644438903422,-10.5901839339199
"trade_openness","SEN","Senegal",1994,54.7381345984609,49.8687462861368,4.86938831232408
"trade_openness","SEN","Senegal",1995,52.7254034277702,50.791590397277,1.93381303049323
"trade_openness","SEN","Senegal",1996,46.272432717398,50.6021233080599,-4.3296905906619
"trade_openness","SEN","Senegal",1997,47.2413224036235,50.8638768990958,-3.62255449547228
"trade_openness","SEN","Senegal",1998,48.0986748167655,51.7269000381806,-3.62822522141511
"trade_openness","SEN","Senegal",1999,49.4852621662422,48.6835305742386,0.801731592003627
"trade_openness","SEN","Senegal",2000,48.680089723263,49.3323254450003,-0.652235721737313
"trade_openness","SEN","Senegal",2001,49.7205780648314,49.4963744259331,0.22420363889826
"trade_openness","SEN","Senegal",2002,53.1442994641329,50.72684435369,2.41745511044292
"trade_openness","SEN","Senegal",2003,50.8212198933376,51.5827480787457,-0.761528185408096
"trade_openness","SEN","Senegal",2004,53.6592031275529,53.5944987838293,0.0647043437236121
"trade_openness","SEN","Senegal",2005,54.9032435689485,58.3117168492345,-3.40847328028601
"trade_openness","SEN","Senegal",2006,54.1362378092613,61.3546751186279,-7.21843730936661
"trade_openness","SEN","Senegal",2007,59.2713043549794,62.1382245134479,-2.8669201584685
"trade_openness","SEN","Senegal",2008,62.7617698176319,65.0324870691791,-2.2707172515472
"trade_openness","SEN","Senegal",2009,52.3072908773365,59.3145679727375,-7.00727709540101
"trade_openness","SEN","Senegal",2010,52.4578551962948,61.6926758527599,-9.23482065646512
"trade_openness","SEN","Senegal",2011,57.5768785989578,65.4127658209826,-7.83588722202477
"trade_openness","SEN","Senegal",2012,61.9753040040375,66.4316215351986,-4.45631753116115
"trade_openness","SEN","Senegal",2013,60.6267663596737,64.8117678663917,-4.18500150671803
"trade_openness","SEN","Senegal",2014,58.4425289760992,68.317058447437,-9.87452947133782
"trade_openness","SEN","Senegal",2015,58.1103376742017,60.2984596695673,-2.18812199536563
"trade_openness","SEN","Senegal",2016,54.1081692072139,55.079669543663,-0.971500336449054
"trade_openness","SEN","Senegal",2017,57.7052798455617,49.9631753528694,7.74210449269231
"trade_openness","SEN","Senegal",2018,61.7898394793183,50.288421611851,11.5014178674673
"trade_openness","SEN","Senegal",2019,64.2362506061005,50.1497338199815,14.086516786119
"trade_openness","TGO","Togo",1980,109.605704697988,61.629813405766,47.9758912922221
"trade_openness","TGO","Togo",1981,95.813953488221,66.9086020954318,28.9053513927892
"trade_openness","TGO","Togo",1982,118.650352243467,65.9354056577009,52.7149465857661
"trade_openness","TGO","Togo",1983,96.006711409192,64.1008136366905,31.9058977725015
"trade_openness","TGO","Togo",1984,103.186743148537,64.3095530474949,38.8771901010421
"trade_openness","TGO","Togo",1985,105.547445255299,69.0908220146543,36.4566232406447
"trade_openness","TGO","Togo",1986,99.6189439302313,70.8775040333824,28.7414398968489
"trade_openness","TGO","Togo",1987,92.168353755935,68.3569653881897,23.8113883677453
"trade_openness","TGO","Togo",1988,90.0509585051445,78.0624838159272,11.9884746892173
"trade_openness","TGO","Togo",1989,89.0871177015274,73.054189788509,16.0329279130184
"trade_openness","TGO","Togo",1990,59.7664883098492,69.2262538765238,-9.45976556667461
"trade_openness","TGO","Togo",1991,59.4614554308219,75.1785592096788,-15.7171037788569
"trade_openness","TGO","Togo",1992,49.6550131360584,82.1460693494393,-32.4910562133809
"trade_openness","TGO","Togo",1993,42.7125004415732,77.5714166590392,-34.858916217466
"trade_openness","TGO","Togo",1994,57.5643564343816,75.644026870706,-18.0796704363244
"trade_openness","TGO","Togo",1995,55.6017737303644,80.7397327338874,-25.137959003523
"trade_openness","TGO","Togo",1996,59.4098688003353,81.6870592575343,-22.277190457199
"trade_openness","TGO","Togo",1997,53.2069014922318,82.1358367912011,-28.9289352989693
"trade_openness","TGO","Togo",1998,55.737924512227,84.3409219592004,-28.6029974469734
"trade_openness","TGO","Togo",1999,50.108899621779,84.0644278379245,-33.9555282161455
"trade_openness","TGO","Togo",2000,48.8080041114183,77.515083637187,-28.7070795257687
"trade_openness","TGO","Togo",2001,51.3941520650307,76.7960098502958,-25.4018577852651
"trade_openness","TGO","Togo",2002,51.609565282441,75.5533182525819,-23.9437529701409
"trade_openness","TGO","Togo",2003,55.389978417259,75.3294244223397,-19.9394460050807
"trade_openness","TGO","Togo",2004,57.8710938708872,82.5856377537381,-24.7145438828509
"trade_openness","TGO","Togo",2005,61.4542800128481,88.5733602254917,-27.1190802126436
"trade_openness","TGO","Togo",2006,61.6128604620733,94.4861627159897,-32.8733022539164
"trade_openness","TGO","Togo",2007,61.7740721086659,99.4412377129643,-37.6671656042984
"trade_openness","TGO","Togo",2008,62.3076674472105,96.5891378030152,-34.2814703558047
"trade_openness","TGO","Togo",2009,62.210419994299,94.521536156646,-32.311116162347
"trade_openness","TGO","Togo",2010,66.7974885937104,95.243106775666,-28.4456181819557
"trade_openness","TGO","Togo",2011,77.732312664143,96.0116209071631,-18.2793082430201
"trade_openness","TGO","Togo",2012,75.7132085684163,93.0455327527375,-17.3323241843212
"trade_openness","TGO","Togo",2013,82.1477877564195,91.1511334801714,-9.00334572375189
"trade_openness","TGO","Togo",2014,70.9156517502517,86.3968973339178,-15.4812455836661
"trade_openness","TGO","Togo",2015,69.1281378813376,86.3838793684152,-17.2557414870776
"trade_openness","TGO","Togo",2016,66.4450409805081,79.6056073442704,-13.1605663637623
"trade_openness","TGO","Togo",2017,58.2088602526732,81.791482721688,-23.5826224690149
"trade_openness","TGO","Togo",2018,57.5737388499452,82.6712378767419,-25.0974990267967
"trade_openness","TGO","Togo",2019,56.3421740349757,80.51401699558,-24.1718429606043
"trade_openness","CMR","Cameroon",1980,55.0161390869062,44.5676564418095,10.4484826450967
"trade_openness","CMR","Cameroon",1981,50.2811784137007,51.6859280052746,-1.40474959157385
"trade_openness","CMR","Cameroon",1982,62.125393518961,50.1212285011505,12.0041650178105
"trade_openness","CMR","Cameroon",1983,59.701190873731,45.3024408478087,14.3987500259223
"trade_openness","CMR","Cameroon",1984,64.4720202512472,50.560050232117,13.9119700191302
"trade_openness","CMR","Cameroon",1985,65.0245883756553,49.7990298097566,15.2255585658987
"trade_openness","CMR","Cameroon",1986,46.0058070249231,42.4728864941965,3.53292053072659
"trade_openness","CMR","Cameroon",1987,37.3202952689502,42.5702038786705,-5.24990860972029
"trade_openness","CMR","Cameroon",1988,31.9946088568334,42.346407003336,-10.3517981465026
"trade_openness","CMR","Cameroon",1989,38.4764837848263,42.6893922564536,-4.21290847162732
"trade_openness","CMR","Cameroon",1990,37.496445441126,43.2436797344684,-5.74723429334237
"trade_openness","CMR","Cameroon",1991,34.6387793556715,38.9037295351465,-4.26495017947502
"trade_openness","CMR","Cameroon",1992,38.8625921730277,39.0867868824696,-0.224194709441925
"trade_openness","CMR","Cameroon",1993,26.1588429586065,38.5566671968101,-12.3978242382036
"trade_openness","CMR","Cameroon",1994,36.9611210051921,36.8677414313338,0.0933795738583285
"trade_openness","CMR","Cameroon",1995,36.682272663701,39.9498974808184,-3.26762481711743
"trade_openness","CMR","Cameroon",1996,45.1156121020442,36.7132123624674,8.40239973957681
"trade_openness","CMR","Cameroon",1997,48.4696352704455,48.3007734541815,0.168861816263984
"trade_openness","CMR","Cameroon",1998,42.2946538344074,46.604484795266,-4.30983096085856
"trade_openness","CMR","Cameroon",1999,37.2383798464814,49.1428734892256,-11.9044936427442
"trade_openness","CMR","Cameroon",2000,47.9279442460149,51.481546462836,-3.55360221682108
"trade_openness","CMR","Cameroon",2001,51.5722691890366,51.6401226347873,-0.0678534457507141
"trade_openness","CMR","Cameroon",2002,48.4817227279603,51.6311652952723,-3.14944256731204
"trade_openness","CMR","Cameroon",2003,40.2431925894529,53.0763984127576,-12.8332058233047
"trade_openness","CMR","Cameroon",2004,41.8377424272557,52.534143564785,-10.6964011375293
"trade_openness","CMR","Cameroon",2005,44.9976813478478,56.3433118262606,-11.3456304784128
"trade_openness","CMR","Cameroon",2006,47.1044341803567,56.4283400483854,-9.3239058680287
"trade_openness","CMR","Cameroon",2007,53.2156908605178,60.5816987316626,-7.36600787114476
"trade_openness","CMR","Cameroon",2008,56.9244171562734,65.6034918047511,-8.67907464847773
"trade_openness","CMR","Cameroon",2009,42.1761073594765,54.4913464172054,-12.3152390577289
"trade_openness","CMR","Cameroon",2010,47.2385853965951,58.8707646895975,-11.6321792930024
"trade_openness","CMR","Cameroon",2011,51.521987603918,63.8682061929631,-12.3462185890451
"trade_openness","CMR","Cameroon",2012,50.0360127271229,64.9784416152652,-14.9424288881423
"trade_openness","CMR","Cameroon",2013,49.6745363462134,60.9758471981131,-11.3013108518997
"trade_openness","CMR","Cameroon",2014,50.8323893087648,59.5419277301958,-8.70953842143098
"trade_openness","CMR","Cameroon",2015,45.5401468279393,56.446550100794,-10.9064032728547
"trade_openness","CMR","Cameroon",2016,40.6386315268268,58.0668067366216,-17.4281752097948
"trade_openness","CMR","Cameroon",2017,39.1990216052629,60.8957237419505,-21.6967021366876
"trade_openness","CMR","Cameroon",2018,40.587602877028,63.5022036729122,-22.9146007958842
"trade_openness","CMR","Cameroon",2019,43.3785132480415,62.7824863747311,-19.4039731266896
"trade_openness","CAF","Central African Republic",1980,66.3023280832322,47.1820668899213,19.1202611933109
"trade_openness","CAF","Central African Republic",1981,58.4431938924067,48.8955726711162,9.54762122129053
"trade_openness","CAF","Central African Republic",1982,56.4022587335688,47.7406178668805,8.66164086668828
"trade_openness","CAF","Central African Republic",1983,60.7652604197473,45.0313413552234,15.7339190645239
"trade_openness","CAF","Central African Republic",1984,58.8956716431012,48.9485366569759,9.94713498612526
"trade_openness","CAF","Central African Republic",1985,53.6444942027307,50.0865408242061,3.55795337852464
"trade_openness","CAF","Central African Republic",1986,46.8090580912756,46.2500794995024,0.558978591773155
"trade_openness","CAF","Central African Republic",1987,46.3944345628938,48.0952824141521,-1.70084785125834
"trade_openness","CAF","Central African Republic",1988,42.7986346311062,49.5482623264179,-6.74962769531169
"trade_openness","CAF","Central African Republic",1989,46.7670475619484,50.0516378737335,-3.2845903117851
"trade_openness","CAF","Central African Republic",1990,42.9429835183745,51.6839234567411,-8.74093993836664
"trade_openness","CAF","Central African Republic",1991,43.7093216871222,47.7525179680424,-4.04319628092016
"trade_openness","CAF","Central African Republic",1992,43.2290760804125,47.1048389972546,-3.87576291684206
"trade_openness","CAF","Central African Republic",1993,39.9886220219109,47.5807550859599,-7.59213306404902
"trade_openness","CAF","Central African Republic",1994,48.4180322318527,46.374419500904,2.04361273094873
"trade_openness","CAF","Central African Republic",1995,50.4758911171183,49.1408064465739,1.33508467054438
"trade_openness","CAF","Central African Republic",1996,47.0844050293092,47.8664835662819,-0.782078536972698
"trade_openness","CAF","Central African Republic",1997,55.8185083614851,52.2787111736971,3.53979718778802
"trade_openness","CAF","Central African Republic",1998,51.0495318767161,51.4009545005899,-0.351422623873795
"trade_openness","CAF","Central African Republic",1999,43.212343897896,52.7494391605225,-9.53709526262655
"trade_openness","CAF","Central African Republic",2000,45.6597819937269,53.5343504306267,-7.87456843689984
"trade_openness","CAF","Central African Republic",2001,39.7304997372329,55.3830569999377,-15.6525572627048
"trade_openness","CAF","Central African Republic",2002,36.1085647794782,53.3280786995756,-17.2195139200974
"trade_openness","CAF","Central African Republic",2003,36.2312260023474,51.3844335309875,-15.1532075286401
"trade_openness","CAF","Central African Republic",2004,33.2439549188203,51.6357030215188,-18.3917481026985
"trade_openness","CAF","Central African Republic",2005,35.0709368656226,58.250110369552,-23.1791735039294
"trade_openness","CAF","Central African Republic",2006,36.3958702287378,60.4080789346325,-24.0122087058947
"trade_openness","CAF","Central African Republic",2007,37.5808990187896,62.5048548096487,-24.9239557908591
"trade_openness","CAF","Central African Republic",2008,34.4375218095517,65.3895916889005,-30.9520698793488
"trade_openness","CAF","Central African Republic",2009,31.4942464896799,55.8599294498846,-24.3656829602047
"trade_openness","CAF","Central African Republic",2010,34.4304819543042,60.0412227418822,-25.610740787578
"trade_openness","CAF","Central African Republic",2011,34.4756183327299,66.0675487139915,-31.5919303812616
"trade_openness","CAF","Central African Republic",2012,33.0594485943314,67.2012026343857,-34.1417540400543
"trade_openness","CAF","Central African Republic",2013,38.3992875721315,67.7787646275395,-29.379477055408
"trade_openness","CAF","Central African Republic",2014,53.0950920179825,66.2946024330171,-13.1995104150346
"trade_openness","CAF","Central African Republic",2015,53.1451477769621,63.3491335100685,-10.2039857331064
"trade_openness","CAF","Central African Republic",2016,50.53064402191,61.3747785161707,-10.8441344942607
"trade_openness","CAF","Central African Republic",2017,57.1435457117119,62.7291828830259,-5.58563717131403
"trade_openness","CAF","Central African Republic",2018,49.6602000024318,64.265516057125,-14.6053160546932
"trade_openness","CAF","Central African Republic",2019,50.0658000014868,64.2814657451445,-14.2156657436577
"trade_openness","TCD","Chad",1980,45.8105834878482,43.6690949275575,2.14148856029072
"trade_openness","TCD","Chad",1981,37.7617788793387,37.6041916287841,0.15758725055457
"trade_openness","TCD","Chad",1982,20.0567975931731,38.00864173193,-17.9518441387569
"trade_openness","TCD","Chad",1983,39.9604058432279,36.9902729613672,2.97013288186069
"trade_openness","TCD","Chad",1984,42.0708387754191,35.915772638094,6.15506613732506
"trade_openness","TCD","Chad",1985,43.2336653879896,38.8861532794833,4.34751210850628
"trade_openness","TCD","Chad",1986,48.7698991279027,39.1983997841265,9.57149934377616
"trade_openness","TCD","Chad",1987,51.8817263983252,41.8576851275259,10.0240412707993
"trade_openness","TCD","Chad",1988,45.1233829032322,44.2966414960885,0.826741407143665
"trade_openness","TCD","Chad",1989,45.1900918656555,45.0950166892117,0.0950751764438138
"trade_openness","TCD","Chad",1990,41.3870234428165,45.9010507407354,-4.51402729791889
"trade_openness","TCD","Chad",1991,36.3495413219118,43.8393366257785,-7.48979530386672
"trade_openness","TCD","Chad",1992,35.904560029092,43.1525880960057,-7.24802806691367
"trade_openness","TCD","Chad",1993,42.6473333333747,45.7494725351405,-3.10213920176577
"trade_openness","TCD","Chad",1994,50.9883513558935,45.4765602201203,5.51179113577322
"trade_openness","TCD","Chad",1995,55.6965565726313,49.0115332207805,6.68502335185082
"trade_openness","TCD","Chad",1996,46.6100331929446,49.2342343186772,-2.62420112573262
"trade_openness","TCD","Chad",1997,49.313101141288,49.413475573235,-0.100374431946975
"trade_openness","TCD","Chad",1998,48.0589828951249,51.6112910227191,-3.55230812759422
"trade_openness","TCD","Chad",1999,50.5078677642823,51.655137816049,-1.14727005176668
"trade_openness","TCD","Chad",2000,51.5711720135652,50.453035667978,1.11813634558723
"trade_openness","TCD","Chad",2001,64.3219080406854,54.2879349077567,10.0339731329288
"trade_openness","TCD","Chad",2002,126.350807849912,49.6117127935793,76.7390950563327
"trade_openness","TCD","Chad",2003,83.3789149599315,46.38797271275,36.9909422471815
"trade_openness","TCD","Chad",2004,101.768590921564,45.3983688014218,56.3702221201422
"trade_openness","TCD","Chad",2005,77.577493649797,54.5555494178397,23.0219442319573
"trade_openness","TCD","Chad",2006,77.0815766029615,58.1386625316453,18.9429140713162
"trade_openness","TCD","Chad",2007,75.1059962731949,58.1132885725975,16.9927077005974
"trade_openness","TCD","Chad",2008,69.0677746090641,58.9762421570563,10.0915324520078
"trade_openness","TCD","Chad",2009,64.8597511917067,54.480509760099,10.3792414316077
"trade_openness","TCD","Chad",2010,63.7311691270791,54.8246948344377,8.90647429264141
"trade_openness","TCD","Chad",2011,57.5437561870898,63.1324349443871,-5.58867875729731
"trade_openness","TCD","Chad",2012,54.3851887421013,64.1011007348697,-9.71591199276843
"trade_openness","TCD","Chad",2013,51.5308164549816,67.1398324782908,-15.6090160233092
"trade_openness","TCD","Chad",2014,40.8116269859319,65.4373832662639,-24.625756280332
"trade_openness","TCD","Chad",2015,48.5114982079885,63.1204724663225,-14.608974258334
"trade_openness","TCD","Chad",2016,43.9580149331537,53.2989581535968,-9.3409432204431
"trade_openness","TCD","Chad",2017,43.2900613852468,52.4281223187024,-9.13806093345563
"trade_openness","TCD","Chad",2018,46.7384317860183,53.5610515075712,-6.82261972155293
"trade_openness","TCD","Chad",2019,46.6777247152768,53.863934815941,-7.18621010066422
"trade_openness","COG","Republic of Congo",1980,120.144284128746,110.650244623573,9.4940395051734
"trade_openness","COG","Republic of Congo",1981,134.114823703157,113.209996618447,20.9048270847104
"trade_openness","COG","Republic of Congo",1982,123.774647887324,113.162380413317,10.6122674740074
"trade_openness","COG","Republic of Congo",1983,109.70970970971,105.055919872205,4.65378983750523
"trade_openness","COG","Republic of Congo",1984,107.250912884716,104.059291564197,3.19162132051926
"trade_openness","COG","Republic of Congo",1985,112.793572311496,103.872033981368,8.9215383301284
"trade_openness","COG","Republic of Congo",1986,93.5022348876701,101.078265601171,-7.5760307135006
"trade_openness","COG","Republic of Congo",1987,80.3551924832466,103.065169556233,-22.7099770729864
"trade_openness","COG","Republic of Congo",1988,81.0470409711684,100.730346866807,-19.6833058956385
"trade_openness","COG","Republic of Congo",1989,83.3530093224987,100.528194513006,-17.175185190507
"trade_openness","COG","Republic of Congo",1990,70.8193543307087,93.5954791452055,-22.7761248144968
"trade_openness","COG","Republic of Congo",1991,69.6845429946663,90.5337456605817,-20.8492026659154
"trade_openness","COG","Republic of Congo",1992,57.1407058861412,96.011118364997,-38.8704124788558
"trade_openness","COG","Republic of Congo",1993,74.1761942770688,102.379675059374,-28.2034807823048
"trade_openness","COG","Republic of Congo",1994,132.736248422167,106.579374068518,26.1568743536491
"trade_openness","COG","Republic of Congo",1995,128.312504260557,106.730245689936,21.5822585706207
"trade_openness","COG","Republic of Congo",1996,128.407663306917,103.752043378826,24.6556199280907
"trade_openness","COG","Republic of Congo",1997,135.758179538246,121.459658549202,14.2985209890443
"trade_openness","COG","Republic of Congo",1998,148.901662464134,125.687589978369,23.2140724857648
"trade_openness","COG","Republic of Congo",1999,131.394190298765,125.857035805687,5.53715449307842
"trade_openness","COG","Republic of Congo",2000,123.909884405671,124.51739417597,-0.607509770299075
"trade_openness","COG","Republic of Congo",2001,130.732481081873,120.795026930314,9.93745415155875
"trade_openness","COG","Republic of Congo",2002,135.45607107226,116.389949022737,19.0661220495227
"trade_openness","COG","Republic of Congo",2003,156.861777335368,123.8083645635,33.0534127718676
"trade_openness","COG","Republic of Congo",2004,131.368198717322,115.680282676215,15.687916041107
"trade_openness","COG","Republic of Congo",2005,119.552892262402,113.51919108545,6.0337011769515
"trade_openness","COG","Republic of Congo",2006,125.600762974491,107.051540261962,18.5492227125285
"trade_openness","COG","Republic of Congo",2007,148.586625395069,119.876494635387,28.7101307596822
"trade_openness","COG","Republic of Congo",2008,133.108486659608,126.095927961568,7.01255869804004
"trade_openness","COG","Republic of Congo",2009,135.552365681975,125.286969113904,10.265396568071
"trade_openness","COG","Republic of Congo",2010,124.064754399607,118.674466696402,5.39028770320475
"trade_openness","COG","Republic of Congo",2011,124.591742710141,120.994291804105,3.59745090603596
"trade_openness","COG","Republic of Congo",2012,97.444435145443,122.300299467294,-24.8558643218509
"trade_openness","COG","Republic of Congo",2013,93.0028633915235,111.48781835439,-18.4849549628669
"trade_openness","COG","Republic of Congo",2014,104.197620103417,106.411875490472,-2.21425538705496
"trade_openness","COG","Republic of Congo",2015,117.320721558581,106.103105795547,11.2176157630343
"trade_openness","COG","Republic of Congo",2016,122.259818284021,101.704036727849,20.555781556172
"trade_openness","COG","Republic of Congo",2017,94.6170952583422,105.117399911184,-10.5003046528416
"trade_openness","COG","Republic of Congo",2018,100.583216779714,105.513654098639,-4.9304373189249
"trade_openness","COG","Republic of Congo",2019,91.5757547930374,102.745883412033,-11.170128618996
"trade_openness","GAB","Gabon",1980,96.3503649635037,91.4017922392568,4.94857272424684
"trade_openness","GAB","Gabon",1981,104.059075750357,98.29777400737,5.76130174298696
"trade_openness","GAB","Gabon",1982,101.261670451678,97.2891521280498,3.97251832362817
"trade_openness","GAB","Gabon",1983,104.867290876731,93.4836545650813,11.3836363116498
"trade_openness","GAB","Gabon",1984,99.2931499807223,96.7421369547593,2.55101302596296
"trade_openness","GAB","Gabon",1985,119.853382205931,96.2523486414412,23.6010335644898
"trade_openness","GAB","Gabon",1986,89.8956477475185,91.3741359945247,-1.47848824700623
"trade_openness","GAB","Gabon",1987,87.9144276143595,91.5721268474018,-3.65769923304232
"trade_openness","GAB","Gabon",1988,78.5220207494277,91.2785021042052,-12.7564813547775
"trade_openness","GAB","Gabon",1989,86.9936353425683,91.5451416073151,-4.55150626474682
"trade_openness","GAB","Gabon",1990,76.8974453905961,91.2407332830938,-14.3432878924977
"trade_openness","GAB","Gabon",1991,80.5349385481311,88.2627383881183,-7.72779983998723
"trade_openness","GAB","Gabon",1992,79.868842088552,88.3384867439903,-8.46964465543832
"trade_openness","GAB","Gabon",1993,83.3430365420292,87.9740467389554,-4.63101019692623
"trade_openness","GAB","Gabon",1994,99.9266868001633,86.9009973386304,13.0256894615329
"trade_openness","GAB","Gabon",1995,95.1346961861668,88.8394427397326,6.29525344643416
"trade_openness","GAB","Gabon",1996,95.6709008514144,86.7993820853835,8.87151876603092
"trade_openness","GAB","Gabon",1997,98.5362645138464,96.4273705189164,2.10889399492996
"trade_openness","GAB","Gabon",1998,95.9747826086956,95.9311263267984,0.0436562818971851
"trade_openness","GAB","Gabon",1999,97.7314524555904,97.6631846103778,0.0682678452125742
"trade_openness","GAB","Gabon",2000,101.701928939637,98.8525121928524,2.84941674678458
"trade_openness","GAB","Gabon",2001,83.6386132424108,98.9817690279007,-15.3431557854899
"trade_openness","GAB","Gabon",2002,84.7590815376223,98.8252731433716,-14.0661916057493
"trade_openness","GAB","Gabon",2003,80.3026082056312,100.496207671527,-20.1935994658957
"trade_openness","GAB","Gabon",2004,81.7675371418698,99.4084529481819,-17.6409158063121
"trade_openness","GAB","Gabon",2005,83.9495998399241,101.701715879843,-17.7521160399186
"trade_openness","GAB","Gabon",2006,88.6494092562519,101.179593323568,-12.5301840673162
"trade_openness","GAB","Gabon",2007,85.1324791636578,116.900704660014,-31.768225496356
"trade_openness","GAB","Gabon",2008,88.9988725945748,118.380069778414,-29.3811971838389
"trade_openness","GAB","Gabon",2009,83.5045774235636,110.294030506393,-26.7894530828291
"trade_openness","GAB","Gabon",2010,89.1576627248353,108.82141936175,-19.6637566369143
"trade_openness","GAB","Gabon",2011,90.4983773331323,111.792896946195,-21.2945196130625
"trade_openness","GAB","Gabon",2012,92.3428089420545,112.715215210512,-20.3724062684578
"trade_openness","GAB","Gabon",2013,90.6350361478645,102.174725073736,-11.5396889258719
"trade_openness","GAB","Gabon",2014,73.5203290162438,97.9985957652095,-24.4782667489657
"trade_openness","GAB","Gabon",2015,73.9497814588281,97.6703635921388,-23.7205821333107
"trade_openness","GAB","Gabon",2016,70.1333810645308,101.448256954727,-31.3148758901966
"trade_openness","GAB","Gabon",2017,75.0687404456638,108.045865155627,-32.9771247099634
"trade_openness","GAB","Gabon",2018,77.0365976973024,108.91617400359,-31.8795763062873
"trade_openness","GAB","Gabon",2019,73.4280894486644,106.699213641408,-33.2711241927435
"trade_openness","GNQ","Equatorial Guinea",1980,131.02447181321,127.853707796496,3.17076401671382
"trade_openness","GNQ","Equatorial Guinea",1981,131.02447181321,132.314051329323,-1.2895795161127
"trade_openness","GNQ","Equatorial Guinea",1982,131.02447181321,131.741903974334,-0.71743216112381
"trade_openness","GNQ","Equatorial Guinea",1983,131.02447181321,130.921722219688,0.102749593522361
"trade_openness","GNQ","Equatorial Guinea",1984,131.02447181321,130.878409731594,0.146062081615838
"trade_openness","GNQ","Equatorial Guinea",1985,131.02447181321,130.605877517692,0.418594295517892
"trade_openness","GNQ","Equatorial Guinea",1986,131.02447181321,131.183734795673,-0.159262982462621
"trade_openness","GNQ","Equatorial Guinea",1987,131.02447181321,130.93075230838,0.093719504829977
"trade_openness","GNQ","Equatorial Guinea",1988,131.02447181321,130.568049726218,0.456422086992063
"trade_openness","GNQ","Equatorial Guinea",1989,131.02447181321,130.846977235667,0.177494577543257
"trade_openness","GNQ","Equatorial Guinea",1990,131.02447181321,130.708811235089,0.315660578121339
"trade_openness","GNQ","Equatorial Guinea",1991,131.02447181321,130.711655382354,0.312816430856032
"trade_openness","GNQ","Equatorial Guinea",1992,131.02447181321,130.608013497763,0.416458315446761
"trade_openness","GNQ","Equatorial Guinea",1993,131.02447181321,130.823539608663,0.200932204546973
"trade_openness","GNQ","Equatorial Guinea",1994,131.02447181321,130.477012566352,0.547459246858239
"trade_openness","GNQ","Equatorial Guinea",1995,131.02447181321,130.693476658273,0.33099515493717
"trade_openness","GNQ","Equatorial Guinea",1996,131.02447181321,130.849599203545,0.174872609664703
"trade_openness","GNQ","Equatorial Guinea",1997,131.02447181321,130.662278265228,0.36219354798223
"trade_openness","GNQ","Equatorial Guinea",1998,131.02447181321,130.622603437897,0.401868375312915
"trade_openness","GNQ","Equatorial Guinea",1999,131.02447181321,130.567232484768,0.457239328442142
"trade_openness","GNQ","Equatorial Guinea",2000,131.02447181321,130.250363816689,0.774107996521479
"trade_openness","GNQ","Equatorial Guinea",2001,131.02447181321,130.430732286531,0.593739526678775
"trade_openness","GNQ","Equatorial Guinea",2002,131.02447181321,130.738481427232,0.285990385978266
"trade_openness","GNQ","Equatorial Guinea",2003,131.02447181321,130.816685078026,0.207786735184385
"trade_openness","GNQ","Equatorial Guinea",2004,131.02447181321,130.077138861694,0.947332951515733
"trade_openness","GNQ","Equatorial Guinea",2005,131.02447181321,130.015029532298,1.00944228091234
"trade_openness","GNQ","Equatorial Guinea",2006,118.532782368937,130.338198237312,-11.8054158683751
"trade_openness","GNQ","Equatorial Guinea",2007,134.083789857569,156.644353599899,-22.5605637423297
"trade_openness","GNQ","Equatorial Guinea",2008,128.688006601458,153.958019162008,-25.2700125605503
"trade_openness","GNQ","Equatorial Guinea",2009,122.212077110801,152.201968507009,-29.9898913962078
"trade_openness","GNQ","Equatorial Guinea",2010,144.668225001248,143.627669896208,1.04055510504048
"trade_openness","GNQ","Equatorial Guinea",2011,114.37734663649,143.050679303584,-28.6733326670941
"trade_openness","GNQ","Equatorial Guinea",2012,116.675422472364,143.315247486093,-26.6398250137291
"trade_openness","GNQ","Equatorial Guinea",2013,106.893284926066,128.340903655725,-21.4476187296595
"trade_openness","GNQ","Equatorial Guinea",2014,104.379198671388,122.802663511801,-18.423464840413
"trade_openness","GNQ","Equatorial Guinea",2015,98.8780591680756,125.297671106646,-26.4196119385703
"trade_openness","GNQ","Equatorial Guinea",2016,92.6007307237942,131.003691000714,-38.4029602769193
"trade_openness","GNQ","Equatorial Guinea",2017,102.428258251803,139.026226602944,-36.5979683511413
"trade_openness","GNQ","Equatorial Guinea",2018,103.645681622953,137.260586439273,-33.61490481632
"trade_openness","GNQ","Equatorial Guinea",2019,94.8787924253545,133.941757794296,-39.0629653689416
"exports_gdp","BEN","Benin",1980,15.8165128794143,17.173376826554,-1.35686394713971
"exports_gdp","BEN","Benin",1981,15.9305004610493,16.8984882241627,-0.967987763113394
"exports_gdp","BEN","Benin",1982,17.7710358297085,18.03542490292,-0.264389073211539
"exports_gdp","BEN","Benin",1983,13.7642891939421,17.9265509786142,-4.1622617846721
"exports_gdp","BEN","Benin",1984,19.5793753212443,16.8492135348102,2.73016178643409
"exports_gdp","BEN","Benin",1985,23.6526183539095,16.46157522444,7.19104312946947
"exports_gdp","BEN","Benin",1986,16.6759209455033,16.7697832455073,-0.0938623000039875
"exports_gdp","BEN","Benin",1987,15.2675281201641,17.1514008868072,-1.88387276664312
"exports_gdp","BEN","Benin",1988,13.8037392116767,19.2294703339976,-5.42573112232095
"exports_gdp","BEN","Benin",1989,13.4954289813034,19.5312952311388,-6.03586624983541
"exports_gdp","BEN","Benin",1990,19.181303010653,19.3768823635268,-0.19557935287385
"exports_gdp","BEN","Benin",1991,21.0024860627473,19.6539538550332,1.34853220771405
"exports_gdp","BEN","Benin",1992,23.2391480496458,20.6362485604705,2.60289948917529
"exports_gdp","BEN","Benin",1993,22.4643830367555,21.8544367133371,0.60994632341836
"exports_gdp","BEN","Benin",1994,28.3270186172953,23.3981667335123,4.92885188378304
"exports_gdp","BEN","Benin",1995,27.3689425027528,23.1885255476566,4.18041695509623
"exports_gdp","BEN","Benin",1996,26.4988115545834,22.957234804305,3.54157675027844
"exports_gdp","BEN","Benin",1997,27.1761345944549,23.0779871734761,4.09814742097884
"exports_gdp","BEN","Benin",1998,27.0929395510065,26.5841945365353,0.50874501447117
"exports_gdp","BEN","Benin",1999,23.0095307947819,25.8593162669817,-2.84978547219985
"exports_gdp","BEN","Benin",2000,20.6053025489554,24.6430555364546,-4.03775298749917
"exports_gdp","BEN","Benin",2001,19.8685788115524,24.2323472046205,-4.36376839306812
"exports_gdp","BEN","Benin",2002,19.726610778332,24.7473882529187,-5.02077747458671
"exports_gdp","BEN","Benin",2003,18.6442972500831,23.9125870140373,-5.26828976395424
"exports_gdp","BEN","Benin",2004,18.5135475659125,25.3967304938409,-6.8831829279284
"exports_gdp","BEN","Benin",2005,18.483639980467,27.6913116114639,-9.20767163099689
"exports_gdp","BEN","Benin",2006,18.057925712964,31.7611540879348,-13.7032283749708
"exports_gdp","BEN","Benin",2007,22.0428531154363,30.4773992454248,-8.43454612998849
"exports_gdp","BEN","Benin",2008,22.14072026628,31.0024794006681,-8.86175913438813
"exports_gdp","BEN","Benin",2009,19.9279668393882,28.2395288419681,-8.31156200257987
"exports_gdp","BEN","Benin",2010,23.0720480670551,30.8074712223898,-7.73542315533469
"exports_gdp","BEN","Benin",2011,20.8496515031216,33.1198932564566,-12.270241753335
"exports_gdp","BEN","Benin",2012,23.8967368670133,33.0169203464711,-9.1201834794578
"exports_gdp","BEN","Benin",2013,27.570565319312,32.4538653301762,-4.88330001086425
"exports_gdp","BEN","Benin",2014,31.4308411236325,33.9516043819725,-2.52076325833999
"exports_gdp","BEN","Benin",2015,24.7204512110389,29.2631685327022,-4.54271732166327
"exports_gdp","BEN","Benin",2016,27.6067880711982,27.6555786249568,-0.0487905537586286
"exports_gdp","BEN","Benin",2017,27.2055947818832,26.034451982051,1.17114279983216
"exports_gdp","BEN","Benin",2018,27.2742306189085,25.5764384561003,1.69779216280816
"exports_gdp","BEN","Benin",2019,29.6305271935478,26.5820094019469,3.04851779160093
"exports_gdp","BFA","Burkina Faso",1980,8.95052102371656,8.82975109726106,0.120769926455502
"exports_gdp","BFA","Burkina Faso",1981,9.27641060746417,7.69582056632707,1.5805900411371
"exports_gdp","BFA","Burkina Faso",1982,8.19571612776259,7.87888145988032,0.316834667882266
"exports_gdp","BFA","Burkina Faso",1983,7.88414939830604,7.7191890049415,0.164960393364535
"exports_gdp","BFA","Burkina Faso",1984,10.960913625855,8.00948280630847,2.95143081954653
"exports_gdp","BFA","Burkina Faso",1985,9.92146469411376,8.8019388914372,1.11952580267656
"exports_gdp","BFA","Burkina Faso",1986,8.99056313376556,9.85033669413098,-0.859773560365424
"exports_gdp","BFA","Burkina Faso",1987,11.3588168034253,10.8681921317657,0.490624671659626
"exports_gdp","BFA","Burkina Faso",1988,10.9987001866015,10.7035658791834,0.295134307418143
"exports_gdp","BFA","Burkina Faso",1989,8.74886259200754,10.6566367274456,-1.90777413543811
"exports_gdp","BFA","Burkina Faso",1990,10.9666914119517,10.7284885544971,0.238202857454636
"exports_gdp","BFA","Burkina Faso",1991,10.4475484424359,10.7894213005997,-0.341872858163773
"exports_gdp","BFA","Burkina Faso",1992,8.8464803686211,10.6059866424387,-1.75950627381764
"exports_gdp","BFA","Burkina Faso",1993,8.95154328138584,10.305906392753,-1.35436311136713
"exports_gdp","BFA","Burkina Faso",1994,14.2016211454196,9.9623900107142,4.2392311347054
"exports_gdp","BFA","Burkina Faso",1995,14.1405565399915,10.216298336121,3.9242582038705
"exports_gdp","BFA","Burkina Faso",1996,10.5636052055707,10.9914035365218,-0.427798330951131
"exports_gdp","BFA","Burkina Faso",1997,10.8125309984677,10.633380545217,0.179150453250729
"exports_gdp","BFA","Burkina Faso",1998,12.8081030220056,11.2358277261695,1.57227529583606
"exports_gdp","BFA","Burkina Faso",1999,8.35400550573099,10.9528483820959,-2.59884287636486
"exports_gdp","BFA","Burkina Faso",2000,8.8447174852677,10.5343595528371,-1.68964206756944
"exports_gdp","BFA","Burkina Faso",2001,9.0440827674193,11.5565801636106,-2.51249739619132
"exports_gdp","BFA","Burkina Faso",2002,8.86536563219181,10.5711158923785,-1.70575026018671
"exports_gdp","BFA","Burkina Faso",2003,9.22043165840572,9.6790296824411,-0.458598024035378
"exports_gdp","BFA","Burkina Faso",2004,10.8815873012951,9.33659389522651,1.54499340606859
"exports_gdp","BFA","Burkina Faso",2005,9.84184747809064,10.0856467971426,-0.243799319051957
"exports_gdp","BFA","Burkina Faso",2006,10.9568635027021,9.95184074887359,1.00502275382851
"exports_gdp","BFA","Burkina Faso",2007,10.3485422167992,9.54621710862891,0.802325108170288
"exports_gdp","BFA","Burkina Faso",2008,10.1493270523848,8.82232048583659,1.32700656654821
"exports_gdp","BFA","Burkina Faso",2009,13.7889708614234,8.28287562390099,5.50609523752241
"exports_gdp","BFA","Burkina Faso",2010,20.5158488554008,8.84318686218574,11.6726619932151
"exports_gdp","BFA","Burkina Faso",2011,26.1955005196271,9.03024710175928,17.1652534178678
"exports_gdp","BFA","Burkina Faso",2012,26.5980854179657,9.23599675569317,17.3620886622725
"exports_gdp","BFA","Burkina Faso",2013,27.0769854530325,11.0190495618257,16.0579358912068
"exports_gdp","BFA","Burkina Faso",2014,26.932004154154,11.1093127658417,15.8226913883123
"exports_gdp","BFA","Burkina Faso",2015,26.1076455357024,11.0719230916799,15.0357224440225
"exports_gdp","BFA","Burkina Faso",2016,25.915964804251,10.5243669456293,15.3915978586217
"exports_gdp","BFA","Burkina Faso",2017,26.4523856350501,10.4151280490959,16.0372575859542
"exports_gdp","BFA","Burkina Faso",2018,28.0789061419219,10.1401947226281,17.9387114192938
"exports_gdp","BFA","Burkina Faso",2019,29.2576956572794,10.4174575329744,18.840238124305
"exports_gdp","CIV","Côte d'Ivoire",1980,35.0016293313943,34.7297417120803,0.271887619313958
"exports_gdp","CIV","Côte d'Ivoire",1981,35.1750034906259,34.2132017170573,0.961801773568645
"exports_gdp","CIV","Côte d'Ivoire",1982,36.4232286853153,36.5876956918687,-0.164467006553423
"exports_gdp","CIV","Côte d'Ivoire",1983,36.9598599143,36.2815374090882,0.67832250521181
"exports_gdp","CIV","Côte d'Ivoire",1984,45.3119276970722,34.3723348736105,10.9395928234617
"exports_gdp","CIV","Côte d'Ivoire",1985,46.7749129816887,32.4865612312762,14.2883517504125
"exports_gdp","CIV","Côte d'Ivoire",1986,39.4959084089505,33.4179300050708,6.07797840387966
"exports_gdp","CIV","Côte d'Ivoire",1987,33.4299901983188,32.72441735641,0.705572841908811
"exports_gdp","CIV","Côte d'Ivoire",1988,30.4881284935977,32.3709921226038,-1.88286362900605
"exports_gdp","CIV","Côte d'Ivoire",1989,32.0333356381271,33.8988456773833,-1.86551003925623
"exports_gdp","CIV","Côte d'Ivoire",1990,31.6898746701998,34.0130209349936,-2.32314626479377
"exports_gdp","CIV","Côte d'Ivoire",1991,30.0117263444518,33.4815854787038,-3.46985913425198
"exports_gdp","CIV","Côte d'Ivoire",1992,31.9094869275422,32.8944745586635,-0.98498763112126
"exports_gdp","CIV","Côte d'Ivoire",1993,29.4424528741736,32.4992911072027,-3.05683823302908
"exports_gdp","CIV","Côte d'Ivoire",1994,40.5274018640381,33.556903496629,6.97049836740912
"exports_gdp","CIV","Côte d'Ivoire",1995,41.7592996636706,33.9206562239831,7.83864343968747
"exports_gdp","CIV","Côte d'Ivoire",1996,28.0548089119745,33.9331597581902,-5.87835084621571
"exports_gdp","CIV","Côte d'Ivoire",1997,28.1619510423631,33.330624608481,-5.16867356611785
"exports_gdp","CIV","Côte d'Ivoire",1998,27.1844537490724,32.7524668486643,-5.56801309959193
"exports_gdp","CIV","Côte d'Ivoire",1999,28.7375016337359,31.5984832508723,-2.86098161713641
"exports_gdp","CIV","Côte d'Ivoire",2000,27.7900585635603,32.1692833922722,-4.37922482871189
"exports_gdp","CIV","Côte d'Ivoire",2001,27.4698146295241,32.8645036019974,-5.39468897247327
"exports_gdp","CIV","Côte d'Ivoire",2002,31.361161437556,33.545187144113,-2.18402570655702
"exports_gdp","CIV","Côte d'Ivoire",2003,28.741013407249,35.1694208599767,-6.42840745272773
"exports_gdp","CIV","Côte d'Ivoire",2004,30.1412888678631,37.4372194326269,-7.29593056476378
"exports_gdp","CIV","Côte d'Ivoire",2005,31.8789802252367,39.2432461505984,-7.36426592536174
"exports_gdp","CIV","Côte d'Ivoire",2006,32.8409302334209,41.7919997927399,-8.95106955931903
"exports_gdp","CIV","Côte d'Ivoire",2007,30.4909527241434,41.8017871724173,-11.3108344482739
"exports_gdp","CIV","Côte d'Ivoire",2008,31.0136690713744,43.0757518183366,-12.0620827469622
"exports_gdp","CIV","Côte d'Ivoire",2009,35.4127413048103,39.3146184833126,-3.90187717850235
"exports_gdp","CIV","Côte d'Ivoire",2010,33.4995745908321,41.5526505984219,-8.05307600758984
"exports_gdp","CIV","Côte d'Ivoire",2011,35.2813763519634,42.7420925713859,-7.46071621942252
"exports_gdp","CIV","Côte d'Ivoire",2012,34.9824903983423,44.0012032339824,-9.01871283564014
"exports_gdp","CIV","Côte d'Ivoire",2013,29.1604026575655,42.7425366902516,-13.5821340326861
"exports_gdp","CIV","Côte d'Ivoire",2014,28.1569587645537,44.4897155049345,-16.3327567403808
"exports_gdp","CIV","Côte d'Ivoire",2015,27.3553887828515,39.128657272637,-11.7732684897855
"exports_gdp","CIV","Côte d'Ivoire",2016,24.9422703076696,36.7684568654476,-11.826186557778
"exports_gdp","CIV","Côte d'Ivoire",2017,25.4976059509019,33.4836158295736,-7.98600987867173
"exports_gdp","CIV","Côte d'Ivoire",2018,22.6957319368612,32.4691867462323,-9.7734548093711
"exports_gdp","CIV","Côte d'Ivoire",2019,22.6604887650452,34.6396559115402,-11.979167146495
"exports_gdp","MLI","Mali",1980,9.7133840000811,12.3537851644233,-2.64040116434221
"exports_gdp","MLI","Mali",1981,8.96729175187671,12.1674928280858,-3.20020107620911
"exports_gdp","MLI","Mali",1982,11.3192104076612,11.7674908932698,-0.448280485608606
"exports_gdp","MLI","Mali",1983,13.9485646952031,12.3840528050943,1.56451189010881
"exports_gdp","MLI","Mali",1984,16.7707579874218,12.3963717758974,4.37438621152439
"exports_gdp","MLI","Mali",1985,14.6367124371677,13.5888022483807,1.04791018878704
"exports_gdp","MLI","Mali",1986,12.8342415445659,12.0935656626729,0.740675881892981
"exports_gdp","MLI","Mali",1987,13.8856839402665,12.4106770290493,1.47500691121719
"exports_gdp","MLI","Mali",1988,11.6609227555271,13.5721642039181,-1.911241448391
"exports_gdp","MLI","Mali",1989,12.2145036319904,13.0107184671545,-0.796214835164117
"exports_gdp","MLI","Mali",1990,12.9224504246966,13.6824454339813,-0.759995009284653
"exports_gdp","MLI","Mali",1991,12.3481990784581,13.2271041538028,-0.878905075344681
"exports_gdp","MLI","Mali",1992,12.0182170234498,13.5712861405852,-1.55306911713542
"exports_gdp","MLI","Mali",1993,12.2983623112334,13.9015954868054,-1.60323317557202
"exports_gdp","MLI","Mali",1994,15.2092727917311,13.5336970703346,1.67557572139652
"exports_gdp","MLI","Mali",1995,15.6937740882626,15.0737513776547,0.620022710607897
"exports_gdp","MLI","Mali",1996,14.0179595849675,14.4548928061009,-0.436933221133426
"exports_gdp","MLI","Mali",1997,18.8184537973383,16.7458638385534,2.07258995878489
"exports_gdp","MLI","Mali",1998,16.4235218799786,16.6228458265417,-0.199323946563123
"exports_gdp","MLI","Mali",1999,16.6447857150555,17.6511058389885,-1.00632012393295
"exports_gdp","MLI","Mali",2000,18.3082871605953,19.081983673918,-0.773696513322694
"exports_gdp","MLI","Mali",2001,21.2675280913865,19.1929758858973,2.07455220548916
"exports_gdp","MLI","Mali",2002,22.5824977513013,18.7115149897413,3.87098276156005
"exports_gdp","MLI","Mali",2003,20.5987327386506,17.940230188057,2.65850255059355
"exports_gdp","MLI","Mali",2004,18.8107813473263,17.646727994494,1.16405335283231
"exports_gdp","MLI","Mali",2005,19.0305416439985,20.3619308237628,-1.3313891797643
"exports_gdp","MLI","Mali",2006,22.718440167711,21.927786268318,0.790653899393021
"exports_gdp","MLI","Mali",2007,19.7731935960156,22.7302171089928,-2.9570235129772
"exports_gdp","MLI","Mali",2008,20.6676082356878,23.5401161151164,-2.87250787942855
"exports_gdp","MLI","Mali",2009,17.4090644474925,20.0503335526899,-2.64126910519743
"exports_gdp","MLI","Mali",2010,19.2136392169917,21.16168000453,-1.94804078753828
"exports_gdp","MLI","Mali",2011,18.1515218842043,24.0883783710289,-5.9368564868246
"exports_gdp","MLI","Mali",2012,22.6196890203027,24.1903673585827,-1.57067833827997
"exports_gdp","MLI","Mali",2013,20.9783045591465,23.3436256461172,-2.36532108697066
"exports_gdp","MLI","Mali",2014,18.972156983974,22.9718672506858,-3.99971026671182
"exports_gdp","MLI","Mali",2015,20.2239475938187,21.4249849177039,-1.20103732388517
"exports_gdp","MLI","Mali",2016,19.658879222387,19.6234487487005,0.035430473686521
"exports_gdp","MLI","Mali",2017,18.9065075928847,19.8349433803373,-0.928435787452607
"exports_gdp","MLI","Mali",2018,20.5990590578805,20.3837653407438,0.215293717136728
"exports_gdp","MLI","Mali",2019,21.7272254994959,20.6874608061682,1.03976469332767
"exports_gdp","NER","Niger",1980,24.5842225037173,16.875422284957,7.70880021876027
"exports_gdp","NER","Niger",1981,24.1558241624055,16.2796460704769,7.87617809192865
"exports_gdp","NER","Niger",1982,20.9705721016811,19.4925185480097,1.4780535536714
"exports_gdp","NER","Niger",1983,20.8249206114142,18.9462504694741,1.87867014194008
"exports_gdp","NER","Niger",1984,22.9053264293439,15.9655195685213,6.93980686082264
"exports_gdp","NER","Niger",1985,20.6859523804412,13.7883986287836,6.89755375165755
"exports_gdp","NER","Niger",1986,20.0004246344954,15.3992501819892,4.60117445250623
"exports_gdp","NER","Niger",1987,20.8029218654525,15.0335773056587,5.76934455979381
"exports_gdp","NER","Niger",1988,18.2998821233711,15.1244283814937,3.17545374187741
"exports_gdp","NER","Niger",1989,16.5997149981006,17.3336271422419,-0.733912144141328
"exports_gdp","NER","Niger",1990,15.0686349657165,17.4113457974427,-2.34271083172622
"exports_gdp","NER","Niger",1991,12.017960053768,17.3636828716152,-5.34572281784723
"exports_gdp","NER","Niger",1992,11.7816643385979,16.6601847606675,-4.87852042206963
"exports_gdp","NER","Niger",1993,10.9092633875634,16.2577198803294,-5.34845649276604
"exports_gdp","NER","Niger",1994,13.1410318962769,17.5703066228527,-4.42927472657584
"exports_gdp","NER","Niger",1995,14.5380524628733,19.300565744481,-4.76251328160767
"exports_gdp","NER","Niger",1996,15.2959244617616,18.882336751696,-3.58641228993437
"exports_gdp","NER","Niger",1997,13.5378881783139,18.1716195846275,-4.63373140631362
"exports_gdp","NER","Niger",1998,13.9700549614385,17.2306472814559,-3.26059232001741
"exports_gdp","NER","Niger",1999,12.6556555877235,15.3850174280908,-2.72936184036733
"exports_gdp","NER","Niger",2000,14.3397037015635,15.7736694797156,-1.43396577815209
"exports_gdp","NER","Niger",2001,13.4558135151968,16.6213919218943,-3.16557840669752
"exports_gdp","NER","Niger",2002,11.9188080478994,17.2037433947413,-5.28493534684194
"exports_gdp","NER","Niger",2003,13.2742280973529,19.5397834017818,-6.26555530442888
"exports_gdp","NER","Niger",2004,14.2585696095611,23.3446330888457,-9.08606347928462
"exports_gdp","NER","Niger",2005,14.411416011146,27.1793034518555,-12.7678874407095
"exports_gdp","NER","Niger",2006,13.8704426231817,32.8503661400916,-18.9799235169099
"exports_gdp","NER","Niger",2007,13.0665385476229,33.0087948829362,-19.9422563353133
"exports_gdp","NER","Niger",2008,13.1805095968022,34.3122743856595,-21.1317647888573
"exports_gdp","NER","Niger",2009,14.977850620897,28.3276222807962,-13.3497716598992
"exports_gdp","NER","Niger",2010,16.1844145982019,31.0908697278512,-14.9064551296493
"exports_gdp","NER","Niger",2011,15.2895554371407,33.2394147513732,-17.9498593142325
"exports_gdp","NER","Niger",2012,16.1005770719535,34.8487071223148,-18.7481300503613
"exports_gdp","NER","Niger",2013,16.9790336020885,33.124150891926,-16.1451172898375
"exports_gdp","NER","Niger",2014,15.945862927875,32.2226742309693,-16.2768113030943
"exports_gdp","NER","Niger",2015,14.2683699619368,24.3403228672024,-10.0719529052656
"exports_gdp","NER","Niger",2016,12.1833388939158,19.5823638821945,-7.39902498827869
"exports_gdp","NER","Niger",2017,12.8065412142116,16.6438633845323,-3.83732217032071
"exports_gdp","NER","Niger",2018,11.2957371550569,17.1851319686397,-5.88939481358282
"exports_gdp","NER","Niger",2019,10.7593769160532,17.314129443046,-6.55475252699285
"exports_gdp","SEN","Senegal",1980,16.1096048755875,18.9868304859342,-2.8772256103467
"exports_gdp","SEN","Senegal",1981,21.3486008235933,18.1601169208232,3.18848390277009
"exports_gdp","SEN","Senegal",1982,19.6180854743934,21.7813426668387,-2.16325719244525
"exports_gdp","SEN","Senegal",1983,23.7299671287237,21.3686421009425,2.36132502778124
"exports_gdp","SEN","Senegal",1984,22.8926097241825,18.2227867676657,4.66982295651679
"exports_gdp","SEN","Senegal",1985,18.7344648130573,15.6125761832641,3.12188862979318
"exports_gdp","SEN","Senegal",1986,16.5609599624598,16.9929941461767,-0.43203418371688
"exports_gdp","SEN","Senegal",1987,14.327442813202,16.0374875554752,-1.71004474227317
"exports_gdp","SEN","Senegal",1988,15.0251156667874,15.9200176332373,-0.894901966449913
"exports_gdp","SEN","Senegal",1989,16.3839337769893,18.1905510191742,-1.80661724218485
"exports_gdp","SEN","Senegal",1990,17.0561016455994,18.3631197487166,-1.30701810311719
"exports_gdp","SEN","Senegal",1991,15.5157293530238,17.7110725849369,-2.19534323191307
"exports_gdp","SEN","Senegal",1992,14.9890712558826,17.1139938544399,-2.12492259855735
"exports_gdp","SEN","Senegal",1993,13.554006603149,16.8809035306251,-3.32689692747614
"exports_gdp","SEN","Senegal",1994,21.2214390843733,18.671068108785,2.55037097558828
"exports_gdp","SEN","Senegal",1995,20.6568594195014,19.3320400045587,1.32481941494268
"exports_gdp","SEN","Senegal",1996,18.0841653941018,19.2045775128914,-1.12041211878958
"exports_gdp","SEN","Senegal",1997,18.3329326136605,18.428530525437,-0.095597911776494
"exports_gdp","SEN","Senegal",1998,18.5849659047911,18.3021491595742,0.282816745216941
"exports_gdp","SEN","Senegal",1999,19.0042574130823,16.5106003895892,2.49365702349307
"exports_gdp","SEN","Senegal",2000,17.7641495981977,17.1827130220996,0.58143657609811
"exports_gdp","SEN","Senegal",2001,17.7006801043602,18.2134795117513,-0.512799407391089
"exports_gdp","SEN","Senegal",2002,19.6168800518197,19.1957561881787,0.421123863640979
"exports_gdp","SEN","Senegal",2003,18.2180266837333,21.3124734377862,-3.09444675405288
"exports_gdp","SEN","Senegal",2004,19.10166287579,24.8175723974931,-5.71590952170314
"exports_gdp","SEN","Senegal",2005,19.8066375707013,28.1162988075425,-8.30966123684124
"exports_gdp","SEN","Senegal",2006,19.252084644369,32.67297029153,-13.420885647161
"exports_gdp","SEN","Senegal",2007,20.5543882272223,32.527645396239,-11.9732571690167
"exports_gdp","SEN","Senegal",2008,20.8463012615706,34.5196702993959,-13.6733690378253
"exports_gdp","SEN","Senegal",2009,19.3938665528849,28.5462972341011,-9.1524306812162
"exports_gdp","SEN","Senegal",2010,19.9812388274952,32.134667516369,-12.1534286888738
"exports_gdp","SEN","Senegal",2011,21.303548885652,34.6047544057573,-13.3012055201053
"exports_gdp","SEN","Senegal",2012,22.4743744215738,36.4296001700049,-13.9552257484311
"exports_gdp","SEN","Senegal",2013,22.3497423099059,34.456788209997,-12.1070459000911
"exports_gdp","SEN","Senegal",2014,21.7782967413225,34.2753673561036,-12.4970706147811
"exports_gdp","SEN","Senegal",2015,22.6771945016724,25.9585202206423,-3.28132571896989
"exports_gdp","SEN","Senegal",2016,21.5608580962682,21.6050195883532,-0.0441614920849851
"exports_gdp","SEN","Senegal",2017,21.9300831477167,18.2449975998465,3.68508554787022
"exports_gdp","SEN","Senegal",2018,22.9490914783308,18.5802032518727,4.36888822645813
"exports_gdp","SEN","Senegal",2019,24.9831341973865,18.7043839724055,6.278750224981
"exports_gdp","TGO","Togo",1980,48.1963087248093,28.1037388808667,20.0925698439426
"exports_gdp","TGO","Togo",1981,40.0775193797725,27.9182115497029,12.1593078300696
"exports_gdp","TGO","Togo",1982,52.7623285132078,27.3521049181918,25.410223595016
"exports_gdp","TGO","Togo",1983,43.9932885905653,27.7528152260902,16.2404733644751
"exports_gdp","TGO","Togo",1984,51.2109623964846,29.9625223257706,21.248440070714
"exports_gdp","TGO","Togo",1985,48.4087591239789,30.9023861627709,17.506372961208
"exports_gdp","TGO","Togo",1986,43.9303211757333,29.8310446829189,14.0992764928144
"exports_gdp","TGO","Togo",1987,41.3958444326185,31.6551901778586,9.74065425475986
"exports_gdp","TGO","Togo",1988,39.0924532880086,33.4499707832459,5.6424825047627
"exports_gdp","TGO","Togo",1989,39.8980537534018,31.9671189945926,7.93093475880915
"exports_gdp","TGO","Togo",1990,26.2431662207092,32.66262583457,-6.41945961386082
"exports_gdp","TGO","Togo",1991,25.2755212204384,31.0475053400972,-5.77198411965883
"exports_gdp","TGO","Togo",1992,20.9734692071733,33.1462264476232,-12.1727572404499
"exports_gdp","TGO","Togo",1993,17.4744220687562,34.5423752988275,-17.0679532300713
"exports_gdp","TGO","Togo",1994,25.8206173525239,33.4581958967286,-7.63757854420466
"exports_gdp","TGO","Togo",1995,22.757328411858,35.4432481083656,-12.6859196965076
"exports_gdp","TGO","Togo",1996,24.9487642090534,34.6944131135215,-9.74564890446808
"exports_gdp","TGO","Togo",1997,22.4803455277269,34.5719553271926,-12.0916097994657
"exports_gdp","TGO","Togo",1998,23.0714679668889,32.9618877426412,-9.89041977575232
"exports_gdp","TGO","Togo",1999,21.3398045064219,34.0273136037707,-12.6875090973488
"exports_gdp","TGO","Togo",2000,20.1566604038007,35.9508407442047,-15.794180340404
"exports_gdp","TGO","Togo",2001,20.5095258930009,35.9258450316097,-15.4163191386088
"exports_gdp","TGO","Togo",2002,21.4381414951577,34.5537367125029,-13.1155952173452
"exports_gdp","TGO","Togo",2003,23.2296007315538,32.9038867901678,-9.674286058614
"exports_gdp","TGO","Togo",2004,23.5743613846765,32.1780641926045,-8.603702807928
"exports_gdp","TGO","Togo",2005,25.1826385889901,35.3533018660983,-10.1706632771082
"exports_gdp","TGO","Togo",2006,25.0476964469213,37.7409409739019,-12.6932445269806
"exports_gdp","TGO","Togo",2007,24.6220782432091,38.3791947493208,-13.7571165061117
"exports_gdp","TGO","Togo",2008,25.3265405456755,39.890658553877,-14.5641180082015
"exports_gdp","TGO","Togo",2009,25.861394271016,33.435438833463,-7.57404456244698
"exports_gdp","TGO","Togo",2010,27.725448533842,36.1733240740551,-8.44787554021308
"exports_gdp","TGO","Togo",2011,31.4946443044053,39.1226930846964,-7.62804878029112
"exports_gdp","TGO","Togo",2012,32.9891841943212,39.1783097632672,-6.189125568946
"exports_gdp","TGO","Togo",2013,34.1111182093587,39.180312223042,-5.06919401368335
"exports_gdp","TGO","Togo",2014,29.138898093163,38.6215357997816,-9.4826377066186
"exports_gdp","TGO","Togo",2015,26.7106298715077,37.0255666097419,-10.3149367382342
"exports_gdp","TGO","Togo",2016,26.7314987347852,34.9209700232585,-8.1894712884733
"exports_gdp","TGO","Togo",2017,25.3020773539116,36.2867298544643,-10.9846525005527
"exports_gdp","TGO","Togo",2018,24.3300490503804,37.7563256610107,-13.4262766106303
"exports_gdp","TGO","Togo",2019,23.9077019130487,37.8089768009119,-13.9012748878632
"exports_gdp","CMR","Cameroon",1980,27.8847481871114,23.2284477930491,4.65630039406229
"exports_gdp","CMR","Cameroon",1981,21.8670533412104,23.4688896896756,-1.60183634846519
"exports_gdp","CMR","Cameroon",1982,33.2143378608076,22.9649102633961,10.2494275974116
"exports_gdp","CMR","Cameroon",1983,30.397603276166,23.3195859604651,7.07801731570089
"exports_gdp","CMR","Cameroon",1984,33.4785941985375,24.2519490556953,9.22664514284221
"exports_gdp","CMR","Cameroon",1985,33.4487710584622,24.2548612310299,9.19390982743234
"exports_gdp","CMR","Cameroon",1986,23.281370600862,22.7923961516197,0.488974449242317
"exports_gdp","CMR","Cameroon",1987,16.6942564322114,23.1716464526377,-6.47739002042635
"exports_gdp","CMR","Cameroon",1988,16.0329748693173,23.9334176187717,-7.90044274945444
"exports_gdp","CMR","Cameroon",1989,20.7070366380926,23.1780630334781,-2.4710263953855
"exports_gdp","CMR","Cameroon",1990,20.1829143997954,23.4729877973579,-3.29007339756252
"exports_gdp","CMR","Cameroon",1991,19.9988804610672,22.5667080455479,-2.56782758448074
"exports_gdp","CMR","Cameroon",1992,20.5470222485463,22.5249257872316,-1.97790353868527
"exports_gdp","CMR","Cameroon",1993,16.390717236618,22.51517968981,-6.12446245319196
"exports_gdp","CMR","Cameroon",1994,21.4810205130997,22.1363634042077,-0.655342891108031
"exports_gdp","CMR","Cameroon",1995,21.6184879665971,22.7728054226234,-1.15431745602631
"exports_gdp","CMR","Cameroon",1996,24.262491972799,22.4578193721474,1.80467260065162
"exports_gdp","CMR","Cameroon",1997,26.6506553314661,24.9266457593552,1.72400957211086
"exports_gdp","CMR","Cameroon",1998,21.9791850036291,24.3775495132412,-2.39836450961213
"exports_gdp","CMR","Cameroon",1999,19.4286005669288,24.9056377850727,-5.47703721814386
"exports_gdp","CMR","Cameroon",2000,24.8568127317047,25.3950618838036,-0.538249152098949
"exports_gdp","CMR","Cameroon",2001,25.2612172490423,25.543482867445,-0.2822656184027
"exports_gdp","CMR","Cameroon",2002,22.9861583659013,25.8442597123147,-2.85810134641336
"exports_gdp","CMR","Cameroon",2003,19.4369114585916,25.5759113369085,-6.13899987831689
"exports_gdp","CMR","Cameroon",2004,20.5475737052101,25.2170205874775,-4.66944688226737
"exports_gdp","CMR","Cameroon",2005,22.2454563981154,26.1485246147582,-3.90306821664277
"exports_gdp","CMR","Cameroon",2006,24.1790940584351,26.6639052211094,-2.48481116267428
"exports_gdp","CMR","Cameroon",2007,26.9786418047148,27.1471098977779,-0.168468093063105
"exports_gdp","CMR","Cameroon",2008,27.0083654696037,27.6384205871474,-0.630055117543726
"exports_gdp","CMR","Cameroon",2009,19.5824152849101,25.0482830861928,-5.46586780128266
"exports_gdp","CMR","Cameroon",2010,22.368890297982,26.390947748732,-4.02205745075002
"exports_gdp","CMR","Cameroon",2011,24.229686622931,27.3686915055321,-3.13900488260105
"exports_gdp","CMR","Cameroon",2012,23.8767238437792,27.4260711280497,-3.54934728427054
"exports_gdp","CMR","Cameroon",2013,23.6391086680292,26.6558173736108,-3.01670870558162
"exports_gdp","CMR","Cameroon",2014,23.6099755336855,27.8265348900541,-4.21655935636859
"exports_gdp","CMR","Cameroon",2015,20.9891496295315,27.4476245757091,-6.45847494617758
"exports_gdp","CMR","Cameroon",2016,18.9499787559649,27.5737897047778,-8.62381094881285
"exports_gdp","CMR","Cameroon",2017,18.3510985830022,27.573609837867,-9.22251125486475
"exports_gdp","CMR","Cameroon",2018,18.7362534690181,27.3577138940918,-8.62146042507375
"exports_gdp","CMR","Cameroon",2019,19.8500907473186,28.763875508152,-8.91378476083343
"exports_gdp","CAF","Central African Republic",1980,25.2215452197355,21.0144558526311,4.20708936710444
"exports_gdp","CAF","Central African Republic",1981,24.3834499934688,20.7953232629559,3.58812673051289
"exports_gdp","CAF","Central African Republic",1982,22.1777521315576,21.6729242437688,0.504827887788757
"exports_gdp","CAF","Central African Republic",1983,24.1489993098706,21.5950173059611,2.55398200390948
"exports_gdp","CAF","Central African Republic",1984,23.3939942580609,20.7323660358179,2.66162822224302
"exports_gdp","CAF","Central African Republic",1985,22.0085189617676,20.1697307295624,1.83878823220524
"exports_gdp","CAF","Central African Republic",1986,18.1864262428373,20.5014880298902,-2.31506178705292
"exports_gdp","CAF","Central African Republic",1987,17.8441411639543,20.2340891367871,-2.38994797283279
"exports_gdp","CAF","Central African Republic",1988,17.7447524605306,20.1346395605364,-2.38988710000579
"exports_gdp","CAF","Central African Republic",1989,20.3038863512806,20.7101667986507,-0.406280447370087
"exports_gdp","CAF","Central African Republic",1990,17.0674688659163,20.777171661923,-3.70970279600666
"exports_gdp","CAF","Central African Republic",1991,17.5866710245595,20.6356144074109,-3.04894338285138
"exports_gdp","CAF","Central African Republic",1992,16.8656999970566,20.4850942551787,-3.61939425812214
"exports_gdp","CAF","Central African Republic",1993,17.0995545466345,20.4379606654473,-3.33840611881277
"exports_gdp","CAF","Central African Republic",1994,23.3994108884074,20.8306110510254,2.56879983738199
"exports_gdp","CAF","Central African Republic",1995,22.2209449568474,21.0940639317367,1.12688102511068
"exports_gdp","CAF","Central African Republic",1996,21.4703862760844,21.0185047118367,0.45188156424771
"exports_gdp","CAF","Central African Republic",1997,26.8842802618525,20.851590396974,6.03268986487847
"exports_gdp","CAF","Central African Republic",1998,22.6568865727558,20.7261820136128,1.93070455914295
"exports_gdp","CAF","Central African Republic",1999,19.2236502785935,20.2974413357701,-1.07379105717661
"exports_gdp","CAF","Central African Republic",2000,20.3722135905975,20.5491402963585,-0.17692670576098
"exports_gdp","CAF","Central African Republic",2001,17.1572538375263,20.8777516352577,-3.72049779773143
"exports_gdp","CAF","Central African Republic",2002,15.96270493648,21.0637003224809,-5.10099538600088
"exports_gdp","CAF","Central African Republic",2003,18.2360038377682,21.5978602318996,-3.36185639413138
"exports_gdp","CAF","Central African Republic",2004,13.997917508823,22.4221698651791,-8.42425235635615
"exports_gdp","CAF","Central African Republic",2005,13.3627533256972,23.3193690581192,-9.95661573242198
"exports_gdp","CAF","Central African Republic",2006,14.3160051485309,24.4069324770301,-10.0909273284992
"exports_gdp","CAF","Central African Republic",2007,14.1153274204234,24.4542640911093,-10.3389366706859
"exports_gdp","CAF","Central African Republic",2008,11.0036647020449,24.9742292952939,-13.970564593249
"exports_gdp","CAF","Central African Republic",2009,9.84164990187971,23.5232767493499,-13.6816268474702
"exports_gdp","CAF","Central African Republic",2010,11.6258010719319,24.2942153663459,-12.668414294414
"exports_gdp","CAF","Central African Republic",2011,13.127820098599,25.0086850192813,-11.8808649206823
"exports_gdp","CAF","Central African Republic",2012,11.5501330018626,25.4923061806139,-13.9421731787513
"exports_gdp","CAF","Central African Republic",2013,14.9729547921906,24.9807829386491,-10.0078281464585
"exports_gdp","CAF","Central African Republic",2014,16.6757875879937,26.2410383627142,-9.5652507747205
"exports_gdp","CAF","Central African Republic",2015,17.0676606236635,24.0446669370997,-6.97700631343621
"exports_gdp","CAF","Central African Republic",2016,14.8218796578137,23.0089565887437,-8.18707693093001
"exports_gdp","CAF","Central African Republic",2017,17.2597737600181,21.3186839253249,-4.05891016530677
"exports_gdp","CAF","Central African Republic",2018,15.9400300007701,20.5109141402662,-4.57088413949609
"exports_gdp","CAF","Central African Republic",2019,15.7553800018083,22.0636730739122,-6.30829307210393
"exports_gdp","TCD","Chad",1980,16.9449067430213,13.7688143678831,3.1760923751382
"exports_gdp","TCD","Chad",1981,15.1004602128159,13.628146414612,1.47231379820389
"exports_gdp","TCD","Chad",1982,6.56197146647253,13.954370010348,-7.3923985438755
"exports_gdp","TCD","Chad",1983,16.4188766003367,14.0090781029464,2.4097984973903
"exports_gdp","TCD","Chad",1984,18.0178072509275,13.3287200914629,4.6890871594646
"exports_gdp","TCD","Chad",1985,11.9066351006953,13.5479078946356,-1.64127279394027
"exports_gdp","TCD","Chad",1986,13.3941044171295,13.6034091809171,-0.209304763787591
"exports_gdp","TCD","Chad",1987,15.4492482751286,13.6979240563277,1.75132421880091
"exports_gdp","TCD","Chad",1988,15.0191432988045,14.4241982205923,0.59494507821216
"exports_gdp","TCD","Chad",1989,13.7814245064342,14.5233604249585,-0.741935918524337
"exports_gdp","TCD","Chad",1990,13.4802082509051,14.5339188251385,-1.05371057423337
"exports_gdp","TCD","Chad",1991,11.9516330624513,14.7484891564152,-2.79685609396386
"exports_gdp","TCD","Chad",1992,11.0907463892736,15.2123549546228,-4.12160856534918
"exports_gdp","TCD","Chad",1993,13.323446113405,15.8309748687684,-2.50752875536338
"exports_gdp","TCD","Chad",1994,16.10560200014,16.3030792860962,-0.197477285956179
"exports_gdp","TCD","Chad",1995,21.9290175473215,16.5375206421609,5.39149690516058
"exports_gdp","TCD","Chad",1996,17.54350924621,16.2762177179469,1.26729152826311
"exports_gdp","TCD","Chad",1997,18.5438360838388,16.4519501123749,2.09188597146386
"exports_gdp","TCD","Chad",1998,18.4916260621633,17.7582824460562,0.733343616107145
"exports_gdp","TCD","Chad",1999,18.3181207710371,17.5414766345458,0.776644136491299
"exports_gdp","TCD","Chad",2000,16.8900964319303,17.2502209515456,-0.360124519615258
"exports_gdp","TCD","Chad",2001,14.6657875448771,17.2850148294344,-2.61922728455733
"exports_gdp","TCD","Chad",2002,12.6899405964434,17.2813333778755,-4.59139278143211
"exports_gdp","TCD","Chad",2003,24.6329669069481,16.845492218738,7.7874746882101
"exports_gdp","TCD","Chad",2004,51.0088580567156,17.2442859943062,33.7645720624094
"exports_gdp","TCD","Chad",2005,44.5923490073183,18.4764701436704,26.1158788636479
"exports_gdp","TCD","Chad",2006,44.7758222138389,20.049313252624,24.7265089612149
"exports_gdp","TCD","Chad",2007,43.4687945404915,19.751070227495,23.7177243129965
"exports_gdp","TCD","Chad",2008,40.071386894678,20.0123549358056,20.0590319588724
"exports_gdp","TCD","Chad",2009,32.8771516408689,19.0626416346956,13.8145100061733
"exports_gdp","TCD","Chad",2010,34.4383534129809,19.6987054773995,14.7396479355814
"exports_gdp","TCD","Chad",2011,32.6626669076152,21.048156129029,11.6145107785862
"exports_gdp","TCD","Chad",2012,33.3980005442342,21.0436014186122,12.354399125622
"exports_gdp","TCD","Chad",2013,30.1515041957742,20.7767536010387,9.37475059473553
"exports_gdp","TCD","Chad",2014,23.1390359613993,21.7970557650847,1.34198019631455
"exports_gdp","TCD","Chad",2015,27.9084800637597,20.0193914064455,7.88908865731419
"exports_gdp","TCD","Chad",2016,22.6079863534137,19.0599580137341,3.54802833967962
"exports_gdp","TCD","Chad",2017,23.1856157702325,18.0040610167713,5.1815547534612
"exports_gdp","TCD","Chad",2018,25.8447812653289,17.4196916603703,8.42508960495865
"exports_gdp","TCD","Chad",2019,24.968456965958,18.5096721519762,6.45878481398183
"exports_gdp","COG","Republic of Congo",1980,60.0166481687015,63.698856141354,-3.68220797265249
"exports_gdp","COG","Republic of Congo",1981,58.0210448587779,49.4032363886904,8.61780847008752
"exports_gdp","COG","Republic of Congo",1982,55.2676056338028,44.8963522457734,10.3712533880294
"exports_gdp","COG","Republic of Congo",1983,57.9454454454454,45.0972112418837,12.8482342035617
"exports_gdp","COG","Republic of Congo",1984,61.6275430359937,44.4470040373008,17.1805389986929
"exports_gdp","COG","Republic of Congo",1985,56.7882159044087,47.4249336990549,9.36328220535379
"exports_gdp","COG","Republic of Congo",1986,39.8337009349443,45.0786914137861,-5.24499047884177
"exports_gdp","COG","Republic of Congo",1987,41.7343061338469,59.2324270204826,-17.4981208866357
"exports_gdp","COG","Republic of Congo",1988,40.6221547799696,51.8690097407991,-11.2468549608295
"exports_gdp","COG","Republic of Congo",1989,48.5242020194741,49.241221926567,-0.717019907092869
"exports_gdp","COG","Republic of Congo",1990,51.7773595800525,42.4302213499434,9.34713823010912
"exports_gdp","COG","Republic of Congo",1991,41.634588526083,51.3264707448141,-9.69188221873111
"exports_gdp","COG","Republic of Congo",1992,40.6920969216899,57.5451472000516,-16.8530502783617
"exports_gdp","COG","Republic of Congo",1993,42.8363705696619,54.5236612596952,-11.6872906900333
"exports_gdp","COG","Republic of Congo",1994,58.5170212549371,52.0573442607437,6.4596769941934
"exports_gdp","COG","Republic of Congo",1995,64.7045701571672,52.0044069069934,12.7001632501738
"exports_gdp","COG","Republic of Congo",1996,68.4582134338693,53.0487007707052,15.4095126631641
"exports_gdp","COG","Republic of Congo",1997,75.5966393744929,71.9996944954643,3.59694487902861
"exports_gdp","COG","Republic of Congo",1998,76.2776297713242,70.4432959022273,5.83433386909685
"exports_gdp","COG","Republic of Congo",1999,72.2900710687918,72.9608386426101,-0.67076757381831
"exports_gdp","COG","Republic of Congo",2000,80.297147219193,71.9877319763961,8.30941524279685
"exports_gdp","COG","Republic of Congo",2001,77.4200268515354,66.1406024421484,11.279424409387
"exports_gdp","COG","Republic of Congo",2002,81.5164254833959,68.5196030068245,12.9968224765714
"exports_gdp","COG","Republic of Congo",2003,80.8123655970076,68.4372293260853,12.3751362709223
"exports_gdp","COG","Republic of Congo",2004,80.5297928332926,64.0143687805207,16.5154240527719
"exports_gdp","COG","Republic of Congo",2005,75.0050837514178,61.5067016071524,13.4983821442654
"exports_gdp","COG","Republic of Congo",2006,77.4641294571561,60.3206272392884,17.1435022178677
"exports_gdp","COG","Republic of Congo",2007,68.4853907202658,60.5768209457634,7.90856977450236
"exports_gdp","COG","Republic of Congo",2008,73.4029185288145,59.4332617368143,13.9696567920002
"exports_gdp","COG","Republic of Congo",2009,64.479912106445,51.6561989780072,12.8237131284378
"exports_gdp","COG","Republic of Congo",2010,68.5280915300939,53.8931782534288,14.6349132766651
"exports_gdp","COG","Republic of Congo",2011,73.6117327393895,56.8115406237138,16.8001921156757
"exports_gdp","COG","Republic of Congo",2012,58.0820278199554,58.1982756916043,-0.11624787164893
"exports_gdp","COG","Republic of Congo",2013,52.9343405840282,61.1359685704999,-8.2016279864717
"exports_gdp","COG","Republic of Congo",2014,53.1336383710482,60.7384831362949,-7.60484476524672
"exports_gdp","COG","Republic of Congo",2015,40.8570487934502,55.9152768386552,-15.058228045205
"exports_gdp","COG","Republic of Congo",2016,42.068526050081,53.9049746591454,-11.8364486090644
"exports_gdp","COG","Republic of Congo",2017,47.9627316588394,51.4095666393843,-3.44683498054494
"exports_gdp","COG","Republic of Congo",2018,62.2105922950548,54.2900546902496,7.92053760480519
"exports_gdp","COG","Republic of Congo",2019,56.1988143702835,50.635229518199,5.56358485208448
"exports_gdp","GAB","Gabon",1980,64.720194647202,54.3960387854103,10.3241558617917
"exports_gdp","GAB","Gabon",1981,63.3635064316341,45.9881707841463,17.3753356474878
"exports_gdp","GAB","Gabon",1982,61.594751450921,45.3643831846535,16.2303682662675
"exports_gdp","GAB","Gabon",1983,61.3247697902964,47.6128787658913,13.7118910244051
"exports_gdp","GAB","Gabon",1984,59.092661611618,47.0248425961255,12.0678190154925
"exports_gdp","GAB","Gabon",1985,62.5724758413862,49.8350092625111,12.7374665788751
"exports_gdp","GAB","Gabon",1986,35.1913124628828,49.0518843302899,-13.8605718674071
"exports_gdp","GAB","Gabon",1987,42.6949203879677,57.1146018419213,-14.4196814539536
"exports_gdp","GAB","Gabon",1988,36.7305839700992,52.5959079177925,-15.8653239476933
"exports_gdp","GAB","Gabon",1989,45.7955821789592,48.2703875654086,-2.47480538644943
"exports_gdp","GAB","Gabon",1990,46.0385042576823,43.5397261200649,2.49877813761736
"exports_gdp","GAB","Gabon",1991,47.2634592944107,46.1572869985468,1.10617229586388
"exports_gdp","GAB","Gabon",1992,46.0755528555794,54.0947691712074,-8.01921631562801
"exports_gdp","GAB","Gabon",1993,48.7946135128426,56.8661657424531,-8.0715522296105
"exports_gdp","GAB","Gabon",1994,61.6756399787038,56.1589588234959,5.51668115520795
"exports_gdp","GAB","Gabon",1995,59.3869990303814,56.7988065362243,2.58819249415713
"exports_gdp","GAB","Gabon",1996,62.6632449876408,55.7984661085373,6.86477887910351
"exports_gdp","GAB","Gabon",1997,61.3040108069859,60.0947665871645,1.20924421982137
"exports_gdp","GAB","Gabon",1998,47.4063516068053,54.4362686203361,-7.02991701353078
"exports_gdp","GAB","Gabon",1999,59.6125043538837,58.67335903516,0.939145318723746
"exports_gdp","GAB","Gabon",2000,69.0321767086082,61.9956558791622,7.036520829446
"exports_gdp","GAB","Gabon",2001,54.2752324798833,54.7608069753116,-0.485574495428274
"exports_gdp","GAB","Gabon",2002,52.6088996947807,55.5450517114547,-2.93615201667397
"exports_gdp","GAB","Gabon",2003,51.9294344950898,54.180208311605,-2.25077381651521
"exports_gdp","GAB","Gabon",2004,55.0391552768837,50.8161953330205,4.22295994386324
"exports_gdp","GAB","Gabon",2005,60.0086727573886,50.9486342020848,9.06003855530384
"exports_gdp","GAB","Gabon",2006,60.5718165208079,51.0485940541823,9.52322246662564
"exports_gdp","GAB","Gabon",2007,58.528604586134,52.702959332565,5.82564525356897
"exports_gdp","GAB","Gabon",2008,62.1997120113374,54.6953155546674,7.50439645666999
"exports_gdp","GAB","Gabon",2009,52.1717321839785,45.1306598632173,7.04107232076124
"exports_gdp","GAB","Gabon",2010,57.6634923763037,47.6313138794632,10.0321784968405
"exports_gdp","GAB","Gabon",2011,61.7443721274506,53.1174776311624,8.62689449628817
"exports_gdp","GAB","Gabon",2012,60.9503414381301,54.6043605244913,6.34598091363884
"exports_gdp","GAB","Gabon",2013,57.3574058813271,57.2895060340153,0.0678998473117574
"exports_gdp","GAB","Gabon",2014,44.5208923945675,56.3092053644941,-11.7883129699266
"exports_gdp","GAB","Gabon",2015,46.0320085043705,48.9454828363029,-2.91347433193243
"exports_gdp","GAB","Gabon",2016,44.0353472921111,44.9253018351922,-0.88995454308111
"exports_gdp","GAB","Gabon",2017,50.2267539725926,40.7982814850789,9.42847248751368
"exports_gdp","GAB","Gabon",2018,54.2990764910062,44.5399329233368,9.75914356766938
"exports_gdp","GAB","Gabon",2019,51.4310732271996,39.512990839387,11.9180823878126
"exports_gdp","GNQ","Equatorial Guinea",1980,87.4173831312055,70.9285868752694,16.4887962559361
"exports_gdp","GNQ","Equatorial Guinea",1981,87.4173831312055,61.8710361852224,25.5463469459831
"exports_gdp","GNQ","Equatorial Guinea",1982,87.4173831312055,53.4339401314012,33.9834429998043
"exports_gdp","GNQ","Equatorial Guinea",1983,87.4173831312055,51.8249959430838,35.5923871881217
"exports_gdp","GNQ","Equatorial Guinea",1984,87.4173831312055,50.2708467452306,37.1465363859749
"exports_gdp","GNQ","Equatorial Guinea",1985,87.4173831312055,54.7670159329812,32.6503671982243
"exports_gdp","GNQ","Equatorial Guinea",1986,87.4173831312055,54.3867591720864,33.0306239591191
"exports_gdp","GNQ","Equatorial Guinea",1987,87.4173831312055,77.9395402592427,9.47784287196275
"exports_gdp","GNQ","Equatorial Guinea",1988,87.4173831312055,66.1588207978076,21.2585623333979
"exports_gdp","GNQ","Equatorial Guinea",1989,87.4173831312055,63.729505992069,23.6878771391365
"exports_gdp","GNQ","Equatorial Guinea",1990,87.4173831312055,59.8990633861241,27.5183197450814
"exports_gdp","GNQ","Equatorial Guinea",1991,87.4173831312055,84.2295706390569,3.18781249214858
"exports_gdp","GNQ","Equatorial Guinea",1992,87.4173831312055,97.2848320792366,-9.86744894803107
"exports_gdp","GNQ","Equatorial Guinea",1993,87.4173831312055,89.6539650071003,-2.23658187589476
"exports_gdp","GNQ","Equatorial Guinea",1994,87.4173831312055,83.9884844225249,3.42889870868059
"exports_gdp","GNQ","Equatorial Guinea",1995,87.4173831312055,82.725985451979,4.69139767922651
"exports_gdp","GNQ","Equatorial Guinea",1996,87.4173831312055,84.7169436558304,2.70043947537506
"exports_gdp","GNQ","Equatorial Guinea",1997,87.4173831312055,85.430129365924,1.98725376528149
"exports_gdp","GNQ","Equatorial Guinea",1998,87.4173831312055,78.8170609663852,8.6003221648203
"exports_gdp","GNQ","Equatorial Guinea",1999,87.4173831312055,81.3494738007637,6.06790933044178
"exports_gdp","GNQ","Equatorial Guinea",2000,87.4173831312055,79.8432699939313,7.5741131372742
"exports_gdp","GNQ","Equatorial Guinea",2001,87.4173831312055,76.6491351270728,10.7682480041327
"exports_gdp","GNQ","Equatorial Guinea",2002,87.4173831312055,77.5718443312622,9.84553879994328
"exports_gdp","GNQ","Equatorial Guinea",2003,87.4173831312055,74.6869936456742,12.7303894855312
"exports_gdp","GNQ","Equatorial Guinea",2004,87.4173831312055,78.7018965019071,8.71548662929835
"exports_gdp","GNQ","Equatorial Guinea",2005,87.4173831312055,72.9909186779399,14.4264644532656
"exports_gdp","GNQ","Equatorial Guinea",2006,82.3256504465367,72.5715995943118,9.75405085222489
"exports_gdp","GNQ","Equatorial Guinea",2007,88.621293972478,74.2959295719479,14.3253644005301
"exports_gdp","GNQ","Equatorial Guinea",2008,89.2243501802952,70.797810771944,18.4265394083512
"exports_gdp","GNQ","Equatorial Guinea",2009,74.342209937853,66.7198491838323,7.6223607540207
"exports_gdp","GNQ","Equatorial Guinea",2010,85.7584331985967,69.0355249257207,16.722908272876
"exports_gdp","GNQ","Equatorial Guinea",2011,75.0953126579793,69.8032007529683,5.29211190501101
"exports_gdp","GNQ","Equatorial Guinea",2012,71.9049918240751,71.2264476392032,0.678544184871896
"exports_gdp","GNQ","Equatorial Guinea",2013,67.6533166625479,76.0938919575503,-8.44057529500242
"exports_gdp","GNQ","Equatorial Guinea",2014,65.9632885983728,76.0583742264553,-10.0950856280825
"exports_gdp","GNQ","Equatorial Guinea",2015,56.6584738218082,73.0523253069301,-16.3938514851219
"exports_gdp","GNQ","Equatorial Guinea",2016,51.4128299447575,73.6102512393798,-22.1974212946224
"exports_gdp","GNQ","Equatorial Guinea",2017,58.8631052137026,69.3201691556003,-10.4570639418977
"exports_gdp","GNQ","Equatorial Guinea",2018,59.6145347244398,69.8001716486539,-10.1856369242141
"exports_gdp","GNQ","Equatorial Guinea",2019,51.1307495482003,67.1800567655256,-16.0493072173253
"imports_gdp","BEN","Benin",1980,37.3221067200717,29.4648827385468,7.85722398152488
"imports_gdp","BEN","Benin",1981,43.9588716369158,33.8344794582835,10.1243921786323
"imports_gdp","BEN","Benin",1982,40.0862995442378,34.2629812550072,5.82331828923061
"imports_gdp","BEN","Benin",1983,31.577722696885,32.892269740768,-1.31454704388299
"imports_gdp","BEN","Benin",1984,30.9319281707312,31.9340647601726,-1.00213658944144
"imports_gdp","BEN","Benin",1985,36.6485996242477,35.2947870230196,1.35381260122814
"imports_gdp","BEN","Benin",1986,32.6154967527009,35.4982314102334,-2.8827346575325
"imports_gdp","BEN","Benin",1987,30.9506070946336,27.1706428978596,3.77996419677396
"imports_gdp","BEN","Benin",1988,32.0830888173539,34.3513620592578,-2.26827324190389
"imports_gdp","BEN","Benin",1989,24.8049383776371,28.1887612902748,-3.38382291263772
"imports_gdp","BEN","Benin",1990,26.5388791344867,24.5607711515738,1.97810798291293
"imports_gdp","BEN","Benin",1991,30.3422307728013,29.325356485424,1.01687428737735
"imports_gdp","BEN","Benin",1992,33.5015977552095,38.1470213710393,-4.64542361582981
"imports_gdp","BEN","Benin",1993,32.917416096905,32.1759613548441,0.741454742060903
"imports_gdp","BEN","Benin",1994,36.0734606362612,29.8232582237491,6.25020241251206
"imports_gdp","BEN","Benin",1995,36.4311975077222,32.9632414568471,3.46795605087508
"imports_gdp","BEN","Benin",1996,30.0189798910533,34.4200800196286,-4.40110012857534
"imports_gdp","BEN","Benin",1997,31.5354950169417,34.3511001872463,-2.81560517030458
"imports_gdp","BEN","Benin",1998,32.5006857471368,36.5548143947964,-4.0541286476596
"imports_gdp","BEN","Benin",1999,31.3822583591138,37.7090504355967,-6.3267920764829
"imports_gdp","BEN","Benin",2000,26.742848952329,33.6911427867032,-6.94829383437419
"imports_gdp","BEN","Benin",2001,28.3885918276674,34.3105628232338,-5.92197099556635
"imports_gdp","BEN","Benin",2002,24.0418117580991,34.2633104925612,-10.2214987344621
"imports_gdp","BEN","Benin",2003,22.9719333073503,34.6949782318722,-11.7230449245219
"imports_gdp","BEN","Benin",2004,21.389426770597,40.6225147403947,-19.2330879697977
"imports_gdp","BEN","Benin",2005,20.6122912074473,43.5230648410933,-22.910773633646
"imports_gdp","BEN","Benin",2006,21.7167729998912,41.5439705284562,-19.827197528565
"imports_gdp","BEN","Benin",2007,27.0709310375342,41.1281976839989,-14.0572666464647
"imports_gdp","BEN","Benin",2008,25.6346390032369,42.5059457980786,-16.8713067948417
"imports_gdp","BEN","Benin",2009,24.7746622235924,43.7410453441928,-18.9663831206004
"imports_gdp","BEN","Benin",2010,28.3588118822374,46.8465088738429,-18.4876969916055
"imports_gdp","BEN","Benin",2011,26.3673773087186,48.8799003571732,-22.5125230484546
"imports_gdp","BEN","Benin",2012,26.8399999121001,45.75723412602,-18.9172342139199
"imports_gdp","BEN","Benin",2013,31.6296265138756,44.9015855112329,-13.2719589973573
"imports_gdp","BEN","Benin",2014,33.8374338168225,42.2015579351581,-8.36412411833565
"imports_gdp","BEN","Benin",2015,32.0358619739087,44.0400557030679,-12.0041937291592
"imports_gdp","BEN","Benin",2016,31.3801402666294,35.7827206770559,-4.40258041042647
"imports_gdp","BEN","Benin",2017,34.2710021769642,35.1809635091346,-0.909961332170433
"imports_gdp","BEN","Benin",2018,34.5209638714363,37.4968155471593,-2.97585167572297
"imports_gdp","BEN","Benin",2019,34.0508051206822,33.703276107858,0.347529012824147
"imports_gdp","BFA","Burkina Faso",1980,31.2625076586155,25.6918629629314,5.57064469568408
"imports_gdp","BFA","Burkina Faso",1981,31.4351136452015,27.2721676787348,4.16294596646669
"imports_gdp","BFA","Burkina Faso",1982,31.6240353150483,27.9476163996106,3.67641891543765
"imports_gdp","BFA","Burkina Faso",1983,29.5741478477064,26.100567513723,3.47358033398337
"imports_gdp","BFA","Burkina Faso",1984,28.7577920382322,25.5709459578334,3.18684608039877
"imports_gdp","BFA","Burkina Faso",1985,31.0260822887558,25.4257454844758,5.60033680428
"imports_gdp","BFA","Burkina Faso",1986,28.9711662892219,24.9447117680337,4.02645452118819
"imports_gdp","BFA","Burkina Faso",1987,28.0811295265822,24.8100099196523,3.27111960692993
"imports_gdp","BFA","Burkina Faso",1988,27.1309820899936,24.7601695417821,2.37081254821145
"imports_gdp","BFA","Burkina Faso",1989,23.6458973519231,24.9395536869947,-1.29365633507157
"imports_gdp","BFA","Burkina Faso",1990,24.4559590282232,24.3349982102796,0.120960817943612
"imports_gdp","BFA","Burkina Faso",1991,23.3486879839288,23.8247494358953,-0.476061451966451
"imports_gdp","BFA","Burkina Faso",1992,19.5275360085764,23.8239215830257,-4.29638557444932
"imports_gdp","BFA","Burkina Faso",1993,20.6735406720758,24.1213560117254,-3.44781533964955
"imports_gdp","BFA","Burkina Faso",1994,25.0276010932215,24.1143951277039,0.913205965517594
"imports_gdp","BFA","Burkina Faso",1995,26.6069148783492,25.1430896867605,1.46382519158868
"imports_gdp","BFA","Burkina Faso",1996,27.6166925636234,24.8209372457512,2.79575531787224
"imports_gdp","BFA","Burkina Faso",1997,26.6038877818834,26.7077683608398,-0.103880578956382
"imports_gdp","BFA","Burkina Faso",1998,28.1316805532505,27.3779712520283,0.753709301222159
"imports_gdp","BFA","Burkina Faso",1999,26.9008102757514,27.8328666040215,-0.932056328270068
"imports_gdp","BFA","Burkina Faso",2000,26.2782244851586,27.4085775829358,-1.13035309777718
"imports_gdp","BFA","Burkina Faso",2001,22.6140880474318,28.4887592375311,-5.87467119009934
"imports_gdp","BFA","Burkina Faso",2002,22.4471572206048,27.3346671235537,-4.8875099029489
"imports_gdp","BFA","Burkina Faso",2003,21.1478047493266,28.5503772655047,-7.40257251617812
"imports_gdp","BFA","Burkina Faso",2004,24.5993563004511,27.8065992186722,-3.20724291822112
"imports_gdp","BFA","Burkina Faso",2005,24.3303222900142,28.8908961673301,-4.56057387731592
"imports_gdp","BFA","Burkina Faso",2006,24.1496788527529,28.358368405293,-4.20868955254013
"imports_gdp","BFA","Burkina Faso",2007,23.4311750727081,27.2243338264264,-3.79315875371832
"imports_gdp","BFA","Burkina Faso",2008,25.2359899277654,27.2888957882272,-2.05290586046178
"imports_gdp","BFA","Burkina Faso",2009,26.507012812169,28.1287685863017,-1.6217557741327
"imports_gdp","BFA","Burkina Faso",2010,28.5573896844031,26.4852473887347,2.07214229566835
"imports_gdp","BFA","Burkina Faso",2011,31.3017525842237,26.8544820078297,4.44727057639401
"imports_gdp","BFA","Burkina Faso",2012,34.6405225638741,28.0759152307246,6.56460733314946
"imports_gdp","BFA","Burkina Faso",2013,36.9588658493908,25.3986970743143,11.5601687750765
"imports_gdp","BFA","Burkina Faso",2014,31.8915583395886,24.0286714643927,7.86288687519593
"imports_gdp","BFA","Burkina Faso",2015,32.9815357744638,23.8154257587726,9.16611001569117
"imports_gdp","BFA","Burkina Faso",2016,31.9772079951896,21.9281341182938,10.0490738768958
"imports_gdp","BFA","Burkina Faso",2017,32.8163945669667,23.2688950192787,9.54749954768803
"imports_gdp","BFA","Burkina Faso",2018,32.5167194817269,23.2880052535675,9.22871422815939
"imports_gdp","BFA","Burkina Faso",2019,31.1509972180432,23.1066086919013,8.04438852614191
"imports_gdp","CIV","Côte d'Ivoire",1980,41.1786603631763,29.3699607955709,11.8086995676054
"imports_gdp","CIV","Côte d'Ivoire",1981,42.2841953845761,35.3788664155669,6.90532896900919
"imports_gdp","CIV","Côte d'Ivoire",1982,39.3267929811877,34.5226438096286,4.80414917155909
"imports_gdp","CIV","Côte d'Ivoire",1983,35.7203170546194,31.2327822854502,4.48753476916919
"imports_gdp","CIV","Côte d'Ivoire",1984,31.7912704948558,35.3370282573875,-3.54575776253166
"imports_gdp","CIV","Côte d'Ivoire",1985,32.3976007303711,34.547821827474,-2.15022109710287
"imports_gdp","CIV","Côte d'Ivoire",1986,30.1814487548097,29.9674271755215,0.21402157928825
"imports_gdp","CIV","Côte d'Ivoire",1987,29.6202580827422,28.9381280205581,0.682130062184072
"imports_gdp","CIV","Côte d'Ivoire",1988,27.8901430242336,27.2277029553639,0.662440068869657
"imports_gdp","CIV","Côte d'Ivoire",1989,29.0552084068384,29.4797187099238,-0.424510303085444
"imports_gdp","CIV","Côte d'Ivoire",1990,27.1116209401211,31.4038911387118,-4.29227019859073
"imports_gdp","CIV","Côte d'Ivoire",1991,26.9860949698451,29.1870739680946,-2.20097899824952
"imports_gdp","CIV","Côte d'Ivoire",1992,28.1155784085479,29.7196893103287,-1.6041109017808
"imports_gdp","CIV","Côte d'Ivoire",1993,25.9060689749106,29.3323892002053,-3.42632022529467
"imports_gdp","CIV","Côte d'Ivoire",1994,29.3092561526606,28.2880623472093,1.02119380545129
"imports_gdp","CIV","Côte d'Ivoire",1995,34.4430442415714,30.5807962725246,3.86224796904681
"imports_gdp","CIV","Côte d'Ivoire",1996,24.7494855091821,27.373482935252,-2.62399742606992
"imports_gdp","CIV","Côte d'Ivoire",1997,25.8443392956736,29.0314360705702,-3.18709677489656
"imports_gdp","CIV","Côte d'Ivoire",1998,26.4693800454037,26.8413231498999,-0.371943104496218
"imports_gdp","CIV","Côte d'Ivoire",1999,27.1560610571387,27.9570805016088,-0.801019444470146
"imports_gdp","CIV","Côte d'Ivoire",2000,27.1739330659549,30.7468670526621,-3.57293398670723
"imports_gdp","CIV","Côte d'Ivoire",2001,25.6442900885205,29.7971242294642,-4.15283414094367
"imports_gdp","CIV","Côte d'Ivoire",2002,24.5407867899829,29.9982413527641,-5.45745456278124
"imports_gdp","CIV","Côte d'Ivoire",2003,24.519047274628,29.3910190928743,-4.8719718182463
"imports_gdp","CIV","Côte d'Ivoire",2004,27.9770074357315,31.5389361500522,-3.56192871432069
"imports_gdp","CIV","Côte d'Ivoire",2005,30.9419558150439,34.3809651565413,-3.43900934149743
"imports_gdp","CIV","Côte d'Ivoire",2006,30.8494468280311,35.7103430615375,-4.86089623350637
"imports_gdp","CIV","Côte d'Ivoire",2007,30.9399896242992,39.5903497171412,-8.650360092842
"imports_gdp","CIV","Côte d'Ivoire",2008,30.9269522255755,44.0372968738218,-13.1103446482463
"imports_gdp","CIV","Côte d'Ivoire",2009,31.2601624421082,36.9413255625738,-5.68116312046556
"imports_gdp","CIV","Côte d'Ivoire",2010,33.9733654904249,39.2447466805483,-5.2713811901234
"imports_gdp","CIV","Côte d'Ivoire",2011,29.4345267091711,43.3492603339825,-13.9147336248114
"imports_gdp","CIV","Côte d'Ivoire",2012,35.3185989207826,44.7282300239923,-9.40963110320972
"imports_gdp","CIV","Côte d'Ivoire",2013,29.1922765951579,41.9311816612449,-12.738905066087
"imports_gdp","CIV","Côte d'Ivoire",2014,25.5234587964808,40.0128057955629,-14.4893469990821
"imports_gdp","CIV","Côte d'Ivoire",2015,25.3599716787416,36.1598282726654,-10.7998565939238
"imports_gdp","CIV","Côte d'Ivoire",2016,22.6240435858959,38.8703138437229,-16.246270257827
"imports_gdp","CIV","Côte d'Ivoire",2017,23.1619990878158,40.2761290404673,-17.1141299526515
"imports_gdp","CIV","Côte d'Ivoire",2018,23.3442963002978,41.666647622475,-18.3223513221772
"imports_gdp","CIV","Côte d'Ivoire",2019,21.9999218180343,40.3516705706715,-18.3517487526372
"imports_gdp","MLI","Mali",1980,19.2342504794399,25.6552415700137,-6.4209910905738
"imports_gdp","MLI","Mali",1981,19.5979378966635,25.9488595222117,-6.35092162554824
"imports_gdp","MLI","Mali",1982,23.525846911283,26.4691875415053,-2.94334063022228
"imports_gdp","MLI","Mali",1983,27.2483589394664,25.9819427352318,1.26641620423458
"imports_gdp","MLI","Mali",1984,31.0349720081887,25.4099323607735,5.62503964741524
"imports_gdp","MLI","Mali",1985,37.1418444943159,25.7342078673326,11.4076366269833
"imports_gdp","MLI","Mali",1986,30.2714811114444,25.4519886501274,4.81949246131697
"imports_gdp","MLI","Mali",1987,27.1842642331078,24.0723156026477,3.1119486304601
"imports_gdp","MLI","Mali",1988,25.7877221701847,25.2745245303041,0.513197639880605
"imports_gdp","MLI","Mali",1989,22.4015794329964,24.4802348863732,-2.07865545337683
"imports_gdp","MLI","Mali",1990,25.53735806214,24.0380961993624,1.49926186277765
"imports_gdp","MLI","Mali",1991,23.8063842896351,24.5208447094766,-0.71446041984154
"imports_gdp","MLI","Mali",1992,25.9558179254418,25.9397768149017,0.0160411105401472
"imports_gdp","MLI","Mali",1993,23.4855849400907,25.5432392379501,-2.05765429785941
"imports_gdp","MLI","Mali",1994,28.8512295475355,25.0464670936226,3.80476245391287
"imports_gdp","MLI","Mali",1995,29.3872972350203,26.6749363407137,2.71236089430657
"imports_gdp","MLI","Mali",1996,24.9755371805563,26.5679115539302,-1.59237437337393
"imports_gdp","MLI","Mali",1997,26.2302500472969,26.3822269236313,-0.151976876334363
"imports_gdp","MLI","Mali",1998,23.4067232102174,26.7968435606342,-3.39012035041676
"imports_gdp","MLI","Mali",1999,23.8945172516986,27.1617061489906,-3.26718889729202
"imports_gdp","MLI","Mali",2000,26.3574738184567,26.6750909831314,-0.317617164674683
"imports_gdp","MLI","Mali",2001,28.0563789001538,27.3339772556091,0.722401644544661
"imports_gdp","MLI","Mali",2002,23.7704249906878,26.6261851698125,-2.85576017912473
"imports_gdp","MLI","Mali",2003,26.2928019278119,26.5996134113711,-0.30681148355923
"imports_gdp","MLI","Mali",2004,25.2013172949303,27.3401969182417,-2.13887962331136
"imports_gdp","MLI","Mali",2005,25.8818668637566,29.1713501422293,-3.28948327847269
"imports_gdp","MLI","Mali",2006,26.3006371772594,29.4166674017549,-3.11603022449549
"imports_gdp","MLI","Mali",2007,27.1245980280221,29.1090543480907,-1.98445632006863
"imports_gdp","MLI","Mali",2008,32.9754110733747,29.5359631765943,3.43944789678037
"imports_gdp","MLI","Mali",2009,23.1323171330737,29.8567480567371,-6.72443092366336
"imports_gdp","MLI","Mali",2010,29.6030561490697,29.1604512124292,0.442604936640521
"imports_gdp","MLI","Mali",2011,25.0299480290865,30.6163522461215,-5.58640421703502
"imports_gdp","MLI","Mali",2012,26.8055466020781,30.9701770375466,-4.1646304354685
"imports_gdp","MLI","Mali",2013,33.6249394271541,28.8848394150367,4.74010001211739
"imports_gdp","MLI","Mali",2014,32.106525203595,27.403156837017,4.703368366578
"imports_gdp","MLI","Mali",2015,33.3512284164078,27.1707923383103,6.18043607809745
"imports_gdp","MLI","Mali",2016,33.9537401380382,24.0328974268727,9.92084271116552
"imports_gdp","MLI","Mali",2017,30.5854909013125,24.8297767507785,5.75571415053397
"imports_gdp","MLI","Mali",2018,30.1007871944471,25.5925381497875,4.5082490446596
"imports_gdp","MLI","Mali",2019,32.2714877803678,24.3813851708849,7.89010260948292
"imports_gdp","NER","Niger",1980,38.1260749190128,24.2243664818288,13.901708437184
"imports_gdp","NER","Niger",1981,36.2014916270681,27.8608941031906,8.34059752387748
"imports_gdp","NER","Niger",1982,36.0975364255597,27.429979848096,8.66755657746374
"imports_gdp","NER","Niger",1983,26.9143381430607,22.4551586372325,4.45917950582824
"imports_gdp","NER","Niger",1984,26.9703888431564,24.2935401748518,2.67684866830464
"imports_gdp","NER","Niger",1985,32.84068480264,24.3447653630778,8.49591943956216
"imports_gdp","NER","Niger",1986,20.6918703846718,21.7623695074602,-1.07049912278844
"imports_gdp","NER","Niger",1987,25.1815895716725,22.4652753042291,2.71631426744345
"imports_gdp","NER","Niger",1988,23.5885612129434,22.5319971146709,1.05656409827246
"imports_gdp","NER","Niger",1989,23.2983285683678,23.8069296193762,-0.50860105100838
"imports_gdp","NER","Niger",1990,20.5481385896134,23.3117767523014,-2.76363816268796
"imports_gdp","NER","Niger",1991,18.3182191842891,20.9722636484508,-2.65404446416174
"imports_gdp","NER","Niger",1992,16.9249856076259,20.6292306196281,-3.70424501200219
"imports_gdp","NER","Niger",1993,15.1896742607326,20.9359349069676,-5.74626064623497
"imports_gdp","NER","Niger",1994,20.5014967207828,20.5880448465515,-0.0865481257687293
"imports_gdp","NER","Niger",1995,20.2394832368695,21.5429279224374,-1.30344468556786
"imports_gdp","NER","Niger",1996,21.2440731817314,20.4883301175649,0.755743064166481
"imports_gdp","NER","Niger",1997,19.6364572120207,25.2375328015854,-5.60107558956471
"imports_gdp","NER","Niger",1998,21.0496345843457,25.5196846445734,-4.47005006022767
"imports_gdp","NER","Niger",1999,18.7195811368156,26.7002097771025,-7.98062864028688
"imports_gdp","NER","Niger",2000,20.3730770027969,26.1215385807829,-5.74846157798597
"imports_gdp","NER","Niger",2001,19.5578535691046,27.2057255406797,-7.64787197157513
"imports_gdp","NER","Niger",2002,18.9155777018555,25.2910889155847,-6.37551121372916
"imports_gdp","NER","Niger",2003,20.1085650442709,26.9649629955836,-6.85639795131267
"imports_gdp","NER","Niger",2004,22.7055348369284,26.7140310540494,-4.00849621712099
"imports_gdp","NER","Niger",2005,23.9363257959276,29.6354840037162,-5.69915820778856
"imports_gdp","NER","Niger",2006,22.6609305610612,28.9575488919881,-6.29661833092693
"imports_gdp","NER","Niger",2007,22.4362642994778,29.4137093839407,-6.97744508446295
"imports_gdp","NER","Niger",2008,26.5307344572361,31.8333441470062,-5.30260968977008
"imports_gdp","NER","Niger",2009,34.5344060822655,28.2220368550191,6.31236922724641
"imports_gdp","NER","Niger",2010,35.7615717045608,29.323993113832,6.43757859072876
"imports_gdp","NER","Niger",2011,34.9568397197938,31.9486655857172,3.00817413407658
"imports_gdp","NER","Niger",2012,28.9853874011265,32.6699954444919,-3.68460804336538
"imports_gdp","NER","Niger",2013,29.3161155472406,32.5116181842104,-3.19550263696985
"imports_gdp","NER","Niger",2014,29.7957379087183,31.578113800666,-1.78237589194769
"imports_gdp","NER","Niger",2015,30.4590604092492,30.113096761252,0.345963647997184
"imports_gdp","NER","Niger",2016,24.3047703306361,28.6129607305702,-4.30819039993412
"imports_gdp","NER","Niger",2017,26.2645705228033,29.1108489343248,-2.84627841152148
"imports_gdp","NER","Niger",2018,26.2431112441787,29.9308133358626,-3.68770209168392
"imports_gdp","NER","Niger",2019,26.3431895090269,30.0646866284945,-3.72149711946763
"imports_gdp","SEN","Senegal",1980,33.1912274280417,31.8961563247731,1.29507110326858
"imports_gdp","SEN","Senegal",1981,44.503320680229,33.9195205759509,10.5838001042781
"imports_gdp","SEN","Senegal",1982,37.4855213672661,32.777513520535,4.70800784673108
"imports_gdp","SEN","Senegal",1983,44.8343479190228,27.9612729953996,16.8730749236232
"imports_gdp","SEN","Senegal",1984,42.5406770598128,30.3499712939052,12.1907057659076
"imports_gdp","SEN","Senegal",1985,33.8993069624079,30.8851280441014,3.01417891830645
"imports_gdp","SEN","Senegal",1986,28.2637440715601,28.2777053631676,-0.0139612916075187
"imports_gdp","SEN","Senegal",1987,25.0646103723579,30.2240480222,-5.15943764984212
"imports_gdp","SEN","Senegal",1988,25.6067520167705,31.4130135834221,-5.80626156665157
"imports_gdp","SEN","Senegal",1989,26.5734864809826,32.8723779378104,-6.29889145682777
"imports_gdp","SEN","Senegal",1990,27.7331623148111,32.6143700378717,-4.88120772306059
"imports_gdp","SEN","Senegal",1991,26.6671702962509,29.55817655032,-2.89100625406905
"imports_gdp","SEN","Senegal",1992,26.4677904717558,28.7288343069532,-2.26104383519737
"imports_gdp","SEN","Senegal",1993,25.2202533532733,29.3514362970791,-4.13118294380583
"imports_gdp","SEN","Senegal",1994,33.5166955140876,29.2066183805832,4.31007713350444
"imports_gdp","SEN","Senegal",1995,32.0685440082688,29.562145640437,2.50639836783181
"imports_gdp","SEN","Senegal",1996,28.1882673232962,29.0455960266749,-0.857328703378698
"imports_gdp","SEN","Senegal",1997,28.908389789963,33.4120216895926,-4.50363189962959
"imports_gdp","SEN","Senegal",1998,29.5137089119744,33.6426581805423,-4.12894926856788
"imports_gdp","SEN","Senegal",1999,30.4810047531599,34.75679383891,-4.27578908575013
"imports_gdp","SEN","Senegal",2000,30.9159401250653,33.4486676976974,-2.53272757263212
"imports_gdp","SEN","Senegal",2001,32.0198979604711,34.529682502272,-2.50978454180091
"imports_gdp","SEN","Senegal",2002,33.5274194123132,32.2239702782166,1.30344913409657
"imports_gdp","SEN","Senegal",2003,32.6031932096043,32.9556650041646,-0.352471794560259
"imports_gdp","SEN","Senegal",2004,34.5575402517628,32.9325806804057,1.62495957135712
"imports_gdp","SEN","Senegal",2005,35.0966059982472,37.158704943353,-2.06209894510578
"imports_gdp","SEN","Senegal",2006,34.8841531648922,37.3668231331746,-2.48266996828243
"imports_gdp","SEN","Senegal",2007,38.7169161277572,37.340044192754,1.37687193500322
"imports_gdp","SEN","Senegal",2008,41.9154685560613,39.5373316607542,2.3781368953071
"imports_gdp","SEN","Senegal",2009,32.9134243244516,34.9713606647377,-2.05793634028615
"imports_gdp","SEN","Senegal",2010,32.4766163687996,36.7765300006924,-4.29991363189279
"imports_gdp","SEN","Senegal",2011,36.2733297133058,39.8795423133616,-3.60621260005579
"imports_gdp","SEN","Senegal",2012,39.5009295824637,40.6367863414681,-1.13585675900437
"imports_gdp","SEN","Senegal",2013,38.2770240497678,41.62255220893,-3.34552815916224
"imports_gdp","SEN","Senegal",2014,36.6642322347768,40.3972998369765,-3.73306760219967
"imports_gdp","SEN","Senegal",2015,35.4331431725293,38.7431784908547,-3.31003531832543
"imports_gdp","SEN","Senegal",2016,32.5473111109457,36.600877024416,-4.05356591347032
"imports_gdp","SEN","Senegal",2017,35.775196697845,37.2533161376226,-1.47811943977761
"imports_gdp","SEN","Senegal",2018,38.8407480009875,37.8648670178893,0.975880983098229
"imports_gdp","SEN","Senegal",2019,39.253116408714,38.2971507563145,0.955965652399485
"imports_gdp","TGO","Togo",1980,61.4093959731791,40.4386265966145,20.9707693765646
"imports_gdp","TGO","Togo",1981,55.7364341084484,47.1023108585071,8.63412324994133
"imports_gdp","TGO","Togo",1982,65.888023730259,48.4542839496921,17.4337397805669
"imports_gdp","TGO","Togo",1983,52.0134228186266,43.8478634913689,8.16555932725767
"imports_gdp","TGO","Togo",1984,51.9757807520523,43.3728831464724,8.60289760557991
"imports_gdp","TGO","Togo",1985,57.1386861313205,43.8529039989887,13.2857821323318
"imports_gdp","TGO","Togo",1986,55.6886227544979,43.1105650775311,12.5780576769668
"imports_gdp","TGO","Togo",1987,50.7725093233165,41.3564712093435,9.41603811397296
"imports_gdp","TGO","Togo",1988,50.958505217136,40.8906116383368,10.0678935787992
"imports_gdp","TGO","Togo",1989,49.1890639481256,40.5828125945848,8.60625135354078
"imports_gdp","TGO","Togo",1990,33.52332208914,38.8918952605233,-5.36857317138326
"imports_gdp","TGO","Togo",1991,34.1859342103835,38.2782115476686,-4.09227733728513
"imports_gdp","TGO","Togo",1992,28.681543928885,39.1362957083177,-10.4547517794327
"imports_gdp","TGO","Togo",1993,25.238078372817,36.4958485520784,-11.2577701792614
"imports_gdp","TGO","Togo",1994,31.7437390818577,37.1309067235817,-5.38716764172402
"imports_gdp","TGO","Togo",1995,32.8444453185064,37.6613241720378,-4.81687885353143
"imports_gdp","TGO","Togo",1996,34.4611045912819,37.3243817432132,-2.86327715193126
"imports_gdp","TGO","Togo",1997,30.7265559645049,43.1849436799969,-12.458387715492
"imports_gdp","TGO","Togo",1998,32.6664565453381,44.9734087416516,-12.3069521963135
"imports_gdp","TGO","Togo",1999,28.7690951153571,45.9869956314639,-17.2179005161068
"imports_gdp","TGO","Togo",2000,28.6513437076176,44.2350812429317,-15.5837375353141
"imports_gdp","TGO","Togo",2001,30.8846261720298,45.9570568360344,-15.0724306640046
"imports_gdp","TGO","Togo",2002,30.1714237872832,45.0242078310386,-14.8527840437554
"imports_gdp","TGO","Togo",2003,32.1603776857051,48.5821648808377,-16.4217871951326
"imports_gdp","TGO","Togo",2004,34.2967324862107,47.6532680565822,-13.3565355703715
"imports_gdp","TGO","Togo",2005,36.271641423858,47.1238353456931,-10.8521939218351
"imports_gdp","TGO","Togo",2006,36.565164015152,44.49383667569,-7.92867266053804
"imports_gdp","TGO","Togo",2007,37.1519938654568,40.538935548192,-3.38694168273525
"imports_gdp","TGO","Togo",2008,36.9811269015349,39.6289486164857,-2.64782171495082
"imports_gdp","TGO","Togo",2009,36.349025723283,41.9239252645798,-5.57489954129676
"imports_gdp","TGO","Togo",2010,39.0720400598684,40.3877103474091,-1.3156702875407
"imports_gdp","TGO","Togo",2011,46.2376683597378,38.2674506719561,7.9702176877817
"imports_gdp","TGO","Togo",2012,42.724024374095,39.2788471125137,3.44517726158132
"imports_gdp","TGO","Togo",2013,48.0366695470608,35.2705953982444,12.7660741488164
"imports_gdp","TGO","Togo",2014,41.7767536570887,34.1400871029413,7.63666655414742
"imports_gdp","TGO","Togo",2015,42.4175080098299,34.5686961250915,7.84881188473841
"imports_gdp","TGO","Togo",2016,39.7135422457229,34.0403065893019,5.67323565642104
"imports_gdp","TGO","Togo",2017,32.9067828987617,36.4215506578191,-3.51476775905745
"imports_gdp","TGO","Togo",2018,33.2436897995647,35.5308506590695,-2.28716085950484
"imports_gdp","TGO","Togo",2019,32.434472121927,35.6379412449241,-3.20346912299713
"imports_gdp","CMR","Cameroon",1980,27.1313908997948,21.5732895092234,5.55810139057136
"imports_gdp","CMR","Cameroon",1981,28.4141250724903,29.6502505823203,-1.23612550983003
"imports_gdp","CMR","Cameroon",1982,28.9110556581534,29.5166261350486,-0.605570476895174
"imports_gdp","CMR","Cameroon",1983,29.303587597565,22.9110579748457,6.39252962271932
"imports_gdp","CMR","Cameroon",1984,30.9934260527097,25.5736408143072,5.41978523840245
"imports_gdp","CMR","Cameroon",1985,31.5758173171931,25.0085277116237,6.56728960556945
"imports_gdp","CMR","Cameroon",1986,22.724436424061,21.1831713642442,1.54126505981675
"imports_gdp","CMR","Cameroon",1987,20.6260388367389,20.3745688690523,0.251469967686575
"imports_gdp","CMR","Cameroon",1988,15.9616339875162,18.6801480422409,-2.71851405472473
"imports_gdp","CMR","Cameroon",1989,17.7694471467337,20.3605398066204,-2.5910926598867
"imports_gdp","CMR","Cameroon",1990,17.3135310413305,19.8736547515648,-2.56012371023434
"imports_gdp","CMR","Cameroon",1991,14.6398988946043,17.6185666637419,-2.97866776913758
"imports_gdp","CMR","Cameroon",1992,18.3155699244814,17.8716542536338,0.443915670847598
"imports_gdp","CMR","Cameroon",1993,9.76812572198854,17.4590728867569,-7.69094716476836
"imports_gdp","CMR","Cameroon",1994,15.4801004920924,16.6318770110385,-1.15177651894615
"imports_gdp","CMR","Cameroon",1995,15.0637846971039,18.3067761890206,-3.24299149191669
"imports_gdp","CMR","Cameroon",1996,20.8531201292452,15.9233252028049,4.92979492644035
"imports_gdp","CMR","Cameroon",1997,21.8189799389794,22.420622769155,-0.601642830175564
"imports_gdp","CMR","Cameroon",1998,20.3154688307783,22.275721452165,-1.96025262138668
"imports_gdp","CMR","Cameroon",1999,17.8097792795526,23.8911238001661,-6.08134452061348
"imports_gdp","CMR","Cameroon",2000,23.0711315143103,24.5979892598042,-1.5268577454939
"imports_gdp","CMR","Cameroon",2001,26.3110519399942,25.3501453863728,0.960906553621388
"imports_gdp","CMR","Cameroon",2002,25.495564362059,23.9900203803526,1.50554398170637
"imports_gdp","CMR","Cameroon",2003,20.8062811308613,26.9773331688607,-6.17105203799938
"imports_gdp","CMR","Cameroon",2004,21.2901687220456,26.9825220954391,-5.69235337339354
"imports_gdp","CMR","Cameroon",2005,22.7522249497324,28.7407072515101,-5.98848230177771
"imports_gdp","CMR","Cameroon",2006,22.9253401219216,26.8851771559674,-3.95983703404583
"imports_gdp","CMR","Cameroon",2007,26.237049055803,28.664679297777,-2.42763024197398
"imports_gdp","CMR","Cameroon",2008,29.9160516866697,32.408335877543,-2.49228419087334
"imports_gdp","CMR","Cameroon",2009,22.5936920745664,27.9833693729743,-5.38967729840786
"imports_gdp","CMR","Cameroon",2010,24.8696950986131,29.2896305261244,-4.41993542751126
"imports_gdp","CMR","Cameroon",2011,27.2923009809871,31.7297699621695,-4.43746898118241
"imports_gdp","CMR","Cameroon",2012,26.1592888833437,32.6871592267746,-6.52787034343093
"imports_gdp","CMR","Cameroon",2013,26.0354276781842,30.9303992081901,-4.89497153000591
"imports_gdp","CMR","Cameroon",2014,27.2224137750793,30.0532413574523,-2.83082758237297
"imports_gdp","CMR","Cameroon",2015,24.5509971984078,27.863236808506,-3.31223961009821
"imports_gdp","CMR","Cameroon",2016,21.6886527708619,28.7451579382953,-7.05650516743342
"imports_gdp","CMR","Cameroon",2017,20.8479230222608,29.4116622048506,-8.56373918258979
"imports_gdp","CMR","Cameroon",2018,21.8513494080099,30.4762411033281,-8.6248916953182
"imports_gdp","CMR","Cameroon",2019,23.528422500723,30.2551463263459,-6.72672382562286
"imports_gdp","CAF","Central African Republic",1980,41.0807828634967,29.432643021054,11.6481398424427
"imports_gdp","CAF","Central African Republic",1981,34.059743898938,30.9872861227838,3.07245777615419
"imports_gdp","CAF","Central African Republic",1982,34.2245066020111,30.3501238964453,3.87438270556579
"imports_gdp","CAF","Central African Republic",1983,36.6162611098767,26.9586646855029,9.65759642437378
"imports_gdp","CAF","Central African Republic",1984,35.5016773850403,29.3764159400583,6.12526144498205
"imports_gdp","CAF","Central African Republic",1985,31.6359752409631,29.2666899322873,2.36928530867578
"imports_gdp","CAF","Central African Republic",1986,28.6226318484383,26.1163487877583,2.50628306067997
"imports_gdp","CAF","Central African Republic",1987,28.5502933989394,26.8223118779692,1.72798152097018
"imports_gdp","CAF","Central African Republic",1988,25.0538821705756,27.1046133002336,-2.050731129658
"imports_gdp","CAF","Central African Republic",1989,26.4631612106678,28.7887672502876,-2.32560603961978
"imports_gdp","CAF","Central African Republic",1990,25.8755146524582,29.610510113548,-3.73499546108979
"imports_gdp","CAF","Central African Republic",1991,26.1226506625627,27.0634969576067,-0.940846295044022
"imports_gdp","CAF","Central African Republic",1992,26.3633760833559,26.8301353847855,-0.466759301429605
"imports_gdp","CAF","Central African Republic",1993,22.8890674752764,27.492566422441,-4.60349894716464
"imports_gdp","CAF","Central African Republic",1994,25.0186213434453,27.0137638412484,-1.99514249780305
"imports_gdp","CAF","Central African Republic",1995,28.2549461602709,28.82705672715,-0.572110566879083
"imports_gdp","CAF","Central African Republic",1996,25.6140187532248,27.2383541573504,-1.6243354041256
"imports_gdp","CAF","Central African Republic",1997,28.9342280996326,29.3524777457006,-0.41824964606797
"imports_gdp","CAF","Central African Republic",1998,28.3926453039603,28.6297419322416,-0.237096628281282
"imports_gdp","CAF","Central African Republic",1999,23.9886936193025,29.634902385621,-5.64620876631852
"imports_gdp","CAF","Central African Republic",2000,25.2875684031294,30.1078585812641,-4.82029017813472
"imports_gdp","CAF","Central African Republic",2001,22.5732458997066,30.6177659720444,-8.04452007233776
"imports_gdp","CAF","Central African Republic",2002,20.1458598429982,29.0866463580487,-8.94078651505052
"imports_gdp","CAF","Central African Republic",2003,17.9952221645791,28.7441527343708,-10.7489305697917
"imports_gdp","CAF","Central African Republic",2004,19.2460374099972,29.53335727842,-10.2873198684228
"imports_gdp","CAF","Central African Republic",2005,21.7081835399254,33.9113065635704,-12.203123023645
"imports_gdp","CAF","Central African Republic",2006,22.0798650802068,35.2813383254189,-13.2014732452121
"imports_gdp","CAF","Central African Republic",2007,23.4655715983662,37.1049993161294,-13.6394277177632
"imports_gdp","CAF","Central African Republic",2008,23.4338571075068,40.3048095567727,-16.8709524492659
"imports_gdp","CAF","Central African Republic",2009,21.6525965878002,34.7412088457368,-13.0886122579366
"imports_gdp","CAF","Central African Republic",2010,22.8046808823724,36.3538716166514,-13.549190734279
"imports_gdp","CAF","Central African Republic",2011,21.3477982341309,41.0400713388506,-19.6922731047197
"imports_gdp","CAF","Central African Republic",2012,21.5093155924689,41.9000078696794,-20.3906922772105
"imports_gdp","CAF","Central African Republic",2013,23.4263327799409,41.4656950848608,-18.0393623049199
"imports_gdp","CAF","Central African Republic",2014,36.4193044299887,39.9239662206441,-3.50466179065538
"imports_gdp","CAF","Central African Republic",2015,36.0774871532986,37.4786482785584,-1.40116112525985
"imports_gdp","CAF","Central African Republic",2016,35.7087643640963,35.4734342773348,0.235330086761515
"imports_gdp","CAF","Central African Republic",2017,39.8837719516938,36.1175476775678,3.76622427412604
"imports_gdp","CAF","Central African Republic",2018,33.7201700016618,37.6556414672833,-3.93547146562153
"imports_gdp","CAF","Central African Republic",2019,34.3104199996784,37.0302328846922,-2.71981288501383
"imports_gdp","TCD","Chad",1980,28.8656767448269,25.3625773730672,3.50309937175966
"imports_gdp","TCD","Chad",1981,22.6613186665228,25.8470867463761,-3.18576807985328
"imports_gdp","TCD","Chad",1982,13.4948261267006,26.0638850785236,-12.569058951823
"imports_gdp","TCD","Chad",1983,23.5415292428912,25.9384677211972,-2.39693847830602
"imports_gdp","TCD","Chad",1984,24.0530315244916,25.7397473214602,-1.68671579696856
"imports_gdp","TCD","Chad",1985,31.3270302872943,26.337541211596,4.98948907569828
"imports_gdp","TCD","Chad",1986,35.3757947107733,25.7704107810241,9.60538392974923
"imports_gdp","TCD","Chad",1987,36.4324781231966,27.0164529066471,9.41602521654952
"imports_gdp","TCD","Chad",1988,30.1042396044278,30.6843089495685,-0.580069345140711
"imports_gdp","TCD","Chad",1989,31.4086673592213,30.7856706532905,0.622996705930834
"imports_gdp","TCD","Chad",1990,27.9068151919115,29.3286059079861,-1.42179071607455
"imports_gdp","TCD","Chad",1991,24.3979082594605,29.3437111865223,-4.94580292706176
"imports_gdp","TCD","Chad",1992,24.8138136398185,29.7382524129668,-4.92443877314831
"imports_gdp","TCD","Chad",1993,29.3238872199697,30.8216044182384,-1.49771719826875
"imports_gdp","TCD","Chad",1994,34.8827493557535,32.5197597051279,2.36298965062557
"imports_gdp","TCD","Chad",1995,33.7675390253098,32.5540577621111,1.21348126319874
"imports_gdp","TCD","Chad",1996,29.0665239467346,33.1512326656571,-4.08470871892253
"imports_gdp","TCD","Chad",1997,30.7692650574492,33.1061612283095,-2.33689617086025
"imports_gdp","TCD","Chad",1998,29.5673568329616,34.467555610566,-4.90019877760436
"imports_gdp","TCD","Chad",1999,32.1897469932452,33.817260152646,-1.62751315940076
"imports_gdp","TCD","Chad",2000,34.6810755816349,32.666423271614,2.01465231002086
"imports_gdp","TCD","Chad",2001,49.6561204958082,32.9021070704261,16.7540134253821
"imports_gdp","TCD","Chad",2002,113.660867253469,32.6676468836576,80.9932203698114
"imports_gdp","TCD","Chad",2003,58.7459480529834,32.3302024374093,26.4157456155741
"imports_gdp","TCD","Chad",2004,50.7597328648482,33.0723618582856,17.6873710065626
"imports_gdp","TCD","Chad",2005,32.9851446424786,34.0628152703773,-1.0776706278987
"imports_gdp","TCD","Chad",2006,32.3057543891226,34.5274320550568,-2.22167766593422
"imports_gdp","TCD","Chad",2007,31.6372017327033,34.2701204693496,-2.63291873664627
"imports_gdp","TCD","Chad",2008,28.9963877143861,34.6486868837522,-5.65229916936609
"imports_gdp","TCD","Chad",2009,31.9825995508377,34.909537790042,-2.92693823920431
"imports_gdp","TCD","Chad",2010,29.2928157140982,34.2540769150188,-4.96126120092064
"imports_gdp","TCD","Chad",2011,24.8810892794746,34.6298188033528,-9.74872952387817
"imports_gdp","TCD","Chad",2012,20.9871881978671,37.4654608988925,-16.4782727010254
"imports_gdp","TCD","Chad",2013,21.3793122592074,35.1834703585174,-13.80415809931
"imports_gdp","TCD","Chad",2014,17.6725910245326,33.8833605404537,-16.2107695159211
"imports_gdp","TCD","Chad",2015,20.6030181442288,31.9703462426383,-11.3673280984095
"imports_gdp","TCD","Chad",2016,21.35002857974,29.4864179176181,-8.13638933787811
"imports_gdp","TCD","Chad",2017,20.1044456150142,30.6959590349485,-10.5915134199343
"imports_gdp","TCD","Chad",2018,20.8936505206894,30.5381941020052,-9.64454358131581
"imports_gdp","TCD","Chad",2019,21.7092677493188,30.0028204934247,-8.29355274410593
"imports_gdp","COG","Republic of Congo",1980,60.1276359600444,51.5198671005307,8.60776885951372
"imports_gdp","COG","Republic of Congo",1981,76.0937788443788,63.1229377783505,12.9708410660283
"imports_gdp","COG","Republic of Congo",1982,68.5070422535211,63.6318877088398,4.87515454468134
"imports_gdp","COG","Republic of Congo",1983,51.7642642642643,51.5787611865846,0.185503077679726
"imports_gdp","COG","Republic of Congo",1984,45.623369848722,49.1452121240012,-3.52184227527925
"imports_gdp","COG","Republic of Congo",1985,56.0053564070869,47.0516529868909,8.95370342019605
"imports_gdp","COG","Republic of Congo",1986,53.6685339527258,45.3816897512827,8.28684420144307
"imports_gdp","COG","Republic of Congo",1987,38.6208863493996,45.0596431994693,-6.43875685006969
"imports_gdp","COG","Republic of Congo",1988,40.4248861911988,42.6515414605861,-2.22665526938727
"imports_gdp","COG","Republic of Congo",1989,34.8288073030246,43.3628878645289,-8.53408056150433
"imports_gdp","COG","Republic of Congo",1990,19.0419947506562,39.952640182699,-20.9106454320428
"imports_gdp","COG","Republic of Congo",1991,28.0499544685833,37.4613402206597,-9.41138575207635
"imports_gdp","COG","Republic of Congo",1992,16.4486089644513,38.3805326663348,-21.9319237018835
"imports_gdp","COG","Republic of Congo",1993,31.3398237074069,43.2617265681978,-11.9219028607909
"imports_gdp","COG","Republic of Congo",1994,74.2192271672299,49.6540016652116,24.5652255020183
"imports_gdp","COG","Republic of Congo",1995,63.6079341033895,50.4449952139206,13.1629388894689
"imports_gdp","COG","Republic of Congo",1996,59.9494498730476,46.7372119452144,13.2122379278332
"imports_gdp","COG","Republic of Congo",1997,60.161540163753,59.2405623388124,0.920977824940607
"imports_gdp","COG","Republic of Congo",1998,72.6240326928093,64.8244107926956,7.79962190011368
"imports_gdp","COG","Republic of Congo",1999,59.1041192299731,60.8763041651558,-1.77218493518266
"imports_gdp","COG","Republic of Congo",2000,43.6127371864776,54.7948946460279,-11.1821574595503
"imports_gdp","COG","Republic of Congo",2001,53.3124542303374,55.9140478081415,-2.60159357780412
"imports_gdp","COG","Republic of Congo",2002,53.9396455888641,49.4062529578528,4.53339263101125
"imports_gdp","COG","Republic of Congo",2003,76.0494117383601,57.3268289855798,18.7225827527804
"imports_gdp","COG","Republic of Congo",2004,50.8384058840296,54.668721736634,-3.83031585260444
"imports_gdp","COG","Republic of Congo",2005,44.5478085109842,50.4439428009193,-5.89613428993511
"imports_gdp","COG","Republic of Congo",2006,48.1366335173347,41.9394689099759,6.19716460735881
"imports_gdp","COG","Republic of Congo",2007,80.101234674803,41.0301558652688,39.0710788095342
"imports_gdp","COG","Republic of Congo",2008,59.7055681307939,49.0896403438241,10.6159277869698
"imports_gdp","COG","Republic of Congo",2009,71.0724535755305,57.8162649297667,13.2561886457638
"imports_gdp","COG","Republic of Congo",2010,55.5366628695135,53.6770918621356,1.85957100737786
"imports_gdp","COG","Republic of Congo",2011,50.9800099707519,51.8408771619873,-0.860867191235414
"imports_gdp","COG","Republic of Congo",2012,39.3624073254876,55.7263513776807,-16.3639440521931
"imports_gdp","COG","Republic of Congo",2013,40.0685228074953,53.3832171125929,-13.3146943050976
"imports_gdp","COG","Republic of Congo",2014,51.0639817323687,50.0654686587865,0.998513073582217
"imports_gdp","COG","Republic of Congo",2015,76.4636727651309,52.2318867952504,24.2317859698805
"imports_gdp","COG","Republic of Congo",2016,80.1912922339397,44.2447612097831,35.9465310241566
"imports_gdp","COG","Republic of Congo",2017,46.6543635995027,40.7010648904711,5.95329870903161
"imports_gdp","COG","Republic of Congo",2018,38.372624484659,38.6584051121278,-0.285780627468831
"imports_gdp","COG","Republic of Congo",2019,35.3769404227539,40.8870073775731,-5.5100669548192
"imports_gdp","GAB","Gabon",1980,31.6301703163017,34.9324628638775,-3.3022925475758
"imports_gdp","GAB","Gabon",1981,40.6955693187232,42.2033495545532,-1.50778023582996
"imports_gdp","GAB","Gabon",1982,39.666919000757,41.9286044780574,-2.2616854773004
"imports_gdp","GAB","Gabon",1983,43.542521086435,39.9731373122107,3.5693837742243
"imports_gdp","GAB","Gabon",1984,40.2004883691042,40.4714667257562,-0.270978356651987
"imports_gdp","GAB","Gabon",1985,57.2809063645451,43.2277857186342,14.0531206459109
"imports_gdp","GAB","Gabon",1986,54.7043352846356,42.7869603500136,11.917374934622
"imports_gdp","GAB","Gabon",1987,45.2195072263918,35.4130567008551,9.80645052553666
"imports_gdp","GAB","Gabon",1988,41.7914367793285,40.3084907814345,1.48294599789399
"imports_gdp","GAB","Gabon",1989,41.1980531636091,35.4208053250697,5.77724783853945
"imports_gdp","GAB","Gabon",1990,30.8589411329137,32.740381223084,-1.88144009017032
"imports_gdp","GAB","Gabon",1991,33.2714792537205,36.4844868629894,-3.21300760926889
"imports_gdp","GAB","Gabon",1992,33.7932892329726,43.9072804950832,-10.1139912621106
"imports_gdp","GAB","Gabon",1993,34.5484230291866,38.05071340868,-3.50229037949338
"imports_gdp","GAB","Gabon",1994,38.2510468214595,35.6633595777661,2.58768724369344
"imports_gdp","GAB","Gabon",1995,35.7476971557854,37.6516663553086,-1.90396919952319
"imports_gdp","GAB","Gabon",1996,33.0076558637737,38.4142777197243,-5.4066218559506
"imports_gdp","GAB","Gabon",1997,37.2322537068605,39.3861037931988,-2.15385008633831
"imports_gdp","GAB","Gabon",1998,48.5684310018904,40.5926719814649,7.97575902042553
"imports_gdp","GAB","Gabon",1999,38.1189481017067,41.808496842982,-3.68954874127531
"imports_gdp","GAB","Gabon",2000,32.6697522310293,38.966116494779,-6.29636426374968
"imports_gdp","GAB","Gabon",2001,29.3633807625275,38.8121287668966,-9.4487480043691
"imports_gdp","GAB","Gabon",2002,32.1501818428416,39.4190919312548,-7.26891008841316
"imports_gdp","GAB","Gabon",2003,28.3731737105414,40.1252836477643,-11.7521099372229
"imports_gdp","GAB","Gabon",2004,26.728381864986,45.4843912258673,-18.7560093608813
"imports_gdp","GAB","Gabon",2005,23.9409270825355,46.948081931141,-23.0071548486055
"imports_gdp","GAB","Gabon",2006,28.077592735444,44.6653722758039,-16.5877795403599
"imports_gdp","GAB","Gabon",2007,26.6038745775238,44.0939965554722,-17.4901219779484
"imports_gdp","GAB","Gabon",2008,26.7991605832374,45.1156771598975,-18.3165165766601
"imports_gdp","GAB","Gabon",2009,31.3328452395852,45.9477498310009,-14.6149045914157
"imports_gdp","GAB","Gabon",2010,31.4941703485316,48.848354908378,-17.3541845598464
"imports_gdp","GAB","Gabon",2011,28.7540052056817,48.7679792241895,-20.0139740185078
"imports_gdp","GAB","Gabon",2012,31.3924675039244,46.5967501511238,-15.2042826471994
"imports_gdp","GAB","Gabon",2013,33.2776302665374,44.4847461894612,-11.2071159229238
"imports_gdp","GAB","Gabon",2014,28.9994366216762,41.6821334278411,-12.6826968061649
"imports_gdp","GAB","Gabon",2015,27.9177729544577,42.8040664179872,-14.8862934635295
"imports_gdp","GAB","Gabon",2016,26.0980337724197,39.5618986634752,-13.4638648910555
"imports_gdp","GAB","Gabon",2017,24.8419864730712,40.1874638455899,-15.3454773725187
"imports_gdp","GAB","Gabon",2018,22.7375212062962,41.1039177112001,-18.3663965049039
"imports_gdp","GAB","Gabon",2019,21.9970162214648,38.1466518136276,-16.1496355921628
"imports_gdp","GNQ","Equatorial Guinea",1980,43.6070886820041,43.1588548028644,0.448233879139721
"imports_gdp","GNQ","Equatorial Guinea",1981,43.6070886820041,43.6359275000124,-0.0288388180082961
"imports_gdp","GNQ","Equatorial Guinea",1982,43.6070886820041,43.6293805642301,-0.0222918822260212
"imports_gdp","GNQ","Equatorial Guinea",1983,43.6070886820041,43.5964673858811,0.0106212961230128
"imports_gdp","GNQ","Equatorial Guinea",1984,43.6070886820041,43.5854503886838,0.0216382933202652
"imports_gdp","GNQ","Equatorial Guinea",1985,43.6070886820041,43.5642485561585,0.0428401258456148
"imports_gdp","GNQ","Equatorial Guinea",1986,43.6070886820041,43.5580754643476,0.0490132176565155
"imports_gdp","GNQ","Equatorial Guinea",1987,43.6070886820041,43.5638945786715,0.0431941033326311
"imports_gdp","GNQ","Equatorial Guinea",1988,43.6070886820041,43.5495283107125,0.0575603712915935
"imports_gdp","GNQ","Equatorial Guinea",1989,43.6070886820041,43.5588189491569,0.0482697328471673
"imports_gdp","GNQ","Equatorial Guinea",1990,43.6070886820041,43.5689899240865,0.0380987579175667
"imports_gdp","GNQ","Equatorial Guinea",1991,43.6070886820041,43.5604214453723,0.0466672366318264
"imports_gdp","GNQ","Equatorial Guinea",1992,43.6070886820041,43.5496215599766,0.0574671220274539
"imports_gdp","GNQ","Equatorial Guinea",1993,43.6070886820041,43.5413406458113,0.0657480361927796
"imports_gdp","GNQ","Equatorial Guinea",1994,43.6070886820041,43.5427533028584,0.0643353791456818
"imports_gdp","GNQ","Equatorial Guinea",1995,43.6070886820041,43.5543672634564,0.0527214185476765
"imports_gdp","GNQ","Equatorial Guinea",1996,43.6070886820041,43.5363002944846,0.0707883875194639
"imports_gdp","GNQ","Equatorial Guinea",1997,43.6070886820041,43.5736809427337,0.0334077392704017
"imports_gdp","GNQ","Equatorial Guinea",1998,43.6070886820041,43.5904083271964,0.0166803548077468
"imports_gdp","GNQ","Equatorial Guinea",1999,43.6070886820041,43.5653733667798,0.0417153152242662
"imports_gdp","GNQ","Equatorial Guinea",2000,43.6070886820041,43.5520652069307,0.0550234750733694
"imports_gdp","GNQ","Equatorial Guinea",2001,43.6070886820041,43.5522020052278,0.0548866767763343
"imports_gdp","GNQ","Equatorial Guinea",2002,43.6070886820041,43.5513955780141,0.0556931039899808
"imports_gdp","GNQ","Equatorial Guinea",2003,43.6070886820041,43.5467295694911,0.0603591125130265
"imports_gdp","GNQ","Equatorial Guinea",2004,43.6070886820041,43.5539603643758,0.0531283176283068
"imports_gdp","GNQ","Equatorial Guinea",2005,43.6070886820041,43.5485102997617,0.0585783822424162
"imports_gdp","GNQ","Equatorial Guinea",2006,36.2071319224003,43.5475673621945,-7.34043543979418
"imports_gdp","GNQ","Equatorial Guinea",2007,45.462495885091,43.2255689540761,2.23692693101486
"imports_gdp","GNQ","Equatorial Guinea",2008,39.4636564211627,43.0235512803054,-3.55989485914273
"imports_gdp","GNQ","Equatorial Guinea",2009,47.8698671729483,43.409580629612,4.46028654333634
"imports_gdp","GNQ","Equatorial Guinea",2010,58.9097918026514,43.0010832531482,15.9087085495032
"imports_gdp","GNQ","Equatorial Guinea",2011,39.2820339785109,42.6234310925633,-3.34139711405237
"imports_gdp","GNQ","Equatorial Guinea",2012,44.7704306482886,43.0676770802724,1.70275356801618
"imports_gdp","GNQ","Equatorial Guinea",2013,39.239968263518,42.1908783999355,-2.9509101364175
"imports_gdp","GNQ","Equatorial Guinea",2014,38.4159100730149,44.0980842110055,-5.68217413799056
"imports_gdp","GNQ","Equatorial Guinea",2015,42.2195853462674,41.6333482644607,0.58623708180675
"imports_gdp","GNQ","Equatorial Guinea",2016,41.1879007790367,42.3778946386651,-1.18999385962835
"imports_gdp","GNQ","Equatorial Guinea",2017,43.5651530381,42.6212096102725,0.943943427827541
"imports_gdp","GNQ","Equatorial Guinea",2018,44.0311468985135,43.0864293885374,0.944717509976101
"imports_gdp","GNQ","Equatorial Guinea",2019,43.7480428771542,40.8251513405757,2.92289153657853
