"outcome","treated_iso3c","treated_country","placebo_iso3c","placebo_country","pre_rmspe","post_rmspe","rmspe_ratio","avg_post_gap","avg_abs_post_gap","unit_type"
"XEU","BEN","Benin","BGD","Bangladesh",4.37894540590737,9.57577228679701,2.18677590131152,9.11909509009663,9.11909509009663,"Placebo donor"
"XEU","BEN","Benin","BOL","Bolivia",4.01866614856337,4.22864986582863,1.05225209298372,-3.80507059163529,3.80507059163529,"Placebo donor"
"XEU","BEN","Benin","BRB","Barbados",2.95323761416617,2.34140149991901,0.79282530084532,1.1959689663862,2.06744405035102,"Placebo donor"
"XEU","BEN","Benin","CPV","Cabo Verde",23.669096262065,33.1241013153712,1.39946624698383,-9.65917102100933,29.1277847979585,"Placebo donor"
"XEU","BEN","Benin","DMA","Dominica",1.82682032177304,7.06108712410957,3.86523350980481,5.99014504090808,6.12359983008839,"Placebo donor"
"XEU","BEN","Benin","ECU","Ecuador",1.99910245633343,3.8328434382418,1.91728214134239,-3.09274584810346,3.30740699410451,"Placebo donor"
"XEU","BEN","Benin","GRD","Grenada",10.0100641345619,16.3997331607086,1.63832448426429,-15.2835155341277,15.2835155341277,"Placebo donor"
"XEU","BEN","Benin","LAO","Lao PDR",6.92626878472988,8.30187227821995,1.1986067154256,-8.08451145985879,8.08451145985879,"Placebo donor"
"XEU","BEN","Benin","LCA","St. Lucia",2.47909731786329,3.67271174438746,1.48147138796186,-3.04698249038311,3.3209343630157,"Placebo donor"
"XEU","BEN","Benin","MAR","Morocco",12.7582768782638,22.7693778502228,1.78467500489935,18.2375433763292,19.6600802022913,"Placebo donor"
"XEU","BEN","Benin","MUS","Mauritius",3.52499463676335,6.16960313336273,1.75024468662104,-2.43532927186029,5.12492952938791,"Placebo donor"
"XEU","BFA","Burkina Faso","BGD","Bangladesh",4.37894540590737,9.57577228679701,2.18677590131152,9.11909509009663,9.11909509009663,"Placebo donor"
"XEU","BFA","Burkina Faso","BOL","Bolivia",4.01866614856337,4.22864986582863,1.05225209298372,-3.80507059163529,3.80507059163529,"Placebo donor"
"XEU","BFA","Burkina Faso","BRB","Barbados",2.95323761416617,2.34140149991901,0.79282530084532,1.1959689663862,2.06744405035102,"Placebo donor"
"XEU","BFA","Burkina Faso","CPV","Cabo Verde",23.669096262065,33.1241013153712,1.39946624698383,-9.65917102100933,29.1277847979585,"Placebo donor"
"XEU","BFA","Burkina Faso","DMA","Dominica",1.82682032177304,7.06108712410957,3.86523350980481,5.99014504090808,6.12359983008839,"Placebo donor"
"XEU","BFA","Burkina Faso","ECU","Ecuador",1.99910245633343,3.8328434382418,1.91728214134239,-3.09274584810346,3.30740699410451,"Placebo donor"
"XEU","BFA","Burkina Faso","GRD","Grenada",10.0100641345619,16.3997331607086,1.63832448426429,-15.2835155341277,15.2835155341277,"Placebo donor"
"XEU","BFA","Burkina Faso","LAO","Lao PDR",6.92626878472988,8.30187227821995,1.1986067154256,-8.08451145985879,8.08451145985879,"Placebo donor"
"XEU","BFA","Burkina Faso","LCA","St. Lucia",2.47909731786329,3.67271174438746,1.48147138796186,-3.04698249038311,3.3209343630157,"Placebo donor"
"XEU","BFA","Burkina Faso","MAR","Morocco",12.7582768782638,22.7693778502228,1.78467500489935,18.2375433763292,19.6600802022913,"Placebo donor"
"XEU","BFA","Burkina Faso","MUS","Mauritius",3.52499463676335,6.16960313336273,1.75024468662104,-2.43532927186029,5.12492952938791,"Placebo donor"
"XEU","CAF","Central African Republic","BGD","Bangladesh",4.37894540590737,9.57577228679701,2.18677590131152,9.11909509009663,9.11909509009663,"Placebo donor"
"XEU","CAF","Central African Republic","BOL","Bolivia",4.01866614856337,4.22864986582863,1.05225209298372,-3.80507059163529,3.80507059163529,"Placebo donor"
"XEU","CAF","Central African Republic","BRB","Barbados",2.95323761416617,2.34140149991901,0.79282530084532,1.1959689663862,2.06744405035102,"Placebo donor"
"XEU","CAF","Central African Republic","CPV","Cabo Verde",23.669096262065,33.1241013153712,1.39946624698383,-9.65917102100933,29.1277847979585,"Placebo donor"
"XEU","CAF","Central African Republic","DMA","Dominica",1.82682032177304,7.06108712410957,3.86523350980481,5.99014504090808,6.12359983008839,"Placebo donor"
"XEU","CAF","Central African Republic","ECU","Ecuador",1.99910245633343,3.8328434382418,1.91728214134239,-3.09274584810346,3.30740699410451,"Placebo donor"
"XEU","CAF","Central African Republic","GRD","Grenada",10.0100641345619,16.3997331607086,1.63832448426429,-15.2835155341277,15.2835155341277,"Placebo donor"
"XEU","CAF","Central African Republic","LAO","Lao PDR",6.92626878472988,8.30187227821995,1.1986067154256,-8.08451145985879,8.08451145985879,"Placebo donor"
"XEU","CAF","Central African Republic","LCA","St. Lucia",2.47909731786329,3.67271174438746,1.48147138796186,-3.04698249038311,3.3209343630157,"Placebo donor"
"XEU","CAF","Central African Republic","MAR","Morocco",12.7582768782638,22.7693778502228,1.78467500489935,18.2375433763292,19.6600802022913,"Placebo donor"
"XEU","CAF","Central African Republic","MUS","Mauritius",3.52499463676335,6.16960313336273,1.75024468662104,-2.43532927186029,5.12492952938791,"Placebo donor"
"XEU","CIV","Côte d'Ivoire","BGD","Bangladesh",4.37894540590737,9.57577228679701,2.18677590131152,9.11909509009663,9.11909509009663,"Placebo donor"
"XEU","CIV","Côte d'Ivoire","BOL","Bolivia",4.01866614856337,4.22864986582863,1.05225209298372,-3.80507059163529,3.80507059163529,"Placebo donor"
"XEU","CIV","Côte d'Ivoire","BRB","Barbados",2.95323761416617,2.34140149991901,0.79282530084532,1.1959689663862,2.06744405035102,"Placebo donor"
"XEU","CIV","Côte d'Ivoire","CPV","Cabo Verde",23.669096262065,33.1241013153712,1.39946624698383,-9.65917102100933,29.1277847979585,"Placebo donor"
"XEU","CIV","Côte d'Ivoire","DMA","Dominica",1.82682032177304,7.06108712410957,3.86523350980481,5.99014504090808,6.12359983008839,"Placebo donor"
"XEU","CIV","Côte d'Ivoire","ECU","Ecuador",1.99910245633343,3.8328434382418,1.91728214134239,-3.09274584810346,3.30740699410451,"Placebo donor"
"XEU","CIV","Côte d'Ivoire","GRD","Grenada",10.0100641345619,16.3997331607086,1.63832448426429,-15.2835155341277,15.2835155341277,"Placebo donor"
"XEU","CIV","Côte d'Ivoire","LAO","Lao PDR",6.92626878472988,8.30187227821995,1.1986067154256,-8.08451145985879,8.08451145985879,"Placebo donor"
"XEU","CIV","Côte d'Ivoire","LCA","St. Lucia",2.47909731786329,3.67271174438746,1.48147138796186,-3.04698249038311,3.3209343630157,"Placebo donor"
"XEU","CIV","Côte d'Ivoire","MAR","Morocco",12.7582768782638,22.7693778502228,1.78467500489935,18.2375433763292,19.6600802022913,"Placebo donor"
"XEU","CIV","Côte d'Ivoire","MUS","Mauritius",3.52499463676335,6.16960313336273,1.75024468662104,-2.43532927186029,5.12492952938791,"Placebo donor"
"XEU","CMR","Cameroon","BGD","Bangladesh",4.37894540590737,9.57577228679701,2.18677590131152,9.11909509009663,9.11909509009663,"Placebo donor"
"XEU","CMR","Cameroon","BOL","Bolivia",4.01866614856337,4.22864986582863,1.05225209298372,-3.80507059163529,3.80507059163529,"Placebo donor"
"XEU","CMR","Cameroon","BRB","Barbados",2.95323761416617,2.34140149991901,0.79282530084532,1.1959689663862,2.06744405035102,"Placebo donor"
"XEU","CMR","Cameroon","CPV","Cabo Verde",23.669096262065,33.1241013153712,1.39946624698383,-9.65917102100933,29.1277847979585,"Placebo donor"
"XEU","CMR","Cameroon","DMA","Dominica",1.82682032177304,7.06108712410957,3.86523350980481,5.99014504090808,6.12359983008839,"Placebo donor"
"XEU","CMR","Cameroon","ECU","Ecuador",1.99910245633343,3.8328434382418,1.91728214134239,-3.09274584810346,3.30740699410451,"Placebo donor"
"XEU","CMR","Cameroon","GRD","Grenada",10.0100641345619,16.3997331607086,1.63832448426429,-15.2835155341277,15.2835155341277,"Placebo donor"
"XEU","CMR","Cameroon","LAO","Lao PDR",6.92626878472988,8.30187227821995,1.1986067154256,-8.08451145985879,8.08451145985879,"Placebo donor"
"XEU","CMR","Cameroon","LCA","St. Lucia",2.47909731786329,3.67271174438746,1.48147138796186,-3.04698249038311,3.3209343630157,"Placebo donor"
"XEU","CMR","Cameroon","MAR","Morocco",12.7582768782638,22.7693778502228,1.78467500489935,18.2375433763292,19.6600802022913,"Placebo donor"
"XEU","CMR","Cameroon","MUS","Mauritius",3.52499463676335,6.16960313336273,1.75024468662104,-2.43532927186029,5.12492952938791,"Placebo donor"
"XEU","COG","Republic of Congo","BGD","Bangladesh",4.37894540590737,9.57577228679701,2.18677590131152,9.11909509009663,9.11909509009663,"Placebo donor"
"XEU","COG","Republic of Congo","BOL","Bolivia",4.01866614856337,4.22864986582863,1.05225209298372,-3.80507059163529,3.80507059163529,"Placebo donor"
"XEU","COG","Republic of Congo","BRB","Barbados",2.95323761416617,2.34140149991901,0.79282530084532,1.1959689663862,2.06744405035102,"Placebo donor"
"XEU","COG","Republic of Congo","CPV","Cabo Verde",23.669096262065,33.1241013153712,1.39946624698383,-9.65917102100933,29.1277847979585,"Placebo donor"
"XEU","COG","Republic of Congo","DMA","Dominica",1.82682032177304,7.06108712410957,3.86523350980481,5.99014504090808,6.12359983008839,"Placebo donor"
"XEU","COG","Republic of Congo","ECU","Ecuador",1.99910245633343,3.8328434382418,1.91728214134239,-3.09274584810346,3.30740699410451,"Placebo donor"
"XEU","COG","Republic of Congo","GRD","Grenada",10.0100641345619,16.3997331607086,1.63832448426429,-15.2835155341277,15.2835155341277,"Placebo donor"
"XEU","COG","Republic of Congo","LAO","Lao PDR",6.92626878472988,8.30187227821995,1.1986067154256,-8.08451145985879,8.08451145985879,"Placebo donor"
"XEU","COG","Republic of Congo","LCA","St. Lucia",2.47909731786329,3.67271174438746,1.48147138796186,-3.04698249038311,3.3209343630157,"Placebo donor"
"XEU","COG","Republic of Congo","MAR","Morocco",12.7582768782638,22.7693778502228,1.78467500489935,18.2375433763292,19.6600802022913,"Placebo donor"
"XEU","COG","Republic of Congo","MUS","Mauritius",3.52499463676335,6.16960313336273,1.75024468662104,-2.43532927186029,5.12492952938791,"Placebo donor"
"XEU","GAB","Gabon","BGD","Bangladesh",4.37894540590737,9.57577228679701,2.18677590131152,9.11909509009663,9.11909509009663,"Placebo donor"
"XEU","GAB","Gabon","BOL","Bolivia",4.01866614856337,4.22864986582863,1.05225209298372,-3.80507059163529,3.80507059163529,"Placebo donor"
"XEU","GAB","Gabon","BRB","Barbados",2.95323761416617,2.34140149991901,0.79282530084532,1.1959689663862,2.06744405035102,"Placebo donor"
"XEU","GAB","Gabon","CPV","Cabo Verde",23.669096262065,33.1241013153712,1.39946624698383,-9.65917102100933,29.1277847979585,"Placebo donor"
"XEU","GAB","Gabon","DMA","Dominica",1.82682032177304,7.06108712410957,3.86523350980481,5.99014504090808,6.12359983008839,"Placebo donor"
"XEU","GAB","Gabon","ECU","Ecuador",1.99910245633343,3.8328434382418,1.91728214134239,-3.09274584810346,3.30740699410451,"Placebo donor"
"XEU","GAB","Gabon","GRD","Grenada",10.0100641345619,16.3997331607086,1.63832448426429,-15.2835155341277,15.2835155341277,"Placebo donor"
"XEU","GAB","Gabon","LAO","Lao PDR",6.92626878472988,8.30187227821995,1.1986067154256,-8.08451145985879,8.08451145985879,"Placebo donor"
"XEU","GAB","Gabon","LCA","St. Lucia",2.47909731786329,3.67271174438746,1.48147138796186,-3.04698249038311,3.3209343630157,"Placebo donor"
"XEU","GAB","Gabon","MAR","Morocco",12.7582768782638,22.7693778502228,1.78467500489935,18.2375433763292,19.6600802022913,"Placebo donor"
"XEU","GAB","Gabon","MUS","Mauritius",3.52499463676335,6.16960313336273,1.75024468662104,-2.43532927186029,5.12492952938791,"Placebo donor"
"XEU","GNQ","Equatorial Guinea","BGD","Bangladesh",4.37894540590737,9.57577228679701,2.18677590131152,9.11909509009663,9.11909509009663,"Placebo donor"
"XEU","GNQ","Equatorial Guinea","BOL","Bolivia",4.01866614856337,4.22864986582863,1.05225209298372,-3.80507059163529,3.80507059163529,"Placebo donor"
"XEU","GNQ","Equatorial Guinea","BRB","Barbados",2.95323761416617,2.34140149991901,0.79282530084532,1.1959689663862,2.06744405035102,"Placebo donor"
"XEU","GNQ","Equatorial Guinea","CPV","Cabo Verde",23.669096262065,33.1241013153712,1.39946624698383,-9.65917102100933,29.1277847979585,"Placebo donor"
"XEU","GNQ","Equatorial Guinea","DMA","Dominica",1.82682032177304,7.06108712410957,3.86523350980481,5.99014504090808,6.12359983008839,"Placebo donor"
"XEU","GNQ","Equatorial Guinea","ECU","Ecuador",1.99910245633343,3.8328434382418,1.91728214134239,-3.09274584810346,3.30740699410451,"Placebo donor"
"XEU","GNQ","Equatorial Guinea","GRD","Grenada",10.0100641345619,16.3997331607086,1.63832448426429,-15.2835155341277,15.2835155341277,"Placebo donor"
"XEU","GNQ","Equatorial Guinea","LAO","Lao PDR",6.92626878472988,8.30187227821995,1.1986067154256,-8.08451145985879,8.08451145985879,"Placebo donor"
"XEU","GNQ","Equatorial Guinea","LCA","St. Lucia",2.47909731786329,3.67271174438746,1.48147138796186,-3.04698249038311,3.3209343630157,"Placebo donor"
"XEU","GNQ","Equatorial Guinea","MAR","Morocco",12.7582768782638,22.7693778502228,1.78467500489935,18.2375433763292,19.6600802022913,"Placebo donor"
"XEU","GNQ","Equatorial Guinea","MUS","Mauritius",3.52499463676335,6.16960313336273,1.75024468662104,-2.43532927186029,5.12492952938791,"Placebo donor"
"XEU","MLI","Mali","BGD","Bangladesh",4.37894540590737,9.57577228679701,2.18677590131152,9.11909509009663,9.11909509009663,"Placebo donor"
"XEU","MLI","Mali","BOL","Bolivia",4.01866614856337,4.22864986582863,1.05225209298372,-3.80507059163529,3.80507059163529,"Placebo donor"
"XEU","MLI","Mali","BRB","Barbados",2.95323761416617,2.34140149991901,0.79282530084532,1.1959689663862,2.06744405035102,"Placebo donor"
"XEU","MLI","Mali","CPV","Cabo Verde",23.669096262065,33.1241013153712,1.39946624698383,-9.65917102100933,29.1277847979585,"Placebo donor"
"XEU","MLI","Mali","DMA","Dominica",1.82682032177304,7.06108712410957,3.86523350980481,5.99014504090808,6.12359983008839,"Placebo donor"
"XEU","MLI","Mali","ECU","Ecuador",1.99910245633343,3.8328434382418,1.91728214134239,-3.09274584810346,3.30740699410451,"Placebo donor"
"XEU","MLI","Mali","GRD","Grenada",10.0100641345619,16.3997331607086,1.63832448426429,-15.2835155341277,15.2835155341277,"Placebo donor"
"XEU","MLI","Mali","LAO","Lao PDR",6.92626878472988,8.30187227821995,1.1986067154256,-8.08451145985879,8.08451145985879,"Placebo donor"
"XEU","MLI","Mali","LCA","St. Lucia",2.47909731786329,3.67271174438746,1.48147138796186,-3.04698249038311,3.3209343630157,"Placebo donor"
"XEU","MLI","Mali","MAR","Morocco",12.7582768782638,22.7693778502228,1.78467500489935,18.2375433763292,19.6600802022913,"Placebo donor"
"XEU","MLI","Mali","MUS","Mauritius",3.52499463676335,6.16960313336273,1.75024468662104,-2.43532927186029,5.12492952938791,"Placebo donor"
"XEU","NER","Niger","BGD","Bangladesh",4.37894540590737,9.57577228679701,2.18677590131152,9.11909509009663,9.11909509009663,"Placebo donor"
"XEU","NER","Niger","BOL","Bolivia",4.01866614856337,4.22864986582863,1.05225209298372,-3.80507059163529,3.80507059163529,"Placebo donor"
"XEU","NER","Niger","BRB","Barbados",2.95323761416617,2.34140149991901,0.79282530084532,1.1959689663862,2.06744405035102,"Placebo donor"
"XEU","NER","Niger","CPV","Cabo Verde",23.669096262065,33.1241013153712,1.39946624698383,-9.65917102100933,29.1277847979585,"Placebo donor"
"XEU","NER","Niger","DMA","Dominica",1.82682032177304,7.06108712410957,3.86523350980481,5.99014504090808,6.12359983008839,"Placebo donor"
"XEU","NER","Niger","ECU","Ecuador",1.99910245633343,3.8328434382418,1.91728214134239,-3.09274584810346,3.30740699410451,"Placebo donor"
"XEU","NER","Niger","GRD","Grenada",10.0100641345619,16.3997331607086,1.63832448426429,-15.2835155341277,15.2835155341277,"Placebo donor"
"XEU","NER","Niger","LAO","Lao PDR",6.92626878472988,8.30187227821995,1.1986067154256,-8.08451145985879,8.08451145985879,"Placebo donor"
"XEU","NER","Niger","LCA","St. Lucia",2.47909731786329,3.67271174438746,1.48147138796186,-3.04698249038311,3.3209343630157,"Placebo donor"
"XEU","NER","Niger","MAR","Morocco",12.7582768782638,22.7693778502228,1.78467500489935,18.2375433763292,19.6600802022913,"Placebo donor"
"XEU","NER","Niger","MUS","Mauritius",3.52499463676335,6.16960313336273,1.75024468662104,-2.43532927186029,5.12492952938791,"Placebo donor"
"XEU","SEN","Senegal","BGD","Bangladesh",4.37894540590737,9.57577228679701,2.18677590131152,9.11909509009663,9.11909509009663,"Placebo donor"
"XEU","SEN","Senegal","BOL","Bolivia",4.01866614856337,4.22864986582863,1.05225209298372,-3.80507059163529,3.80507059163529,"Placebo donor"
"XEU","SEN","Senegal","BRB","Barbados",2.95323761416617,2.34140149991901,0.79282530084532,1.1959689663862,2.06744405035102,"Placebo donor"
"XEU","SEN","Senegal","CPV","Cabo Verde",23.669096262065,33.1241013153712,1.39946624698383,-9.65917102100933,29.1277847979585,"Placebo donor"
"XEU","SEN","Senegal","DMA","Dominica",1.82682032177304,7.06108712410957,3.86523350980481,5.99014504090808,6.12359983008839,"Placebo donor"
"XEU","SEN","Senegal","ECU","Ecuador",1.99910245633343,3.8328434382418,1.91728214134239,-3.09274584810346,3.30740699410451,"Placebo donor"
"XEU","SEN","Senegal","GRD","Grenada",10.0100641345619,16.3997331607086,1.63832448426429,-15.2835155341277,15.2835155341277,"Placebo donor"
"XEU","SEN","Senegal","LAO","Lao PDR",6.92626878472988,8.30187227821995,1.1986067154256,-8.08451145985879,8.08451145985879,"Placebo donor"
"XEU","SEN","Senegal","LCA","St. Lucia",2.47909731786329,3.67271174438746,1.48147138796186,-3.04698249038311,3.3209343630157,"Placebo donor"
"XEU","SEN","Senegal","MAR","Morocco",12.7582768782638,22.7693778502228,1.78467500489935,18.2375433763292,19.6600802022913,"Placebo donor"
"XEU","SEN","Senegal","MUS","Mauritius",3.52499463676335,6.16960313336273,1.75024468662104,-2.43532927186029,5.12492952938791,"Placebo donor"
"XEU","TCD","Chad","BGD","Bangladesh",4.37894540590737,9.57577228679701,2.18677590131152,9.11909509009663,9.11909509009663,"Placebo donor"
"XEU","TCD","Chad","BOL","Bolivia",4.01866614856337,4.22864986582863,1.05225209298372,-3.80507059163529,3.80507059163529,"Placebo donor"
"XEU","TCD","Chad","BRB","Barbados",2.95323761416617,2.34140149991901,0.79282530084532,1.1959689663862,2.06744405035102,"Placebo donor"
"XEU","TCD","Chad","CPV","Cabo Verde",23.669096262065,33.1241013153712,1.39946624698383,-9.65917102100933,29.1277847979585,"Placebo donor"
"XEU","TCD","Chad","DMA","Dominica",1.82682032177304,7.06108712410957,3.86523350980481,5.99014504090808,6.12359983008839,"Placebo donor"
"XEU","TCD","Chad","ECU","Ecuador",1.99910245633343,3.8328434382418,1.91728214134239,-3.09274584810346,3.30740699410451,"Placebo donor"
"XEU","TCD","Chad","GRD","Grenada",10.0100641345619,16.3997331607086,1.63832448426429,-15.2835155341277,15.2835155341277,"Placebo donor"
"XEU","TCD","Chad","LAO","Lao PDR",6.92626878472988,8.30187227821995,1.1986067154256,-8.08451145985879,8.08451145985879,"Placebo donor"
"XEU","TCD","Chad","LCA","St. Lucia",2.47909731786329,3.67271174438746,1.48147138796186,-3.04698249038311,3.3209343630157,"Placebo donor"
"XEU","TCD","Chad","MAR","Morocco",12.7582768782638,22.7693778502228,1.78467500489935,18.2375433763292,19.6600802022913,"Placebo donor"
"XEU","TCD","Chad","MUS","Mauritius",3.52499463676335,6.16960313336273,1.75024468662104,-2.43532927186029,5.12492952938791,"Placebo donor"
"XEU","TGO","Togo","BGD","Bangladesh",4.37894540590737,9.57577228679701,2.18677590131152,9.11909509009663,9.11909509009663,"Placebo donor"
"XEU","TGO","Togo","BOL","Bolivia",4.01866614856337,4.22864986582863,1.05225209298372,-3.80507059163529,3.80507059163529,"Placebo donor"
"XEU","TGO","Togo","BRB","Barbados",2.95323761416617,2.34140149991901,0.79282530084532,1.1959689663862,2.06744405035102,"Placebo donor"
"XEU","TGO","Togo","CPV","Cabo Verde",23.669096262065,33.1241013153712,1.39946624698383,-9.65917102100933,29.1277847979585,"Placebo donor"
"XEU","TGO","Togo","DMA","Dominica",1.82682032177304,7.06108712410957,3.86523350980481,5.99014504090808,6.12359983008839,"Placebo donor"
"XEU","TGO","Togo","ECU","Ecuador",1.99910245633343,3.8328434382418,1.91728214134239,-3.09274584810346,3.30740699410451,"Placebo donor"
"XEU","TGO","Togo","GRD","Grenada",10.0100641345619,16.3997331607086,1.63832448426429,-15.2835155341277,15.2835155341277,"Placebo donor"
"XEU","TGO","Togo","LAO","Lao PDR",6.92626878472988,8.30187227821995,1.1986067154256,-8.08451145985879,8.08451145985879,"Placebo donor"
"XEU","TGO","Togo","LCA","St. Lucia",2.47909731786329,3.67271174438746,1.48147138796186,-3.04698249038311,3.3209343630157,"Placebo donor"
"XEU","TGO","Togo","MAR","Morocco",12.7582768782638,22.7693778502228,1.78467500489935,18.2375433763292,19.6600802022913,"Placebo donor"
"XEU","TGO","Togo","MUS","Mauritius",3.52499463676335,6.16960313336273,1.75024468662104,-2.43532927186029,5.12492952938791,"Placebo donor"
"MEU","BEN","Benin","BGD","Bangladesh",1.3220560015778,2.06946807199851,1.56534070381944,-1.68428839352851,1.68428839352851,"Placebo donor"
"MEU","BEN","Benin","BOL","Bolivia",1.39832669181598,1.37913301755816,0.986273826874536,-0.134169758970646,1.15062128955863,"Placebo donor"
"MEU","BEN","Benin","BRB","Barbados",3.14651323837302,3.50972337760901,1.11543257940456,2.8963616547583,2.8963616547583,"Placebo donor"
"MEU","BEN","Benin","CPV","Cabo Verde",21.5166177498012,28.4167207286641,1.32068715720558,27.6276020129403,27.6276020129403,"Placebo donor"
"MEU","BEN","Benin","DMA","Dominica",2.63558874184292,1.63007372440084,0.618485615195418,0.75916308405487,1.30169564474199,"Placebo donor"
"MEU","BEN","Benin","ECU","Ecuador",2.57150928009294,3.25070611251681,1.26412381152259,-3.03782624682865,3.03782624682865,"Placebo donor"
"MEU","BEN","Benin","GRD","Grenada",2.56731733923841,2.57531947551931,1.00311692526615,-1.55538106041272,2.01025152704277,"Placebo donor"
"MEU","BEN","Benin","LAO","Lao PDR",4.64053253238843,4.19222692253398,0.903393499188828,-4.06012014984027,4.06012014984027,"Placebo donor"
"MEU","BEN","Benin","LCA","St. Lucia",2.56952169168531,1.48477675170441,0.577841688011035,-0.588862618711722,1.3463098081688,"Placebo donor"
"MEU","BEN","Benin","MAR","Morocco",5.36786022981358,4.14889550032945,0.772914219577871,-1.79130672080045,3.44384410256522,"Placebo donor"
"MEU","BEN","Benin","MUS","Mauritius",2.61838451440789,4.97028034330607,1.89822400642712,-3.56996209241408,4.28284401035184,"Placebo donor"
"MEU","BEN","Benin","SYC","Seychelles",8.26998976292332,8.73255802051164,1.05593335310548,2.26012675120166,7.36068561307153,"Placebo donor"
"MEU","BFA","Burkina Faso","BGD","Bangladesh",1.3220560015778,2.06946807199851,1.56534070381944,-1.68428839352851,1.68428839352851,"Placebo donor"
"MEU","BFA","Burkina Faso","BOL","Bolivia",1.39832669181598,1.37913301755816,0.986273826874536,-0.134169758970646,1.15062128955863,"Placebo donor"
"MEU","BFA","Burkina Faso","BRB","Barbados",3.14651323837302,3.50972337760901,1.11543257940456,2.8963616547583,2.8963616547583,"Placebo donor"
"MEU","BFA","Burkina Faso","CPV","Cabo Verde",21.5166177498012,28.4167207286641,1.32068715720558,27.6276020129403,27.6276020129403,"Placebo donor"
"MEU","BFA","Burkina Faso","DMA","Dominica",2.63558874184292,1.63007372440084,0.618485615195418,0.75916308405487,1.30169564474199,"Placebo donor"
"MEU","BFA","Burkina Faso","ECU","Ecuador",2.57150928009294,3.25070611251681,1.26412381152259,-3.03782624682865,3.03782624682865,"Placebo donor"
"MEU","BFA","Burkina Faso","GRD","Grenada",2.56731733923841,2.57531947551931,1.00311692526615,-1.55538106041272,2.01025152704277,"Placebo donor"
"MEU","BFA","Burkina Faso","LAO","Lao PDR",4.64053253238843,4.19222692253398,0.903393499188828,-4.06012014984027,4.06012014984027,"Placebo donor"
"MEU","BFA","Burkina Faso","LCA","St. Lucia",2.56952169168531,1.48477675170441,0.577841688011035,-0.588862618711722,1.3463098081688,"Placebo donor"
"MEU","BFA","Burkina Faso","MAR","Morocco",5.36786022981358,4.14889550032945,0.772914219577871,-1.79130672080045,3.44384410256522,"Placebo donor"
"MEU","BFA","Burkina Faso","MUS","Mauritius",2.61838451440789,4.97028034330607,1.89822400642712,-3.56996209241408,4.28284401035184,"Placebo donor"
"MEU","BFA","Burkina Faso","SYC","Seychelles",8.26998976292332,8.73255802051164,1.05593335310548,2.26012675120166,7.36068561307153,"Placebo donor"
"MEU","CAF","Central African Republic","BGD","Bangladesh",1.3220560015778,2.06946807199851,1.56534070381944,-1.68428839352851,1.68428839352851,"Placebo donor"
"MEU","CAF","Central African Republic","BOL","Bolivia",1.39832669181598,1.37913301755816,0.986273826874536,-0.134169758970646,1.15062128955863,"Placebo donor"
"MEU","CAF","Central African Republic","BRB","Barbados",3.14651323837302,3.50972337760901,1.11543257940456,2.8963616547583,2.8963616547583,"Placebo donor"
"MEU","CAF","Central African Republic","CPV","Cabo Verde",21.5166177498012,28.4167207286641,1.32068715720558,27.6276020129403,27.6276020129403,"Placebo donor"
"MEU","CAF","Central African Republic","DMA","Dominica",2.63558874184292,1.63007372440084,0.618485615195418,0.75916308405487,1.30169564474199,"Placebo donor"
"MEU","CAF","Central African Republic","ECU","Ecuador",2.57150928009294,3.25070611251681,1.26412381152259,-3.03782624682865,3.03782624682865,"Placebo donor"
"MEU","CAF","Central African Republic","GRD","Grenada",2.56731733923841,2.57531947551931,1.00311692526615,-1.55538106041272,2.01025152704277,"Placebo donor"
"MEU","CAF","Central African Republic","LAO","Lao PDR",4.64053253238843,4.19222692253398,0.903393499188828,-4.06012014984027,4.06012014984027,"Placebo donor"
"MEU","CAF","Central African Republic","LCA","St. Lucia",2.56952169168531,1.48477675170441,0.577841688011035,-0.588862618711722,1.3463098081688,"Placebo donor"
"MEU","CAF","Central African Republic","MAR","Morocco",5.36786022981358,4.14889550032945,0.772914219577871,-1.79130672080045,3.44384410256522,"Placebo donor"
"MEU","CAF","Central African Republic","MUS","Mauritius",2.61838451440789,4.97028034330607,1.89822400642712,-3.56996209241408,4.28284401035184,"Placebo donor"
"MEU","CAF","Central African Republic","SYC","Seychelles",8.26998976292332,8.73255802051164,1.05593335310548,2.26012675120166,7.36068561307153,"Placebo donor"
"MEU","CIV","Côte d'Ivoire","BGD","Bangladesh",1.3220560015778,2.06946807199851,1.56534070381944,-1.68428839352851,1.68428839352851,"Placebo donor"
"MEU","CIV","Côte d'Ivoire","BOL","Bolivia",1.39832669181598,1.37913301755816,0.986273826874536,-0.134169758970646,1.15062128955863,"Placebo donor"
"MEU","CIV","Côte d'Ivoire","BRB","Barbados",3.14651323837302,3.50972337760901,1.11543257940456,2.8963616547583,2.8963616547583,"Placebo donor"
"MEU","CIV","Côte d'Ivoire","CPV","Cabo Verde",21.5166177498012,28.4167207286641,1.32068715720558,27.6276020129403,27.6276020129403,"Placebo donor"
"MEU","CIV","Côte d'Ivoire","DMA","Dominica",2.63558874184292,1.63007372440084,0.618485615195418,0.75916308405487,1.30169564474199,"Placebo donor"
"MEU","CIV","Côte d'Ivoire","ECU","Ecuador",2.57150928009294,3.25070611251681,1.26412381152259,-3.03782624682865,3.03782624682865,"Placebo donor"
"MEU","CIV","Côte d'Ivoire","GRD","Grenada",2.56731733923841,2.57531947551931,1.00311692526615,-1.55538106041272,2.01025152704277,"Placebo donor"
"MEU","CIV","Côte d'Ivoire","LAO","Lao PDR",4.64053253238843,4.19222692253398,0.903393499188828,-4.06012014984027,4.06012014984027,"Placebo donor"
"MEU","CIV","Côte d'Ivoire","LCA","St. Lucia",2.56952169168531,1.48477675170441,0.577841688011035,-0.588862618711722,1.3463098081688,"Placebo donor"
"MEU","CIV","Côte d'Ivoire","MAR","Morocco",5.36786022981358,4.14889550032945,0.772914219577871,-1.79130672080045,3.44384410256522,"Placebo donor"
"MEU","CIV","Côte d'Ivoire","MUS","Mauritius",2.61838451440789,4.97028034330607,1.89822400642712,-3.56996209241408,4.28284401035184,"Placebo donor"
"MEU","CIV","Côte d'Ivoire","SYC","Seychelles",8.26998976292332,8.73255802051164,1.05593335310548,2.26012675120166,7.36068561307153,"Placebo donor"
"MEU","CMR","Cameroon","BGD","Bangladesh",1.3220560015778,2.06946807199851,1.56534070381944,-1.68428839352851,1.68428839352851,"Placebo donor"
"MEU","CMR","Cameroon","BOL","Bolivia",1.39832669181598,1.37913301755816,0.986273826874536,-0.134169758970646,1.15062128955863,"Placebo donor"
"MEU","CMR","Cameroon","BRB","Barbados",3.14651323837302,3.50972337760901,1.11543257940456,2.8963616547583,2.8963616547583,"Placebo donor"
"MEU","CMR","Cameroon","CPV","Cabo Verde",21.5166177498012,28.4167207286641,1.32068715720558,27.6276020129403,27.6276020129403,"Placebo donor"
"MEU","CMR","Cameroon","DMA","Dominica",2.63558874184292,1.63007372440084,0.618485615195418,0.75916308405487,1.30169564474199,"Placebo donor"
"MEU","CMR","Cameroon","ECU","Ecuador",2.57150928009294,3.25070611251681,1.26412381152259,-3.03782624682865,3.03782624682865,"Placebo donor"
"MEU","CMR","Cameroon","GRD","Grenada",2.56731733923841,2.57531947551931,1.00311692526615,-1.55538106041272,2.01025152704277,"Placebo donor"
"MEU","CMR","Cameroon","LAO","Lao PDR",4.64053253238843,4.19222692253398,0.903393499188828,-4.06012014984027,4.06012014984027,"Placebo donor"
"MEU","CMR","Cameroon","LCA","St. Lucia",2.56952169168531,1.48477675170441,0.577841688011035,-0.588862618711722,1.3463098081688,"Placebo donor"
"MEU","CMR","Cameroon","MAR","Morocco",5.36786022981358,4.14889550032945,0.772914219577871,-1.79130672080045,3.44384410256522,"Placebo donor"
"MEU","CMR","Cameroon","MUS","Mauritius",2.61838451440789,4.97028034330607,1.89822400642712,-3.56996209241408,4.28284401035184,"Placebo donor"
"MEU","CMR","Cameroon","SYC","Seychelles",8.26998976292332,8.73255802051164,1.05593335310548,2.26012675120166,7.36068561307153,"Placebo donor"
"MEU","COG","Republic of Congo","BGD","Bangladesh",1.3220560015778,2.06946807199851,1.56534070381944,-1.68428839352851,1.68428839352851,"Placebo donor"
"MEU","COG","Republic of Congo","BOL","Bolivia",1.39832669181598,1.37913301755816,0.986273826874536,-0.134169758970646,1.15062128955863,"Placebo donor"
"MEU","COG","Republic of Congo","BRB","Barbados",3.14651323837302,3.50972337760901,1.11543257940456,2.8963616547583,2.8963616547583,"Placebo donor"
"MEU","COG","Republic of Congo","CPV","Cabo Verde",21.5166177498012,28.4167207286641,1.32068715720558,27.6276020129403,27.6276020129403,"Placebo donor"
"MEU","COG","Republic of Congo","DMA","Dominica",2.63558874184292,1.63007372440084,0.618485615195418,0.75916308405487,1.30169564474199,"Placebo donor"
"MEU","COG","Republic of Congo","ECU","Ecuador",2.57150928009294,3.25070611251681,1.26412381152259,-3.03782624682865,3.03782624682865,"Placebo donor"
"MEU","COG","Republic of Congo","GRD","Grenada",2.56731733923841,2.57531947551931,1.00311692526615,-1.55538106041272,2.01025152704277,"Placebo donor"
"MEU","COG","Republic of Congo","LAO","Lao PDR",4.64053253238843,4.19222692253398,0.903393499188828,-4.06012014984027,4.06012014984027,"Placebo donor"
"MEU","COG","Republic of Congo","LCA","St. Lucia",2.56952169168531,1.48477675170441,0.577841688011035,-0.588862618711722,1.3463098081688,"Placebo donor"
"MEU","COG","Republic of Congo","MAR","Morocco",5.36786022981358,4.14889550032945,0.772914219577871,-1.79130672080045,3.44384410256522,"Placebo donor"
"MEU","COG","Republic of Congo","MUS","Mauritius",2.61838451440789,4.97028034330607,1.89822400642712,-3.56996209241408,4.28284401035184,"Placebo donor"
"MEU","COG","Republic of Congo","SYC","Seychelles",8.26998976292332,8.73255802051164,1.05593335310548,2.26012675120166,7.36068561307153,"Placebo donor"
"MEU","GAB","Gabon","BGD","Bangladesh",1.3220560015778,2.06946807199851,1.56534070381944,-1.68428839352851,1.68428839352851,"Placebo donor"
"MEU","GAB","Gabon","BOL","Bolivia",1.39832669181598,1.37913301755816,0.986273826874536,-0.134169758970646,1.15062128955863,"Placebo donor"
"MEU","GAB","Gabon","BRB","Barbados",3.14651323837302,3.50972337760901,1.11543257940456,2.8963616547583,2.8963616547583,"Placebo donor"
"MEU","GAB","Gabon","CPV","Cabo Verde",21.5166177498012,28.4167207286641,1.32068715720558,27.6276020129403,27.6276020129403,"Placebo donor"
"MEU","GAB","Gabon","DMA","Dominica",2.63558874184292,1.63007372440084,0.618485615195418,0.75916308405487,1.30169564474199,"Placebo donor"
"MEU","GAB","Gabon","ECU","Ecuador",2.57150928009294,3.25070611251681,1.26412381152259,-3.03782624682865,3.03782624682865,"Placebo donor"
"MEU","GAB","Gabon","GRD","Grenada",2.56731733923841,2.57531947551931,1.00311692526615,-1.55538106041272,2.01025152704277,"Placebo donor"
"MEU","GAB","Gabon","LAO","Lao PDR",4.64053253238843,4.19222692253398,0.903393499188828,-4.06012014984027,4.06012014984027,"Placebo donor"
"MEU","GAB","Gabon","LCA","St. Lucia",2.56952169168531,1.48477675170441,0.577841688011035,-0.588862618711722,1.3463098081688,"Placebo donor"
"MEU","GAB","Gabon","MAR","Morocco",5.36786022981358,4.14889550032945,0.772914219577871,-1.79130672080045,3.44384410256522,"Placebo donor"
"MEU","GAB","Gabon","MUS","Mauritius",2.61838451440789,4.97028034330607,1.89822400642712,-3.56996209241408,4.28284401035184,"Placebo donor"
"MEU","GAB","Gabon","SYC","Seychelles",8.26998976292332,8.73255802051164,1.05593335310548,2.26012675120166,7.36068561307153,"Placebo donor"
"MEU","GNQ","Equatorial Guinea","BGD","Bangladesh",1.3220560015778,2.06946807199851,1.56534070381944,-1.68428839352851,1.68428839352851,"Placebo donor"
"MEU","GNQ","Equatorial Guinea","BOL","Bolivia",1.39832669181598,1.37913301755816,0.986273826874536,-0.134169758970646,1.15062128955863,"Placebo donor"
"MEU","GNQ","Equatorial Guinea","BRB","Barbados",3.14651323837302,3.50972337760901,1.11543257940456,2.8963616547583,2.8963616547583,"Placebo donor"
"MEU","GNQ","Equatorial Guinea","CPV","Cabo Verde",21.5166177498012,28.4167207286641,1.32068715720558,27.6276020129403,27.6276020129403,"Placebo donor"
"MEU","GNQ","Equatorial Guinea","DMA","Dominica",2.63558874184292,1.63007372440084,0.618485615195418,0.75916308405487,1.30169564474199,"Placebo donor"
"MEU","GNQ","Equatorial Guinea","ECU","Ecuador",2.57150928009294,3.25070611251681,1.26412381152259,-3.03782624682865,3.03782624682865,"Placebo donor"
"MEU","GNQ","Equatorial Guinea","GRD","Grenada",2.56731733923841,2.57531947551931,1.00311692526615,-1.55538106041272,2.01025152704277,"Placebo donor"
"MEU","GNQ","Equatorial Guinea","LAO","Lao PDR",4.64053253238843,4.19222692253398,0.903393499188828,-4.06012014984027,4.06012014984027,"Placebo donor"
"MEU","GNQ","Equatorial Guinea","LCA","St. Lucia",2.56952169168531,1.48477675170441,0.577841688011035,-0.588862618711722,1.3463098081688,"Placebo donor"
"MEU","GNQ","Equatorial Guinea","MAR","Morocco",5.36786022981358,4.14889550032945,0.772914219577871,-1.79130672080045,3.44384410256522,"Placebo donor"
"MEU","GNQ","Equatorial Guinea","MUS","Mauritius",2.61838451440789,4.97028034330607,1.89822400642712,-3.56996209241408,4.28284401035184,"Placebo donor"
"MEU","GNQ","Equatorial Guinea","SYC","Seychelles",8.26998976292332,8.73255802051164,1.05593335310548,2.26012675120166,7.36068561307153,"Placebo donor"
"MEU","MLI","Mali","BGD","Bangladesh",1.3220560015778,2.06946807199851,1.56534070381944,-1.68428839352851,1.68428839352851,"Placebo donor"
"MEU","MLI","Mali","BOL","Bolivia",1.39832669181598,1.37913301755816,0.986273826874536,-0.134169758970646,1.15062128955863,"Placebo donor"
"MEU","MLI","Mali","BRB","Barbados",3.14651323837302,3.50972337760901,1.11543257940456,2.8963616547583,2.8963616547583,"Placebo donor"
"MEU","MLI","Mali","CPV","Cabo Verde",21.5166177498012,28.4167207286641,1.32068715720558,27.6276020129403,27.6276020129403,"Placebo donor"
"MEU","MLI","Mali","DMA","Dominica",2.63558874184292,1.63007372440084,0.618485615195418,0.75916308405487,1.30169564474199,"Placebo donor"
"MEU","MLI","Mali","ECU","Ecuador",2.57150928009294,3.25070611251681,1.26412381152259,-3.03782624682865,3.03782624682865,"Placebo donor"
"MEU","MLI","Mali","GRD","Grenada",2.56731733923841,2.57531947551931,1.00311692526615,-1.55538106041272,2.01025152704277,"Placebo donor"
"MEU","MLI","Mali","LAO","Lao PDR",4.64053253238843,4.19222692253398,0.903393499188828,-4.06012014984027,4.06012014984027,"Placebo donor"
"MEU","MLI","Mali","LCA","St. Lucia",2.56952169168531,1.48477675170441,0.577841688011035,-0.588862618711722,1.3463098081688,"Placebo donor"
"MEU","MLI","Mali","MAR","Morocco",5.36786022981358,4.14889550032945,0.772914219577871,-1.79130672080045,3.44384410256522,"Placebo donor"
"MEU","MLI","Mali","MUS","Mauritius",2.61838451440789,4.97028034330607,1.89822400642712,-3.56996209241408,4.28284401035184,"Placebo donor"
"MEU","MLI","Mali","SYC","Seychelles",8.26998976292332,8.73255802051164,1.05593335310548,2.26012675120166,7.36068561307153,"Placebo donor"
"MEU","NER","Niger","BGD","Bangladesh",1.3220560015778,2.06946807199851,1.56534070381944,-1.68428839352851,1.68428839352851,"Placebo donor"
"MEU","NER","Niger","BOL","Bolivia",1.39832669181598,1.37913301755816,0.986273826874536,-0.134169758970646,1.15062128955863,"Placebo donor"
"MEU","NER","Niger","BRB","Barbados",3.14651323837302,3.50972337760901,1.11543257940456,2.8963616547583,2.8963616547583,"Placebo donor"
"MEU","NER","Niger","CPV","Cabo Verde",21.5166177498012,28.4167207286641,1.32068715720558,27.6276020129403,27.6276020129403,"Placebo donor"
"MEU","NER","Niger","DMA","Dominica",2.63558874184292,1.63007372440084,0.618485615195418,0.75916308405487,1.30169564474199,"Placebo donor"
"MEU","NER","Niger","ECU","Ecuador",2.57150928009294,3.25070611251681,1.26412381152259,-3.03782624682865,3.03782624682865,"Placebo donor"
"MEU","NER","Niger","GRD","Grenada",2.56731733923841,2.57531947551931,1.00311692526615,-1.55538106041272,2.01025152704277,"Placebo donor"
"MEU","NER","Niger","LAO","Lao PDR",4.64053253238843,4.19222692253398,0.903393499188828,-4.06012014984027,4.06012014984027,"Placebo donor"
"MEU","NER","Niger","LCA","St. Lucia",2.56952169168531,1.48477675170441,0.577841688011035,-0.588862618711722,1.3463098081688,"Placebo donor"
"MEU","NER","Niger","MAR","Morocco",5.36786022981358,4.14889550032945,0.772914219577871,-1.79130672080045,3.44384410256522,"Placebo donor"
"MEU","NER","Niger","MUS","Mauritius",2.61838451440789,4.97028034330607,1.89822400642712,-3.56996209241408,4.28284401035184,"Placebo donor"
"MEU","NER","Niger","SYC","Seychelles",8.26998976292332,8.73255802051164,1.05593335310548,2.26012675120166,7.36068561307153,"Placebo donor"
"MEU","SEN","Senegal","BGD","Bangladesh",1.3220560015778,2.06946807199851,1.56534070381944,-1.68428839352851,1.68428839352851,"Placebo donor"
"MEU","SEN","Senegal","BOL","Bolivia",1.39832669181598,1.37913301755816,0.986273826874536,-0.134169758970646,1.15062128955863,"Placebo donor"
"MEU","SEN","Senegal","BRB","Barbados",3.14651323837302,3.50972337760901,1.11543257940456,2.8963616547583,2.8963616547583,"Placebo donor"
"MEU","SEN","Senegal","CPV","Cabo Verde",21.5166177498012,28.4167207286641,1.32068715720558,27.6276020129403,27.6276020129403,"Placebo donor"
"MEU","SEN","Senegal","DMA","Dominica",2.63558874184292,1.63007372440084,0.618485615195418,0.75916308405487,1.30169564474199,"Placebo donor"
"MEU","SEN","Senegal","ECU","Ecuador",2.57150928009294,3.25070611251681,1.26412381152259,-3.03782624682865,3.03782624682865,"Placebo donor"
"MEU","SEN","Senegal","GRD","Grenada",2.56731733923841,2.57531947551931,1.00311692526615,-1.55538106041272,2.01025152704277,"Placebo donor"
"MEU","SEN","Senegal","LAO","Lao PDR",4.64053253238843,4.19222692253398,0.903393499188828,-4.06012014984027,4.06012014984027,"Placebo donor"
"MEU","SEN","Senegal","LCA","St. Lucia",2.56952169168531,1.48477675170441,0.577841688011035,-0.588862618711722,1.3463098081688,"Placebo donor"
"MEU","SEN","Senegal","MAR","Morocco",5.36786022981358,4.14889550032945,0.772914219577871,-1.79130672080045,3.44384410256522,"Placebo donor"
"MEU","SEN","Senegal","MUS","Mauritius",2.61838451440789,4.97028034330607,1.89822400642712,-3.56996209241408,4.28284401035184,"Placebo donor"
"MEU","SEN","Senegal","SYC","Seychelles",8.26998976292332,8.73255802051164,1.05593335310548,2.26012675120166,7.36068561307153,"Placebo donor"
"MEU","TCD","Chad","BGD","Bangladesh",1.3220560015778,2.06946807199851,1.56534070381944,-1.68428839352851,1.68428839352851,"Placebo donor"
"MEU","TCD","Chad","BOL","Bolivia",1.39832669181598,1.37913301755816,0.986273826874536,-0.134169758970646,1.15062128955863,"Placebo donor"
"MEU","TCD","Chad","BRB","Barbados",3.14651323837302,3.50972337760901,1.11543257940456,2.8963616547583,2.8963616547583,"Placebo donor"
"MEU","TCD","Chad","CPV","Cabo Verde",21.5166177498012,28.4167207286641,1.32068715720558,27.6276020129403,27.6276020129403,"Placebo donor"
"MEU","TCD","Chad","DMA","Dominica",2.63558874184292,1.63007372440084,0.618485615195418,0.75916308405487,1.30169564474199,"Placebo donor"
"MEU","TCD","Chad","ECU","Ecuador",2.57150928009294,3.25070611251681,1.26412381152259,-3.03782624682865,3.03782624682865,"Placebo donor"
"MEU","TCD","Chad","GRD","Grenada",2.56731733923841,2.57531947551931,1.00311692526615,-1.55538106041272,2.01025152704277,"Placebo donor"
"MEU","TCD","Chad","LAO","Lao PDR",4.64053253238843,4.19222692253398,0.903393499188828,-4.06012014984027,4.06012014984027,"Placebo donor"
"MEU","TCD","Chad","LCA","St. Lucia",2.56952169168531,1.48477675170441,0.577841688011035,-0.588862618711722,1.3463098081688,"Placebo donor"
"MEU","TCD","Chad","MAR","Morocco",5.36786022981358,4.14889550032945,0.772914219577871,-1.79130672080045,3.44384410256522,"Placebo donor"
"MEU","TCD","Chad","MUS","Mauritius",2.61838451440789,4.97028034330607,1.89822400642712,-3.56996209241408,4.28284401035184,"Placebo donor"
"MEU","TCD","Chad","SYC","Seychelles",8.26998976292332,8.73255802051164,1.05593335310548,2.26012675120166,7.36068561307153,"Placebo donor"
"MEU","TGO","Togo","BGD","Bangladesh",1.3220560015778,2.06946807199851,1.56534070381944,-1.68428839352851,1.68428839352851,"Placebo donor"
"MEU","TGO","Togo","BOL","Bolivia",1.39832669181598,1.37913301755816,0.986273826874536,-0.134169758970646,1.15062128955863,"Placebo donor"
"MEU","TGO","Togo","BRB","Barbados",3.14651323837302,3.50972337760901,1.11543257940456,2.8963616547583,2.8963616547583,"Placebo donor"
"MEU","TGO","Togo","CPV","Cabo Verde",21.5166177498012,28.4167207286641,1.32068715720558,27.6276020129403,27.6276020129403,"Placebo donor"
"MEU","TGO","Togo","DMA","Dominica",2.63558874184292,1.63007372440084,0.618485615195418,0.75916308405487,1.30169564474199,"Placebo donor"
"MEU","TGO","Togo","ECU","Ecuador",2.57150928009294,3.25070611251681,1.26412381152259,-3.03782624682865,3.03782624682865,"Placebo donor"
"MEU","TGO","Togo","GRD","Grenada",2.56731733923841,2.57531947551931,1.00311692526615,-1.55538106041272,2.01025152704277,"Placebo donor"
"MEU","TGO","Togo","LAO","Lao PDR",4.64053253238843,4.19222692253398,0.903393499188828,-4.06012014984027,4.06012014984027,"Placebo donor"
"MEU","TGO","Togo","LCA","St. Lucia",2.56952169168531,1.48477675170441,0.577841688011035,-0.588862618711722,1.3463098081688,"Placebo donor"
"MEU","TGO","Togo","MAR","Morocco",5.36786022981358,4.14889550032945,0.772914219577871,-1.79130672080045,3.44384410256522,"Placebo donor"
"MEU","TGO","Togo","MUS","Mauritius",2.61838451440789,4.97028034330607,1.89822400642712,-3.56996209241408,4.28284401035184,"Placebo donor"
"MEU","TGO","Togo","SYC","Seychelles",8.26998976292332,8.73255802051164,1.05593335310548,2.26012675120166,7.36068561307153,"Placebo donor"
"trade_openness","BEN","Benin","BGD","Bangladesh",21.0782879108431,26.8813988042328,1.27531225106781,-26.8266166213107,26.8266166213107,"Placebo donor"
"trade_openness","BEN","Benin","BOL","Bolivia",3.87681408218741,10.4035086611902,2.68352013809241,6.72762591093155,7.90224335890522,"Placebo donor"
"trade_openness","BEN","Benin","BTN","Bhutan",7.54431367162139,9.65466757644915,1.27972775214345,-2.29973973167428,8.98465793983769,"Placebo donor"
"trade_openness","BEN","Benin","BWA","Botswana",12.6291973976242,8.4797253732806,0.671438184573455,-6.63370327016466,7.02883029089421,"Placebo donor"
"trade_openness","BEN","Benin","CPV","Cabo Verde",9.85391828741728,10.0845799000821,1.02340811096022,7.78147409653607,8.61570901809043,"Placebo donor"
"trade_openness","BEN","Benin","ECU","Ecuador",4.33679397276021,3.96982169962003,0.915381667783813,3.23458666651122,3.23458666651122,"Placebo donor"
"trade_openness","BEN","Benin","IRQ","Iraq",39.4380588130105,29.3420193849346,0.744002627615503,25.158504868573,25.158504868573,"Placebo donor"
"trade_openness","BEN","Benin","MAR","Morocco",3.94403786808669,3.03079548986407,0.768449896079309,0.887077728518124,2.83541090079507,"Placebo donor"
"trade_openness","BEN","Benin","MUS","Mauritius",13.3450552497971,6.42915456376406,0.481763053312336,-1.47111968106659,5.18526189807174,"Placebo donor"
"trade_openness","BEN","Benin","NAM","Namibia",6.64577226551474,8.57219470419678,1.28987187067458,-1.41951009414993,8.13250344172661,"Placebo donor"
"trade_openness","BEN","Benin","SYC","Seychelles",22.968033273842,52.6464104042771,2.2921601417321,52.1210847738527,52.1210847738527,"Placebo donor"
"trade_openness","BFA","Burkina Faso","BGD","Bangladesh",21.0782879108431,26.8813988042328,1.27531225106781,-26.8266166213107,26.8266166213107,"Placebo donor"
"trade_openness","BFA","Burkina Faso","BOL","Bolivia",3.87681408218741,10.4035086611902,2.68352013809241,6.72762591093155,7.90224335890522,"Placebo donor"
"trade_openness","BFA","Burkina Faso","BTN","Bhutan",7.54431367162139,9.65466757644915,1.27972775214345,-2.29973973167428,8.98465793983769,"Placebo donor"
"trade_openness","BFA","Burkina Faso","BWA","Botswana",12.6291973976242,8.4797253732806,0.671438184573455,-6.63370327016466,7.02883029089421,"Placebo donor"
"trade_openness","BFA","Burkina Faso","CPV","Cabo Verde",9.85391828741728,10.0845799000821,1.02340811096022,7.78147409653607,8.61570901809043,"Placebo donor"
"trade_openness","BFA","Burkina Faso","ECU","Ecuador",4.33679397276021,3.96982169962003,0.915381667783813,3.23458666651122,3.23458666651122,"Placebo donor"
"trade_openness","BFA","Burkina Faso","IRQ","Iraq",39.4380588130105,29.3420193849346,0.744002627615503,25.158504868573,25.158504868573,"Placebo donor"
"trade_openness","BFA","Burkina Faso","MAR","Morocco",3.94403786808669,3.03079548986407,0.768449896079309,0.887077728518124,2.83541090079507,"Placebo donor"
"trade_openness","BFA","Burkina Faso","MUS","Mauritius",13.3450552497971,6.42915456376406,0.481763053312336,-1.47111968106659,5.18526189807174,"Placebo donor"
"trade_openness","BFA","Burkina Faso","NAM","Namibia",6.64577226551474,8.57219470419678,1.28987187067458,-1.41951009414993,8.13250344172661,"Placebo donor"
"trade_openness","BFA","Burkina Faso","SYC","Seychelles",22.968033273842,52.6464104042771,2.2921601417321,52.1210847738527,52.1210847738527,"Placebo donor"
"trade_openness","CAF","Central African Republic","BGD","Bangladesh",21.0782879108431,26.8813988042328,1.27531225106781,-26.8266166213107,26.8266166213107,"Placebo donor"
"trade_openness","CAF","Central African Republic","BOL","Bolivia",3.87681408218741,10.4035086611902,2.68352013809241,6.72762591093155,7.90224335890522,"Placebo donor"
"trade_openness","CAF","Central African Republic","BTN","Bhutan",7.54431367162139,9.65466757644915,1.27972775214345,-2.29973973167428,8.98465793983769,"Placebo donor"
"trade_openness","CAF","Central African Republic","BWA","Botswana",12.6291973976242,8.4797253732806,0.671438184573455,-6.63370327016466,7.02883029089421,"Placebo donor"
"trade_openness","CAF","Central African Republic","CPV","Cabo Verde",9.85391828741728,10.0845799000821,1.02340811096022,7.78147409653607,8.61570901809043,"Placebo donor"
"trade_openness","CAF","Central African Republic","ECU","Ecuador",4.33679397276021,3.96982169962003,0.915381667783813,3.23458666651122,3.23458666651122,"Placebo donor"
"trade_openness","CAF","Central African Republic","IRQ","Iraq",39.4380588130105,29.3420193849346,0.744002627615503,25.158504868573,25.158504868573,"Placebo donor"
"trade_openness","CAF","Central African Republic","MAR","Morocco",3.94403786808669,3.03079548986407,0.768449896079309,0.887077728518124,2.83541090079507,"Placebo donor"
"trade_openness","CAF","Central African Republic","MUS","Mauritius",13.3450552497971,6.42915456376406,0.481763053312336,-1.47111968106659,5.18526189807174,"Placebo donor"
"trade_openness","CAF","Central African Republic","NAM","Namibia",6.64577226551474,8.57219470419678,1.28987187067458,-1.41951009414993,8.13250344172661,"Placebo donor"
"trade_openness","CAF","Central African Republic","SYC","Seychelles",22.968033273842,52.6464104042771,2.2921601417321,52.1210847738527,52.1210847738527,"Placebo donor"
"trade_openness","CIV","Côte d'Ivoire","BGD","Bangladesh",21.0782879108431,26.8813988042328,1.27531225106781,-26.8266166213107,26.8266166213107,"Placebo donor"
"trade_openness","CIV","Côte d'Ivoire","BOL","Bolivia",3.87681408218741,10.4035086611902,2.68352013809241,6.72762591093155,7.90224335890522,"Placebo donor"
"trade_openness","CIV","Côte d'Ivoire","BTN","Bhutan",7.54431367162139,9.65466757644915,1.27972775214345,-2.29973973167428,8.98465793983769,"Placebo donor"
"trade_openness","CIV","Côte d'Ivoire","BWA","Botswana",12.6291973976242,8.4797253732806,0.671438184573455,-6.63370327016466,7.02883029089421,"Placebo donor"
"trade_openness","CIV","Côte d'Ivoire","CPV","Cabo Verde",9.85391828741728,10.0845799000821,1.02340811096022,7.78147409653607,8.61570901809043,"Placebo donor"
"trade_openness","CIV","Côte d'Ivoire","ECU","Ecuador",4.33679397276021,3.96982169962003,0.915381667783813,3.23458666651122,3.23458666651122,"Placebo donor"
"trade_openness","CIV","Côte d'Ivoire","IRQ","Iraq",39.4380588130105,29.3420193849346,0.744002627615503,25.158504868573,25.158504868573,"Placebo donor"
"trade_openness","CIV","Côte d'Ivoire","MAR","Morocco",3.94403786808669,3.03079548986407,0.768449896079309,0.887077728518124,2.83541090079507,"Placebo donor"
"trade_openness","CIV","Côte d'Ivoire","MUS","Mauritius",13.3450552497971,6.42915456376406,0.481763053312336,-1.47111968106659,5.18526189807174,"Placebo donor"
"trade_openness","CIV","Côte d'Ivoire","NAM","Namibia",6.64577226551474,8.57219470419678,1.28987187067458,-1.41951009414993,8.13250344172661,"Placebo donor"
"trade_openness","CIV","Côte d'Ivoire","SYC","Seychelles",22.968033273842,52.6464104042771,2.2921601417321,52.1210847738527,52.1210847738527,"Placebo donor"
"trade_openness","CMR","Cameroon","BGD","Bangladesh",21.0782879108431,26.8813988042328,1.27531225106781,-26.8266166213107,26.8266166213107,"Placebo donor"
"trade_openness","CMR","Cameroon","BOL","Bolivia",3.87681408218741,10.4035086611902,2.68352013809241,6.72762591093155,7.90224335890522,"Placebo donor"
"trade_openness","CMR","Cameroon","BTN","Bhutan",7.54431367162139,9.65466757644915,1.27972775214345,-2.29973973167428,8.98465793983769,"Placebo donor"
"trade_openness","CMR","Cameroon","BWA","Botswana",12.6291973976242,8.4797253732806,0.671438184573455,-6.63370327016466,7.02883029089421,"Placebo donor"
"trade_openness","CMR","Cameroon","CPV","Cabo Verde",9.85391828741728,10.0845799000821,1.02340811096022,7.78147409653607,8.61570901809043,"Placebo donor"
"trade_openness","CMR","Cameroon","ECU","Ecuador",4.33679397276021,3.96982169962003,0.915381667783813,3.23458666651122,3.23458666651122,"Placebo donor"
"trade_openness","CMR","Cameroon","IRQ","Iraq",39.4380588130105,29.3420193849346,0.744002627615503,25.158504868573,25.158504868573,"Placebo donor"
"trade_openness","CMR","Cameroon","MAR","Morocco",3.94403786808669,3.03079548986407,0.768449896079309,0.887077728518124,2.83541090079507,"Placebo donor"
"trade_openness","CMR","Cameroon","MUS","Mauritius",13.3450552497971,6.42915456376406,0.481763053312336,-1.47111968106659,5.18526189807174,"Placebo donor"
"trade_openness","CMR","Cameroon","NAM","Namibia",6.64577226551474,8.57219470419678,1.28987187067458,-1.41951009414993,8.13250344172661,"Placebo donor"
"trade_openness","CMR","Cameroon","SYC","Seychelles",22.968033273842,52.6464104042771,2.2921601417321,52.1210847738527,52.1210847738527,"Placebo donor"
"trade_openness","COG","Republic of Congo","BGD","Bangladesh",21.0782879108431,26.8813988042328,1.27531225106781,-26.8266166213107,26.8266166213107,"Placebo donor"
"trade_openness","COG","Republic of Congo","BOL","Bolivia",3.87681408218741,10.4035086611902,2.68352013809241,6.72762591093155,7.90224335890522,"Placebo donor"
"trade_openness","COG","Republic of Congo","BTN","Bhutan",7.54431367162139,9.65466757644915,1.27972775214345,-2.29973973167428,8.98465793983769,"Placebo donor"
"trade_openness","COG","Republic of Congo","BWA","Botswana",12.6291973976242,8.4797253732806,0.671438184573455,-6.63370327016466,7.02883029089421,"Placebo donor"
"trade_openness","COG","Republic of Congo","CPV","Cabo Verde",9.85391828741728,10.0845799000821,1.02340811096022,7.78147409653607,8.61570901809043,"Placebo donor"
"trade_openness","COG","Republic of Congo","ECU","Ecuador",4.33679397276021,3.96982169962003,0.915381667783813,3.23458666651122,3.23458666651122,"Placebo donor"
"trade_openness","COG","Republic of Congo","IRQ","Iraq",39.4380588130105,29.3420193849346,0.744002627615503,25.158504868573,25.158504868573,"Placebo donor"
"trade_openness","COG","Republic of Congo","MAR","Morocco",3.94403786808669,3.03079548986407,0.768449896079309,0.887077728518124,2.83541090079507,"Placebo donor"
"trade_openness","COG","Republic of Congo","MUS","Mauritius",13.3450552497971,6.42915456376406,0.481763053312336,-1.47111968106659,5.18526189807174,"Placebo donor"
"trade_openness","COG","Republic of Congo","NAM","Namibia",6.64577226551474,8.57219470419678,1.28987187067458,-1.41951009414993,8.13250344172661,"Placebo donor"
"trade_openness","COG","Republic of Congo","SYC","Seychelles",22.968033273842,52.6464104042771,2.2921601417321,52.1210847738527,52.1210847738527,"Placebo donor"
"trade_openness","GAB","Gabon","BGD","Bangladesh",21.0782879108431,26.8813988042328,1.27531225106781,-26.8266166213107,26.8266166213107,"Placebo donor"
"trade_openness","GAB","Gabon","BOL","Bolivia",3.87681408218741,10.4035086611902,2.68352013809241,6.72762591093155,7.90224335890522,"Placebo donor"
"trade_openness","GAB","Gabon","BTN","Bhutan",7.54431367162139,9.65466757644915,1.27972775214345,-2.29973973167428,8.98465793983769,"Placebo donor"
"trade_openness","GAB","Gabon","BWA","Botswana",12.6291973976242,8.4797253732806,0.671438184573455,-6.63370327016466,7.02883029089421,"Placebo donor"
"trade_openness","GAB","Gabon","CPV","Cabo Verde",9.85391828741728,10.0845799000821,1.02340811096022,7.78147409653607,8.61570901809043,"Placebo donor"
"trade_openness","GAB","Gabon","ECU","Ecuador",4.33679397276021,3.96982169962003,0.915381667783813,3.23458666651122,3.23458666651122,"Placebo donor"
"trade_openness","GAB","Gabon","IRQ","Iraq",39.4380588130105,29.3420193849346,0.744002627615503,25.158504868573,25.158504868573,"Placebo donor"
"trade_openness","GAB","Gabon","MAR","Morocco",3.94403786808669,3.03079548986407,0.768449896079309,0.887077728518124,2.83541090079507,"Placebo donor"
"trade_openness","GAB","Gabon","MUS","Mauritius",13.3450552497971,6.42915456376406,0.481763053312336,-1.47111968106659,5.18526189807174,"Placebo donor"
"trade_openness","GAB","Gabon","NAM","Namibia",6.64577226551474,8.57219470419678,1.28987187067458,-1.41951009414993,8.13250344172661,"Placebo donor"
"trade_openness","GAB","Gabon","SYC","Seychelles",22.968033273842,52.6464104042771,2.2921601417321,52.1210847738527,52.1210847738527,"Placebo donor"
"trade_openness","GNQ","Equatorial Guinea","BGD","Bangladesh",21.0782879108431,26.8813988042328,1.27531225106781,-26.8266166213107,26.8266166213107,"Placebo donor"
"trade_openness","GNQ","Equatorial Guinea","BOL","Bolivia",3.87681408218741,10.4035086611902,2.68352013809241,6.72762591093155,7.90224335890522,"Placebo donor"
"trade_openness","GNQ","Equatorial Guinea","BTN","Bhutan",7.54431367162139,9.65466757644915,1.27972775214345,-2.29973973167428,8.98465793983769,"Placebo donor"
"trade_openness","GNQ","Equatorial Guinea","BWA","Botswana",12.6291973976242,8.4797253732806,0.671438184573455,-6.63370327016466,7.02883029089421,"Placebo donor"
"trade_openness","GNQ","Equatorial Guinea","CPV","Cabo Verde",9.85391828741728,10.0845799000821,1.02340811096022,7.78147409653607,8.61570901809043,"Placebo donor"
"trade_openness","GNQ","Equatorial Guinea","ECU","Ecuador",4.33679397276021,3.96982169962003,0.915381667783813,3.23458666651122,3.23458666651122,"Placebo donor"
"trade_openness","GNQ","Equatorial Guinea","IRQ","Iraq",39.4380588130105,29.3420193849346,0.744002627615503,25.158504868573,25.158504868573,"Placebo donor"
"trade_openness","GNQ","Equatorial Guinea","MAR","Morocco",3.94403786808669,3.03079548986407,0.768449896079309,0.887077728518124,2.83541090079507,"Placebo donor"
"trade_openness","GNQ","Equatorial Guinea","MUS","Mauritius",13.3450552497971,6.42915456376406,0.481763053312336,-1.47111968106659,5.18526189807174,"Placebo donor"
"trade_openness","GNQ","Equatorial Guinea","NAM","Namibia",6.64577226551474,8.57219470419678,1.28987187067458,-1.41951009414993,8.13250344172661,"Placebo donor"
"trade_openness","GNQ","Equatorial Guinea","SYC","Seychelles",22.968033273842,52.6464104042771,2.2921601417321,52.1210847738527,52.1210847738527,"Placebo donor"
"trade_openness","MLI","Mali","BGD","Bangladesh",21.0782879108431,26.8813988042328,1.27531225106781,-26.8266166213107,26.8266166213107,"Placebo donor"
"trade_openness","MLI","Mali","BOL","Bolivia",3.87681408218741,10.4035086611902,2.68352013809241,6.72762591093155,7.90224335890522,"Placebo donor"
"trade_openness","MLI","Mali","BTN","Bhutan",7.54431367162139,9.65466757644915,1.27972775214345,-2.29973973167428,8.98465793983769,"Placebo donor"
"trade_openness","MLI","Mali","BWA","Botswana",12.6291973976242,8.4797253732806,0.671438184573455,-6.63370327016466,7.02883029089421,"Placebo donor"
"trade_openness","MLI","Mali","CPV","Cabo Verde",9.85391828741728,10.0845799000821,1.02340811096022,7.78147409653607,8.61570901809043,"Placebo donor"
"trade_openness","MLI","Mali","ECU","Ecuador",4.33679397276021,3.96982169962003,0.915381667783813,3.23458666651122,3.23458666651122,"Placebo donor"
"trade_openness","MLI","Mali","IRQ","Iraq",39.4380588130105,29.3420193849346,0.744002627615503,25.158504868573,25.158504868573,"Placebo donor"
"trade_openness","MLI","Mali","MAR","Morocco",3.94403786808669,3.03079548986407,0.768449896079309,0.887077728518124,2.83541090079507,"Placebo donor"
"trade_openness","MLI","Mali","MUS","Mauritius",13.3450552497971,6.42915456376406,0.481763053312336,-1.47111968106659,5.18526189807174,"Placebo donor"
"trade_openness","MLI","Mali","NAM","Namibia",6.64577226551474,8.57219470419678,1.28987187067458,-1.41951009414993,8.13250344172661,"Placebo donor"
"trade_openness","MLI","Mali","SYC","Seychelles",22.968033273842,52.6464104042771,2.2921601417321,52.1210847738527,52.1210847738527,"Placebo donor"
"trade_openness","NER","Niger","BGD","Bangladesh",21.0782879108431,26.8813988042328,1.27531225106781,-26.8266166213107,26.8266166213107,"Placebo donor"
"trade_openness","NER","Niger","BOL","Bolivia",3.87681408218741,10.4035086611902,2.68352013809241,6.72762591093155,7.90224335890522,"Placebo donor"
"trade_openness","NER","Niger","BTN","Bhutan",7.54431367162139,9.65466757644915,1.27972775214345,-2.29973973167428,8.98465793983769,"Placebo donor"
"trade_openness","NER","Niger","BWA","Botswana",12.6291973976242,8.4797253732806,0.671438184573455,-6.63370327016466,7.02883029089421,"Placebo donor"
"trade_openness","NER","Niger","CPV","Cabo Verde",9.85391828741728,10.0845799000821,1.02340811096022,7.78147409653607,8.61570901809043,"Placebo donor"
"trade_openness","NER","Niger","ECU","Ecuador",4.33679397276021,3.96982169962003,0.915381667783813,3.23458666651122,3.23458666651122,"Placebo donor"
"trade_openness","NER","Niger","IRQ","Iraq",39.4380588130105,29.3420193849346,0.744002627615503,25.158504868573,25.158504868573,"Placebo donor"
"trade_openness","NER","Niger","MAR","Morocco",3.94403786808669,3.03079548986407,0.768449896079309,0.887077728518124,2.83541090079507,"Placebo donor"
"trade_openness","NER","Niger","MUS","Mauritius",13.3450552497971,6.42915456376406,0.481763053312336,-1.47111968106659,5.18526189807174,"Placebo donor"
"trade_openness","NER","Niger","NAM","Namibia",6.64577226551474,8.57219470419678,1.28987187067458,-1.41951009414993,8.13250344172661,"Placebo donor"
"trade_openness","NER","Niger","SYC","Seychelles",22.968033273842,52.6464104042771,2.2921601417321,52.1210847738527,52.1210847738527,"Placebo donor"
"trade_openness","SEN","Senegal","BGD","Bangladesh",21.0782879108431,26.8813988042328,1.27531225106781,-26.8266166213107,26.8266166213107,"Placebo donor"
"trade_openness","SEN","Senegal","BOL","Bolivia",3.87681408218741,10.4035086611902,2.68352013809241,6.72762591093155,7.90224335890522,"Placebo donor"
"trade_openness","SEN","Senegal","BTN","Bhutan",7.54431367162139,9.65466757644915,1.27972775214345,-2.29973973167428,8.98465793983769,"Placebo donor"
"trade_openness","SEN","Senegal","BWA","Botswana",12.6291973976242,8.4797253732806,0.671438184573455,-6.63370327016466,7.02883029089421,"Placebo donor"
"trade_openness","SEN","Senegal","CPV","Cabo Verde",9.85391828741728,10.0845799000821,1.02340811096022,7.78147409653607,8.61570901809043,"Placebo donor"
"trade_openness","SEN","Senegal","ECU","Ecuador",4.33679397276021,3.96982169962003,0.915381667783813,3.23458666651122,3.23458666651122,"Placebo donor"
"trade_openness","SEN","Senegal","IRQ","Iraq",39.4380588130105,29.3420193849346,0.744002627615503,25.158504868573,25.158504868573,"Placebo donor"
"trade_openness","SEN","Senegal","MAR","Morocco",3.94403786808669,3.03079548986407,0.768449896079309,0.887077728518124,2.83541090079507,"Placebo donor"
"trade_openness","SEN","Senegal","MUS","Mauritius",13.3450552497971,6.42915456376406,0.481763053312336,-1.47111968106659,5.18526189807174,"Placebo donor"
"trade_openness","SEN","Senegal","NAM","Namibia",6.64577226551474,8.57219470419678,1.28987187067458,-1.41951009414993,8.13250344172661,"Placebo donor"
"trade_openness","SEN","Senegal","SYC","Seychelles",22.968033273842,52.6464104042771,2.2921601417321,52.1210847738527,52.1210847738527,"Placebo donor"
"trade_openness","TCD","Chad","BGD","Bangladesh",21.0782879108431,26.8813988042328,1.27531225106781,-26.8266166213107,26.8266166213107,"Placebo donor"
"trade_openness","TCD","Chad","BOL","Bolivia",3.87681408218741,10.4035086611902,2.68352013809241,6.72762591093155,7.90224335890522,"Placebo donor"
"trade_openness","TCD","Chad","BTN","Bhutan",7.54431367162139,9.65466757644915,1.27972775214345,-2.29973973167428,8.98465793983769,"Placebo donor"
"trade_openness","TCD","Chad","BWA","Botswana",12.6291973976242,8.4797253732806,0.671438184573455,-6.63370327016466,7.02883029089421,"Placebo donor"
"trade_openness","TCD","Chad","CPV","Cabo Verde",9.85391828741728,10.0845799000821,1.02340811096022,7.78147409653607,8.61570901809043,"Placebo donor"
"trade_openness","TCD","Chad","ECU","Ecuador",4.33679397276021,3.96982169962003,0.915381667783813,3.23458666651122,3.23458666651122,"Placebo donor"
"trade_openness","TCD","Chad","IRQ","Iraq",39.4380588130105,29.3420193849346,0.744002627615503,25.158504868573,25.158504868573,"Placebo donor"
"trade_openness","TCD","Chad","MAR","Morocco",3.94403786808669,3.03079548986407,0.768449896079309,0.887077728518124,2.83541090079507,"Placebo donor"
"trade_openness","TCD","Chad","MUS","Mauritius",13.3450552497971,6.42915456376406,0.481763053312336,-1.47111968106659,5.18526189807174,"Placebo donor"
"trade_openness","TCD","Chad","NAM","Namibia",6.64577226551474,8.57219470419678,1.28987187067458,-1.41951009414993,8.13250344172661,"Placebo donor"
"trade_openness","TCD","Chad","SYC","Seychelles",22.968033273842,52.6464104042771,2.2921601417321,52.1210847738527,52.1210847738527,"Placebo donor"
"trade_openness","TGO","Togo","BGD","Bangladesh",21.0782879108431,26.8813988042328,1.27531225106781,-26.8266166213107,26.8266166213107,"Placebo donor"
"trade_openness","TGO","Togo","BOL","Bolivia",3.87681408218741,10.4035086611902,2.68352013809241,6.72762591093155,7.90224335890522,"Placebo donor"
"trade_openness","TGO","Togo","BTN","Bhutan",7.54431367162139,9.65466757644915,1.27972775214345,-2.29973973167428,8.98465793983769,"Placebo donor"
"trade_openness","TGO","Togo","BWA","Botswana",12.6291973976242,8.4797253732806,0.671438184573455,-6.63370327016466,7.02883029089421,"Placebo donor"
"trade_openness","TGO","Togo","CPV","Cabo Verde",9.85391828741728,10.0845799000821,1.02340811096022,7.78147409653607,8.61570901809043,"Placebo donor"
"trade_openness","TGO","Togo","ECU","Ecuador",4.33679397276021,3.96982169962003,0.915381667783813,3.23458666651122,3.23458666651122,"Placebo donor"
"trade_openness","TGO","Togo","IRQ","Iraq",39.4380588130105,29.3420193849346,0.744002627615503,25.158504868573,25.158504868573,"Placebo donor"
"trade_openness","TGO","Togo","MAR","Morocco",3.94403786808669,3.03079548986407,0.768449896079309,0.887077728518124,2.83541090079507,"Placebo donor"
"trade_openness","TGO","Togo","MUS","Mauritius",13.3450552497971,6.42915456376406,0.481763053312336,-1.47111968106659,5.18526189807174,"Placebo donor"
"trade_openness","TGO","Togo","NAM","Namibia",6.64577226551474,8.57219470419678,1.28987187067458,-1.41951009414993,8.13250344172661,"Placebo donor"
"trade_openness","TGO","Togo","SYC","Seychelles",22.968033273842,52.6464104042771,2.2921601417321,52.1210847738527,52.1210847738527,"Placebo donor"
"exports_gdp","BEN","Benin","BGD","Bangladesh",13.4774176967139,16.4202458068604,1.21835251947886,-16.2048769457045,16.2048769457045,"Placebo donor"
"exports_gdp","BEN","Benin","BOL","Bolivia",3.35606818433434,6.87564458081882,2.04872016990399,4.43617265237315,5.99199434357219,"Placebo donor"
"exports_gdp","BEN","Benin","BTN","Bhutan",4.38541689517442,6.29386518890354,1.43518058587067,-3.53743400637411,5.63941317938164,"Placebo donor"
"exports_gdp","BEN","Benin","BWA","Botswana",8.56908091705001,2.18773266507877,0.255305403958295,-0.522285351068586,2.07882328332846,"Placebo donor"
"exports_gdp","BEN","Benin","CPV","Cabo Verde",2.76753423024529,3.08581771882334,1.11500616147748,2.539460714997,2.539460714997,"Placebo donor"
"exports_gdp","BEN","Benin","ECU","Ecuador",2.86072403359349,2.43957821915566,0.852783487854013,-2.05889406562792,2.05889406562792,"Placebo donor"
"exports_gdp","BEN","Benin","IRQ","Iraq",22.0040537838638,7.7157296547171,0.350650372449792,1.86077546356462,7.17183709944255,"Placebo donor"
"exports_gdp","BEN","Benin","MAR","Morocco",1.6420904374851,1.61349286950523,0.982584657137602,-1.5759603391466,1.5759603391466,"Placebo donor"
"exports_gdp","BEN","Benin","MUS","Mauritius",5.30422448638957,2.85347116263061,0.537961990476177,-0.700273027011351,2.1655875747529,"Placebo donor"
"exports_gdp","BEN","Benin","NAM","Namibia",5.11820305030283,5.41164635886711,1.05733326827409,-3.15105771530655,4.27447975422967,"Placebo donor"
"exports_gdp","BEN","Benin","SYC","Seychelles",15.2461285722253,36.1604806036093,2.37178116610434,35.9499292368336,35.9499292368336,"Placebo donor"
"exports_gdp","BFA","Burkina Faso","BGD","Bangladesh",13.4774176967139,16.4202458068604,1.21835251947886,-16.2048769457045,16.2048769457045,"Placebo donor"
"exports_gdp","BFA","Burkina Faso","BOL","Bolivia",3.35606818433434,6.87564458081882,2.04872016990399,4.43617265237315,5.99199434357219,"Placebo donor"
"exports_gdp","BFA","Burkina Faso","BTN","Bhutan",4.38541689517442,6.29386518890354,1.43518058587067,-3.53743400637411,5.63941317938164,"Placebo donor"
"exports_gdp","BFA","Burkina Faso","BWA","Botswana",8.56908091705001,2.18773266507877,0.255305403958295,-0.522285351068586,2.07882328332846,"Placebo donor"
"exports_gdp","BFA","Burkina Faso","CPV","Cabo Verde",2.76753423024529,3.08581771882334,1.11500616147748,2.539460714997,2.539460714997,"Placebo donor"
"exports_gdp","BFA","Burkina Faso","ECU","Ecuador",2.86072403359349,2.43957821915566,0.852783487854013,-2.05889406562792,2.05889406562792,"Placebo donor"
"exports_gdp","BFA","Burkina Faso","IRQ","Iraq",22.0040537838638,7.7157296547171,0.350650372449792,1.86077546356462,7.17183709944255,"Placebo donor"
"exports_gdp","BFA","Burkina Faso","MAR","Morocco",1.6420904374851,1.61349286950523,0.982584657137602,-1.5759603391466,1.5759603391466,"Placebo donor"
"exports_gdp","BFA","Burkina Faso","MUS","Mauritius",5.30422448638957,2.85347116263061,0.537961990476177,-0.700273027011351,2.1655875747529,"Placebo donor"
"exports_gdp","BFA","Burkina Faso","NAM","Namibia",5.11820305030283,5.41164635886711,1.05733326827409,-3.15105771530655,4.27447975422967,"Placebo donor"
"exports_gdp","BFA","Burkina Faso","SYC","Seychelles",15.2461285722253,36.1604806036093,2.37178116610434,35.9499292368336,35.9499292368336,"Placebo donor"
"exports_gdp","CAF","Central African Republic","BGD","Bangladesh",13.4774176967139,16.4202458068604,1.21835251947886,-16.2048769457045,16.2048769457045,"Placebo donor"
"exports_gdp","CAF","Central African Republic","BOL","Bolivia",3.35606818433434,6.87564458081882,2.04872016990399,4.43617265237315,5.99199434357219,"Placebo donor"
"exports_gdp","CAF","Central African Republic","BTN","Bhutan",4.38541689517442,6.29386518890354,1.43518058587067,-3.53743400637411,5.63941317938164,"Placebo donor"
"exports_gdp","CAF","Central African Republic","BWA","Botswana",8.56908091705001,2.18773266507877,0.255305403958295,-0.522285351068586,2.07882328332846,"Placebo donor"
"exports_gdp","CAF","Central African Republic","CPV","Cabo Verde",2.76753423024529,3.08581771882334,1.11500616147748,2.539460714997,2.539460714997,"Placebo donor"
"exports_gdp","CAF","Central African Republic","ECU","Ecuador",2.86072403359349,2.43957821915566,0.852783487854013,-2.05889406562792,2.05889406562792,"Placebo donor"
"exports_gdp","CAF","Central African Republic","IRQ","Iraq",22.0040537838638,7.7157296547171,0.350650372449792,1.86077546356462,7.17183709944255,"Placebo donor"
"exports_gdp","CAF","Central African Republic","MAR","Morocco",1.6420904374851,1.61349286950523,0.982584657137602,-1.5759603391466,1.5759603391466,"Placebo donor"
"exports_gdp","CAF","Central African Republic","MUS","Mauritius",5.30422448638957,2.85347116263061,0.537961990476177,-0.700273027011351,2.1655875747529,"Placebo donor"
"exports_gdp","CAF","Central African Republic","NAM","Namibia",5.11820305030283,5.41164635886711,1.05733326827409,-3.15105771530655,4.27447975422967,"Placebo donor"
"exports_gdp","CAF","Central African Republic","SYC","Seychelles",15.2461285722253,36.1604806036093,2.37178116610434,35.9499292368336,35.9499292368336,"Placebo donor"
"exports_gdp","CIV","Côte d'Ivoire","BGD","Bangladesh",13.4774176967139,16.4202458068604,1.21835251947886,-16.2048769457045,16.2048769457045,"Placebo donor"
"exports_gdp","CIV","Côte d'Ivoire","BOL","Bolivia",3.35606818433434,6.87564458081882,2.04872016990399,4.43617265237315,5.99199434357219,"Placebo donor"
"exports_gdp","CIV","Côte d'Ivoire","BTN","Bhutan",4.38541689517442,6.29386518890354,1.43518058587067,-3.53743400637411,5.63941317938164,"Placebo donor"
"exports_gdp","CIV","Côte d'Ivoire","BWA","Botswana",8.56908091705001,2.18773266507877,0.255305403958295,-0.522285351068586,2.07882328332846,"Placebo donor"
"exports_gdp","CIV","Côte d'Ivoire","CPV","Cabo Verde",2.76753423024529,3.08581771882334,1.11500616147748,2.539460714997,2.539460714997,"Placebo donor"
"exports_gdp","CIV","Côte d'Ivoire","ECU","Ecuador",2.86072403359349,2.43957821915566,0.852783487854013,-2.05889406562792,2.05889406562792,"Placebo donor"
"exports_gdp","CIV","Côte d'Ivoire","IRQ","Iraq",22.0040537838638,7.7157296547171,0.350650372449792,1.86077546356462,7.17183709944255,"Placebo donor"
"exports_gdp","CIV","Côte d'Ivoire","MAR","Morocco",1.6420904374851,1.61349286950523,0.982584657137602,-1.5759603391466,1.5759603391466,"Placebo donor"
"exports_gdp","CIV","Côte d'Ivoire","MUS","Mauritius",5.30422448638957,2.85347116263061,0.537961990476177,-0.700273027011351,2.1655875747529,"Placebo donor"
"exports_gdp","CIV","Côte d'Ivoire","NAM","Namibia",5.11820305030283,5.41164635886711,1.05733326827409,-3.15105771530655,4.27447975422967,"Placebo donor"
"exports_gdp","CIV","Côte d'Ivoire","SYC","Seychelles",15.2461285722253,36.1604806036093,2.37178116610434,35.9499292368336,35.9499292368336,"Placebo donor"
"exports_gdp","CMR","Cameroon","BGD","Bangladesh",13.4774176967139,16.4202458068604,1.21835251947886,-16.2048769457045,16.2048769457045,"Placebo donor"
"exports_gdp","CMR","Cameroon","BOL","Bolivia",3.35606818433434,6.87564458081882,2.04872016990399,4.43617265237315,5.99199434357219,"Placebo donor"
"exports_gdp","CMR","Cameroon","BTN","Bhutan",4.38541689517442,6.29386518890354,1.43518058587067,-3.53743400637411,5.63941317938164,"Placebo donor"
"exports_gdp","CMR","Cameroon","BWA","Botswana",8.56908091705001,2.18773266507877,0.255305403958295,-0.522285351068586,2.07882328332846,"Placebo donor"
"exports_gdp","CMR","Cameroon","CPV","Cabo Verde",2.76753423024529,3.08581771882334,1.11500616147748,2.539460714997,2.539460714997,"Placebo donor"
"exports_gdp","CMR","Cameroon","ECU","Ecuador",2.86072403359349,2.43957821915566,0.852783487854013,-2.05889406562792,2.05889406562792,"Placebo donor"
"exports_gdp","CMR","Cameroon","IRQ","Iraq",22.0040537838638,7.7157296547171,0.350650372449792,1.86077546356462,7.17183709944255,"Placebo donor"
"exports_gdp","CMR","Cameroon","MAR","Morocco",1.6420904374851,1.61349286950523,0.982584657137602,-1.5759603391466,1.5759603391466,"Placebo donor"
"exports_gdp","CMR","Cameroon","MUS","Mauritius",5.30422448638957,2.85347116263061,0.537961990476177,-0.700273027011351,2.1655875747529,"Placebo donor"
"exports_gdp","CMR","Cameroon","NAM","Namibia",5.11820305030283,5.41164635886711,1.05733326827409,-3.15105771530655,4.27447975422967,"Placebo donor"
"exports_gdp","CMR","Cameroon","SYC","Seychelles",15.2461285722253,36.1604806036093,2.37178116610434,35.9499292368336,35.9499292368336,"Placebo donor"
"exports_gdp","COG","Republic of Congo","BGD","Bangladesh",13.4774176967139,16.4202458068604,1.21835251947886,-16.2048769457045,16.2048769457045,"Placebo donor"
"exports_gdp","COG","Republic of Congo","BOL","Bolivia",3.35606818433434,6.87564458081882,2.04872016990399,4.43617265237315,5.99199434357219,"Placebo donor"
"exports_gdp","COG","Republic of Congo","BTN","Bhutan",4.38541689517442,6.29386518890354,1.43518058587067,-3.53743400637411,5.63941317938164,"Placebo donor"
"exports_gdp","COG","Republic of Congo","BWA","Botswana",8.56908091705001,2.18773266507877,0.255305403958295,-0.522285351068586,2.07882328332846,"Placebo donor"
"exports_gdp","COG","Republic of Congo","CPV","Cabo Verde",2.76753423024529,3.08581771882334,1.11500616147748,2.539460714997,2.539460714997,"Placebo donor"
"exports_gdp","COG","Republic of Congo","ECU","Ecuador",2.86072403359349,2.43957821915566,0.852783487854013,-2.05889406562792,2.05889406562792,"Placebo donor"
"exports_gdp","COG","Republic of Congo","IRQ","Iraq",22.0040537838638,7.7157296547171,0.350650372449792,1.86077546356462,7.17183709944255,"Placebo donor"
"exports_gdp","COG","Republic of Congo","MAR","Morocco",1.6420904374851,1.61349286950523,0.982584657137602,-1.5759603391466,1.5759603391466,"Placebo donor"
"exports_gdp","COG","Republic of Congo","MUS","Mauritius",5.30422448638957,2.85347116263061,0.537961990476177,-0.700273027011351,2.1655875747529,"Placebo donor"
"exports_gdp","COG","Republic of Congo","NAM","Namibia",5.11820305030283,5.41164635886711,1.05733326827409,-3.15105771530655,4.27447975422967,"Placebo donor"
"exports_gdp","COG","Republic of Congo","SYC","Seychelles",15.2461285722253,36.1604806036093,2.37178116610434,35.9499292368336,35.9499292368336,"Placebo donor"
"exports_gdp","GAB","Gabon","BGD","Bangladesh",13.4774176967139,16.4202458068604,1.21835251947886,-16.2048769457045,16.2048769457045,"Placebo donor"
"exports_gdp","GAB","Gabon","BOL","Bolivia",3.35606818433434,6.87564458081882,2.04872016990399,4.43617265237315,5.99199434357219,"Placebo donor"
"exports_gdp","GAB","Gabon","BTN","Bhutan",4.38541689517442,6.29386518890354,1.43518058587067,-3.53743400637411,5.63941317938164,"Placebo donor"
"exports_gdp","GAB","Gabon","BWA","Botswana",8.56908091705001,2.18773266507877,0.255305403958295,-0.522285351068586,2.07882328332846,"Placebo donor"
"exports_gdp","GAB","Gabon","CPV","Cabo Verde",2.76753423024529,3.08581771882334,1.11500616147748,2.539460714997,2.539460714997,"Placebo donor"
"exports_gdp","GAB","Gabon","ECU","Ecuador",2.86072403359349,2.43957821915566,0.852783487854013,-2.05889406562792,2.05889406562792,"Placebo donor"
"exports_gdp","GAB","Gabon","IRQ","Iraq",22.0040537838638,7.7157296547171,0.350650372449792,1.86077546356462,7.17183709944255,"Placebo donor"
"exports_gdp","GAB","Gabon","MAR","Morocco",1.6420904374851,1.61349286950523,0.982584657137602,-1.5759603391466,1.5759603391466,"Placebo donor"
"exports_gdp","GAB","Gabon","MUS","Mauritius",5.30422448638957,2.85347116263061,0.537961990476177,-0.700273027011351,2.1655875747529,"Placebo donor"
"exports_gdp","GAB","Gabon","NAM","Namibia",5.11820305030283,5.41164635886711,1.05733326827409,-3.15105771530655,4.27447975422967,"Placebo donor"
"exports_gdp","GAB","Gabon","SYC","Seychelles",15.2461285722253,36.1604806036093,2.37178116610434,35.9499292368336,35.9499292368336,"Placebo donor"
"exports_gdp","GNQ","Equatorial Guinea","BGD","Bangladesh",13.4774176967139,16.4202458068604,1.21835251947886,-16.2048769457045,16.2048769457045,"Placebo donor"
"exports_gdp","GNQ","Equatorial Guinea","BOL","Bolivia",3.35606818433434,6.87564458081882,2.04872016990399,4.43617265237315,5.99199434357219,"Placebo donor"
"exports_gdp","GNQ","Equatorial Guinea","BTN","Bhutan",4.38541689517442,6.29386518890354,1.43518058587067,-3.53743400637411,5.63941317938164,"Placebo donor"
"exports_gdp","GNQ","Equatorial Guinea","BWA","Botswana",8.56908091705001,2.18773266507877,0.255305403958295,-0.522285351068586,2.07882328332846,"Placebo donor"
"exports_gdp","GNQ","Equatorial Guinea","CPV","Cabo Verde",2.76753423024529,3.08581771882334,1.11500616147748,2.539460714997,2.539460714997,"Placebo donor"
"exports_gdp","GNQ","Equatorial Guinea","ECU","Ecuador",2.86072403359349,2.43957821915566,0.852783487854013,-2.05889406562792,2.05889406562792,"Placebo donor"
"exports_gdp","GNQ","Equatorial Guinea","IRQ","Iraq",22.0040537838638,7.7157296547171,0.350650372449792,1.86077546356462,7.17183709944255,"Placebo donor"
"exports_gdp","GNQ","Equatorial Guinea","MAR","Morocco",1.6420904374851,1.61349286950523,0.982584657137602,-1.5759603391466,1.5759603391466,"Placebo donor"
"exports_gdp","GNQ","Equatorial Guinea","MUS","Mauritius",5.30422448638957,2.85347116263061,0.537961990476177,-0.700273027011351,2.1655875747529,"Placebo donor"
"exports_gdp","GNQ","Equatorial Guinea","NAM","Namibia",5.11820305030283,5.41164635886711,1.05733326827409,-3.15105771530655,4.27447975422967,"Placebo donor"
"exports_gdp","GNQ","Equatorial Guinea","SYC","Seychelles",15.2461285722253,36.1604806036093,2.37178116610434,35.9499292368336,35.9499292368336,"Placebo donor"
"exports_gdp","MLI","Mali","BGD","Bangladesh",13.4774176967139,16.4202458068604,1.21835251947886,-16.2048769457045,16.2048769457045,"Placebo donor"
"exports_gdp","MLI","Mali","BOL","Bolivia",3.35606818433434,6.87564458081882,2.04872016990399,4.43617265237315,5.99199434357219,"Placebo donor"
"exports_gdp","MLI","Mali","BTN","Bhutan",4.38541689517442,6.29386518890354,1.43518058587067,-3.53743400637411,5.63941317938164,"Placebo donor"
"exports_gdp","MLI","Mali","BWA","Botswana",8.56908091705001,2.18773266507877,0.255305403958295,-0.522285351068586,2.07882328332846,"Placebo donor"
"exports_gdp","MLI","Mali","CPV","Cabo Verde",2.76753423024529,3.08581771882334,1.11500616147748,2.539460714997,2.539460714997,"Placebo donor"
"exports_gdp","MLI","Mali","ECU","Ecuador",2.86072403359349,2.43957821915566,0.852783487854013,-2.05889406562792,2.05889406562792,"Placebo donor"
"exports_gdp","MLI","Mali","IRQ","Iraq",22.0040537838638,7.7157296547171,0.350650372449792,1.86077546356462,7.17183709944255,"Placebo donor"
"exports_gdp","MLI","Mali","MAR","Morocco",1.6420904374851,1.61349286950523,0.982584657137602,-1.5759603391466,1.5759603391466,"Placebo donor"
"exports_gdp","MLI","Mali","MUS","Mauritius",5.30422448638957,2.85347116263061,0.537961990476177,-0.700273027011351,2.1655875747529,"Placebo donor"
"exports_gdp","MLI","Mali","NAM","Namibia",5.11820305030283,5.41164635886711,1.05733326827409,-3.15105771530655,4.27447975422967,"Placebo donor"
"exports_gdp","MLI","Mali","SYC","Seychelles",15.2461285722253,36.1604806036093,2.37178116610434,35.9499292368336,35.9499292368336,"Placebo donor"
"exports_gdp","NER","Niger","BGD","Bangladesh",13.4774176967139,16.4202458068604,1.21835251947886,-16.2048769457045,16.2048769457045,"Placebo donor"
"exports_gdp","NER","Niger","BOL","Bolivia",3.35606818433434,6.87564458081882,2.04872016990399,4.43617265237315,5.99199434357219,"Placebo donor"
"exports_gdp","NER","Niger","BTN","Bhutan",4.38541689517442,6.29386518890354,1.43518058587067,-3.53743400637411,5.63941317938164,"Placebo donor"
"exports_gdp","NER","Niger","BWA","Botswana",8.56908091705001,2.18773266507877,0.255305403958295,-0.522285351068586,2.07882328332846,"Placebo donor"
"exports_gdp","NER","Niger","CPV","Cabo Verde",2.76753423024529,3.08581771882334,1.11500616147748,2.539460714997,2.539460714997,"Placebo donor"
"exports_gdp","NER","Niger","ECU","Ecuador",2.86072403359349,2.43957821915566,0.852783487854013,-2.05889406562792,2.05889406562792,"Placebo donor"
"exports_gdp","NER","Niger","IRQ","Iraq",22.0040537838638,7.7157296547171,0.350650372449792,1.86077546356462,7.17183709944255,"Placebo donor"
"exports_gdp","NER","Niger","MAR","Morocco",1.6420904374851,1.61349286950523,0.982584657137602,-1.5759603391466,1.5759603391466,"Placebo donor"
"exports_gdp","NER","Niger","MUS","Mauritius",5.30422448638957,2.85347116263061,0.537961990476177,-0.700273027011351,2.1655875747529,"Placebo donor"
"exports_gdp","NER","Niger","NAM","Namibia",5.11820305030283,5.41164635886711,1.05733326827409,-3.15105771530655,4.27447975422967,"Placebo donor"
"exports_gdp","NER","Niger","SYC","Seychelles",15.2461285722253,36.1604806036093,2.37178116610434,35.9499292368336,35.9499292368336,"Placebo donor"
"exports_gdp","SEN","Senegal","BGD","Bangladesh",13.4774176967139,16.4202458068604,1.21835251947886,-16.2048769457045,16.2048769457045,"Placebo donor"
"exports_gdp","SEN","Senegal","BOL","Bolivia",3.35606818433434,6.87564458081882,2.04872016990399,4.43617265237315,5.99199434357219,"Placebo donor"
"exports_gdp","SEN","Senegal","BTN","Bhutan",4.38541689517442,6.29386518890354,1.43518058587067,-3.53743400637411,5.63941317938164,"Placebo donor"
"exports_gdp","SEN","Senegal","BWA","Botswana",8.56908091705001,2.18773266507877,0.255305403958295,-0.522285351068586,2.07882328332846,"Placebo donor"
"exports_gdp","SEN","Senegal","CPV","Cabo Verde",2.76753423024529,3.08581771882334,1.11500616147748,2.539460714997,2.539460714997,"Placebo donor"
"exports_gdp","SEN","Senegal","ECU","Ecuador",2.86072403359349,2.43957821915566,0.852783487854013,-2.05889406562792,2.05889406562792,"Placebo donor"
"exports_gdp","SEN","Senegal","IRQ","Iraq",22.0040537838638,7.7157296547171,0.350650372449792,1.86077546356462,7.17183709944255,"Placebo donor"
"exports_gdp","SEN","Senegal","MAR","Morocco",1.6420904374851,1.61349286950523,0.982584657137602,-1.5759603391466,1.5759603391466,"Placebo donor"
"exports_gdp","SEN","Senegal","MUS","Mauritius",5.30422448638957,2.85347116263061,0.537961990476177,-0.700273027011351,2.1655875747529,"Placebo donor"
"exports_gdp","SEN","Senegal","NAM","Namibia",5.11820305030283,5.41164635886711,1.05733326827409,-3.15105771530655,4.27447975422967,"Placebo donor"
"exports_gdp","SEN","Senegal","SYC","Seychelles",15.2461285722253,36.1604806036093,2.37178116610434,35.9499292368336,35.9499292368336,"Placebo donor"
"exports_gdp","TCD","Chad","BGD","Bangladesh",13.4774176967139,16.4202458068604,1.21835251947886,-16.2048769457045,16.2048769457045,"Placebo donor"
"exports_gdp","TCD","Chad","BOL","Bolivia",3.35606818433434,6.87564458081882,2.04872016990399,4.43617265237315,5.99199434357219,"Placebo donor"
"exports_gdp","TCD","Chad","BTN","Bhutan",4.38541689517442,6.29386518890354,1.43518058587067,-3.53743400637411,5.63941317938164,"Placebo donor"
"exports_gdp","TCD","Chad","BWA","Botswana",8.56908091705001,2.18773266507877,0.255305403958295,-0.522285351068586,2.07882328332846,"Placebo donor"
"exports_gdp","TCD","Chad","CPV","Cabo Verde",2.76753423024529,3.08581771882334,1.11500616147748,2.539460714997,2.539460714997,"Placebo donor"
"exports_gdp","TCD","Chad","ECU","Ecuador",2.86072403359349,2.43957821915566,0.852783487854013,-2.05889406562792,2.05889406562792,"Placebo donor"
"exports_gdp","TCD","Chad","IRQ","Iraq",22.0040537838638,7.7157296547171,0.350650372449792,1.86077546356462,7.17183709944255,"Placebo donor"
"exports_gdp","TCD","Chad","MAR","Morocco",1.6420904374851,1.61349286950523,0.982584657137602,-1.5759603391466,1.5759603391466,"Placebo donor"
"exports_gdp","TCD","Chad","MUS","Mauritius",5.30422448638957,2.85347116263061,0.537961990476177,-0.700273027011351,2.1655875747529,"Placebo donor"
"exports_gdp","TCD","Chad","NAM","Namibia",5.11820305030283,5.41164635886711,1.05733326827409,-3.15105771530655,4.27447975422967,"Placebo donor"
"exports_gdp","TCD","Chad","SYC","Seychelles",15.2461285722253,36.1604806036093,2.37178116610434,35.9499292368336,35.9499292368336,"Placebo donor"
"exports_gdp","TGO","Togo","BGD","Bangladesh",13.4774176967139,16.4202458068604,1.21835251947886,-16.2048769457045,16.2048769457045,"Placebo donor"
"exports_gdp","TGO","Togo","BOL","Bolivia",3.35606818433434,6.87564458081882,2.04872016990399,4.43617265237315,5.99199434357219,"Placebo donor"
"exports_gdp","TGO","Togo","BTN","Bhutan",4.38541689517442,6.29386518890354,1.43518058587067,-3.53743400637411,5.63941317938164,"Placebo donor"
"exports_gdp","TGO","Togo","BWA","Botswana",8.56908091705001,2.18773266507877,0.255305403958295,-0.522285351068586,2.07882328332846,"Placebo donor"
"exports_gdp","TGO","Togo","CPV","Cabo Verde",2.76753423024529,3.08581771882334,1.11500616147748,2.539460714997,2.539460714997,"Placebo donor"
"exports_gdp","TGO","Togo","ECU","Ecuador",2.86072403359349,2.43957821915566,0.852783487854013,-2.05889406562792,2.05889406562792,"Placebo donor"
"exports_gdp","TGO","Togo","IRQ","Iraq",22.0040537838638,7.7157296547171,0.350650372449792,1.86077546356462,7.17183709944255,"Placebo donor"
"exports_gdp","TGO","Togo","MAR","Morocco",1.6420904374851,1.61349286950523,0.982584657137602,-1.5759603391466,1.5759603391466,"Placebo donor"
"exports_gdp","TGO","Togo","MUS","Mauritius",5.30422448638957,2.85347116263061,0.537961990476177,-0.700273027011351,2.1655875747529,"Placebo donor"
"exports_gdp","TGO","Togo","NAM","Namibia",5.11820305030283,5.41164635886711,1.05733326827409,-3.15105771530655,4.27447975422967,"Placebo donor"
"exports_gdp","TGO","Togo","SYC","Seychelles",15.2461285722253,36.1604806036093,2.37178116610434,35.9499292368336,35.9499292368336,"Placebo donor"
"imports_gdp","BEN","Benin","BGD","Bangladesh",7.96963018493342,10.6888768733549,1.34120111289006,-10.6009945941874,10.6009945941874,"Placebo donor"
"imports_gdp","BEN","Benin","BOL","Bolivia",2.60307739487004,2.38478596268698,0.916141013473801,-1.54659876435777,2.22367602106329,"Placebo donor"
"imports_gdp","BEN","Benin","BTN","Bhutan",5.4694031389211,5.93188915022787,1.0845587716904,2.02267594836256,5.52078750619397,"Placebo donor"
"imports_gdp","BEN","Benin","BWA","Botswana",5.86107180821991,10.7383047486298,1.83214011020472,-10.2370969859454,10.2370969859454,"Placebo donor"
"imports_gdp","BEN","Benin","CPV","Cabo Verde",11.8275669458509,7.455622478691,0.630359778374066,7.2265743343543,7.2265743343543,"Placebo donor"
"imports_gdp","BEN","Benin","ECU","Ecuador",3.30441389106622,3.50972950380896,1.06213374580522,3.1925183277572,3.1925183277572,"Placebo donor"
"imports_gdp","BEN","Benin","IRQ","Iraq",19.9137633199247,21.9223190021114,1.10086268727403,19.1295418634248,19.1295418634248,"Placebo donor"
"imports_gdp","BEN","Benin","MAR","Morocco",2.70330399143758,2.7137833795693,1.00387651117481,1.98862851750102,2.0406284847367,"Placebo donor"
"imports_gdp","BEN","Benin","MUS","Mauritius",8.31614488584659,7.41891564146284,0.892109955189602,-6.701066050872,6.701066050872,"Placebo donor"
"imports_gdp","BEN","Benin","NAM","Namibia",2.91014601902306,5.89699374589549,2.0263566526724,0.545277527785023,5.35138935212454,"Placebo donor"
"imports_gdp","BEN","Benin","SYC","Seychelles",10.5136286418834,15.5294982618677,1.47708263158569,14.1645689187861,14.1645689187861,"Placebo donor"
"imports_gdp","BFA","Burkina Faso","BGD","Bangladesh",7.96963018493342,10.6888768733549,1.34120111289006,-10.6009945941874,10.6009945941874,"Placebo donor"
"imports_gdp","BFA","Burkina Faso","BOL","Bolivia",2.60307739487004,2.38478596268698,0.916141013473801,-1.54659876435777,2.22367602106329,"Placebo donor"
"imports_gdp","BFA","Burkina Faso","BTN","Bhutan",5.4694031389211,5.93188915022787,1.0845587716904,2.02267594836256,5.52078750619397,"Placebo donor"
"imports_gdp","BFA","Burkina Faso","BWA","Botswana",5.86107180821991,10.7383047486298,1.83214011020472,-10.2370969859454,10.2370969859454,"Placebo donor"
"imports_gdp","BFA","Burkina Faso","CPV","Cabo Verde",11.8275669458509,7.455622478691,0.630359778374066,7.2265743343543,7.2265743343543,"Placebo donor"
"imports_gdp","BFA","Burkina Faso","ECU","Ecuador",3.30441389106622,3.50972950380896,1.06213374580522,3.1925183277572,3.1925183277572,"Placebo donor"
"imports_gdp","BFA","Burkina Faso","IRQ","Iraq",19.9137633199247,21.9223190021114,1.10086268727403,19.1295418634248,19.1295418634248,"Placebo donor"
"imports_gdp","BFA","Burkina Faso","MAR","Morocco",2.70330399143758,2.7137833795693,1.00387651117481,1.98862851750102,2.0406284847367,"Placebo donor"
"imports_gdp","BFA","Burkina Faso","MUS","Mauritius",8.31614488584659,7.41891564146284,0.892109955189602,-6.701066050872,6.701066050872,"Placebo donor"
"imports_gdp","BFA","Burkina Faso","NAM","Namibia",2.91014601902306,5.89699374589549,2.0263566526724,0.545277527785023,5.35138935212454,"Placebo donor"
"imports_gdp","BFA","Burkina Faso","SYC","Seychelles",10.5136286418834,15.5294982618677,1.47708263158569,14.1645689187861,14.1645689187861,"Placebo donor"
"imports_gdp","CAF","Central African Republic","BGD","Bangladesh",7.96963018493342,10.6888768733549,1.34120111289006,-10.6009945941874,10.6009945941874,"Placebo donor"
"imports_gdp","CAF","Central African Republic","BOL","Bolivia",2.60307739487004,2.38478596268698,0.916141013473801,-1.54659876435777,2.22367602106329,"Placebo donor"
"imports_gdp","CAF","Central African Republic","BTN","Bhutan",5.4694031389211,5.93188915022787,1.0845587716904,2.02267594836256,5.52078750619397,"Placebo donor"
"imports_gdp","CAF","Central African Republic","BWA","Botswana",5.86107180821991,10.7383047486298,1.83214011020472,-10.2370969859454,10.2370969859454,"Placebo donor"
"imports_gdp","CAF","Central African Republic","CPV","Cabo Verde",11.8275669458509,7.455622478691,0.630359778374066,7.2265743343543,7.2265743343543,"Placebo donor"
"imports_gdp","CAF","Central African Republic","ECU","Ecuador",3.30441389106622,3.50972950380896,1.06213374580522,3.1925183277572,3.1925183277572,"Placebo donor"
"imports_gdp","CAF","Central African Republic","IRQ","Iraq",19.9137633199247,21.9223190021114,1.10086268727403,19.1295418634248,19.1295418634248,"Placebo donor"
"imports_gdp","CAF","Central African Republic","MAR","Morocco",2.70330399143758,2.7137833795693,1.00387651117481,1.98862851750102,2.0406284847367,"Placebo donor"
"imports_gdp","CAF","Central African Republic","MUS","Mauritius",8.31614488584659,7.41891564146284,0.892109955189602,-6.701066050872,6.701066050872,"Placebo donor"
"imports_gdp","CAF","Central African Republic","NAM","Namibia",2.91014601902306,5.89699374589549,2.0263566526724,0.545277527785023,5.35138935212454,"Placebo donor"
"imports_gdp","CAF","Central African Republic","SYC","Seychelles",10.5136286418834,15.5294982618677,1.47708263158569,14.1645689187861,14.1645689187861,"Placebo donor"
"imports_gdp","CIV","Côte d'Ivoire","BGD","Bangladesh",7.96963018493342,10.6888768733549,1.34120111289006,-10.6009945941874,10.6009945941874,"Placebo donor"
"imports_gdp","CIV","Côte d'Ivoire","BOL","Bolivia",2.60307739487004,2.38478596268698,0.916141013473801,-1.54659876435777,2.22367602106329,"Placebo donor"
"imports_gdp","CIV","Côte d'Ivoire","BTN","Bhutan",5.4694031389211,5.93188915022787,1.0845587716904,2.02267594836256,5.52078750619397,"Placebo donor"
"imports_gdp","CIV","Côte d'Ivoire","BWA","Botswana",5.86107180821991,10.7383047486298,1.83214011020472,-10.2370969859454,10.2370969859454,"Placebo donor"
"imports_gdp","CIV","Côte d'Ivoire","CPV","Cabo Verde",11.8275669458509,7.455622478691,0.630359778374066,7.2265743343543,7.2265743343543,"Placebo donor"
"imports_gdp","CIV","Côte d'Ivoire","ECU","Ecuador",3.30441389106622,3.50972950380896,1.06213374580522,3.1925183277572,3.1925183277572,"Placebo donor"
"imports_gdp","CIV","Côte d'Ivoire","IRQ","Iraq",19.9137633199247,21.9223190021114,1.10086268727403,19.1295418634248,19.1295418634248,"Placebo donor"
"imports_gdp","CIV","Côte d'Ivoire","MAR","Morocco",2.70330399143758,2.7137833795693,1.00387651117481,1.98862851750102,2.0406284847367,"Placebo donor"
"imports_gdp","CIV","Côte d'Ivoire","MUS","Mauritius",8.31614488584659,7.41891564146284,0.892109955189602,-6.701066050872,6.701066050872,"Placebo donor"
"imports_gdp","CIV","Côte d'Ivoire","NAM","Namibia",2.91014601902306,5.89699374589549,2.0263566526724,0.545277527785023,5.35138935212454,"Placebo donor"
"imports_gdp","CIV","Côte d'Ivoire","SYC","Seychelles",10.5136286418834,15.5294982618677,1.47708263158569,14.1645689187861,14.1645689187861,"Placebo donor"
"imports_gdp","CMR","Cameroon","BGD","Bangladesh",7.96963018493342,10.6888768733549,1.34120111289006,-10.6009945941874,10.6009945941874,"Placebo donor"
"imports_gdp","CMR","Cameroon","BOL","Bolivia",2.60307739487004,2.38478596268698,0.916141013473801,-1.54659876435777,2.22367602106329,"Placebo donor"
"imports_gdp","CMR","Cameroon","BTN","Bhutan",5.4694031389211,5.93188915022787,1.0845587716904,2.02267594836256,5.52078750619397,"Placebo donor"
"imports_gdp","CMR","Cameroon","BWA","Botswana",5.86107180821991,10.7383047486298,1.83214011020472,-10.2370969859454,10.2370969859454,"Placebo donor"
"imports_gdp","CMR","Cameroon","CPV","Cabo Verde",11.8275669458509,7.455622478691,0.630359778374066,7.2265743343543,7.2265743343543,"Placebo donor"
"imports_gdp","CMR","Cameroon","ECU","Ecuador",3.30441389106622,3.50972950380896,1.06213374580522,3.1925183277572,3.1925183277572,"Placebo donor"
"imports_gdp","CMR","Cameroon","IRQ","Iraq",19.9137633199247,21.9223190021114,1.10086268727403,19.1295418634248,19.1295418634248,"Placebo donor"
"imports_gdp","CMR","Cameroon","MAR","Morocco",2.70330399143758,2.7137833795693,1.00387651117481,1.98862851750102,2.0406284847367,"Placebo donor"
"imports_gdp","CMR","Cameroon","MUS","Mauritius",8.31614488584659,7.41891564146284,0.892109955189602,-6.701066050872,6.701066050872,"Placebo donor"
"imports_gdp","CMR","Cameroon","NAM","Namibia",2.91014601902306,5.89699374589549,2.0263566526724,0.545277527785023,5.35138935212454,"Placebo donor"
"imports_gdp","CMR","Cameroon","SYC","Seychelles",10.5136286418834,15.5294982618677,1.47708263158569,14.1645689187861,14.1645689187861,"Placebo donor"
"imports_gdp","COG","Republic of Congo","BGD","Bangladesh",7.96963018493342,10.6888768733549,1.34120111289006,-10.6009945941874,10.6009945941874,"Placebo donor"
"imports_gdp","COG","Republic of Congo","BOL","Bolivia",2.60307739487004,2.38478596268698,0.916141013473801,-1.54659876435777,2.22367602106329,"Placebo donor"
"imports_gdp","COG","Republic of Congo","BTN","Bhutan",5.4694031389211,5.93188915022787,1.0845587716904,2.02267594836256,5.52078750619397,"Placebo donor"
"imports_gdp","COG","Republic of Congo","BWA","Botswana",5.86107180821991,10.7383047486298,1.83214011020472,-10.2370969859454,10.2370969859454,"Placebo donor"
"imports_gdp","COG","Republic of Congo","CPV","Cabo Verde",11.8275669458509,7.455622478691,0.630359778374066,7.2265743343543,7.2265743343543,"Placebo donor"
"imports_gdp","COG","Republic of Congo","ECU","Ecuador",3.30441389106622,3.50972950380896,1.06213374580522,3.1925183277572,3.1925183277572,"Placebo donor"
"imports_gdp","COG","Republic of Congo","IRQ","Iraq",19.9137633199247,21.9223190021114,1.10086268727403,19.1295418634248,19.1295418634248,"Placebo donor"
"imports_gdp","COG","Republic of Congo","MAR","Morocco",2.70330399143758,2.7137833795693,1.00387651117481,1.98862851750102,2.0406284847367,"Placebo donor"
"imports_gdp","COG","Republic of Congo","MUS","Mauritius",8.31614488584659,7.41891564146284,0.892109955189602,-6.701066050872,6.701066050872,"Placebo donor"
"imports_gdp","COG","Republic of Congo","NAM","Namibia",2.91014601902306,5.89699374589549,2.0263566526724,0.545277527785023,5.35138935212454,"Placebo donor"
"imports_gdp","COG","Republic of Congo","SYC","Seychelles",10.5136286418834,15.5294982618677,1.47708263158569,14.1645689187861,14.1645689187861,"Placebo donor"
"imports_gdp","GAB","Gabon","BGD","Bangladesh",7.96963018493342,10.6888768733549,1.34120111289006,-10.6009945941874,10.6009945941874,"Placebo donor"
"imports_gdp","GAB","Gabon","BOL","Bolivia",2.60307739487004,2.38478596268698,0.916141013473801,-1.54659876435777,2.22367602106329,"Placebo donor"
"imports_gdp","GAB","Gabon","BTN","Bhutan",5.4694031389211,5.93188915022787,1.0845587716904,2.02267594836256,5.52078750619397,"Placebo donor"
"imports_gdp","GAB","Gabon","BWA","Botswana",5.86107180821991,10.7383047486298,1.83214011020472,-10.2370969859454,10.2370969859454,"Placebo donor"
"imports_gdp","GAB","Gabon","CPV","Cabo Verde",11.8275669458509,7.455622478691,0.630359778374066,7.2265743343543,7.2265743343543,"Placebo donor"
"imports_gdp","GAB","Gabon","ECU","Ecuador",3.30441389106622,3.50972950380896,1.06213374580522,3.1925183277572,3.1925183277572,"Placebo donor"
"imports_gdp","GAB","Gabon","IRQ","Iraq",19.9137633199247,21.9223190021114,1.10086268727403,19.1295418634248,19.1295418634248,"Placebo donor"
"imports_gdp","GAB","Gabon","MAR","Morocco",2.70330399143758,2.7137833795693,1.00387651117481,1.98862851750102,2.0406284847367,"Placebo donor"
"imports_gdp","GAB","Gabon","MUS","Mauritius",8.31614488584659,7.41891564146284,0.892109955189602,-6.701066050872,6.701066050872,"Placebo donor"
"imports_gdp","GAB","Gabon","NAM","Namibia",2.91014601902306,5.89699374589549,2.0263566526724,0.545277527785023,5.35138935212454,"Placebo donor"
"imports_gdp","GAB","Gabon","SYC","Seychelles",10.5136286418834,15.5294982618677,1.47708263158569,14.1645689187861,14.1645689187861,"Placebo donor"
"imports_gdp","GNQ","Equatorial Guinea","BGD","Bangladesh",7.96963018493342,10.6888768733549,1.34120111289006,-10.6009945941874,10.6009945941874,"Placebo donor"
"imports_gdp","GNQ","Equatorial Guinea","BOL","Bolivia",2.60307739487004,2.38478596268698,0.916141013473801,-1.54659876435777,2.22367602106329,"Placebo donor"
"imports_gdp","GNQ","Equatorial Guinea","BTN","Bhutan",5.4694031389211,5.93188915022787,1.0845587716904,2.02267594836256,5.52078750619397,"Placebo donor"
"imports_gdp","GNQ","Equatorial Guinea","BWA","Botswana",5.86107180821991,10.7383047486298,1.83214011020472,-10.2370969859454,10.2370969859454,"Placebo donor"
"imports_gdp","GNQ","Equatorial Guinea","CPV","Cabo Verde",11.8275669458509,7.455622478691,0.630359778374066,7.2265743343543,7.2265743343543,"Placebo donor"
"imports_gdp","GNQ","Equatorial Guinea","ECU","Ecuador",3.30441389106622,3.50972950380896,1.06213374580522,3.1925183277572,3.1925183277572,"Placebo donor"
"imports_gdp","GNQ","Equatorial Guinea","IRQ","Iraq",19.9137633199247,21.9223190021114,1.10086268727403,19.1295418634248,19.1295418634248,"Placebo donor"
"imports_gdp","GNQ","Equatorial Guinea","MAR","Morocco",2.70330399143758,2.7137833795693,1.00387651117481,1.98862851750102,2.0406284847367,"Placebo donor"
"imports_gdp","GNQ","Equatorial Guinea","MUS","Mauritius",8.31614488584659,7.41891564146284,0.892109955189602,-6.701066050872,6.701066050872,"Placebo donor"
"imports_gdp","GNQ","Equatorial Guinea","NAM","Namibia",2.91014601902306,5.89699374589549,2.0263566526724,0.545277527785023,5.35138935212454,"Placebo donor"
"imports_gdp","GNQ","Equatorial Guinea","SYC","Seychelles",10.5136286418834,15.5294982618677,1.47708263158569,14.1645689187861,14.1645689187861,"Placebo donor"
"imports_gdp","MLI","Mali","BGD","Bangladesh",7.96963018493342,10.6888768733549,1.34120111289006,-10.6009945941874,10.6009945941874,"Placebo donor"
"imports_gdp","MLI","Mali","BOL","Bolivia",2.60307739487004,2.38478596268698,0.916141013473801,-1.54659876435777,2.22367602106329,"Placebo donor"
"imports_gdp","MLI","Mali","BTN","Bhutan",5.4694031389211,5.93188915022787,1.0845587716904,2.02267594836256,5.52078750619397,"Placebo donor"
"imports_gdp","MLI","Mali","BWA","Botswana",5.86107180821991,10.7383047486298,1.83214011020472,-10.2370969859454,10.2370969859454,"Placebo donor"
"imports_gdp","MLI","Mali","CPV","Cabo Verde",11.8275669458509,7.455622478691,0.630359778374066,7.2265743343543,7.2265743343543,"Placebo donor"
"imports_gdp","MLI","Mali","ECU","Ecuador",3.30441389106622,3.50972950380896,1.06213374580522,3.1925183277572,3.1925183277572,"Placebo donor"
"imports_gdp","MLI","Mali","IRQ","Iraq",19.9137633199247,21.9223190021114,1.10086268727403,19.1295418634248,19.1295418634248,"Placebo donor"
"imports_gdp","MLI","Mali","MAR","Morocco",2.70330399143758,2.7137833795693,1.00387651117481,1.98862851750102,2.0406284847367,"Placebo donor"
"imports_gdp","MLI","Mali","MUS","Mauritius",8.31614488584659,7.41891564146284,0.892109955189602,-6.701066050872,6.701066050872,"Placebo donor"
"imports_gdp","MLI","Mali","NAM","Namibia",2.91014601902306,5.89699374589549,2.0263566526724,0.545277527785023,5.35138935212454,"Placebo donor"
"imports_gdp","MLI","Mali","SYC","Seychelles",10.5136286418834,15.5294982618677,1.47708263158569,14.1645689187861,14.1645689187861,"Placebo donor"
"imports_gdp","NER","Niger","BGD","Bangladesh",7.96963018493342,10.6888768733549,1.34120111289006,-10.6009945941874,10.6009945941874,"Placebo donor"
"imports_gdp","NER","Niger","BOL","Bolivia",2.60307739487004,2.38478596268698,0.916141013473801,-1.54659876435777,2.22367602106329,"Placebo donor"
"imports_gdp","NER","Niger","BTN","Bhutan",5.4694031389211,5.93188915022787,1.0845587716904,2.02267594836256,5.52078750619397,"Placebo donor"
"imports_gdp","NER","Niger","BWA","Botswana",5.86107180821991,10.7383047486298,1.83214011020472,-10.2370969859454,10.2370969859454,"Placebo donor"
"imports_gdp","NER","Niger","CPV","Cabo Verde",11.8275669458509,7.455622478691,0.630359778374066,7.2265743343543,7.2265743343543,"Placebo donor"
"imports_gdp","NER","Niger","ECU","Ecuador",3.30441389106622,3.50972950380896,1.06213374580522,3.1925183277572,3.1925183277572,"Placebo donor"
"imports_gdp","NER","Niger","IRQ","Iraq",19.9137633199247,21.9223190021114,1.10086268727403,19.1295418634248,19.1295418634248,"Placebo donor"
"imports_gdp","NER","Niger","MAR","Morocco",2.70330399143758,2.7137833795693,1.00387651117481,1.98862851750102,2.0406284847367,"Placebo donor"
"imports_gdp","NER","Niger","MUS","Mauritius",8.31614488584659,7.41891564146284,0.892109955189602,-6.701066050872,6.701066050872,"Placebo donor"
"imports_gdp","NER","Niger","NAM","Namibia",2.91014601902306,5.89699374589549,2.0263566526724,0.545277527785023,5.35138935212454,"Placebo donor"
"imports_gdp","NER","Niger","SYC","Seychelles",10.5136286418834,15.5294982618677,1.47708263158569,14.1645689187861,14.1645689187861,"Placebo donor"
"imports_gdp","SEN","Senegal","BGD","Bangladesh",7.96963018493342,10.6888768733549,1.34120111289006,-10.6009945941874,10.6009945941874,"Placebo donor"
"imports_gdp","SEN","Senegal","BOL","Bolivia",2.60307739487004,2.38478596268698,0.916141013473801,-1.54659876435777,2.22367602106329,"Placebo donor"
"imports_gdp","SEN","Senegal","BTN","Bhutan",5.4694031389211,5.93188915022787,1.0845587716904,2.02267594836256,5.52078750619397,"Placebo donor"
"imports_gdp","SEN","Senegal","BWA","Botswana",5.86107180821991,10.7383047486298,1.83214011020472,-10.2370969859454,10.2370969859454,"Placebo donor"
"imports_gdp","SEN","Senegal","CPV","Cabo Verde",11.8275669458509,7.455622478691,0.630359778374066,7.2265743343543,7.2265743343543,"Placebo donor"
"imports_gdp","SEN","Senegal","ECU","Ecuador",3.30441389106622,3.50972950380896,1.06213374580522,3.1925183277572,3.1925183277572,"Placebo donor"
"imports_gdp","SEN","Senegal","IRQ","Iraq",19.9137633199247,21.9223190021114,1.10086268727403,19.1295418634248,19.1295418634248,"Placebo donor"
"imports_gdp","SEN","Senegal","MAR","Morocco",2.70330399143758,2.7137833795693,1.00387651117481,1.98862851750102,2.0406284847367,"Placebo donor"
"imports_gdp","SEN","Senegal","MUS","Mauritius",8.31614488584659,7.41891564146284,0.892109955189602,-6.701066050872,6.701066050872,"Placebo donor"
"imports_gdp","SEN","Senegal","NAM","Namibia",2.91014601902306,5.89699374589549,2.0263566526724,0.545277527785023,5.35138935212454,"Placebo donor"
"imports_gdp","SEN","Senegal","SYC","Seychelles",10.5136286418834,15.5294982618677,1.47708263158569,14.1645689187861,14.1645689187861,"Placebo donor"
"imports_gdp","TCD","Chad","BGD","Bangladesh",7.96963018493342,10.6888768733549,1.34120111289006,-10.6009945941874,10.6009945941874,"Placebo donor"
"imports_gdp","TCD","Chad","BOL","Bolivia",2.60307739487004,2.38478596268698,0.916141013473801,-1.54659876435777,2.22367602106329,"Placebo donor"
"imports_gdp","TCD","Chad","BTN","Bhutan",5.4694031389211,5.93188915022787,1.0845587716904,2.02267594836256,5.52078750619397,"Placebo donor"
"imports_gdp","TCD","Chad","BWA","Botswana",5.86107180821991,10.7383047486298,1.83214011020472,-10.2370969859454,10.2370969859454,"Placebo donor"
"imports_gdp","TCD","Chad","CPV","Cabo Verde",11.8275669458509,7.455622478691,0.630359778374066,7.2265743343543,7.2265743343543,"Placebo donor"
"imports_gdp","TCD","Chad","ECU","Ecuador",3.30441389106622,3.50972950380896,1.06213374580522,3.1925183277572,3.1925183277572,"Placebo donor"
"imports_gdp","TCD","Chad","IRQ","Iraq",19.9137633199247,21.9223190021114,1.10086268727403,19.1295418634248,19.1295418634248,"Placebo donor"
"imports_gdp","TCD","Chad","MAR","Morocco",2.70330399143758,2.7137833795693,1.00387651117481,1.98862851750102,2.0406284847367,"Placebo donor"
"imports_gdp","TCD","Chad","MUS","Mauritius",8.31614488584659,7.41891564146284,0.892109955189602,-6.701066050872,6.701066050872,"Placebo donor"
"imports_gdp","TCD","Chad","NAM","Namibia",2.91014601902306,5.89699374589549,2.0263566526724,0.545277527785023,5.35138935212454,"Placebo donor"
"imports_gdp","TCD","Chad","SYC","Seychelles",10.5136286418834,15.5294982618677,1.47708263158569,14.1645689187861,14.1645689187861,"Placebo donor"
"imports_gdp","TGO","Togo","BGD","Bangladesh",7.96963018493342,10.6888768733549,1.34120111289006,-10.6009945941874,10.6009945941874,"Placebo donor"
"imports_gdp","TGO","Togo","BOL","Bolivia",2.60307739487004,2.38478596268698,0.916141013473801,-1.54659876435777,2.22367602106329,"Placebo donor"
"imports_gdp","TGO","Togo","BTN","Bhutan",5.4694031389211,5.93188915022787,1.0845587716904,2.02267594836256,5.52078750619397,"Placebo donor"
"imports_gdp","TGO","Togo","BWA","Botswana",5.86107180821991,10.7383047486298,1.83214011020472,-10.2370969859454,10.2370969859454,"Placebo donor"
"imports_gdp","TGO","Togo","CPV","Cabo Verde",11.8275669458509,7.455622478691,0.630359778374066,7.2265743343543,7.2265743343543,"Placebo donor"
"imports_gdp","TGO","Togo","ECU","Ecuador",3.30441389106622,3.50972950380896,1.06213374580522,3.1925183277572,3.1925183277572,"Placebo donor"
"imports_gdp","TGO","Togo","IRQ","Iraq",19.9137633199247,21.9223190021114,1.10086268727403,19.1295418634248,19.1295418634248,"Placebo donor"
"imports_gdp","TGO","Togo","MAR","Morocco",2.70330399143758,2.7137833795693,1.00387651117481,1.98862851750102,2.0406284847367,"Placebo donor"
"imports_gdp","TGO","Togo","MUS","Mauritius",8.31614488584659,7.41891564146284,0.892109955189602,-6.701066050872,6.701066050872,"Placebo donor"
"imports_gdp","TGO","Togo","NAM","Namibia",2.91014601902306,5.89699374589549,2.0263566526724,0.545277527785023,5.35138935212454,"Placebo donor"
"imports_gdp","TGO","Togo","SYC","Seychelles",10.5136286418834,15.5294982618677,1.47708263158569,14.1645689187861,14.1645689187861,"Placebo donor"
