iso2c,iso3c,year,wdi_gdp_pc_ppp_constant,wdi_gdp_pc_ppp_current,wdi_gdp_pc_constant,wdi_gdp_pc_current,wdi_gdp_pc_growth,wdi_gdp_ppp_constant,wdi_gdp_ppp_current,wdi_gdp_constant,wdi_gdp_current,rgdpo,rgdpe,cgdpo,cgdpe,rgdpna,pop,pwt_rgdpo_pc,pwt_rgdpe_pc,pwt_cgdpo_pc,pwt_cgdpe_pc,pwt_rgdpna_pc,country,region,wdi_gdp_ppp_constant_pc_pwtpop,wdi_gdp_ppp_current_pc_pwtpop,wdi_gdp_constant_pc_pwtpop,wdi_gdp_current_pc_pwtpop
AO,AGO,1980,NA,NA,3186.7395967321,729.111965489822,NA,NA,NA,25920531977.1505,5930503400.96263,28927.419921875,30380.06640625,31178.4765625,31392.541015625,56688.81640625,8.341289,3467.9795798796804,3642.1308992231297,3737.8487380667425,3763.511972265318,6796.169801364034,Angola,Non-CFA comparison,NA,NA,3107.497171858031,710.9816481556544
AO,AGO,1981,NA,NA,2937.55129349615,657.982648547398,-7.81953767077414,NA,NA,24780028254.2752,5550483035.96497,28634.07421875,29912.49609375,30805.71484375,30972.29296875,54194.50390625,8.640445999999999,3313.957892769656,3461.9157499219373,3565.2922133591255,3584.571093754883,6272.188253505665,Angola,Non-CFA comparison,NA,NA,2867.9107831094834,642.3838579588335
AO,AGO,1982,NA,NA,2831.46994192125,634.221467312782,-3.61121699593038,NA,NA,24780028254.2752,5550483035.96497,28998.65625,30552.607421875,31218.009765625,31754.470703125,54194.50390625,8.95295,3239.0057187854286,3412.574338276769,3486.8964716238784,3546.816491002966,6053.256625609436,Angola,Non-CFA comparison,NA,NA,2767.805947120804,619.9613575374564
AO,AGO,1983,NA,NA,2842.76539931284,636.83281102292,0.398925562456483,NA,NA,25820789794.9468,5784341596.36339,29083.146484375,31005.7265625,31163.55078125,32040.8203125,56470.67578125,9.278096,3134.602884511542,3341.8199771267728,3358.8303873176137,3453.383141595,6086.450903423504,Angola,Non-CFA comparison,NA,NA,2782.9836849011695,623.4405848315635
AO,AGO,1984,NA,NA,2903.70027040203,650.491094413218,2.14350685089639,NA,NA,27370037741.6871,6131475065.17815,31850.689453125,34438.75,33838.43359375,35351.60546875,59858.921875,9.614754,3312.688962517918,3581.864913028456,3519.4279119101748,3676.80810853299,6225.736183681871,Angola,Non-CFA comparison,NA,NA,2846.670621181478,637.7152306942174
AO,AGO,1985,NA,NA,2896.78303600758,772.468832586265,-0.238221364131547,NA,NA,28327988923.0825,7554065410.121,32966.546875,35114.29296875,35775.9765625,36121.62890625,61953.98046875,9.961997,3309.2307571463834,3524.8246881373284,3591.2454663959443,3625.942560136286,6219.032235077967,Angola,Non-CFA comparison,NA,NA,2843.605446085007,758.2882639014045
AO,AGO,1986,NA,NA,2874.86018427609,697.526602399253,-0.756799921119097,NA,NA,29149501095.4582,7072536108.69711,29358.6796875,30319.908203125,31471.435546875,31211.931640625,63921.7421875,10.320110999999999,2844.802704883698,2937.9440010989224,3049.5249079079676,3024.3794510180173,6193.9006457876285,Angola,Non-CFA comparison,NA,NA,2824.533679478661,685.315895216351
AO,AGO,1987,NA,NA,2890.07547573739,770.10114008645,0.529253267498845,NA,NA,30339601953.5736,8084412414.26566,32969.546875,34479.484375,35511.828125,35470.16015625,68396.5,10.68925,3084.364840844774,3225.622412704353,3322.200166054681,3318.3020470332344,6398.6247865846535,Angola,Non-CFA comparison,NA,NA,2838.328409717576,756.3124086596964
AO,AGO,1988,NA,NA,2964.572344914,807.43962838624,2.57767901918209,NA,NA,32199082928.6633,8769836768.83482,31056.705078125,32761.546875,33438.0703125,33697.2734375,72208.15625,11.06805,2805.9780248666207,2960.010740374321,3021.1347357935683,3044.5537775398557,6524.0178938476065,Angola,Non-CFA comparison,NA,NA,2909.192037320332,792.3560852033394
AO,AGO,1989,NA,NA,2866.24611384236,907.747893072936,-3.31670877387509,NA,NA,32212484657.6765,10201780976.6696,33118.72265625,34640.91796875,35471.6015625,35647.3671875,72487.9453125,11.454777,2891.258612563998,3024.1459933048022,3096.6645236742715,3112.0088315556036,6328.184766276986,Angola,Non-CFA comparison,NA,NA,2812.1441960569373,890.6136694472184
AO,AGO,1990,8368.72287865566,3704.86317724923,2675.05239370666,965.866840464665,-6.670526972975,97297784927.487,43074073049.4434,31101122148.0954,11229515599.3048,35987.328125,36310.5546875,37988.03515625,37133.44140625,72165.6328125,11.848386,3037.3190175438244,3064.5992363432456,3206.1780529643447,3134.050612990664,6090.756396061033,Angola,Non-CFA comparison,8211.90202002931,3635.438029233973,2624.9247912834207,947.7675355364688
AO,AGO,1991,8172.50539080906,3740.35083482761,2612.33170523819,881.919488130062,-2.34465271095358,98262355569.0491,44972216732.724,31409446015.5508,10603784541.197,33312.19140625,33509.2890625,33016.96875,34268.98046875,72881.0546875,12.248901,2719.606551334687,2735.6975995234184,2695.504580370108,2797.7187887101054,5950.007652727375,Angola,Non-CFA comparison,8022.136481391196,3671.5307546957883,2564.266460766627,865.6927295923937
AO,AGO,1992,7447.49422684139,3486.20686711865,2380.58274213388,668.706017459877,-8.87134519095005,92525523395.9401,43311630089.5044,29575674380.4416,8307810973.58848,38985.7890625,38332.8515625,42753.703125,39262.390625,68626.0546875,12.657366,3080.0870467441646,3028.5014719887217,3377.772525895198,3101.9400580657934,5421.827470857681,Angola,Non-CFA comparison,7310.014057896414,3421.8517572695932,2336.6373683467477,656.3617559600062
AO,AGO,1993,5483.27751126366,2627.58810059137,1752.72318662558,449.727894936295,-26.3741958805222,70334740879.4429,33704427290.6791,22482416932.4765,5768720421.61367,33555.55859375,33135.31640625,35172.16796875,33907.76953125,52167.17578125,13.075049,2566.381096831836,2534.240323401465,2690.021885864443,2593.318734885812,3989.826407629524,Angola,Non-CFA comparison,5379.3099268265,2577.7668053618077,1719.4900709340745,441.2006732528246
AO,AGO,1994,5379.47533872491,2632.88819939076,1719.54294465223,334.973590276074,-1.89306801134015,71276778681.9252,34885147280.3125,22783538204.5071,4438321017.39068,35790.5390625,36157.69140625,36822.78125,36429.9921875,52865.88671875,13.503746999999999,2650.415404146716,2677.6043276173646,2726.856571735238,2697.769158997129,3914.9050051626414,Angola,Non-CFA comparison,5278.2963633667905,2583.3679555987314,1687.2012045624895,328.6732947078082
AO,AGO,1995,5983.18421691116,2989.761380067,1912.51777523397,404.29481849612,11.2224490340232,81968295504.7868,40959067179.8915,26201068941.7593,5538749259.94714,31983.10546875,36550.82421875,32026.1796875,36195.3046875,60795.7734375,13.945205999999999,2293.4839018333614,2621.031501345337,2296.5727209408024,2595.5374691130414,4359.6181682436245,Angola,Non-CFA comparison,5877.8834464537,2937.1432146568154,1878.8585082041316,397.17945076947166
AO,AGO,1996,6567.67778259899,3341.9118881012,2099.3504538481902,531.115366543271,9.76893815229334,93070384529.9102,47358143134.6612,29749838599.0205,7526421519.16979,40620.8203125,48771.6015625,39732.5625,47421.2734375,69030.1796875,14.400718999999999,2820.749457891651,3386.747672980773,2759.0679673702407,3292.979568415994,4793.523135025412,Angola,Non-CFA comparison,6462.898451800234,3288.595738494808,2065.8578643900005,522.6420652447833
AO,AGO,1997,6810.21622212226,3525.08342955598,2176.87757986492,521.70291489053,3.69291015107154,99840582435.6121,51679178936.747,31913924371.2602,7648380195.59902,41782.3203125,45720.8046875,40691.0625,44510.02734375,74051.625,14.87157,2809.543330831916,3074.3764570586695,2736.164540798315,2992.9608873676416,4979.408697265992,Angola,Non-CFA comparison,6713.519987170965,3475.031818210653,2145.9687424569297,514.295410343294
AO,AGO,1998,6895.02600537711,3609.09297822035,2203.98692701325,429.188126933192,1.24533172646349,104524250375.134,54711575821.2443,33411053301.7568,6506221615.78722,43945.71484375,47414.22265625,43199.82421875,46014.2421875,77525.5,15.359601,2861.1234656258325,3086.943642367403,2812.561616590822,2995.796712915915,5047.364186087907,Angola,Non-CFA comparison,6805.140991301402,3562.0440805229446,2175.255288321409,423.59313993815465
AO,AGO,1999,6817.05713550008,3618.77608190863,2179.06426975438,392.725539027496,-1.1307987789491,106804436150.307,56696215287.6417,34139911994.3453,6152923310.44546,42790.30078125,49751.9921875,42868.44921875,48516.4921875,79216.703125,15.866869,2696.8333060070013,3135.58977435939,2701.75856489078,3057.723120263992,4992.585690661466,Angola,Non-CFA comparison,6731.2861882395955,3573.2453130886565,2151.6476876657453,387.78433920677486
AO,AGO,2000,6796.40633958013,3689.53780847244,2172.46326720494,563.733795571487,-0.302928309232016,110066910340.27,59751581478.7583,35182758019.6959,9129594970.15301,36538.80859375,40896.87890625,37817.1171875,40331.171875,81636.4765625,16.395473,2228.591306499666,2494.400674274539,2306.5584742507885,2459.8968187743044,4979.208380416961,Angola,Non-CFA comparison,6713.250074594981,3644.3951009378197,2145.882465220485,556.8363273296848
AO,AGO,2001,6848.68325514498,3801.63313374818,2189.17352158246,533.586202412447,0.769184668379836,114696323000.03,63666740830.5725,36662544314.034,8936079117.73136,39557.390625,40838.36328125,39914.6640625,40581.89453125,84199.8671875,16.945753,2334.3542553110506,2409.9468038540394,2355.43761687663,2394.812111993489,4968.7887689322515,Angola,Non-CFA comparison,6768.440623442936,3757.0912800730957,2163.5240590390995,527.3344369961818
AO,AGO,2002,7523.81291488042,4241.2915015658,2404.97792071531,999.065855913758,9.85780236264037,130370365521.361,73491822510.3902,41672733511.8008,17311512432.451,44386.85546875,46391.69140625,46788.27734375,46423.421875,96434.1015625,17.519417,2533.5806247862015,2648.0157077287445,2670.6526446485063,2649.8268678118684,5504.41270748336,Angola,Non-CFA comparison,7441.478533295999,4194.878317605557,2378.6598327901434,988.1329060465312
AO,AGO,2003,7518.88948314505,4322.19773214742,2403.40415157038,1133.66331960607,-0.0654379872422197,134916787445.384,77556271312.7064,43125991915.3832,20342128111.9753,48612.578125,48488.30859375,50810.56640625,48678.51953125,99317.3359375,18.121479,2682.5944022008357,2675.7368200327355,2803.886283578178,2686.233255643758,5480.641835994733,Angola,Non-CFA comparison,7445.131131150168,4279.798095547632,2379.8273813844444,1122.5423770308869
AO,AGO,2004,8081.75707952672,4770.68802563462,2583.32411461288,1451.47117872493,7.48604694407922,150324100262.442,88736815277.8388,48050921277.9001,26997977896.5924,58740.80078125,57571.0390625,62210.6484375,57881.46484375,110195.65625,18.758145,3131.4823923820827,3069.1221899873362,3316.4605795242546,3085.671042832327,5874.549762249946,Angola,Non-CFA comparison,8013.804150807128,4730.575186290478,2561.60304112694,1439.2669369275266
AO,AGO,2005,8895.37660461036,5415.61212018099,2843.3966357968,2145.88621096327,10.0673593264113,171602142235.172,104473445323.963,54852422288.0144,41396636383.3725,79999.515625,71963.1796875,82367.328125,73289.5390625,126757.1796875,19.433602,4116.556242378536,3703.0283777294603,4238.397396684361,3771.2792030267983,6522.577733530819,Angola,Non-CFA comparison,8830.1768367579,5375.917718391217,2822.555606933516,2130.157671407107
AO,AGO,2006,9588.82238860962,6017.8181625251,3065.05576243895,2930.4442860732,7.79557532887203,191922955389.468,120448309494.207,61347946235.7733,58653659979.711,106584.0859375,91456.078125,107025.8125,92609.53125,141521.796875,20.149901,5289.558789271471,4538.78548212222,5311.480810749393,4596.029094634261,7023.4487442394875,Angola,Non-CFA comparison,9524.759222860102,5977.6129666447,3044.5780470967725,2910.8659134211625
AO,AGO,2007,10437.5899897179,6727.96328856831,3336.36332465208,3515.05678986535,8.85163544291412,216878100294.342,139797395597.277,69324828859.446,73037821926.6813,121459.4453125,100577.3515625,119522.296875,101425.7578125,161348.046875,20.905362999999998,5809.965859597846,4811.078935223464,5717.3031090156155,4851.662121939716,7718.021776278174,Angola,Non-CFA comparison,10374.280527649391,6687.154659657287,3316.1265298022336,3493.7361253512468
AO,AGO,2008,11134.7047183666,7315.60233056666,3559.19522512236,4578.15526451517,6.67888592419779,240271951644.505,157860858808.494,76802645840.5628,98790432989.4067,150207.28125,120543.34375,145000.453125,121978.3046875,179361.671875,21.695634,6923.387500452856,5556.11067876606,6683.3932175017335,5622.251218263546,8267.178173958871,Angola,Non-CFA comparison,11074.66837081161,7276.157903866464,3540.004677464729,4553.470665545275
AO,AGO,2009,10933.2712187989,7227.56364237588,3494.80724466172,3645.14846562976,-1.80906009330889,245066792516.81,162004198386.909,78335311067.8479,81705175408.3893,115505.34375,99539.359375,115161.546875,100015.1953125,180901.59375,22.514281,5130.314565675004,4421.165364996555,5115.044396709804,4442.30021436172,8034.970947995185,Angola,Non-CFA comparison,10884.948647341214,7195.619455354093,3479.3609917122335,3629.0377386863606
AO,AGO,2010,11077.1301919405,7411.65460883624,3540.79159568381,4101.63715566712,1.31579076620976,258039809323.47,172653197073.284,82482120582.925,95546919754.7633,159625.234375,140742.28125,153241.28125,140977.265625,189691.96875,23.356246,6834.370316830881,6025.894797049149,6561.040727606654,6035.955676481572,8121.680545323937,Angola,Non-CFA comparison,11048.000150515198,7392.163838027909,3531.480212313443,4090.850890796548
AO,AGO,2011,11037.6388778577,7537.59656403345,3528.16824373399,5184.15269149912,-0.356512141669299,267313423592.843,182548166821.753,85446420441.9715,125551634704.473,201857.65625,185480.78125,199033.234375,186079.390625,196278.03125,24.220661,8334.110132254442,7657.957033047116,8217.498043302781,7682.671857097542,8103.743793367159,Angola,Non-CFA comparison,11036.586639515866,7536.877991139589,3527.831896989578,5183.658476722539
AO,AGO,2012,11519.9933863364,8246.36081151609,3682.35229322763,5702.45306277434,4.37008778613288,290043412365.186,207621875217.7,92712034533.3955,143572907527.976,229563.234375,204876.359375,221671.9375,206875.8125,213044.40625,25.107930999999997,9143.05660530133,8159.826445874813,8828.761617195778,8239.46077038367,8485.143847575495,Angola,Non-CFA comparison,11551.86432387384,8269.174995649782,3692.539800806188,5718.229332714673
AO,AGO,2013,11626.1877218484,8504.09532072053,3716.29718727282,5688.57916215215,0.921826358320473,304206409978.552,222514926605.751,97239220009.2494,148845200696.792,242490.28125,215438.578125,228184.59375,215701.4375,223599.890625,26.015781,9320.891855985412,8281.072865927032,8771.006865025502,8291.176709244284,8594.77909292825,Angola,Non-CFA comparison,11693.149245780936,8553.075020340577,3737.701359388342,5721.342776401446
AO,AGO,2014,11721.664415634,9017.69018162269,3746.81619978613,5649.68762469139,0.821220988941135,318369419488.554,244927399936.622,101766409287.849,153449860496.402,254874.671875,232251.1875,243641.515625,232654.578125,234383.265625,26.941779,9460.202010973366,8620.484471348384,9043.26012120432,8635.457150955028,8699.620972505194,Angola,Non-CFA comparison,11816.941245362974,9090.988384123484,3777.271325989609,5695.6097997983725
AO,AGO,2015,11392.9059344932,8067.48584683018,3641.72893919944,3641.72893919944,-2.80470818378251,320799143936.46,227162636842.903,102543067840.732,102543067840.732,224712.609375,216207.09375,224333.640625,215561.9375,236594.859375,27.884380999999998,8058.726832594922,7753.698880746179,8045.136114909634,7730.562048338101,8484.852483366943,Angola,Non-CFA comparison,11504.617726190876,8146.590625156895,3677.4374816042,3677.4374816042
AO,AGO,2016,10805.7122533667,7766.83787525546,3454.03317187119,2051.81462126253,-5.15402904669538,315343857089.858,226660173392.231,100799291837.039,59878249719.3279,218670.640625,211653.796875,214634.171875,210500.984375,230491.171875,28.842488999999997,7581.545428516936,7338.263936756638,7441.59673164823,7298.294692077373,7991.375913327037,Angola,Non-CFA comparison,10933.309434212075,7858.551090796325,3494.819460173462,2076.0430807246876
AO,AGO,2017,10414.2358842987,8006.83661497696,3328.8982124109,2790.71886869768,-3.62286501702881,314872745269.793,242085415953.133,100648701499.631,84376935689.3366,230151.34375,223326.734375,230151.34375,223326.734375,230151.34375,29.816765999999998,7718.856691232041,7489.971728489938,7718.856691232041,7489.971728489938,7718.856691232041,Angola,Non-CFA comparison,10560.258120206365,8119.103726847272,3375.5740478236644,2829.84867270101
AO,AGO,2018,10000.9443772509,8278.36886170469,3196.79006983557,2860.0936483682,-3.96852454312942,313001106321.2,259089393411.945,100050434318.105,89512794227.495,233805.0625,239713.125,233298.390625,239500.8125,225540.046875,30.809787,7588.662086498683,7780.421364159382,7572.216926556487,7773.530290878025,7320.402665393305,Angola,Non-CFA comparison,10159.145414448987,8409.321148891584,3247.358844710773,2905.3363539155594
AO,AGO,2019,9648.01103767178,8572.87895610671,3083.97534427357,2493.67884440177,-3.52900012504749,312360454887.6,277552374263.455,99845650843.2744,80734428592.5368,227855.71875,228151.015625,223289.3125,227771.609375,222151.0625,31.825294999999997,7159.579157082441,7168.857841694791,7016.09560885453,7156.936310409692,6980.330033075892,Angola,Non-CFA comparison,9814.848688365653,8721.12494993228,3137.3048024621426,2536.800635863291
AO,AGO,2020,8960.33797242389,7827.42804325818,2864.16146036893,1759.35619918264,-7.1276148271679,299733448280.164,261836328695.531,95809443080.1137,58852456453.8769,NA,NA,NA,NA,NA,NA,NA,NA,NA,NA,NA,Angola,Non-CFA comparison,NA,NA,NA,NA
AO,AGO,2021,8862.28133314521,8862.28133314521,2832.81777132286,2303.90812662776,-1.0943408561201,306036100914.862,306036100914.862,97824078558.145,79559543805.2963,NA,NA,NA,NA,NA,NA,NA,NA,NA,NA,NA,Angola,Non-CFA comparison,NA,NA,NA,NA
BJ,BEN,1980,NA,NA,733.490637341118,358.003054209903,3.87849215726132,NA,NA,2879134857.71386,1405251846.54048,8230.3837890625,7374.3486328125,7671.22412109375,7161.09130859375,5138.96337890625,3.717165,2214.156161769117,1983.8636791244132,2063.7297836102916,1926.4927192077162,1382.49536378026,Benin,WAEMU,NA,NA,774.5512662778918,378.04397882269956
BJ,BEN,1981,NA,NA,783.925193667226,319.718185970269,6.87596456703679,NA,NA,3165730597.06271,1291120188.43104,10409.8125,8108.4814453125,9738.0361328125,7907.51904296875,5427.97705078125,3.820128,2724.990497700601,2122.5679991122024,2549.1387023713605,2069.961803104176,1420.8887897948052,Benin,WAEMU,NA,NA,828.6975193141983,337.9782531975473
BJ,BEN,1982,NA,NA,778.638765032765,305.0040635075,-0.674353710936487,NA,NA,3236486776.18013,1267778670.35902,7500.62548828125,6271.63671875,7084.7138671875,6133.94140625,6013.25390625,3.927714,1909.6669177748813,1596.7651205637683,1803.775393826409,1561.7077532249039,1530.9805923369165,Benin,WAEMU,NA,NA,824.0128421214299,322.7777456197218
BJ,BEN,1983,NA,NA,723.483520668885,255.983601560726,-7.08354719040462,NA,NA,3095770068.30471,1095348199.43911,7372.46240234375,6416.73046875,6976.859375,6261.00341796875,5751.921875,4.039949,1824.8899682505273,1588.3196715478339,1726.9671906749318,1549.7728852440341,1423.7610115870275,Benin,WAEMU,NA,NA,766.2893933326163,271.1292146111523
BJ,BEN,1984,NA,NA,758.361165674301,238.57445735538101,4.82079328816913,NA,NA,3341259668.03857,1051134008.78979,7826.5068359375,7153.71337890625,7381.58251953125,6943.03515625,6208.05615234375,4.156819,1882.8115527612583,1720.9585933152853,1775.7767464812036,1670.2760346914313,1493.4631871976505,Benin,WAEMU,NA,NA,803.8020582658447,252.86980472081902
BJ,BEN,1985,NA,NA,791.727164830118,230.434117218913,4.39975049700094,NA,NA,3592867374.72505,1045712789.14884,8647.103515625,7800.431640625,8242.541015625,7600.84619140625,6675.4443359375,4.2785009999999994,2021.0591316035689,1823.1692923818414,1926.5020659396832,1776.5208402209678,1560.229700995162,Benin,WAEMU,NA,NA,839.7491024835685,244.41101898745382
BJ,BEN,1986,NA,NA,785.143070110497,285.771551064424,-0.831611571775994,NA,NA,3670873612.85602,1336102025.27763,7559.05859375,6978.16259765625,7283.28076171875,6830.017578125,6818.8642578125,4.404506,1716.2103068425836,1584.3235535736019,1653.5976478903085,1550.6886761250867,1548.1564238560466,Benin,WAEMU,NA,NA,833.4359432944399,303.3488943544702
BJ,BEN,1987,NA,NA,750.403840602099,324.253765166191,-4.42457315499306,NA,NA,3615810400.28745,1562412227.90058,6993.8291015625,6459.447265625,6768.0341796875,6325.771484375,6716.58154296875,4.535263,1542.1000064522168,1424.2718152453342,1492.3134953116282,1394.7970568355133,1480.9684781166495,Benin,WAEMU,NA,NA,797.2658697604637,344.5031143509384
BJ,BEN,1988,NA,NA,752.704034985609,326.179757700303,0.30652753344971,NA,NA,3738937613.84945,1620246083.79478,7209.2421875,6643.67626953125,6986.55126953125,6521.88818359375,6920.39306640625,4.672852,1542.7927500164783,1421.760472946982,1495.136432639264,1395.6975704759643,1480.9784402344114,Benin,WAEMU,NA,NA,800.1403883216182,346.73601556282546
BJ,BEN,1989,NA,NA,709.188907710243,293.321949550953,-5.78117364233306,NA,NA,3632222333.49652,1502294416.17129,6519.04248046875,6216.810546875,6346.55322265625,6130.90625,6871.42578125,4.820016,1352.493950324802,1289.790437806638,1316.7079160434841,1271.9680287368342,1425.6022762683776,Benin,WAEMU,NA,NA,753.5705967566332,311.6783048378449
BJ,BEN,1990,2207.06796428357,1186.11606902616,749.459666582926,371.101604332357,5.67842480823693,11656583104.9364,6264447110.1242,3958255490.40473,1959965330.14765,6713.15576171875,6388.1083984375,6598.58642578125,6364.59423828125,7488.2138671875,4.978496,1348.4304821614298,1283.1402090987922,1325.4176413481603,1278.4170637640866,1504.1116568512862,Benin,WAEMU,2341.386455856628,1258.3011234967748,795.070537448404,393.68623177514854
BJ,BEN,1991,2230.46054664537,1239.22499734744,757.403145107877,364.689296016645,1.05989406490245,12149166926.2602,6749974293.25169,4125523427.98874,1986437796.53053,7069.97216796875,6668.9189453125,6989.37353515625,6638.68798828125,7804.6513671875,5.149499,1372.9436917977362,1295.0617031506367,1357.2919492083115,1289.191043299795,1515.613726148408,Benin,WAEMU,2359.291054578358,1310.8021369169487,801.1504474491092,385.75360370601686
BJ,BEN,1992,2226.56666006625,1265.25241875078,756.080888165851,301.77329696287,-0.174577693605642,12508504151.8532,7107990709.16455,4247544481.09719,1695315305.70308,7308.2978515625,6846.126953125,7156.0283203125,6818.0361328125,8035.490234375,5.331803,1370.6991521559405,1284.017236406709,1342.140420475494,1278.748695856261,1507.0868586808253,Benin,WAEMU,2346.0176889230906,1333.1307831824524,796.6431770073257,317.96285528611617
BJ,BEN,1993,2254.24565428893,1311.34449338815,765.479914438342,387.310054813122,1.24312443544126,13238521979.4165,7701140674.38752,4495438486.40154,2274558082.76135,7512.19482421875,7156.4912109375,7365.02978515625,7123.7734375,8504.455078125,5.521763,1360.47034691977,1296.0518607802435,1333.8185259230158,1290.126620338468,1540.1702460111019,Benin,WAEMU,2397.51723850091,1394.6887387936642,814.131009679615,411.9260610716813
BJ,BEN,1994,2215.36616821938,1316.24432539105,752.277508740764,262.129807445074,-1.72472268031545,13505993136.7465,8024491427.21248,4586264345.70312,1598075943.86774,7038.361328125,6619.517578125,6900.54541015625,6570.91064453125,8676.279296875,5.71422,1231.7273972869439,1158.4288981042032,1207.609334284688,1149.9225869027182,1518.366338166014,Benin,WAEMU,2363.5759800544083,1404.3021492369,802.6054904611864,279.6665063416774
BJ,BEN,1995,2300.14122107459,1395.26644444059,781.0647884601,348.435238914394,3.82668355558341,14322457251.5743,8688007424.04865,4863513136.03406,2169627137.9207,7774.50390625,7343.48095703125,7652.80419921875,7305.5400390625,9555.3427734375,5.905558,1316.4723648891434,1243.4863830024615,1295.8647090111976,1237.0617711421173,1618.0253878528497,Benin,WAEMU,2425.2504592409896,1471.1577507237505,823.5484497881588,367.3873218958649
BJ,BEN,1996,2337.63030771279,1443.96771280369,793.7950526962,369.394384135736,1.62986021443862,14941800983.3964,9229636576.82599,5073825257.93663,2361116449.39308,8177.40087890625,7960.52001953125,8045.03125,7913.66259765625,9969.30859375,6.094259,1341.8203720757929,1306.2326395270122,1320.0999908274327,1298.5438586801529,1635.852462744035,Benin,WAEMU,2451.7830606471434,1514.4805261519064,832.5581925442667,387.4329019152419
BJ,BEN,1997,2399.78593127356,1507.92415400422,814.901395438676,344.550491498963,2.65891588399134,15798666707.4387,9927215098.12597,5364793325.18214,2268301646.46707,9048.9072265625,8592.2998046875,8866.6611328125,8494.4775390625,10541.0126953125,6.281638999999999,1440.532833319855,1367.8436160829206,1411.5203265919135,1352.2708864776375,1678.0672520838114,Benin,WAEMU,2515.0548618662583,1580.3542830344074,854.0435585652314,361.1002871172747
BJ,BEN,1998,2419.10014338548,1537.14382552758,821.459971433599,361.601983057505,0.80483062510794,16424453813.4141,10436421094.8374,5577293439.98873,2455092686.34712,9477.9453125,9037.416015625,9292.7265625,8864.0361328125,10958.54296875,6.4702649999999995,1464.8465422204501,1396.761340629016,1436.2203963052518,1369.9649292281692,1693.6776111565757,Benin,WAEMU,2538.4514874451206,1612.982017712938,861.9884100556517,379.44237003385797
BJ,BEN,1999,2470.68504400549,1592.13782139447,838.976786975768,525.130597245974,2.1324003787548,17301757698.4924,11149451394.142,5875201745.41607,3677393998.74486,10388.5224609375,9824.3505859375,10196.6259765625,9645.4853515625,11543.8876953125,6.664098,1558.8790052213367,1474.220605089766,1530.0834376328949,1447.380478432715,1732.250590449375,Benin,WAEMU,2596.263995291246,1673.062340040918,881.6199499791375,551.8217167191809
BJ,BEN,2000,2536.16885867097,1671.35725172854,861.213292013209,487.424141384242,2.65043149973154,18315245216.9866,12069905284.8706,6219354272.65514,3519991440.47913,11639.8662109375,10898.748046875,11353.119140625,10701.779296875,12220.0966796875,6.865951,1695.3028372817546,1587.3617575882788,1653.5392024535277,1558.673998237826,1779.8112278528495,Benin,WAEMU,2667.5467414472664,1757.936414761859,905.8256128910824,512.6735452203387
BJ,BEN,2001,2591.06485220288,1745.98256227696,879.854463773645,492.401499509072,2.16452439056758,19292022099.3023,12999880781.759,6551040876.0552,3666222635.13875,12474.8154296875,11626.35546875,12194.0302734375,11450.3564453125,12871.810546875,7.076733,1762.7930048636144,1642.8987032222356,1723.1157758018426,1618.0286080190535,1818.8916477243101,Benin,WAEMU,2726.1198210109524,1836.9890148122022,925.7154220817996,518.0671130504359
BJ,BEN,2002,2630.18061029627,1799.88269639499,893.137100961634,546.46382965815906,1.50964025698303,20187756640.9639,13814866444.8602,6855207726.28555,4194342686.2178,13779.5107421875,12828.5205078125,13535.3095703125,12670.2392578125,13469.4541015625,7.295394,1888.7959638900243,1758.4410804697457,1855.3226282655194,1736.7450281386448,1846.295635515025,Benin,WAEMU,2767.192099695219,1893.642268650631,939.6624399292965,574.9302486223226
BJ,BEN,2003,2639.04370114641,1841.60297283874,896.146763201736,676.002878084282,0.336976510869505,20882937540.2307,14572733236.281,7091272067.48876,5349258094.48239,14682.0732421875,13789.3603515625,14464.1884765625,13627.791015625,13933.28515625,7.520555,1952.2592737088553,1833.5562138116802,1923.2873739454735,1812.07251534295,1852.693738194854,Benin,WAEMU,2776.7814396983604,1937.7204523178143,942.9187164363216,711.2850174598005
BJ,BEN,2004,2672.84404357157,1915.34644346381,907.624431209378,758.695803786371,1.28077994352564,21807985798.8406,15627491674.7869,7405393050.93385,6190270380.49856,15695.76953125,14925.58984375,15496.34375,14755.388671875,14550.4853515625,7.750004,2025.2595393821732,1925.881566480482,1999.5271937924163,1903.9201362831554,1877.4810118243165,Benin,WAEMU,2813.9321991112,2016.4494979340527,955.5340940383837,798.744152970574
BJ,BEN,2005,2632.47251454328,1945.56414052296,893.91536869992,779.437777753268,-1.51043339492205,22181592483.5838,16393603609.2827,7532259620.47862,6567654954.38903,16488.689453125,15498.13671875,16429.345703125,15612.9345703125,14799.7578125,7.982225,2065.6758551813564,1941.5810402174834,2058.2413679299943,1955.962725970829,1854.089281184131,Benin,WAEMU,2778.8733697163134,2053.7636572863707,943.6290784184384,822.7849947087473
BJ,BEN,2006,2652.21841967159,2020.60567734722,900.62053578735,809.147072506221,0.750089697773319,23056376559.0627,17565614139.7533,7829312267.7691,7034111314.88812,16917.837890625,15831.4296875,16847.09765625,15867.4912109375,15383.423828125,8.216897,2058.908355626826,1926.6919966868272,2050.2992378083845,1931.0807000425466,1872.169485406109,Benin,WAEMU,2805.971227223939,2137.7430117175986,952.8307666226193,856.0544588654477
BJ,BEN,2007,2729.13741390352,2135.53787873721,926.740113754071,912.338247188342,2.9001757042866,24436611800.8323,19121539964.5388,8298002249.61043,8169048382.83875,17956.130859375,16409.478515625,17952.4765625,16438.255859375,16304.3271484375,8.454793,2123.7812515782466,1940.8492337571126,2123.3490355707113,1944.2529059404528,1928.4123394194867,Benin,WAEMU,2890.267307648135,2261.621303388362,981.4554004587019,966.2032391376997
BJ,BEN,2008,2777.61974031765,2215.35163859542,943.203380303862,1060.60254502099,1.77647069609412,25633169334.4503,20444297274.8221,8704320326.21926,9787734526.23965,18489.220703125,17207.064453125,18483.76953125,17367.220703125,17102.681640625,8.696921,2125.950172839905,1978.523715821381,2125.3233795328256,1996.938997505554,1966.5214436954182,Benin,WAEMU,2947.3844058662025,2350.7511767465867,1000.8507983709706,1125.425254091609
BJ,BEN,2009,2758.07243150648,2213.32895620809,936.565651071554,1024.10277858112,-0.703743155603306,26227677415.8337,21047481282.7312,8906198943.30981,9738626517.00319,18522.15234375,17575.583984375,18595.892578125,17663.642578125,17499.345703125,8.944708,2070.7386248662337,1964.9142246314805,2078.9826317555585,1974.7589947178824,1956.3909412274832,Benin,WAEMU,2932.2005163090507,2353.065218309105,995.6947664820149,1088.7584610926583
BJ,BEN,2010,2733.57399641151,2220.32854611489,928.246655329144,973.244254931526,-0.888244805144353,26782147492.6578,21753633405.3039,9094481753.64081,9535345015.78355,19116.169921875,17586.013671875,19150.583984375,17733.912109375,17869.2890625,9.199259,2078.0119270340147,1911.6771983346703,2081.7528873113583,1927.7544103688135,1942.470481861637,Benin,WAEMU,2911.337477579205,2364.715832579983,988.6102515040407,1036.5340312500769
BJ,BEN,2011,2732.01249647957,2264.84186926384,927.716412836707,1059.41358852588,-0.0571230167535077,27575904170.7536,22860459982.9645,9364019722.08608,10693321363.6574,20438.66796875,18957.3125,20475.037109375,19223.169921875,19525.50390625,9.460830999999999,2160.3459536218334,2003.7682207831429,2164.190133971847,2031.869073855669,2063.8254616587064,Benin,WAEMU,2914.7443993824227,2416.326851517008,989.7671485819884,1130.2729499826603
BJ,BEN,2012,2779.7264808532,2346.08416204547,943.918771531001,1071.5258366283,1.74647753021327,28902642501.7287,24393778410.0812,9814543622.24071,11141358115.8991,23201.345703125,21351.32421875,23050.517578125,21511.224609375,21683.470703125,9.729249,2384.7005769021844,2194.5500848780825,2369.1980314333614,2210.985103719208,2228.689049188175,Benin,WAEMU,2970.6961453786103,2507.262216239013,1008.7668248845013,1145.1406080673955
BJ,BEN,2013,2893.0467015352,2511.65309588333,982.399206290516,1168.92699279226,4.076668026964,30981156880.988,26896876069.4006,10520350021.8969,12517845123.9315,25688.55078125,23914.609375,25575.14453125,23994.6484375,24594.0078125,10.004591,2567.676257954973,2390.3635216072303,2556.340837046712,2398.3637549501027,2458.2721884882653,Benin,WAEMU,3096.693995885289,2688.4533380125786,1051.552234558804,1251.2100818445751
BJ,BEN,2014,2987.38236326153,2670.41561399187,1014.4330062135,1204.39918670094,3.26077217060734,32950839416.3041,29454694903.9928,11189200116.267,13284527846.9081,29128.986328125,26931.318359375,28954.40625,27013.626953125,27807.0234375,10.286844,2831.6737697319995,2618.035070753965,2814.7025705843307,2626.03641633187,2703.1637144978577,Benin,WAEMU,3203.2020137861623,2863.3364036620756,1087.7194323416395,1291.409478641661
BJ,BEN,2015,2952.00218338705,2725.33724817144,1002.41886879614,1002.41886879614,-1.18432043750336,33536755116.7638,30961687093.8936,11388160996.7738,11388160996.7738,32494.55078125,30454.671875,32397.939453125,30426.3515625,31427.8515625,10.575952,3072.494162345858,2879.615175541644,3063.359161721328,2876.9373728719647,2971.6333397220415,Benin,WAEMU,3171.0388924575113,2927.5555613238034,1076.797719654344,1076.797719654344
BJ,BEN,2016,2962.66381572265,2842.0246258376,1006.03926633023,1010.5338961993,0.361166139903119,34656773215.4406,33245555033.1574,11768488383.3269,11821065853.3838,34382.171875,31975.63671875,34327.72265625,31884.1484375,32477.439453125,10.872062999999999,3162.433098023807,2941.082729078189,3157.4249207579096,2932.6677409338045,2987.2379743499464,Benin,WAEMU,3187.69061726745,3057.8883725340265,1082.4521880830623,1087.2882040311763
BJ,BEN,2017,3041.77929984989,2885.89383987721,1032.90471194182,1054.97408066814,2.67041720047298,36622353578.7467,34745526935.4768,12435945492.7429,12701655836.9467,34319.41796875,32311,34319.41796875,32311,34319.41796875,11.175198,3071.034443304718,2891.3134246033046,3071.034443304718,2891.3134246033046,3071.034443304718,Benin,WAEMU,3277.1100412490855,3109.164324021534,1112.8165686856646,1136.5933594149024
BJ,BEN,2018,3155.4510650627,2965.30628143664,1071.50452156932,1151.7409703472,3.73701554279164,39075045480.191,36720416644.3096,13268812302.6618,14262408089.9261,35813.25390625,34133.2890625,35864.86328125,34089.71484375,36617.875,11.485044,3118.2513455107355,2971.9772133654865,3122.7449612948803,2968.1832166903323,3188.3095093061897,Benin,WAEMU,3402.254748017596,3197.2377854459764,1155.3122741769034,1241.824418776811
BJ,BEN,2019,3281.10470051465,3148.97969597838,1114.17304526443,1130.82135339795,3.98211326561793,41757815652.7983,40076293090.6914,14179807374.6843,14391686313.4641,38295.49609375,36740.7421875,38397.953125,36650.51953125,39131.9453125,11.801150999999999,3245.064493603209,3113.318538801851,3253.7464460034453,3105.6732967191083,3315.9431069477887,Benin,WAEMU,3538.452787596592,3395.9647741725707,1201.561387926,1219.515478910837
BJ,BEN,2020,3317.8597222557,3244.58772756805,1126.65404122154,1200.19426557789,1.12020264806804,43364987288.175,42407309934.6404,14725558723.2985,15686741883.934,NA,NA,NA,NA,NA,NA,NA,NA,NA,NA,NA,Benin,WAEMU,NA,NA,NA,NA
BJ,BEN,2021,3464.2886286745,3464.2886286745,1176.37727637273,1318.65158075198,4.41335435119757,46467947984.7692,46467947984.7692,15779238957.3117,17687623530.3355,NA,NA,NA,NA,NA,NA,NA,NA,NA,NA,NA,Benin,WAEMU,NA,NA,NA,NA
BF,BFA,1980,NA,NA,309.805283645997,277.597531370181,-1.87246341521055,NA,NA,2152496130.24403,1928719888.20688,8333.2880859375,7773.03369140625,7908.82763671875,7622.76416015625,6070.0595703125,6.822843,1221.3806013032251,1139.2660935340664,1159.1689324697563,1117.2416190957715,889.6671915669905,Burkina Faso,WAEMU,NA,NA,315.48375512143986,282.68566171123683
BF,BFA,1981,NA,NA,314.286582559959,248.707973908892,1.44648885946128,NA,NA,2244091371.14198,1775842333.57042,8914.748046875,8301.5673828125,8468.4091796875,8154.68017578125,6336.380859375,6.98516,1276.2410663284736,1188.4577279278499,1212.3429069180233,1167.4292608589137,907.1203607898746,Burkina Faso,WAEMU,NA,NA,321.2655645886394,254.23073108853913
BF,BFA,1982,NA,NA,334.96046501527,239.019483569339,6.57803533543047,NA,NA,2458675800.42369,1754450096.23721,8892.2373046875,8180.3232421875,8501.6884765625,8062.75390625,6477.73486328125,7.158255,1242.2353359425588,1142.7817592677966,1187.6761133212635,1126.3574581025684,904.9321186911126,Burkina Faso,WAEMU,NA,NA,343.4741847592311,245.0946629083778
BF,BFA,1983,NA,NA,326.730273513319,211.925740542196,-2.45706355273177,NA,NA,2467182443.50436,1600278605.25465,8354.921875,7718.41259765625,8019.2568359375,7615.87060546875,6401.99755859375,7.340904999999999,1138.1324066991742,1051.4252122396695,1092.4071127384839,1037.4566358601223,872.099224631534,Burkina Faso,WAEMU,NA,NA,336.0869597828007,217.99473024847077
BF,BFA,1984,NA,NA,311.788334185274,187.832224278391,-4.57317259505054,NA,NA,2423298751.1015,1459880132.14107,8134.212890625,7803.3623046875,7783.5556640625,7668.25732421875,6505.73095703125,7.531242,1080.0626099420256,1036.132195020091,1033.5022648405802,1018.1929254455972,863.8324139672116,Burkina Faso,WAEMU,NA,NA,321.7661510679779,193.8432110057106
BF,BFA,1985,NA,NA,328.715164630481,194.063226299244,5.4289492547686,NA,NA,2629699950.55815,1552493196.28424,8692.4140625,8333.896484375,8355.859375,8211.380859375,7355.6279296875,7.727907,1124.8083164691293,1078.4157320183847,1081.2577551722607,1062.5620700889647,951.8266627286664,Burkina Faso,WAEMU,NA,NA,340.2861797583938,200.89439434043913
BF,BFA,1986,NA,NA,344.993912306641,247.459134637104,4.95223507393075,NA,NA,2838902120.30277,2036303357.68113,9559.8212890625,9162.35546875,9230.8623046875,9035.6064453125,7940.3916015625,7.930694,1205.4205204566586,1155.3031132899594,1163.9413025754745,1139.3210285647763,1001.2227935616354,Burkina Faso,WAEMU,NA,NA,357.96389575776976,256.76231584286694
BF,BFA,1987,NA,NA,334.888996959212,280.218092226592,-2.92901265412704,NA,NA,2832192750.18472,2369834949.73234,9342.8046875,9049.46875,9027.275390625,8916.841796875,7921.50390625,8.140073,1147.7544104948445,1111.7183777098805,1108.991945235012,1095.425286342641,973.1490007829169,Burkina Faso,WAEMU,NA,NA,347.93210701976756,291.13190382105176
BF,BFA,1988,NA,NA,344.904464201203,301.129214663833,2.99068268379408,NA,NA,2996335113.95777,2616040478.99309,9902.15625,9610.91796875,9585.36328125,9487.5322265625,8380.8525390625,8.356304999999999,1184.9922005001015,1150.139681204791,1147.0815487527084,1135.3740949573407,1002.9376068803737,Burkina Faso,WAEMU,NA,NA,358.57177472073727,313.06187112522707
BF,BFA,1989,NA,NA,343.089820260752,293.188703727147,-0.526129444179062,NA,NA,3060764327.26471,2615587733.97303,9959.9765625,9636.826171875,9675.193359375,9536.7001953125,8561.4189453125,8.579823,1160.8603770147706,1123.196384339747,1127.6681767648354,1111.5264493582795,997.8549610303733,Burkina Faso,WAEMU,NA,NA,356.7397983926603,304.8533441742365
BF,BFA,1990,1107.85590454965,566.944147291823,332.153276660935,338.593759055128,-3.18766193398135,10147246626.4723,5192843277.16224,3042310107.50399,3101300778.56414,9845.8974609375,9579.7763671875,9673.892578125,9586.3115234375,8509.2890625,8.811034,1117.4508532071832,1087.2476904739558,1097.9293211358622,1087.9893918735872,965.7537426935364,Burkina Faso,WAEMU,1151.652192747446,589.3568538224049,345.2841184705439,351.97920908762126
BF,BFA,1991,1178.07704639063,623.26800170847,353.206720757378,333.70605512636,6.33847249922952,11067600318.4869,5855373513.42645,3318247161.44233,3135045584.08387,10504.9990234375,10267.875,10333.7607421875,10266.3486328125,9281.41796875,9.050084,1160.7625988264308,1134.5612924697716,1141.8414174042473,1134.3926346774792,1025.561527246598,Burkina Faso,WAEMU,1222.9279107781651,646.996592896425,366.65374171580396,346.4106613909738
BF,BFA,1992,1152.04476095096,623.38499529255,345.401816823349,348.592443894547,-2.20972690363685,11093355815.5061,6002745550.54567,3325969079.69165,3356692505.18266,10590.0859375,10345.28125,10413.0029296875,10347.2734375,9302.572265625,9.297113,1139.0725204157463,1112.7412617228597,1120.0254239878013,1112.9555419515714,1000.587200093728,Burkina Faso,WAEMU,1193.2043652159655,645.6569421653442,357.7421377681061,361.04675776046395
BF,BFA,1993,1162.64923453351,644.03546436099,348.581211032689,324.111576707435,0.920491455019118,11477339562.9845,6357733265.99342,3441093672.50713,3199536465.23328,11019.6552734375,10758.490234375,10824.8203125,10755.814453125,9625.1748046875,9.552476,1153.5915163186487,1126.2514801790655,1133.1952378105948,1125.9713662850343,1007.6104671383105,Burkina Faso,WAEMU,1201.504150649999,665.5586746298467,360.23054886577364,334.9431566468505
BF,BFA,1994,1148.60721370395,649.842407598738,344.371184069503,187.21142372606,-1.20776072545993,11628267412.8817,6578873266.36329,3486344304.54047,1895290637.09504,9994.935546875,9692.33203125,9791.6044921875,9655.2197265625,9751.345703125,9.816588,1018.1679771907511,987.342244703557,997.4549703203904,983.5616740320058,993.3538723561588,Burkina Faso,WAEMU,1184.5528622451814,670.1792177040832,355.1482760140764,193.0702029152125
BF,BFA,1995,1183.52861008084,683.639151581195,354.841188502861,229.092294496817,3.04032535754941,12292982651.9561,7100769815.78973,3685636779.12882,2379517975.28056,11445.2158203125,10671.9443359375,11236.9296875,10642.6875,10308.9091796875,10.089877999999999,1134.3264824720875,1057.6881440922775,1113.6834050421621,1054.7885217244452,1021.70801071009,Burkina Faso,WAEMU,1218.3479970675664,703.751801140681,365.2806088566007,235.8321850155731
BF,BFA,1996,1280.69608533889,753.30916674031,383.973583031147,242.733171352672,8.20998110484305,13647023204.9982,8027218788.85307,4091600230.31209,2586550595.41013,12734.888671875,11807.33984375,12503.0712890625,11771.8544921875,11444.4111328125,10.372745,1227.7259946017182,1138.3042621552925,1205.3772929983818,1134.8832437496053,1103.3155768133217,Burkina Faso,WAEMU,1315.6616888777464,773.8760365605315,394.4568414929789,249.36027979190948
BF,BFA,1997,1326.94230829963,793.970841435486,397.838955257373,223.853958525611,3.61102243460883,14509083107.0829,8681454235.75325,4350059854.87114,2447669101.95178,13927.69140625,12505.7685546875,13613.728515625,12402.580078125,12167.3349609375,10.665545999999999,1305.8582660700165,1172.5389918797875,1276.4211523371612,1162.864055729074,1140.807508676771,Burkina Faso,WAEMU,1360.3694651059495,813.9718525196225,407.86096228651957,229.49308942568715
BF,BFA,1998,1385.09310679095,838.079355290011,415.273513470241,249.53173292493,4.38231550291239,15569366222.1532,9420568438.15163,4667950033.01846,2804902367.14687,14893.189453125,13669.9658203125,14519.265625,13451.587890625,13056.4892578125,10.968724,1357.7868723039253,1246.2676442868378,1323.6968698455719,1226.3584980919386,1190.3380245334372,Burkina Faso,WAEMU,1419.432763752028,858.8572780344942,425.5691029347133,255.7182008724871
BF,BFA,1999,1444.56690170414,886.434090650903,433.104727597234,292.836958697313,4.29384816238002,16720757878.4085,10260410776.0297,5013156038.3976,3389566712.66037,16186.982421875,14945.5888671875,15790.1591796875,14714.00390625,13871.60546875,11.282701,1434.6726392798143,1324.6463650137941,1399.5016955326123,1304.1206982485844,1229.4578637464558,Burkina Faso,WAEMU,1481.9818302734868,909.3931298923635,444.32233366794,300.42156684470945
BF,BFA,2000,1428.57400617096,896.477481510815,428.309796566198,248.908526921752,-1.10710660159205,17036525024.9961,10690983443.7214,5107828181.20084,2968370087.59759,16861.017578125,15160.3740234375,16332.0908203125,14894.4375,14133.56640625,11.607942,1452.5415080575867,1306.0346117716215,1406.9755707180911,1283.1247347721069,1217.5772765103409,Burkina Faso,WAEMU,1467.6611086613027,921.0059322937175,440.02874766266405,255.71889380542993
BF,BFA,2001,1477.28491846525,947.919374676953,442.914122870048,259.485223380436,3.40975770830711,18163219549.8152,11654669659.5725,5445629583.60137,3190371080.94768,17494.98828125,16139.3583984375,16959.3515625,15884.2783203125,15068.2763671875,11.944587,1464.6792125378634,1351.1859722263732,1419.8357433789884,1329.8306856748166,1261.5150584266748,Burkina Faso,WAEMU,1520.6234882641988,975.7281402506843,455.9077332352613,267.09764690463385
BF,BFA,2002,1494.67801269583,973.983933383218,448.128856317091,285.654087637533,1.17736897014072,18953857927.1605,12350989938.8874,5682675869.68484,3622350062.96053,18293.501953125,16957.943359375,17770.88671875,16709.173828125,15724.1923828125,12.293099999999999,1488.1113757412695,1379.4684302067828,1445.5984836005566,1359.231912871855,1279.1071725449644,Burkina Faso,WAEMU,1541.8289875751846,1004.7091408096738,462.26548793102154,294.66530516798286
BF,BFA,2003,1561.83310184915,1037.83799374653,468.263047790124,362.373899996953,4.49294688106092,20432731533.6007,13577548764.0047,6126066307.13183,4740768142.67494,19201.77734375,18247.685546875,18678.806640625,17988.51953125,16951.0703125,12.654620999999999,1517.3727718712398,1441.978036866928,1476.0463107211983,1421.4980860548887,1339.5162377838105,Burkina Faso,WAEMU,1614.6458699632888,1072.932074694667,484.0971773972394,374.6274299858479
BF,BFA,2004,1581.25620933294,1079.00009142751,474.086412333459,403.81283743461,1.24360966999572,21347801635.5542,14567076341.3202,6400419254.55947,5451688537.60959,20268.16796875,19168.609375,19737.541015625,18894.58984375,17710.216796875,13.030569,1555.4323045102635,1471.0492976170112,1514.7106020945823,1450.0203209660299,1359.1284307596238,Burkina Faso,WAEMU,1638.2862203142624,1117.9155984147892,491.1849401633551,418.3768596451613
BF,BFA,2005,1664.99543180023,1171.76432319587,499.192797571217,441.164148016012,5.29574030906821,23196921150.2789,16325164677.7767,6954815456.4763,6146353173.34929,22026.763671875,20534.576171875,21651.37890625,20640.853515625,19244.25390625,13.42193,1641.1025591606424,1529.9272289361516,1613.134542219338,1537.8454153482398,1433.7918545432735,Burkina Faso,WAEMU,1728.2850640912968,1216.3053061502108,518.1680620057101,457.93363349006364
BF,BFA,2006,1714.76034904509,1244.00243844319,514.113131757062,455.513655620024,2.98889211912471,24647462832.3919,17880926557.468,7389711520.7284,6547419820.38113,22879.197265625,21185.275390625,22487.728515625,21178.611328125,20447.62890625,13.829175999999999,1654.4150761856674,1531.926080818192,1626.1076231602665,1531.4441965396204,1478.5862083359125,Burkina Faso,WAEMU,1782.2799299388412,1292.985681682553,534.3566038011521,473.44974280326835
BF,BFA,2007,1731.93046335077,1290.49951017424,519.26101218434,514.684451177238,1.00131276742226,25660813447.6573,19120436926.0912,7693530569.65392,7625722836.76847,22859.060546875,21455.96875,22563.67578125,21455.890625,21288.30859375,14.252021,1603.9171249379299,1505.4685051334125,1583.1913088852452,1505.4630234547087,1493.704548551395,Burkina Faso,WAEMU,1800.5034828153355,1341.594776354259,539.8203223005298,535.0625596726576
BF,BFA,2008,1779.32710911571,1351.36041569133,533.471299938288,619.437533256264,2.73663676272773,27149138508.3087,20619182899.137,8139754707.2893,9451435490.11467,23370.162109375,22167.13671875,23116.61328125,22339.794921875,22523.029296875,14.689725,1590.9189661055602,1509.0232607315659,1573.6586819188242,1520.7769323030213,1533.2505745938063,Burkina Faso,WAEMU,1848.1720051470468,1403.6466236867607,554.1121230853063,643.4045218759827
BF,BFA,2009,1779.32305627973,1359.69224907302,533.470084831931,601.569520671859,-2.27773519867469e-4,27953282649.4762,21360854972.6256,8380850241.73524,9450696873.34326,23331.4296875,22680.826171875,23156.61328125,22745.19921875,23190.150390625,15.141098,1540.9338006728442,1497.9644258213639,1529.387979738986,1502.2159699877777,1531.602951821922,Burkina Faso,WAEMU,1846.185966795552,1410.7863889808784,553.5166763820722,624.1751340188974
BF,BFA,2010,1873.97146230828,1449.42216382921,561.847221302489,624.957252224766,5.31934915891263,30314295612.087,23446574734.3389,9088720451.70527,10109619740.6994,25504.14453125,24981.126953125,25277.353515625,25122.837890625,25148.85546875,15.605217,1634.3345005231263,1600.8189410711175,1619.801475085223,1609.8999386311002,1611.5671745384893,Burkina Faso,WAEMU,1942.574435977853,1502.4830948739068,582.4155121780922,647.83589620698
BF,BFA,2011,1939.86659989406,1531.34338243982,581.603658737407,725.024767725475,3.5163362362312802,32321878819.7076,25515102554.621,9690626654.34607,12080295977.5632,26656.9453125,26923.177734375,26437.291015625,27191.87890625,26814.353515625,16.081913,1657.5730332890123,1674.1278064602761,1643.914565115792,1690.836090597555,1667.3609362036095,Burkina Faso,WAEMU,2009.8279862419104,1586.5713584336017,602.5792238986786,751.1728223851976
BF,BFA,2012,2003.6646118745,1571.83884477315,600.731343697818,731.470138867833,3.28878346500349,34407503766.8525,26992067760.1929,10315931043.8746,12561015156.5683,29012.51171875,28410.583984375,28609.34375,28550.05859375,28544.59765625,16.571253,1750.7735666548572,1714.4499564622545,1726.4442073269897,1722.8666168907084,1722.5370740673625,Burkina Faso,WAEMU,2076.336880913743,1628.848932557659,622.5196757224454,758.0003248135974
BF,BFA,2013,2057.0639319853,1642.89213125776,616.741331164082,759.762065168498,2.66508275857795,36400587615.628,29071648205.4878,10913490102.1529,13444300485.8412,30379.66015625,29467.73828125,29972.6875,29475.884765625,30198.06640625,17.072785,1779.4202970546398,1726.0065233205949,1755.582788631146,1726.4836853287263,1768.7838513897996,Burkina Faso,WAEMU,2132.082587324095,1702.8064375840147,639.233148086437,787.4696767891824
BF,BFA,2014,2083.19844698304,1661.31773793757,624.576885187665,764.861675106225,1.27047655599692,37975584844.5378,30284926912.3411,11385699970.03,13943016076.7436,30118.64453125,30070.6796875,29739.958984375,30082.7421875,31504.689453125,17.58603,1712.6460338831446,1709.9185937644822,1691.1127175590511,1710.604507526713,1791.4611457574563,Burkina Faso,WAEMU,2159.417722165708,1722.1014016432987,647.4286675292832,792.8461441691843
BF,BFA,2015,2101.70266192027,1691.57935387408,630.124750752312,630.124750752312,0.888259827767996,39464694412.0733,31763609326.839,11832159315.6298,11832159315.6298,31088.90234375,30886.208984375,30926.76171875,30804.443359375,32740.060546875,18.110623999999998,1716.6113295571706,1705.4193706619387,1707.6585389189243,1700.9045828224916,1807.7820260016995,Burkina Faso,WAEMU,2179.090814986458,1753.8660913527335,653.3269817555598,653.3269817555598
BF,BFA,2016,2162.72578977814,1881.75893134407,648.420480176012,663.742364842886,2.9035090911533,41815991712.8466,36383537964.251404,12537116611.6541,12833363045.3367,34396.21484375,34449.2265625,34301.5546875,34307.578125,34690.70703125,18.646357,1844.6613911634322,1847.5043979100049,1839.5847879293528,1839.907823549662,1860.4549420162878,Burkina Faso,WAEMU,2242.582382866884,1951.2410903776756,672.3627897746514,688.2504204621149
BF,BFA,2017,2232.28781490944,2042.40295259917,669.276310328333,709.091535894695,3.21640521697573,44410042330.9491,40632395597.0095,13314855313.1302,14106955615.3442,36842.7421875,37078.6171875,36842.7421875,37078.6171875,36842.7421875,19.193234,1919.5692704783362,1931.8587574923538,1919.5692704783362,1931.8587574923538,1919.5692704783362,Burkina Faso,WAEMU,2313.8384250902736,2117.0166318510733,693.726513891833,734.9962812595418
BF,BFA,2018,2316.39432079045,2073.3235382155,694.492813126351,777.465618514048,3.76772678322459,47343134249.8795,42375183591.2275,14194244128.6065,15890066221.2882,40581.484375,40553.80078125,40638.72265625,40513.921875,39322.71484375,19.751466,2054.606193535204,2053.2045966233595,2057.504119251199,2051.1855613654197,1990.875757969054,Burkina Faso,WAEMU,2396.942801606701,2145.419666126428,718.6425619549709,804.5005986537
BF,BFA,2019,2391.53626844484,2232.16282016585,717.021595096634,764.853077774946,3.24391866186016,50131268465.3998,46790489892.5012,15030172259.3791,16032813503.3707,43084.15234375,43608.875,43177.33984375,43519.10546875,41563.8828125,20.321378,2120.139310619093,2145.9605249210954,2124.724998656587,2141.5430326009387,2045.3279700077426,Burkina Faso,WAEMU,2466.922689268405,2302.5254435255915,739.6236741120165,788.9629090788382
BF,BFA,2020,2380.93171826574,2380.72282781802,713.8421779224,825.237038782475,-0.443420002406739,51139294287.7971,51134807594.6267,15332394848.5201,17725010532.5268,NA,NA,NA,NA,NA,NA,NA,NA,NA,NA,NA,Burkina Faso,WAEMU,NA,NA,NA,NA
BF,BFA,2021,2486.43093147762,2486.43093147762,745.472563435144,895.535288442991,4.43100540861892,54689652540.5665,54689652540.5665,16396850182.5889,19697516284.3787,NA,NA,NA,NA,NA,NA,NA,NA,NA,NA,NA,Burkina Faso,WAEMU,NA,NA,NA,NA
BI,BDI,1980,NA,NA,307.578267460065,209.805736668168,-3.15980759837527,NA,NA,1348332696.53429,919726666.666667,4060.74755859375,3710.950927734375,3639.089599609375,3444.947265625,3979.46240234375,4.157298,976.7756746313952,892.6352952649473,875.3497102226916,828.6505479340187,957.22327394951,Burundi,Non-CFA comparison,NA,NA,324.32909465097043,221.23183535716396
BI,BDI,1981,NA,NA,331.215392246246,212.23033189707,7.68491382091901,NA,NA,1512334118.01185,969046666.666667,4338.17236328125,3931.319580078125,3887.0244140625,3652.977783203125,4413.7275390625,4.26652,1016.7940999412285,921.434700898654,911.05266448124,856.1960996791589,1034.5029530067832,Burundi,Non-CFA comparison,NA,NA,354.4654936603719,227.12812002912608
BI,BDI,1982,NA,NA,319.648687347883,216.43619143507,-3.49220029296362,NA,NA,1496400168.4635,1013222222.22222,4271.01513671875,3872.6005859375,3848.725341796875,3610.5009765625,4394.71533203125,4.3797239999999995,975.1790607624476,884.2111023291651,878.7597898399249,824.367237881314,1003.4228942351734,Burundi,Non-CFA comparison,NA,NA,341.66540367920453,231.34385231174844
BI,BDI,1983,NA,NA,322.759132903385,225.209524508283,0.973082536740648,NA,NA,1551996327.82165,1082926304.46477,4354.75634765625,4059.486572265625,3945.34716796875,3786.0947265625,4531.33544921875,4.497533,968.2544514195338,902.6029541674569,877.224729194594,841.8158858562017,1007.5157756971989,Burundi,Non-CFA comparison,NA,NA,345.07725186711247,240.78229208429823
BI,BDI,1984,NA,NA,315.522461859928,200.375711827241,-2.24212742745944,NA,NA,1554410365.06677,987143931.166987,4448.60595703125,4170.1455078125,4024.709228515625,3871.968017578125,4526.82666015625,4.621103,962.6718895967587,902.4134514665654,870.9412511505641,837.8882742016625,979.5987365259442,Burundi,Non-CFA comparison,NA,NA,336.3721529398436,213.61651778092522
BI,BDI,1985,NA,NA,345.163854234518,228.440542564696,9.39438422223908,NA,NA,1737569339.09844,1149979285.77347,4796.41552734375,4619.5419921875,4376.40185546875,4298.642578125,5055.828125,4.750837,1009.5937889141956,972.3638155102985,921.1854364754569,904.8179464218621,1064.1973456466724,Burundi,Non-CFA comparison,NA,NA,365.73962421746734,242.05824905663357
BI,BDI,1986,NA,NA,349.756030266147,234.281244809988,1.33043364051353,NA,NA,1794043478.2316,1201725497.06578,5044.8173828125,4840.17822265625,4627.166015625,4506.42138671875,5248.927734375,4.886743,1032.3475948730063,990.4712039606442,946.8813922944178,922.1727818955795,1074.115772893111,Burundi,Non-CFA comparison,NA,NA,367.1245813891993,245.91542814217567
BI,BDI,1987,NA,NA,360.679923797347,215.608311467483,3.12328954639813,NA,NA,1892771415.26471,1131466494.01101,5063.4755859375,4749.25146484375,4644.0576171875,4417.05908203125,5463.8291015625,5.027138,1007.2282849481156,944.7227159556293,923.7975200178512,878.6428942335083,1086.86674238155,Burundi,Non-CFA comparison,NA,NA,376.5107333963599,225.07169964520764
BI,BDI,1988,NA,NA,370.526755664209,201.740400815807,2.7300748439757,NA,NA,1987997206.38758,1082403219.48787,5481.3798828125,5122.13330078125,5037.68017578125,4773.7822265625,5731.1455078125,5.168698,1060.4952896865902,990.9910195529416,974.651677420745,923.5947286071851,1108.8180249286183,Burundi,Non-CFA comparison,NA,NA,384.62243419669323,209.41506342368424
BI,BDI,1989,NA,NA,368.226157097932,203.578944192449,-0.620899444131396,NA,NA,2014825273.1497,1113924130.41149,5297.7412109375,4909.63427734375,4895.86865234375,4594.208984375,5816.15966796875,5.307068999999999,998.2423840612399,925.1121998496252,922.518371693255,865.6772663733975,1095.9268982500041,Burundi,Non-CFA comparison,NA,NA,379.64934564628805,209.89441260543063
BI,BDI,1990,1460.27645878332,598.305045994166,373.245241687992,202.629446176297,1.36304401339021,8158640509.59827,3342761403.8318,2085340574.06338,1132101252.51817,5522.08837890625,4961.1484375,5186.3203125,4723.6337890625,6019.71533203125,5.438956999999999,1015.2844339284628,912.15070049276,953.5505267829844,868.4815469330794,1106.7775185630721,Burundi,Non-CFA comparison,1500.0376928146834,614.5960344661303,383.4081744097959,208.14675543825228
BI,BDI,1991,1501.8459320135,636.146440172434,383.870358589191,204.668258398817,2.84668515883749,8566314432.23675,3628488325.80262,2189541631.93147,1167398478.3459,5765.19970703125,5168.314453125,5445.177734375,4914.7646484375,6340.77685546875,5.564926,1035.9885660710045,928.7301310251027,978.4816068308905,883.168014891393,1139.4180004314073,Burundi,Non-CFA comparison,1539.3402234345524,652.0281358283327,393.4538629860433,209.7778979174027
BI,BDI,1992,1476.99435502804,639.876865850147,377.518319697874,184.868970456447,-1.65473544627476,8652834068.45676,3748659110.03456,2211655966.74626,1083037670.60484,5665.6357421875,5020.69287109375,5314.6943359375,4776.23779296875,6455.2734375,5.6855649999999995,996.4947621190682,883.0596204763731,934.7697785422382,840.06387983758,1135.379410401605,Burundi,Non-CFA comparison,1521.895197479364,659.3292153083397,388.99493132982565,190.48901395109195
BI,BDI,1993,1429.12129549201,633.81242046807,365.282012271705,165.344120319403,-3.24124864614819,8112897222.46474,3598053602.44722,2073648634.39054,938632612.026359,5312.85888671875,4704.7685546875,4976.07568359375,4471.89111328125,6001.5654296875,5.7980529999999995,916.3177512724963,811.4393839945066,858.2321830438167,771.2746180970147,1035.1001326975625,Burundi,Non-CFA comparison,1399.2450952871147,620.5623857607408,357.6456845755877,161.88755294688735
BI,BDI,1994,1365.48348262885,618.519709020626,349.016249237768,161.892584261635,-4.45293293605653,7802173259.15277,3534131313.46634,1994227891.77222,925030590.153683,5380.421875,4884.60986328125,5060.63330078125,4645.99951171875,5816.4423828125,5.898967,912.0956050440697,828.0449548677336,857.8846602771723,787.5954403065401,986.0103273696055,Burundi,Non-CFA comparison,1322.6338203201967,599.1102024246517,338.06391725402426,156.81230123065325
BI,BDI,1995,1184.2840262089,547.689757596573,302.701844524604,164.915311679326,-13.2699852268517,7184241136.73547,3322459139.54421,1836285042.66912,1000428393.88528,4887.8115234375,4474.4541015625,4639.662109375,4290.64501953125,5408.06201171875,5.987043,816.3982659615941,747.3562661170965,774.9505238854974,716.6551199868198,903.294332731325,Burundi,Non-CFA comparison,1199.9648468760738,554.9415862796058,306.709847026173,167.098915756122
BI,BDI,1996,1088.78927818283,512.745181432347,278.293479866983,143.156741187159,-8.06350047055535,6609501845.94456,3112622700.35615,1689382239.2934,869033856.317093,4522.6611328125,4209.47216796875,4307.9111328125,4050.39794921875,4942.55126953125,6.060111,746.3000484335188,694.6196477207678,710.8634037912012,668.3702574455732,815.5875807441894,Burundi,Non-CFA comparison,1090.6568948893114,513.6247009924654,278.77084087954825,143.40230010920476
BI,BDI,1997,1071.55943349349,513.333205390103,273.889548332896,160.278342046962,-1.5824774393535,6504410766.80169,3115954116.71255,1662521061.74171,972896267.915425,4435.9501953125,4276.71044921875,4205.73681640625,4094.448486328125,4961.31298828125,6.122129999999999,724.5762823253509,698.5657686489425,686.9728046294754,668.7947636407795,810.3900094054276,Burundi,Non-CFA comparison,1062.4424451623358,508.9656895088067,271.5592549883309,158.91466988048688
BI,BDI,1998,1101.22051819781,533.471289523892,281.470892716422,144.456948255536,2.76802982431101,6813370277.90581,3300644483.18359,1741490812.09292,893770740.207416,4908.59228515625,4554.0546875,4634.3095703125,4326.037109375,5184.052734375,6.185562,793.5563955476075,736.2394374997778,749.2139873971839,699.3765658439767,838.0892042428804,Burundi,Non-CFA comparison,1101.4957538063334,533.6046236677589,281.5412426700953,144.4930533729055
BI,BDI,1999,1064.28756095402,522.875578671651,272.030864788973,127.51419578119,-3.35382029606878,6744555238.33755,3313543587.75695,1723901754.95176,808077223.365746,4945.9765625,4651.6337890625,4671.05908203125,4420.33056640625,5132.23486328125,6.267124,789.1939847528149,742.227820777521,745.3273753688694,705.3204255103697,818.9138851060311,Burundi,Non-CFA comparison,1076.1802763656106,528.7183703014254,275.07063127389216,128.9390832805839
BI,BDI,2000,1033.47188177042,519.237306665577,264.154407180223,134.537861752389,-2.89542791949714,6686763568.59967,3359566106.16378,1709130260.41104,870486065.883137,4770.33740234375,4336.0458984375,4491.09912109375,4115.697265625,5086.01318359375,6.378870999999999,747.8341233650517,679.751306843719,704.0586212033055,645.2077907869591,797.3218432531008,Burundi,Non-CFA comparison,1048.2675646834168,526.670958883442,267.93616933326297,136.46397080034023
BI,BDI,2001,1028.61849315822,528.435573413436,262.913885774384,132.159554541932,-0.469619802706177,6824230529.36167,3505834473.00903,1744266681.79557,876794723.068586,4843.90771484375,4361.60205078125,4570.4443359375,4153.33203125,5192.845703125,6.525544999999999,742.2993351273726,668.38893161893,700.3927389877015,636.4728204694014,795.7719551585348,Burundi,Non-CFA comparison,1045.7717369754819,537.2477659734215,267.2982382001151,134.36344750799913
BI,BDI,2002,1044.4802745003,544.922790017055,266.968141648342,120.952308575468,1.54204707066606,7127671264.58629,3718625048.88467,1821825838.40298,825394519.423728,5082.71826171875,4493.69970703125,4808.71875,4287.07763671875,5426.494140625,6.7041129999999995,758.149252812229,670.2899708031846,717.2788928229581,639.4697757509085,809.427606698306,Burundi,Non-CFA comparison,1063.1788671501047,554.6781578539427,271.74748373170024,123.11763232865079
BI,BDI,2003,999.615791221936,531.812612194556,255.500823385612,111.406682804391,-4.2953882781394,7040447958.40795,3745638126.82853,1799531646.23167,784654423.620476,5344.2421875,4646.2568359375,5081.6142578125,4454.45263671875,5361.3701171875,6.909154,773.5016743728683,672.4784012539741,735.4900842870921,644.7175206571962,775.9806941902727,Burundi,Non-CFA comparison,1019.0028994009904,542.1268836717968,260.4561493681672,113.56736636938126
BI,BDI,2004,1009.58916929728,551.562209243605,258.050009115333,125.194965184533,0.997721140754805,7380759118.05818,4032281574.38001,1886514847.43907,915257323.3961,5627.23486328125,4938.07861328125,5370.251953125,4749.08203125,5585.9609375,7.131692999999999,789.0461442018396,692.4132338956894,753.0122164716008,665.912291969102,783.2587490095269,Burundi,Non-CFA comparison,1034.9238417943932,565.4031342038995,264.5255267492684,128.3366128345822
BI,BDI,2005,981.533210986845,553.047973759863,250.878933475935,147.234619294225,-2.77894802793541,7447185950.18727,4196140338.26024,1903493481.08303,1117113079.73645,5554.29541015625,4859.125,5368.8857421875,4785.64453125,5636.79345703125,7.364862,754.1615050161497,659.7713575624364,728.98660452667,649.7941891171891,765.3630790408904,Burundi,Non-CFA comparison,1011.1779351992299,569.7513868230308,258.45609613364513,151.68146799443764
BI,BDI,2006,998.069458519996,579.707804423789,255.105582251925,161.892755640319,1.68473642542624,7850362235.25358,4559718981.96212,2006544947.16489,1273375078.44844,5775.2666015625,5013.99609375,5595.05078125,4917.00537109375,5941.99658203125,7.607849,759.1195095436963,659.0556797000046,735.4313658499268,646.306908969112,781.03503132505,Burundi,Non-CFA comparison,1031.876715120605,599.3440434953585,263.7466841369867,167.3764921528332
BI,BDI,2007,994.963590921008,593.560734529723,254.311725516331,166.162744906755,-0.311187520314832,8120767463.68481,4844567926.57905,2075660260.38688,1356199387.42308,5881.2529296875,5163.7978515625,5736.66357421875,5074.5166015625,6144.99267578125,7.862214,748.0403013308338,656.7867335539963,729.6498892320599,645.4309945725848,781.5855274075789,Burundi,Non-CFA comparison,1032.8855795180352,616.1836763256572,264.0045488951178,172.49586279679997
BI,BDI,2008,1001.61751311947,609.042906461819,256.012461554496,189.502074570768,0.668760370648471,8519394979.43694,5180297879.78918,2177549065.459,1611835857.04588,6209.5693359375,5488.46484375,6075.8994140625,5445.8818359375,6446.12158203125,8.126102,764.1510451059438,675.4117587682262,747.7015934654156,670.1714839338099,793.2612194667566,Burundi,Non-CFA comparison,1048.3987254204958,637.4886605889491,267.96969389001026,198.3528950345295
BI,BDI,2009,988.19632868896,604.588154080249,252.582019875886,198.431524048225,-1.33995105464051,8842030927.60846,5409640778.50353,2260014499.81439,1775495032.424,6265.482421875,5713.1748046875,6172.01806640625,5650.72021484375,6690.25341796875,8.397668,746.0978954961068,680.3287299149598,734.9680966675809,672.8915950051551,796.6799137532885,Burundi,Non-CFA comparison,1052.9150387474783,644.1836922468868,269.124059181,211.42715244565517
BI,BDI,2010,991.038897704986,613.695880049889,253.308577749924,216.727705301976,0.287652254263818,9292420726.15253,5754285052.3185,2375133693.99181,2032135192.01248,6650.67236328125,6156.70654296875,6555.85546875,6125.5595703125,7030.92578125,8.675602,766.5949133306542,709.6575595524956,755.6657703695952,706.0673795677234,810.425118769856,Burundi,Non-CFA comparison,1071.0980893490193,663.2721340050523,273.77162921856143,234.23564059444865
BI,BDI,2011,994.691231245018,628.665448296178,254.242110648215,230.069761381132,0.368535841377152,9666387502.032,6109356995.9024,2470719237.95292,2235812879.56709,7267.0361328125,6434.87451171875,7184.72802734375,6455.662109375,7314.65869140625,8.958406,811.1974532983323,718.3057467722215,802.0096462857064,720.6262039669781,816.5134167179127,Burundi,Non-CFA comparison,1079.0298521893292,681.9692025458994,275.7989800811573,249.57708766125248
BI,BDI,2012,1002.27452805218,637.247080191101,256.180393931874,231.098787811507,0.762376963720541,10093934835.7003,6417733187.52282,2579999920.33893,2327402362.81574,7544.01220703125,6801.2294921875,7358.6396484375,6739.7412109375,7638.21875,9.245987999999999,815.9227772122623,735.5870992031896,795.8738047721348,728.9368330282822,826.111687577358,Burundi,Non-CFA comparison,1091.7097054095573,694.1100494098437,279.03993822390106,251.72024480409672
BI,BDI,2013,1014.5231007912,687.370968311715,259.311117203355,234.844770150871,1.2220776240641,10590952601.5367,7175699931.70619,2707037177.57679,2451624637.67157,8313.9404296875,7288.7919921875,8171.5537109375,7233.15283203125,8012.4072265625,9.540291,871.4556431965755,764.0010134059328,856.5308658758418,758.1689942194897,839.8493532914772,Burundi,Non-CFA comparison,1110.128884070381,752.1468613175625,283.7478623636103,256.97587606830547
BI,BDI,2014,1022.29153627273,724.371954183273,261.296721752002,250.544492155185,0.765722877623617,11040528799.0652,7823061365.2092,2821948416.12645,2705826648.21019,8707.7978515625,7769.1259765625,8592.771484375,7729.9697265625,8351.7763671875,9.844299,884.5523537595211,789.2005288098726,872.8677871705238,785.222972866072,848.387108842133,Burundi,Non-CFA comparison,1121.5149803013096,794.679373839539,286.6581374790069,274.8622982916498
BI,BDI,2015,995.319068450023,722.032898379933,254.402585226788,254.402585226788,-2.63843207790325,10995867034.2271,7976716207.48418,2810532912.49975,2810532912.49975,8671.001953125,7966.77001953125,8605.0703125,7923.95263671875,8317.7705078125,10.160029999999999,853.4425541189348,784.1285920938473,846.9532385731145,779.9142952056983,818.6757822380939,Burundi,Non-CFA comparison,1082.2671817137452,785.1075447104174,276.6264383569488,276.6264383569488
BI,BDI,2016,1009.63596796379,764.282221636916,258.061970808946,232.937812100153,1.43842311150118,11347753989.7665,8590112580.25926,2900474875.87058,2618093125.14687,9021.90625,8392.7685546875,8992.6708984375,8349.7734375,8583.943359375,10.487995,860.2126764934576,800.2262162298418,857.4251702482219,796.1267561149676,818.4541811256585,Burundi,Non-CFA comparison,1081.9755339096273,819.0423985003101,276.5518934620564,249.62760996233027
BI,BDI,2017,1023.97040626757,791.393494929898,261.725839288764,246.060725714184,1.41976303921598,11782583759.9642,9106376594.50655,3011616941.94606,2831362208.34039,8945.59375,8500.01171875,8945.59375,8500.01171875,8945.59375,10.827019,826.228692311337,785.0740558181343,826.228692311337,785.0740558181343,826.228692311337,Burundi,Non-CFA comparison,1088.257419698275,841.078841231049,278.15753735594814,261.5089350393114
BI,BDI,2018,1046.59511246023,823.013102241659,267.508692172687,245.661678332009,2.20950781918904,12412038220.086,9760479443.32744,3172504889.35261,2913411408.44783,9026.5361328125,8525.669921875,9048.2080078125,8523.8291015625,9089.6123046875,11.175374,807.7166932231977,762.897950607738,809.6559459945144,762.7332294706647,813.360904492995,Burundi,Non-CFA comparison,1110.6597613722815,873.3917489765837,283.88355408531385,260.6992310456751
BI,BDI,2019,1057.95005999167,868.423731660834,270.411005710809,234.31061590725,1.08494176938687,12965533456.4181,10642824621.8774,3313977733.08389,2871555326.31029,9109.6884765625,8664.98828125,9166.3232421875,8660.5693359375,9250.67578125,11.530579999999999,790.045988715442,751.4789612708121,794.9576900890936,751.0957242339501,802.2732404831328,Burundi,Non-CFA comparison,1124.4476389234628,923.008610310791,287.4077221686932,249.0382379993279
BI,BDI,2020,1030.77026419371,958.135599490084,263.463876356897,255.8324539389,-2.56910007625271,13005265531.0616,12088831351.648,3324133212.69452,3227847281.31544,NA,NA,NA,NA,NA,NA,NA,NA,NA,NA,NA,Burundi,Non-CFA comparison,NA,NA,NA,NA
BI,BDI,2021,1035.53857384938,1035.53857384938,264.682651664249,264.980379269655,0.462596741612089,13426255704.0112,13426255704.0112,3431737891.18244,3435598072.7935,NA,NA,NA,NA,NA,NA,NA,NA,NA,NA,NA,Burundi,Non-CFA comparison,NA,NA,NA,NA
CM,CMR,1980,NA,NA,1305.68366184321,784.116227118122,-5.10455591015526,NA,NA,11114265274.3313,6674569046.6832,20713.48828125,21412.5078125,19953.19140625,21001.345703125,33047.703125,8.621406,2402.5649970840022,2483.6445253245233,2314.3778875800535,2435.9536835552112,3833.2150376632303,Cameroon,CAEMC,NA,NA,1289.1476488094054,774.1856776821785
CM,CMR,1981,NA,NA,1475.98950174546,749.847541304586,13.043422758453,NA,NA,13012879895.4302,6610938616.6643,23411.87890625,23985.224609375,22548.6171875,23592.66796875,35457.171875,8.888535,2633.941240738772,2698.4452004042287,2536.8204307571496,2654.280820039523,3989.0906516090677,Cameroon,CAEMC,NA,NA,1464.0072740254948,743.7602053279084
CM,CMR,1982,NA,NA,1549.61272438048,732.250719743892,4.98805869201293,NA,NA,13990954313.1341,6611255963.83584,26591.515625,26710.701171875,25696.9140625,26355.23828125,38098.1328125,9.166815999999999,2900.845356228379,2913.8472040755487,2803.2540483522307,2875.0700659040176,4156.0922366610175,Cameroon,CAEMC,NA,NA,1526.261060888983,721.2161740604198
CM,CMR,1983,NA,NA,1622.46829304371,745.513189491527,4.70153397148707,NA,NA,14951689440.3101,6870200009.90065,30344.474609375,30275.5078125,29388.076171875,29822.3359375,41299.50390625,9.456494,3208.8504058031444,3201.557343821082,3107.713722641288,3153.635579687356,4367.316672146147,Cameroon,CAEMC,NA,NA,1581.102831589604,726.5060401773268
CM,CMR,1984,NA,NA,1695.95061001327,771.702146026357,4.52904486852626,NA,NA,16069264314.0233,7311938026.36713,34288.578125,34132.90234375,33034.87109375,33451.83984375,44622.40625,9.757840999999999,3513.9513059292526,3497.997389355904,3385.469295282635,3428.200955903053,4572.979437767023,Cameroon,CAEMC,NA,NA,1646.805303962557,749.3397388179548
CM,CMR,1985,NA,NA,1778.88090277491,875.337721693686,4.88990022893367,NA,NA,17364955075.045,8544810497.9889,35614.0234375,35885.6796875,35038.5625,35288.37890625,45671.84375,10.070806,3536.3627734959846,3563.337401941811,3479.2212758343276,3504.0272751009206,4535.073334745998,Cameroon,CAEMC,NA,NA,1724.2865243402562,848.4733494011205
CM,CMR,1986,NA,NA,1842.96431745669,1178.59374950439,3.60245672331487,NA,NA,18540851327.4109,11857056199.0765,34592.03125,34118.4765625,33998.51953125,33655.4609375,43271.0625,10.39548,3327.603078453328,3282.04917545895,3270.509830354154,3237.5090844771,4162.488167934525,Cameroon,CAEMC,NA,NA,1783.5493240726644,1140.5972787284954
CM,CMR,1987,NA,NA,1749.42466570751,1258.31412766207,-5.07549988153178,NA,NA,18142844102.4615,13049659981.1373,34068.0078125,33632.4375,33640.375,33179.89453125,40846.16015625,10.731064,3174.7092191883303,3134.1195523575293,3134.859227379503,3091.9482477459833,3806.347642344692,Cameroon,CAEMC,NA,NA,1690.684549310441,1216.0639412025967
CM,CMR,1988,NA,NA,1565.13475286994,1145.16555992416,-10.5343154495332,NA,NA,16723414750.1032,12236057362.4917,33349.80078125,33380.52734375,32987.1484375,32992.96484375,39304.796875,11.075422,3011.15395704561,3013.928258783277,2978.41007209477,2978.9352354926073,3548.8306337221284,Cameroon,CAEMC,NA,NA,1509.9573406867207,1104.7937823490336
CM,CMR,1989,NA,NA,1492.28176078781,1000.89261316386,-4.654742471761,NA,NA,16419195682.0992,11012566195.0255,32284.43359375,32343.8046875,32023.1640625,32084.505859375,38068.23046875,11.425799999999999,2825.573140939803,2830.7693717288944,2802.7065117978614,2808.07522093639,3331.7781222102612,Cameroon,CAEMC,NA,NA,1437.0281014982936,963.8332716331024
CM,CMR,1990,4517.61887779618,2031.90998845273,1360.47765296011,1086.71700937081,-8.83238750824871,51192848469.4072,23025240277.2584,15416689237.844101,12314482627.8454,31033.470703125,30730.373046875,30936.7734375,30730.091796875,35722.8046875,11.780088,2634.4005836904616,2608.670923924762,2626.1920486077865,2608.6470488908913,3032.4734999857387,Cameroon,CAEMC,4345.710190739424,1954.5898364476054,1308.70747636555,1045.364230542709
CM,CMR,1991,4220.65297387084,1962.54063766109,1271.04658608388,1014.82897292999,-6.57350502462501,49243117963.6864,22897314876.9068,14829529308.2261,11840192296.3893,29799.0625,29878.873046875,29146.63671875,29854.08984375,34378.1796875,12.137912,2455.0402490972087,2461.615560145353,2401.289177145954,2459.573758958707,2832.2976544483104,Cameroon,CAEMC,4056.967785207736,1886.4294680095554,1221.7529100743275,975.4719177721258
CM,CMR,1992,3974.27759501196,1890.09253104555,1196.85081918895,1005.44897647465,-5.83737588435096,47716579725.7047,22693118130.3963,14369813423.5217,12071775335.0433,29639.751953125,29354.30859375,30058.76171875,29347.2734375,33329.59375,12.499499,2371.275196959894,2348.438812927622,2404.7973217766566,2347.875977869193,2666.4743722928415,Cameroon,CAEMC,3817.4793826300315,1815.522216562144,1149.631151098272,965.7807352953347
CM,CMR,1993,3556.31854424592,1731.40873126371,1070.98275377636,1309.93629975506,-10.5166043582515,43931668854.7992,21388318871.8445,13229990256.1401,16181814712.5295,30932.53125,30860.16796875,30926.822265625,30829.87890625,32277.01171875,12.86409,2404.564275436506,2398.9390597197316,2404.1204831142354,2396.5845159859737,2509.078506038904,Cameroon,CAEMC,3415.0623055963697,1662.6375337738232,1028.443539818215,1257.905900264185
CM,CMR,1994,3522.74885285749,1751.68522971639,1060.87326552909,700.70950185009,-0.943945008602924,44756182468.9157,22254990930.0794,13478291933.8403,8902446252.18372,29839.8203125,31852.04296875,29735.693359375,31760.794921875,32962.5625,13.230984,2255.298646910918,2407.382774308396,2247.428714249447,2400.4862315512587,2491.316027590994,Cameroon,CAEMC,3382.6798119411,1682.0359642245353,1018.6915753084048,672.8483877074992
CM,CMR,1995,3526.54367510339,1790.33914983641,1062.01607349987,832.006674487689,0.107723326425074,46051427006.0364,23379172433.5651,13868353888.0552,10864772470.9043,33006.4765625,33687.64453125,32912.05078125,33705.74609375,34106.29296875,13.599988,2426.9489474917186,2477.034871740328,2420.0058692147377,2478.3658701573854,2507.817872247387,Cameroon,CAEMC,3386.1373264473764,1719.0583134018282,1019.7328032977089,798.8810336379929
CM,CMR,1996,3577.59204137871,1849.50650036011,1077.38925202961,826.965322327363,1.4475466909911,47992527880.2293,24810680272.2513,14452915010.389,11093538846.4483,35041.0390625,35990.20703125,34954.3671875,36057.59375,35593.68359375,13.970813,2508.1603384498812,2576.099689491943,2501.956556679987,2580.923082285906,2547.7174158547537,Cameroon,CAEMC,3435.199360282705,1775.893806054902,1034.5077992518402,794.0510581916958
CM,CMR,1997,3641.70750463277,1915.11760711464,1096.69757735007,783.251601945462,1.79214014657076,50165300201.7225,26381154873.172,15107243821.2788,10789458432.6416,36589.21875,37407.17578125,36324.6875,37286.63671875,37455.6796875,14.344449,2550.7580493332302,2607.780597306317,2532.3166822232074,2599.3774120393196,2611.1619684729612,Cameroon,CAEMC,3497.192551747544,1839.1194303226287,1053.1770039601242,752.1695976361029
CM,CMR,1998,3714.13212604236,1975.15598939833,1118.50819963079,798.745621406677,1.98875448721377,52535878944.3715,27938304948.2009,15821141892.6295,11298144990.4104,38341.71484375,39321.88671875,38009.41796875,38923.91015625,39142.05078125,14.723768,2604.0694775787015,2670.640200168191,2581.5007387205505,2643.6106678840633,2658.4262113645095,Cameroon,CAEMC,3568.1001591692766,1897.496955140892,1074.5307785771618,767.340601292441
CM,CMR,1999,3780.06217282191,2038.66378898995,1138.36298546565,796.262649784591,1.77511312312416,54905932268.9424,29611876948.0094,16534881734.7065,11565826464.8921,39935.13671875,41062.93359375,39710.80859375,40671.51171875,40822.05859375,15.112592,2642.507434776907,2717.1337381271196,2627.66364590204,2691.2333581658263,2701.1950427663237,Cameroon,CAEMC,3633.1247656882683,1959.4174809992487,1094.1128917333638,765.3105744462697
CM,CMR,2000,3822.94425358926,2108.49454959751,1151.27689302947,708.565731625965,1.13442792226186,57010156987.347,31443201183.6588,17168567484.5749,10566579294.9831,41473.42578125,42374.98046875,41318.921875,41943.5,42272.5859375,15.513945,2673.2997816641737,2731.4123176761295,2663.3407476305997,2703.59989029225,2724.81215690142,Cameroon,CAEMC,3674.768538069911,2026.7701853821707,1106.6538836237269,681.1020211160411
CM,CMR,2001,3884.87304812714,2190.89640724166,1169.92670464984,715.470296470585,1.61992408023583,59475425081.572,33541506637.7022,17910981185.5697,10953485349.1135,42446.85546875,42646.3671875,42153.48046875,42309.08203125,44119.08203125,15.92891,2664.768365741912,2677.2934988960324,2646.3505957877846,2656.119096112038,2769.7489678358406,Cameroon,CAEMC,3733.803824716945,2105.700053406178,1124.4323174385252,687.648140965923
CM,CMR,2002,3951.41936232132,2263.05519674356,1189.96707897027,789.623811072554,1.71295981541175,62138155821.9261,35587737861.9363,18712860619.4251,12417251350.4882,43814.69921875,44045.6171875,43786.6328125,43794.3046875,45988.4921875,16.357602,2678.5527132124867,2692.669572685532,2676.8369112110686,2677.3059209717903,2811.4446229649066,Cameroon,CAEMC,3798.732590628266,2175.608494566398,1143.9855682651466,759.1119621621922
CM,CMR,2003,4054.78133246517,2368.10119477369,1221.09446141454,988.241276791846,2.61581878981131,65526644958.2901,38269320461.9491,19733301668.5758,15970315034.9903,46501.55859375,46747.87109375,46423.97265625,46487.84765625,48088.875,16.800864999999998,2767.8074071632623,2782.468110644899,2763.1894343684094,2766.9913219497926,2862.2856620775183,Cameroon,CAEMC,3900.1947196343817,2277.8184612488167,1174.5408149268387,950.5650473943037
CM,CMR,2004,4222.96638689885,2532.64744424214,1271.74326874167,1133.39326749673,4.14782057634264,70145528271.0204,42068507448.1673,21124275032.771,18826214135.6419,47715.17578125,47945.1640625,47681.109375,47664.96875,51349.8125,17.259322,2764.603139176035,2777.9285920095817,2762.6293416972,2761.694158669732,2975.192913139925,Cameroon,CAEMC,4064.2111127552057,2437.4368499624316,1223.9342329189408,1090.7852658199376
CM,CMR,2005,4199.72270969362,2597.68039893219,1264.74345218659,1142.62466252106,-0.550411134631503,71708560180.5984,44354338153.5252,21594980960.2444,19509852206.9341,49568.359375,48643.015625,49742.41015625,49175.28515625,52387.39453125,17.73341,2795.1961509376933,2743.015337997599,2805.011002184577,2773.0304073638404,2954.1636115811907,Cameroon,CAEMC,4043.6983175034247,2501.173668996837,1217.756819486179,1100.1748793342115
CM,CMR,2006,4241.51744722821,2704.43739800377,1277.32990712342,1191.45458990968,0.995178501621496,74440357496.4561,47463977040.9871,22417659743.2882,20910512974.933,51431.74609375,50858.30078125,51292.47265625,51124.4296875,54198.77734375,18.223674,2822.2490203539637,2790.7819675247706,2814.6065747362472,2805.3854391545856,2974.086199289452,Cameroon,CAEMC,4084.816129637531,2604.522943122616,1230.1394188289476,1147.4367339392154
CM,CMR,2007,4302.6192630847,2817.7222811838,1295.73067471287,1325.67248215933,1.44056500100977,77661830226.2754,50859594132.2503,23387803922.5771,23928250433.0378,54119.65234375,53517.5625,53926.109375,53748.15234375,56855.7109375,18.730282,2889.420049508598,2857.27478635933,2879.0868912171213,2869.5858580105737,3035.496792707125,Cameroon,CAEMC,4146.324664320346,2715.3672396523607,1248.6626694983609,1277.5168271912723
CM,CMR,2008,4300.26640352464,2870.44106866605,1295.02211276052,1492.14269801453,-0.054684354254718,79873388993.9853,53315733154.1031,24053813243.6522,27715142032.913,57194.8671875,55654.56640625,56957.546875,56263.26953125,58839.29296875,19.252665999999998,2970.75050216422,2890.7459572741773,2958.423881399075,2922.3625201439636,3056.1633889431214,Cameroon,CAEMC,4148.692393769534,2769.2649503244443,1249.375709507047,1439.5482699857257
CM,CMR,2009,4286.57718166156,2878.95143886138,1290.89961351149,1461.38999232337,-0.318334274636157,81933524799.2723,55028202949.659,24674221649.2686,27932970317.129,57310.62890625,56683.6640625,57218.48046875,57010.19921875,60132.97265625,19.789918999999998,2895.950655798541,2864.2696345801114,2891.29432357707,2880.7697100099303,3038.565880752216,Cameroon,CAEMC,4140.16473737322,2780.6178969029133,1246.807611959837,1411.474716856042
CM,CMR,2010,4286.58302947378,2913.94292755606,1290.9013745759,1398.58702025047,1.36421484427274e-4,84308797938.1703,57311621819.4057,25389533434.6495,27507501821.0296,59721.0703125,59038.9296875,59450.03515625,59503.08203125,62191.03125,20.341241,2935.9600189831094,2902.4251611541304,2922.635603021959,2925.243451530317,3057.3862848387666,Cameroon,CAEMC,4144.722435478263,2817.508618053623,1248.18015944305,1352.3020459287413
CM,CMR,2011,4307.85195558527,2988.8172872551,1297.3064962694,1513.96056994878,0.496174364645441,87157770352.3957,60470659956.2005,26247499413.6974,30630910495.217,63652.546875,62216.26171875,63415.0390625,62936.23828125,64759.0625,20.906388,3044.6458218894627,2975.945042192367,3033.285284024194,3010.383155677107,3097.572976259696,Cameroon,CAEMC,4168.954022684153,2892.4489470012945,1255.4774843792911,1465.1459876864908
CM,CMR,2012,4382.11120797355,3059.64226568251,1319.66961634054,1449.09874362279,1.723811615485,91189670263.5506,63669714457.3458,27461703151.6573,30155062329.2821,68232.21875,65973.5078125,67465.125,66398.4921875,67701.2421875,21.485265,3175.7680787274444,3070.6397064453245,3140.0648304780048,3090.4199779476776,3151.054557041768,Cameroon,CAEMC,4244.288830673049,2963.4130394642934,1278.1645072405342,1403.5229413871368
CM,CMR,2013,4473.57231896434,3238.86829843733,1347.2130636706,1575.92882118897,2.08714719116143,95745076833.6667,69319477137.6358,28833560540.7901,33728621180.3231,71237.4140625,69312.2109375,70340.7421875,69468.734375,71359.9921875,22.077294,3226.727608125344,3139.524750519697,3186.1124912998853,3146.6145432044345,3232.2798340910804,Cameroon,CAEMC,4336.812148883224,3139.8538760065344,1306.027837505362,1527.7515976515556
CM,CMR,2014,4588.4864949903,3422.26128158344,1381.81938454907,1649.4433905949,2.56873406379989,101221521111.431,75494717689.7735,30482787768.4783,36386544706.0806,75289.578125,73708.6484375,74465.671875,73862.8671875,75558.859375,22.681852,3319.375248767164,3249.675045825182,3283.0507788781974,3256.4742591345716,3331.247350304552,Cameroon,CAEMC,4462.665619695914,3328.419464591053,1343.9285190855799,1604.2140080131287
CM,CMR,2015,4698.66677843587,3497.66067563959,1415.00009710569,1415.00009710569,2.40123368709621,106957697125.582,79618697991.1036,32210233020.4569,32210233020.4569,78458.2734375,77027.609375,78205.15625,76892.1328125,79829.046875,23.298368,3367.543745446033,3306.137553282702,3356.6795858834403,3300.322701251006,3426.3793444673893,Cameroon,CAEMC,4590.780655777349,3417.3508629919315,1382.5102694084367,1382.5102694084367
CM,CMR,2016,4767.13186148953,3626.99932028578,1435.61830727839,1441.7201725688,1.45711722669677,111809078187.605,85068226004.8733,33671222913.4548,33814337044.3765,83367.3203125,81471.2109375,83063.3203125,81182.078125,83539.8828125,23.926551,3484.3016159119634,3405.0545328284047,3471.5960654964438,3392.97035017709,3491.5137920421544,Cameroon,CAEMC,4673.012762583499,3555.3902442885856,1407.2744088128204,1413.2558029101854
CM,CMR,2017,4797.97544185544,3767.43072883824,1444.90682916573,1496.08951771242,0.647004976201075,115768435044.329,90902832851.2771,34863580363.1151,36098547033.1655,86504.7890625,85510.1796875,86504.7890625,85510.1796875,86504.7890625,24.566073,3521.311243457593,3480.8241303972354,3521.311243457593,3480.8241303972354,3521.311243457593,Cameroon,CAEMC,4712.5332178378285,3700.340418726147,1419.175965288188,1469.4471938256268
CM,CMR,2018,4851.48003949961,4010.76360069526,1461.01969999317,1610.69641591017,1.11514946861584,120347671976.682,99492538001.3058,36242614248.5756,39955552189.795,90939.8359375,89558.2734375,90957.34375,89462.921875,90019.03125,25.216267,3606.395662668864,3551.607120812133,3607.0899689474263,3547.825769571682,3569.879365966422,Cameroon,CAEMC,4772.62046664885,3945.5696595101012,1437.2711967467508,1584.5149557543548
CM,CMR,2019,4882.35560028896,4241.11174920592,1470.31785276187,1555.22660476477,0.636415290549962,124529825764.752,108174199180.862,37502066832.7403,39667757527.6578,94487.5234375,92642.1484375,94377.6953125,92454.828125,93489.34375,25.876379999999997,3651.496980547511,3580.181943436447,3647.2526416948585,3572.942897151766,3612.9220451237775,Cameroon,CAEMC,4812.490223313772,4180.422423107947,1449.277945088931,1532.97167253139
CM,CMR,2020,4763.48194388066,4365.44704128392,1434.51913723409,1555.60370660749,-2.43476031121681,124853519772.037,114420802871.501,37599547048.5841,40773241177.0505,NA,NA,NA,NA,NA,NA,NA,NA,NA,NA,NA,Cameroon,CAEMC,NA,NA,NA,NA
CM,CMR,2021,4793.55628200196,4793.55628200196,1443.57600237663,1672.32657340872,0.631351991581198,129022200845.744,129022200845.744,38854942334.5769,45011937346.8384,NA,NA,NA,NA,NA,NA,NA,NA,NA,NA,NA,Cameroon,CAEMC,NA,NA,NA,NA
CF,CAF,1980,NA,NA,549.851069399498,325.254770299088,-5.52099764656569,NA,NA,1347429290.3509,797048198.534875,2506.7646484375,2494.211669921875,2400.72705078125,2402.340087890625,3425.64306640625,2.199356,1139.7721189464098,1134.0645488597004,1091.5590976546089,1092.2925110307858,1557.5664269023525,Central African Republic,CAEMC,NA,NA,612.6471977937632,362.4007202721501
CF,CAF,1981,NA,NA,535.271803204363,280.343391789938,-2.6514936510095,NA,NA,1326618707.6053,694803622.898966,2925.533935546875,2949.71923828125,2811.52294921875,2854.45703125,3478.666748046875,2.264442,1291.9447420366143,1302.6252111033316,1241.5963620259429,1260.5564776002213,1536.2136667871712,Central African Republic,CAEMC,NA,NA,585.847951771474,306.8321568399482
CF,CAF,1982,NA,NA,569.909860587753,298.444544895201,6.47111564181645,NA,NA,1428977736.69122,748312390.756606,2955.156005859375,2931.005126953125,2843.7314453125,2843.86083984375,3541.1494140625,2.335333,1265.410973877976,1255.0694598813639,1217.6984803933744,1217.7538877084125,1516.3359632491383,Central African Republic,CAEMC,NA,NA,611.8946363072076,320.4307012133199
CF,CAF,1983,NA,NA,517.400561236801,259.588394525784,-9.21361481564811,NA,NA,1312851666.6817,658679332.681331,2793.0380859375,2804.735107421875,2690.382568359375,2718.331298828125,3325.239013671875,2.408317,1159.7468630323583,1164.603790706072,1117.1214455403401,1128.726533437303,1380.7314459316922,Central African Republic,CAEMC,NA,NA,545.1324168212491,273.50192382536477
CF,CAF,1984,NA,NA,559.576063736741,248.313551025498,8.15142186918453,NA,NA,1437332673.07483,637820670.299604,3006.8349609375,3033.9716796875,2884.963623046875,2925.841064453125,3565.494384765625,2.478382,1213.2249834519055,1224.174352334507,1164.0512330411032,1180.5448330617012,1438.6379439350453,Central African Republic,CAEMC,NA,NA,579.9479955369391,257.3536566597095
CF,CAF,1985,NA,NA,574.324850721819,332.515358450814,2.63570726856844,NA,NA,1493779882.6376,864849836.286193,3345.890380859375,3368.92041015625,3227.95556640625,3258.875732421875,3684.460693359375,2.542169,1316.1557633892062,1325.214968067131,1269.7643494221863,1281.9272567724156,1449.337433254585,Central African Republic,CAEMC,NA,NA,587.6005421502662,340.2015508356026
CF,CAF,1986,NA,NA,587.348322352386,426.02699258009,2.26761415846777,NA,NA,1547227016.94335,1122265013.42004,3313.296142578125,3291.650390625,3184.52099609375,3190.473388671875,3816.2890625,2.5977609999999998,1275.4430228870651,1267.11055814026,1225.871431626601,1228.1627865965634,1469.0685796345392,Central African Republic,CAEMC,NA,NA,595.6002176271606,432.01241893308895
CF,CAF,1987,NA,NA,551.039434586106,449.952130096608,-6.18183220833238,NA,NA,1470809662.02268,1200991977.80801,3088.234130859375,3052.49462890625,2958.720458984375,2958.4111328125,3628.110107421875,2.64684,1166.7626795950548,1153.259973744635,1117.8312474438858,1117.714381229126,1370.7326878171234,Central African Republic,CAEMC,NA,NA,555.6851422914419,453.7455901406999
CF,CAF,1988,NA,NA,551.209370152878,466.070596898859,0.0308390935576313,NA,NA,1495962938.26696,1264899287.51261,3251.904052734375,3209.532958984375,3119.50390625,3115.82177734375,3703.7294921875,2.6939729999999997,1207.1034315245088,1191.3753252108968,1157.9566336596545,1156.589831206085,1374.8205687983882,Central African Republic,CAEMC,NA,NA,555.2999002836926,469.52931136006566
CF,CAF,1989,NA,NA,547.973638780833,443.226859814307,-0.58702401433186,NA,NA,1525542171.15668,1233930280.91724,3439.118408203125,3378.501953125,3311.07275390625,3290.543701171875,3795.411376953125,2.7457339999999997,1252.5315300765208,1230.4549359570156,1205.8971312975875,1198.4204227983757,1382.2939064574812,Central African Republic,CAEMC,NA,NA,555.604501804137,449.39906084028536
CF,CAF,1990,1481.25255094258,620.391176505202,519.786735961912,501.656200636394,-5.14384284646127,4254024013.57752,1781707623.71705,1492780724.87637,1440711459.16967,3391.605712890625,3352.391357421875,3266.676025390625,3273.1650390625,3736.76904296875,2.806734,1208.3815968633382,1194.4100714288832,1163.8708995546515,1166.1828442105664,1331.3584554035936,Central African Republic,CAEMC,1515.649154347195,634.7974634279736,531.8568574280177,513.305307581577
CF,CAF,1991,1427.69018313539,618.179517934398,500.991150890901,464.828283626364,-3.61601860351969,4230518701.45514,1831783983.92755,1484532469.39956,1377374986.58709,3339.994873046875,3302.859619140625,3207.607666015625,3222.436279296875,3780.85693359375,2.8785089999999998,1160.3211499588417,1147.4202856897878,1114.329559510019,1119.4810505358416,1313.4775446572341,Central African Republic,CAEMC,1469.6909759375915,636.3655572824508,515.7296605289614,478.502928629749
CF,CAF,1992,1294.20254725767,573.150589287487,454.148968239471,461.587303490896,-9.3499022024904,3958746871.83074,1753170790.18083,1389164942.66891,1411917553.12436,3207.994873046875,3168.6826171875,3105.979248046875,3095.183837890625,3730.541748046875,2.9592359999999998,1084.0618568599716,1070.7772604778734,1049.5882207593024,1045.9401811449393,1260.6435404431668,Central African Republic,CAEMC,1337.7597703700349,592.440342771185,469.4336452614493,477.1223224928192
CF,CAF,1993,1257.8284033824,570.245637847042,441.384907508364,404.954546941526,-2.81054491449957,3972019587.50868,1800743914.77326,1393822474.94131,1278781261.55928,3145.84814453125,3100.796875,3035.942626953125,3023.55029296875,3717.544921875,3.0461489999999998,1032.7295692138664,1017.9399875055358,996.6494176591904,992.5812207376429,1220.4081027799364,Central African Republic,CAEMC,1303.9478986447084,591.1542458275219,457.56871214812867,419.8025971675318
CF,CAF,1994,1278.91509145063,592.18543758181,448.784442959801,261.260397409459,1.67643599170786,4166646537.85194,1929312915.11141,1462119071.07866,851174356.781737,3830.59619140625,3658.549072265625,3700.17431640625,3561.42919921875,3909.981201171875,3.1350149999999997,1221.8749165175448,1166.9957152567454,1180.2732415654311,1136.0166376297243,1247.196967533449,Central African Republic,CAEMC,1329.067496599519,615.407873682075,466.38343710593415,271.50567278999847
CF,CAF,1995,1334.10322981784,630.691681389742,468.150527620686,333.145863233895,4.3152308340197,4466646986.79807,2111588545.26029,1567392310.30149,1115389673.69197,3943.51025390625,3715.481201171875,3820.657470703125,3620.8544921875,4111.4638671875,3.2226559999999997,1223.683276746339,1152.925165196619,1185.5616828799366,1123.5622083733108,1275.7997959408328,Central African Republic,CAEMC,1386.0142028184425,655.2323751775834,486.36662129047915,346.10882256498064
CF,CAF,1996,1247.9687525828,600.772967864624,437.925054761723,293.306575328658,-6.45635774727835,4287976954.96817,2064234890.52897,1504695160.78436,1007791127.09913,3353.623046875,3269.15234375,3248.12939453125,3184.2275390625,3801.1240234375,3.308233,1013.7203295157868,988.1868489160225,981.832112348571,962.5161042352519,1148.9892106866414,Central African Republic,CAEMC,1296.1532500788699,623.9690162479396,454.83348989758576,304.63124184394815
CF,CAF,1997,1278.48826062781,626.078453835456,448.634663639551,265.5212823896,2.44553463232529,4515236990.05924,2211121275.41068,1584443041.5758,937741513.015352,3519.9267578125,3499.668701171875,3402.731201171875,3397.8388671875,4033.782958984375,3.392436,1037.580888132451,1031.609351266133,1003.034751774794,1001.5926216994219,1189.0520437185476,Central African Republic,CAEMC,1330.9719004453557,651.7798052522376,467.05171197800047,276.4212834126722
CF,CAF,1998,1302.75142830782,645.129994415361,457.148858416438,266.570544600384,1.89780136644271,4727459557.33197,2341065142.24431,1658914120.44075,967338389.650578,3701.729736328125,3679.24658203125,3569.58203125,3550.799072265625,4217.42626953125,3.475492,1065.0951682029838,1058.6261116501635,1027.0724349962538,1021.668032113331,1213.4760400919495,Central African Republic,CAEMC,1360.22743178001,673.5924416584213,477.31777844424613,278.3313526978563
CF,CAF,1999,1313.23570902088,659.524563046957,460.827900216085,267.995954011083,0.804779828695573,4897646915.00793,2459663881.65548,1718634612.46088,999477510.686632,3661.076171875,3679.580810546875,3539.959228515625,3559.641357421875,4467.861328125,3.558014,1028.9662075177332,1034.167041092833,994.9256041476017,1000.4573780265831,1255.717748194639,Central African Republic,CAEMC,1376.5114232287815,691.3024742610569,483.031998317286,280.9088189890855
CF,CAF,2000,1245.81399563599,639.836997022267,437.168928414826,239.154133726071,-5.13401462675454,4775723303.89492,2452761381.77711,1675850364.88825,916777282.691659,3778.814208984375,3787.62890625,3657.735595703125,3668.480712890625,4553.72802734375,3.640427,1038.014004671533,1040.4353407581034,1004.7545509642482,1007.7061599890961,1250.8774457896698,Central African Republic,CAEMC,1311.8580056391518,673.7565076231745,460.3444499472864,251.83234897764987
CF,CAF,2001,1272.85710758505,668.445939283473,446.658634192083,237.951702544735,2.17071826482889,4988946886.03721,2619965169.22436,1750672710.15363,932648604.751954,3832.7744140625,3846.705810546875,3722.4208984375,3738.747314453125,4582.43798828125,3.722018,1029.7570871668272,1033.5000557619214,1000.1082473103301,1004.4946892930462,1231.1702921053177,Central African Republic,CAEMC,1340.3876300536995,703.9098599803548,470.3557882185497,250.57605974822098
CF,CAF,2002,1290.38314917126,688.18045108872,452.808702217035,248.639290978403,1.37690566221247,5169374255.08257,2756903876.95614,1813986527.35151,996068144.884889,3839.515380859375,3830.988037109375,3734.0439453125,3729.481201171875,4554.48681640625,3.8021279999999997,1009.833277801109,1007.5904959300095,982.0931713273462,980.8931212131405,1197.878350335983,Central African Republic,CAEMC,1359.6002699232038,725.0949670700567,477.09770090631093,261.97648918839377
CF,CAF,2003,1191.8731520062,648.193215397331,418.240532289858,278.403992150941,-7.63416642788093,4890358043.7725,2659592507.39177,1716076872.67107,1142315522.53864,3661.69384765625,3624.864013671875,3568.39208984375,3539.41552734375,4233.31787109375,3.8811809999999998,943.4483595730914,933.9590226974406,919.4088319621657,911.9429182364208,1090.729309221536,Central African Republic,CAEMC,1260.018031566294,685.2534080198192,442.1532705305602,294.3216311062638
CF,CAF,2004,1236.28534712166,690.426514027755,433.825227770233,303.461321152782,3.72625182811642,5183529346.83071,2894838239.10494,1818953694.45096,1272360517.32373,3766.609130859375,3725.2275390625,3677.698486328125,3642.06982421875,4350.5029296875,3.959875,951.1939469956438,940.7437202089712,928.7410552929385,919.7436343871335,1098.6465304302535,Central African Republic,CAEMC,1309.0133771471853,731.0428331967398,459.34624058864483,321.3133034057211
CF,CAF,2005,1219.5939445674,702.460624591232,427.968043155237,311.950023138687,-1.35012540536219,5230606705.4001,3012720151.35312,1835473623.16461,1337894378.73743,3847.296630859375,3767.48095703125,3795.40576171875,3757.314453125,4454.12158203125,4.0383819999999995,952.6826909537967,932.9184205533926,939.833270284671,930.4009509563484,1102.9470669271136,Central African Republic,CAEMC,1295.2233605934507,746.0215876935664,454.5071821250714,331.2946568049853
CF,CAF,2006,1251.87082171335,743.287480208983,439.294330902768,333.942519903031,2.64652651726671,5480163419.84512,3253799664.32576,1923045637.77901,1461859762.33459,4037.8203125,3990.708740234375,3983.803955078125,3963.74951171875,4665.86865234375,4.118069,980.5130298933796,969.072820352057,967.3961157712813,962.526249977538,1133.0234273257076,Central African Republic,CAEMC,1330.7604656078177,790.1275244115045,466.97751732159173,354.98670914319064
CF,CAF,2007,1284.55283590666,783.355445280928,450.762785401893,380.887048839475,2.61065388109087,5732663859.49915,3495935180.53637,2011650635.80801,1699811294.94935,4264.892578125,4201.19140625,4218.05859375,4178.4248046875,4853.958984375,4.19801,1015.9319720832013,1000.7578367488405,1004.775737492288,995.3346477706103,1156.2523634710255,Central African Republic,CAEMC,1365.5669851903997,832.7600888364653,479.1914825853226,404.908824645332
CF,CAF,2008,1283.2728263106,797.652806166077,450.313616886022,437.24827472489,-0.0996463174017777,5850420282.78479,3636486380.86625,2052972574.3655,1993407888.49838,4371.6328125,4308.17041015625,4343.05224609375,4318.974609375,4980.791015625,4.273366,1022.9951781569844,1008.1444954998589,1016.3071092187633,1010.67275992157,1165.542809959409,Central African Republic,CAEMC,1369.042642915395,850.9653469574687,480.41112658393877,466.47253909409585
CF,CAF,2009,1402.68164770801,877.252131104878,492.215398914836,456.471673898404,9.30502220176477,6352811108.50702,3973116132.62416,2229266675.80904,2067381665.25454,4706.12353515625,4611.8525390625,4673.6689453125,4604.78466796875,5120.8564453125,4.337625,1084.9539863764733,1063.2206654707356,1077.4718758104952,1061.5912320610357,1180.5668874816288,Central African Republic,CAEMC,1464.582832427197,915.9657952506636,513.9371604988997,476.6160434003723
CF,CAF,2010,1479.41367757692,936.485497371468,519.141456408484,476.873786950728,5.47038096593693,6646998256.28472,4207624657.26252,2332499967.93604,2142591540.40068,4916.849609375,4817.97509765625,4892.4833984375,4830.67822265625,5357.99365234375,4.386768,1120.8364812944292,1098.297219651518,1115.2820022480105,1101.1930019222011,1221.3989097084118,Central African Republic,CAEMC,1515.2381562655514,959.1627953113818,531.712633979285,488.4214392921349
CF,CAF,2011,1517.14839091011,980.185520951852,532.38295493852,534.057281471636,2.55065326927321,6925814264.62087,4474567487.04114,2430339369.3364,2437982705.12093,5002.90869140625,4932.23193359375,4992.81640625,4970.005859375,5582.74072265625,4.4186369999999995,1132.2289410526935,1116.233791912246,1129.9449142914434,1124.782565160931,1263.4531242680155,Central African Republic,CAEMC,1567.4096479572481,1012.6578596615066,550.0201463339035,551.7499412422724
CF,CAF,2012,1577.98053252253,1062.06809941049,553.729578314912,544.395849142785,4.00963689358869,7275828382.42044,4897034572.03065,2553162918.71416,2510126512.22831,5549.8046875,5446.81201171875,5477.18212890625,5428.763671875,5864.87939453125,4.4364159999999995,1250.965799307369,1227.7505111600785,1234.596153495581,1223.6822858530402,1321.9858990976613,Central African Republic,CAEMC,1640.0239252631948,1103.8267313143429,575.501242154514,565.8005273239278
CF,CAF,2013,996.896355923912,709.853481245446,349.821171688973,364.36696260838,-36.8245466038613,4628010583.77193,3295437288.55,1624016454.05115,1691544110.18543,3658.049560546875,3573.7490234375,3620.292724609375,3566.967529296875,3730.533935546875,4.447944,822.4135826680541,803.4608851724528,813.9249785090315,801.9362494889493,838.7097354523518,Central African Republic,CAEMC,1040.483104951845,740.8900131274136,365.11620965802405,380.29797816371564
CF,CAF,2014,1001.85598053496,698.963738923072,351.561554911625,409.8504859647,0.497506544343594,4631762535.80156,3231436576.44185,1625333052.55944,1894813389.40325,3516.554931640625,3439.28173828125,3486.321533203125,3438.507080078125,3733.558349609375,4.464175,787.7278403379404,770.4182157467505,780.9553911312,770.2446880057626,836.3378114902249,Central African Republic,CAEMC,1037.5405390249173,723.8597448446466,364.08363304741414,424.44872555472176
CF,CAF,2015,1043.92171697157,768.870887999174,366.322853938121,366.322853938121,4.19878078824811,4832647682.81084,3559349379.23233,1695825714.19282,1695825714.19282,3920.75634765625,3715.2744140625,3893.53857421875,3702.25390625,3895.487060546875,4.49317,872.6036067311609,826.8715437124569,866.5460185612274,823.9736992479696,866.9796737151888,Central African Republic,CAEMC,1075.5541594933732,792.1688650178671,377.4230029562247,377.4230029562247
CF,CAF,2016,1073.94477703739,826.013301383169,376.858254120398,387.176203444318,2.87598768927953,5062213759.5644,3893548336.23769,1776382808.69192,1825018144.65595,4131.6015625,3963.87548828125,4115.96826171875,3943.927001953125,4080.53515625,4.537686,910.5084755754365,873.5455666789748,907.0632612566736,869.1493862627615,899.2546324822829,Central African Republic,CAEMC,1115.59366592673,858.047105118708,391.4732770605811,402.19136904932384
CF,CAF,2017,1103.86609318724,883.810734876066,387.35795131742,432.324025684263,2.7861131027974,5291394260.22005,4236556479.54651,1856804600.57752,2072349972.6818,4265.2724609375,4198.60205078125,4265.2724609375,4198.60205078125,4265.2724609375,4.596023,928.0354908879917,913.5293819855232,928.0354908879917,913.5293819855232,928.0354908879917,Central African Republic,CAEMC,1151.2984726621364,921.7874844287137,404.0024605136919,450.9006966853299
CF,CAF,2018,1125.70091748228,905.817788941094,395.020015455909,455.243962859534,1.9780319759616,5491908660.98135,4419174296.74199,1927167163.54408,2220979146.11241,4441.0458984375,4322.447265625,4444.056640625,4317.43701171875,4426.90234375,4.666367999999999,951.7136021928619,926.2979828476881,952.3588025258617,925.2242882941831,948.6826464929471,Central African Republic,CAEMC,1176.912892635418,947.026530428374,412.99082360072765,475.9545638304588
CF,CAF,2019,1145.09563657752,984.843183678857,401.82582161435,449.228467602439,1.72290159793216,5662157829.47177,4869757044.86639,1986909345.61394,2221301351.43918,4642.44873046875,4532.56103515625,4653.58056640625,4523.73876953125,4558.39404296875,4.745185,978.3493647705516,955.191638504347,980.6952872029752,953.3324347799401,960.6356850088563,Central African Republic,CAEMC,1193.2427986415219,1026.2523052033566,418.7211553635822,468.11691249955055
CF,CAF,2020,1136.57052993758,1066.29005423151,398.834274122139,462.879071294011,-0.744488614542561,5713117249.75906,5359843442.72162,2004791529.66202,2326720900.38047,NA,NA,NA,NA,NA,NA,NA,NA,NA,NA,NA,Central African Republic,CAEMC,NA,NA,NA,NA
CF,CAF,2021,1128.55237996459,1128.55237996459,396.020622931961,492.263142830507,-0.705468755505223,5769272621.61696,5769272621.61696,2024497026.49048,2516498412.46384,NA,NA,NA,NA,NA,NA,NA,NA,NA,NA,NA,Central African Republic,CAEMC,NA,NA,NA,NA
TD,TCD,1980,NA,NA,480.157386511143,228.770491876017,-6.25717486646226,NA,NA,2168128111.3939,1033002403.85304,4111.69140625,4324.67138671875,4062.028076171875,4230.27490234375,3608.369873046875,4.51443,910.7886059258866,957.9662076316944,899.787586953807,937.056262328522,799.2968930843706,Chad,CAEMC,NA,NA,480.2661933829741,228.82233279794792
TD,TCD,1981,NA,NA,484.574160472399,193.971579541809,0.919859630474321,NA,NA,2190739911.95514,876937558.273757,3717.557861328125,3859.86962890625,3671.676513671875,3777.36328125,3218.477294921875,4.612849,805.9136254683657,836.7647908930577,795.9672024104573,818.8785891864226,697.7200630070213,Chad,CAEMC,NA,NA,474.92122806429177,190.10757956173222
TD,TCD,1982,NA,NA,487.048325221494,176.083750783324,0.510585365650229,NA,NA,2307870209.24052,834369859.663018,3999.48388671875,4073.146240234375,3962.68017578125,3997.1875,3391.5126953125,4.7181619999999995,847.6783727898174,863.2908832368146,839.8779388628984,847.1916606509061,718.820738947179,Chad,CAEMC,NA,NA,489.1460295853598,176.84213888014403
TD,TCD,1983,NA,NA,536.180952505117,167.180974589951,10.0878341510115,NA,NA,2669714666.0468,832415806.010064,5191.38330078125,5462.7060546875,5165.0234375,5377.73876953125,3922.590087890625,4.832320999999999,1074.3043147963992,1130.4518169814257,1068.849407458652,1112.8686959188453,811.7403806350252,Chad,CAEMC,NA,NA,552.4704724803672,172.26003943241025
TD,TCD,1984,NA,NA,540.00715950906,182.175880946335,0.713603679143432,NA,NA,2724414420.76134,919103734.876996,5656.40673828125,5778.77392578125,5614.974609375,5674.39404296875,4122.06005859375,4.957558,1140.9663262197337,1165.649282526044,1132.608959769104,1144.5945852713676,831.4698604824695,Chad,CAEMC,NA,NA,549.5476645480175,185.39444921814248
TD,TCD,1985,NA,NA,651.091982292771,202.710985101435,20.5709907410676,NA,NA,3318139885.5072,1033069709.3319,6207.66357421875,6180.27685546875,6190.30712890625,6086.71533203125,4446.96142578125,5.095401,1218.287544830868,1212.9127531805152,1214.8812485820547,1194.5507982651905,872.7402270756021,Chad,CAEMC,NA,NA,651.2028956125729,202.74551685567045
TD,TCD,1986,NA,NA,606.106003867547,203.354449515341,-6.90931230128338,NA,NA,3182704447.62276,1067828245.86207,6062.80615234375,6113.580078125,6065.00341796875,6036.3017578125,4710.9775390625,5.2472829999999995,1155.4181759100377,1165.0944075486304,1155.836919405481,1150.367105759781,897.7936846673794,Chad,CAEMC,NA,NA,606.5433192040072,203.50117305700306
TD,TCD,1987,NA,NA,571.257670965961,213.931729919066,-5.74954425120686,NA,NA,3106675733.33322,1163426852.20442,6211.86865234375,6250.8232421875,6212.8984375,6169.734375,4883.359375,5.412847,1147.6157837721535,1154.8124752440813,1147.8060321121213,1139.8316588294479,902.179458425483,Chad,CAEMC,NA,NA,573.9448636425933,214.93806350048692
TD,TCD,1988,NA,NA,637.738401242898,263.544647841815,11.6376083255954,NA,NA,3587662425.50885,1482597297.98821,6775.794921875,6839.00390625,6801.08203125,6773.69677734375,5256.40771484375,5.589626,1212.2089960714725,1223.5172632748595,1216.7329319081455,1211.8336320433157,940.3863004150456,Chad,CAEMC,NA,NA,641.8430187473813,265.2408762210942
TD,TCD,1989,NA,NA,646.594144560668,246.355378549117,1.38861691573089,NA,NA,3762910231.36724,1433686312.02914,7071.5390625,7065.09814453125,7143.8818359375,7039.8720703125,5352.5693359375,5.7739199999999995,1224.7379704775958,1223.62245139026,1237.2672007817048,1219.253482956553,927.0251988142372,Chad,CAEMC,NA,NA,651.7080651216575,248.3038060847986
TD,TCD,1990,1711.36988442035,966.594360653703,602.670685766624,290.599045262191,-6.79304926645887,10238840219.7163,5782972638.53288,3605678066.93719,1738605557.76313,7134.376953125,7215.255859375,7380.4541015625,7362.87841796875,5526.23193359375,5.963252,1196.3903174182476,1209.9532032815316,1237.6559135120401,1234.7085814868717,926.7144728402808,Chad,CAEMC,1716.9893574372338,969.7682805510952,604.6496218736337,291.553259490481
TD,TCD,1991,1790.73791098353,1045.6263927943,630.620682685597,302.487268390603,4.63768979959917,11112739276.4806,6488818610.73018,3913427635.64562,1877137981.75712,7443.51123046875,7510.6220703125,7691.71435546875,7654.38916015625,5736.11865234375,6.1570789999999995,1208.9354758106483,1219.8352612192407,1249.2473063068949,1243.1851467483607,931.6298609038068,Chad,CAEMC,1804.871965501921,1053.879381883874,635.5980872822357,304.8747598913576
TD,TCD,1992,1853.67667631479,1107.04264035996,652.785002163699,290.648286132566,3.51468324567341,12001918814.3616,7167720273.66245,4226558330.9692,1881847669.69794,7517.52001953125,7584.69091796875,7776.87744140625,7729.28955078125,5868.0322265625,6.356748,1182.60469339531,1193.1715584712106,1223.405024299571,1215.918823710056,923.1185861957247,Chad,CAEMC,1888.0595572392679,1127.5765963449314,664.8931703709507,296.0393694539944
TD,TCD,1993,1526.05432530002,932.984522227482,537.410535921164,220.729964903293,-17.6741907151847,10116436926.3453,6184890613.58622,3562572904.55964,1463251163.9188,7405.119140625,7489.23046875,7656.3525390625,7631.7080078125,5765.30517578125,6.563922,1128.1546521462321,1140.968839780546,1166.4295430479674,1162.674999461069,878.3323713751093,Chad,CAEMC,1541.2183335428576,942.2553487969875,542.750645812007,222.92330163563798
TD,TCD,1994,1642.51653213298,1025.62743943042,578.423503776262,173.928895064035,7.63158983937645,11141928769.8974,6957292454.00429,3923706916.69108,1179837963.22213,7726.62939453125,7820.6650390625,7994.83544921875,7974.7568359375,6094.591796875,6.781053,1139.4438879229008,1153.3112982692364,1178.9961602156407,1176.0351726992105,898.7677572900551,Chad,CAEMC,1643.097136963448,1025.9899832672434,578.6279677641629,173.99037630617693
TD,TCD,1995,1591.14154056727,1014.37923890833,560.331446834029,203.964852705041,-3.1278218855421,11279704214.14,7190999344.89245,3972225487.81903,1445919894.57661,8137.912109375,8012.46875,8498.7333984375,8246.15234375,6179.82958984375,7.010145,1160.8764311401549,1142.9818855387443,1212.3477329552386,1176.3169440503727,881.55517323019,Chad,CAEMC,1609.0543368418198,1025.7989449422873,566.6395613527295,206.26105374091551
TD,TCD,1996,1555.91392488298,1010.0807859858,547.925799466002,216.912541056484,-2.21398378372668,11529490222.0867,7484807712.87967,4060189350.02942,1607345355.78298,7750.9921875,7902.951171875,8144.00732421875,8187.61572265625,6312.0107421875,7.2509749999999995,1068.958614186368,1089.9156557394006,1123.1603093678782,1129.1744520779964,870.5051034085072,Chad,CAEMC,1590.0606776449652,1032.2484511227347,559.9508135153438,221.67299649812338
TD,TCD,1997,1588.09860417439,1048.75331848989,559.259855835883,201.384076969355,2.06853854681179,12181297538.1067,8044321796.532,4289727783.36846,1544689576.92712,8607.8671875,8908.3798828125,8968.560546875,9145.2060546875,6668.15478515625,7.503493,1147.1813444085308,1187.2310513000411,1195.2514044958796,1218.7931746837774,888.6734198534269,Chad,CAEMC,1623.4169257046954,1072.0769375718749,571.6974458919946,205.86273312004423
TD,TCD,1998,1641.05715328512,1095.90587063665,577.909573468712,219.779530915601,3.33471416519863,13028090170.786,8700221362.04504,4587931638.23635,1744794531.21401,8646.423828125,8867.6337890625,8925.6669921875,9009.8681640625,7129.4326171875,7.770048,1112.788985103438,1141.2585596720253,1148.7273942435747,1159.5640289561275,917.5532271084426,Chad,CAEMC,1676.7065236644612,1119.7126918707631,590.463744655934,224.553893517004
TD,TCD,1999,1573.58531389989,1065.71837953249,554.148900757095,186.638531146223,-4.11148626055815,12939127828.5312,8763087847.97368,4556602936.99987,1534673583.2487,8846.84765625,9088.49609375,9123.421875,9223.607421875,7093.759765625,8.053536,1098.5047631562088,1128.510022647195,1132.8467240973407,1145.2866693431308,880.8254865471515,Chad,CAEMC,1606.6393480492545,1088.104386442636,565.7891064247891,190.55897723046127
TD,TCD,2000,1506.71577205515,1043.54539995059,530.600331270541,163.121663683369,-4.24950215625832,12825304776.3003,8882755494.10165,4516519365.60565,1388506771.58756,8616.91015625,8770.41796875,8840.0498046875,8853.1953125,7058.12890625,8.355654,1031.2669907406412,1049.6387199314381,1057.9722191329968,1059.5454661598003,844.7129220824606,Chad,CAEMC,1534.925306421293,1063.0832121700648,540.5345129903237,166.17571426336707
TD,TCD,2001,1626.56683129334,1151.92026849056,572.806706828797,194.32295331156,7.9544570688811,14320496076.9937,10141648881.9042,5043061274.95238,1710843377.00119,9408.6494140625,9099.0224609375,9652.119140625,9189.0244140625,7871.05908203125,8.678051,1084.1892279801652,1048.5099086116802,1112.2450352763542,1058.881125965093,907.0077004653753,Chad,CAEMC,1650.1972709072234,1168.6551371850892,581.1283288093582,197.14603855188105
TD,TCD,2002,1704.27295147382,1225.70701162711,600.171451974641,219.061391951349,4.77730878839424,15536479446.0421,11173780453.739,5471278189.1196,1997005708.81576,7055.73974609375,7028.22021484375,7265.2587890625,7118.974609375,8541.1572265625,9.019233,782.2993092753841,779.2481040065991,805.5295598930087,789.310422446676,946.993743987155,Chad,CAEMC,1722.594309964284,1238.883667129899,606.6234444901911,221.41635644802167
TD,TCD,2003,1878.58578619738,1377.74659566702,661.556916681677,289.087621122168,10.2279881032445,17823708215.6145,13071829616.0072,6276741545.47066,2742815071.5744,8294.1826171875,8355.03515625,8514.435546875,8422.0244140625,9761.595703125,9.373916,884.8151207230255,891.3068088352829,908.3114833624496,898.4531559769151,1041.35728367152,Chad,CAEMC,1901.415397323221,1394.4897325735797,669.5965213973178,292.60077342003063
TD,TCD,2004,2400.97004980577,1808.21202176525,845.518131173419,445.850767157087,27.8073148134373,23817709328.9951,17937528351.5441,8387570299.89304,4422855660.82592,12465.7880859375,12618.0244140625,12795.8857421875,12680.2119140625,13048.5263671875,9.734767,1280.5430356923284,1296.1814508824402,1314.4521838260227,1302.5696366500092,1340.404589774722,Chad,CAEMC,2446.6645507791914,1842.625339830332,861.6097642494207,454.33605764020035
TD,TCD,2005,2705.816508357,2101.69135982144,952.871910097036,838.092107712557,12.6968038845754,27945921833.4299,21706461719.8409,9841348751.69791,8655892392.92919,15761.3076171875,15830.1533203125,16211.9248046875,16151.396484375,14081.1396484375,10.096632999999999,1561.0459068074972,1567.864586175659,1605.676348213063,1599.6814467134739,1394.6371675030182,Chad,CAEMC,2767.845660373107,2149.8713204531555,974.7159029844813,857.3048453805533
TD,TCD,2006,2596.03235458563,2078.60167039399,914.210664598894,906.897260572747,-4.05733919622048,27794223105.9121,22254390810.3463,9787927000.51755,9709626596.13031,17133.208984375,17002.11328125,17294.103515625,17229.4140625,13853.6875,10.457124,1638.4245787249915,1625.8880817756392,1653.81069552441,1647.6245344800348,1324.808570693051,Chad,CAEMC,2657.9223031028514,2128.1559643307564,936.0056360159399,928.5178789244834
TD,TCD,2007,2613.47387385213,2149.25986052772,920.352815674967,980.483531485103,0.671852923392407,28961628888.9122,23817367026.0156,10199036983.3526,10865385131.5172,19064.845703125,18915.283203125,19015.892578125,19113.330078125,16313.025390625,10.818024,1762.3223708068128,1748.4970640779684,1757.7972260114232,1766.8041851381547,1507.9487150911295,Chad,CAEMC,2677.16441458368,2201.637473351473,942.7818780354527,1004.377983587132
TD,TCD,2008,2601.36125803518,2180.51680433217,916.087274632505,1166.36883453841,-0.463468027675191,29853991800.1441,25024256279.4901,10513288725.5159,13385593990.3378,20462.33984375,19938.744140625,20357.216796875,20261.380859375,16525.1328125,11.183588,1829.6757573463901,1782.8575355802627,1820.2759970123184,1811.7066597388066,1477.6235330289348,Chad,CAEMC,2669.4466749082762,2237.587461152011,940.0640228803046,1196.896200963215
TD,TCD,2009,2474.70758351267,2087.14718677867,871.485311273077,1035.63719694254,-4.86874608942905,29433563220.2341,24824015201.3376,10365231906.8954,12317614053.6841,19236.275390625,18716.734375,19293.265625,18912.591796875,18031.14453125,11.560146999999999,1664.0165034774213,1619.0740805458618,1668.946391858166,1636.0165486541825,1559.7677547915266,Chad,CAEMC,2546.123610732122,2147.378852651061,896.6349568820708,1065.5239984131777
TD,TCD,2010,2717.40540184377,2319.68883187561,956.953018715651,1141.80069268412,9.80713115149598,33458257815.6066,28561342719.1308,11782555814.4129,14058506663.7252,25525.3671875,25163.359375,25311.962890625,25452.064453125,20735.81640625,11.952136,2135.632257489373,2105.3441305386755,2117.777348804013,2129.499233703917,1734.9046568956378,Chad,CAEMC,2799.353840652968,2389.6433841725693,985.8117255704672,1176.2338266335992
TD,TCD,2011,2741.07083398912,2388.16512149441,965.286963557057,1308.1421872538,0.870883384911707,34962350264.3188,30461038960.1658,12312232324.3094,16685349673.9957,24978.40234375,24601.77734375,25077.01953125,24927.966796875,21897.021484375,12.36099,2020.7444827436962,1990.2756448917119,2028.722580574048,2016.664263693685,1771.4617910357504,Chad,CAEMC,2828.442565224857,2464.287970475326,996.0555201734975,1349.8392664338132
TD,TCD,2012,2886.27474563711,2435.1240819184,1016.42152061894,1354.34344701937,5.29734255122003,38130569892.0624,32170419375.9758,13427942676.0538,17892228569.8861,27034.126953125,26418.994140625,26807.720703125,26751.7109375,24699.837890625,12.784749999999999,2114.560468771388,2066.445893789476,2096.8513817732064,2092.4703993038584,1931.9766042061833,Chad,CAEMC,2982.5041468986415,2516.311963548431,1050.309366710636,1399.4977273615912
TD,TCD,2013,2864.1130140853,2110.24705136988,1008.61711429294,1304.88742971475,-0.767831669015877,39212797540.77,28891559089.8221,13809056592.5367,17865316886.3315,23853.9296875,22782.37890625,23352.703125,22950.90625,22995.552734375,13.220433,1804.3228756198832,1723.270251908542,1766.4098539737693,1736.0177423840807,1739.3948242372244,Chad,CAEMC,2966.0751308803574,2185.3716205681085,1044.5237756234383,1351.3412825685439
TD,TCD,2014,2820.67795067436,2133.18441198787,993.321157708395,1278.78981422494,-1.51652756708047,40021691183.8183,30267066736.3152,14093914057.3116,18144336903.7175,24747.94921875,23853.75390625,24389.419921875,24010.45703125,23869.384765625,13.663566,1811.2364823904684,1745.7927093300534,1784.9966781640314,1757.261393639845,1746.9366902919048,Chad,CAEMC,2929.080972259972,2215.165992268431,1031.496027999689,1327.9356870466684
TD,TCD,2015,2822.57929900236,2377.51137185751,993.990730610869,993.990730610869,0.0674074942708955,41344071814.2322,34824885498.1589,14559599499.5011,14559599499.5011,27412.76953125,27562.712890625,27510.373046875,27593.1484375,24967.375,14.110975,1942.6559490928162,1953.2819589450764,1949.5728003823265,1955.43882952808,1769.3586020810044,Chad,CAEMC,2929.923114046492,2467.9290763507765,1031.7925940270677,1031.7925940270677
TD,TCD,2016,2622.59780843796,2120.08751553857,923.56587204799,861.831767630746,-7.0850619018951,39639661078.2959,32044391367.1726,13959379525.7795,13026289835.7789,24482.462890625,24512.5078125,24301.974609375,24470.8203125,24293.255859375,14.56166,1681.2961496577313,1683.3594392740938,1668.9013896338056,1680.496613195199,1668.3026426502886,Chad,CAEMC,2722.1938349265056,2200.6001628366957,958.6392983890229,894.5607736878145
TD,TCD,2017,2496.26213644007,2097.14425483604,879.075895466718,854.46120040098,-4.81719581978666,38998501758.4284,32763179281.538,13733590857.5857,13349041408.7152,23715.150390625,23887.72265625,23715.150390625,23887.72265625,23715.150390625,15.016753,1579.2462185816735,1590.7382012775997,1579.2462185816735,1590.7382012775997,1579.2462185816735,Chad,CAEMC,2596.999614925304,2181.775200107373,914.5512919860704,888.9432628155502
TD,TCD,2018,2552.37036388576,2227.81335372611,898.834794007399,948.656629871231,2.24768972082788,41237450907.6015,35993735511.6899,14522052213.2592,15327000248.8701,25087.8359375,25311.052734375,25037.369140625,25277.76171875,24261.21484375,15.477729,1620.8990309560272,1635.3208364337559,1617.6384236101433,1633.1699384806388,1567.491900378279,Chad,CAEMC,2664.308885857964,2325.517878733366,938.2547150980095,990.2615718927564
TD,TCD,2019,2604.53153663392,2351.65339767739,917.203710065059,893.336441643325,2.04363651475524,43457189499.2696,39237861358.9549,15303748438.8629,14905517742.8454,25755.51953125,25648.60546875,25472.1484375,25586.341796875,24979.357421875,15.946876,1615.082448201767,1608.3780590474273,1597.3127550186005,1604.4736158276392,1566.4107140404803,Chad,CAEMC,2725.1224314573965,2460.5359293541196,959.6706238176619,934.6982909282922
TD,TCD,2020,2513.02922729008,2185.99034173537,884.980541933197,866.947814890409,-3.51319644461273,43286121757.6896,37652981933.4921,15243505756.0454,14932897821.2387,NA,NA,NA,NA,NA,NA,NA,NA,NA,NA,NA,Chad,CAEMC,NA,NA,NA,NA
TD,TCD,2021,2435.07274651099,2435.07274651099,857.527630579087,946.358500208374,-3.10209208601812,43413141699.6577,43413141699.6577,15288236703.0071,16871937697.5854,NA,NA,NA,NA,NA,NA,NA,NA,NA,NA,NA,Chad,CAEMC,NA,NA,NA,NA
CD,COD,1980,NA,NA,1046.19884187998,538.911839414196,-0.95886985540298,NA,NA,27945120839.1415,14394927494.8647,57589.83203125,58491.296875,57487.95703125,58630.546875,54809.25,26.358908,2184.833758335133,2219.033386170626,2180.9688410176173,2224.3162302095366,2079.3444857427326,"Congo, Dem. Rep.",Non-CFA comparison,NA,NA,1060.1774868344887,546.1124373917424
CD,COD,1981,NA,NA,1040.05243655308,455.912227033575,-0.587498769914134,NA,NA,28601977632.2145,12537821038.2202,55167.51953125,56107.28515625,55201.984375,56475.73046875,56097.5546875,27.040322,2040.194622358787,2074.9488543904913,2041.4691945976087,2088.574628244072,2074.5890040621557,"Congo, Dem. Rep.",Non-CFA comparison,NA,NA,1057.7528489569947,463.6712920142075
CD,COD,1982,NA,NA,1004.68917686245,481.7409782053,-3.40014199743922,NA,NA,28471072784.8717,13651667371.1676,56350.8203125,57007.86328125,56492.86328125,57560.76171875,55840.8046875,27.717291,2033.056560704291,2056.7617261459645,2038.181266749698,2076.7095066667953,2014.655930390167,"Congo, Dem. Rep.",Non-CFA comparison,NA,NA,1027.19536281059,492.5325267598338
CD,COD,1983,NA,NA,987.078612402051,376.285479915589,-1.75283708294673,NA,NA,28872999969.4637,11006712650.4481,57990.625,58551.7734375,57911.83984375,58844.37890625,56629.11328125,28.403851,2041.646571093476,2061.4026399976538,2038.8728219898774,2071.7042525765255,1993.7125174065307,"Congo, Dem. Rep.",Non-CFA comparison,NA,NA,1016.5170902165238,387.50775908689633
CD,COD,1984,NA,NA,1007.5315807597,259.801889543739,2.07207086656189,NA,NA,30472874270.1351,7857729193.20343,66699.3984375,72642.640625,66242.6640625,72591.71875,59766.97265625,29.119673,2290.527041203382,2494.624188430962,2274.8423054922355,2492.8754780316385,2052.460295699406,"Congo, Dem. Rep.",Non-CFA comparison,NA,NA,1046.4703456709524,269.84263158461397
CD,COD,1985,NA,NA,979.229876234951,230.132255248427,-2.80901413565682,NA,NA,30615441902.1885,7195042616.0071,64053.46484375,66205.53125,63984.8046875,66291.1015625,60046.59375,29.881228999999998,2143.602086907135,2215.622766051557,2141.3043180887908,2218.4864472107224,2009.5088374711765,"Congo, Dem. Rep.",Non-CFA comparison,NA,NA,1024.5710409765443,240.7880417504615
CD,COD,1986,NA,NA,993.629063435171,250.900914044275,1.47046036376909,NA,NA,32059636483.0322,8095367168.21769,60423.80078125,61359.14453125,60079.86328125,61456.17578125,62879.1171875,30.683868999999998,1969.2366950611738,1999.719935294014,1958.0276294769087,2002.8822239219573,2049.256473735434,"Congo, Dem. Rep.",Non-CFA comparison,NA,NA,1044.8368321163216,263.83136912159586
CD,COD,1987,NA,NA,988.544179306769,230.086415834499,-0.511748731546049,NA,NA,32917437726.4949,7661625472.57705,59113.0625,61539.86328125,58594.24609375,61590.41796875,64561.53515625,31.528707999999998,1874.8964435840505,1951.867589412481,1858.4410783261403,1953.4710387989892,2047.70633659489,"Congo, Dem. Rep.",Non-CFA comparison,NA,NA,1044.0465155278453,243.00473944498614
CD,COD,1988,NA,NA,961.885634113761,257.725151748806,-2.69674798062162,NA,NA,33072275210.0962,8861299976.74158,63540.23046875,66664.4296875,62968.73828125,66699.0703125,64865.21875,32.443781,1958.471809088774,2054.7675897423915,1940.8569636581506,2055.8353020722216,1999.3113241024528,"Congo, Dem. Rep.",Non-CFA comparison,NA,NA,1019.3717930131571,273.12784464737877
CD,COD,1989,NA,NA,920.159121957634,254.231037905154,-4.33799099147294,NA,NA,32653563459.5882,9021862775.18112,65274.98828125,66902.015625,64602.06640625,66871.6015625,64044,33.464765,1950.5586930387828,1999.1778106016882,1930.4503230860878,1998.268972230942,1913.7740844736247,"Congo, Dem. Rep.",Non-CFA comparison,NA,NA,975.7595327380366,269.59289196207175
CD,COD,1990,2403.9702501624,832.068152559652,831.662947440969,254.872656292509,-9.61748597659816,88187396107.0833,30523640528.7919,30508775958.6902,9349764580.41173,51503.08984375,52290.1328125,50509.15625,51845.71484375,59837.390625,34.612023,1488.011545691796,1510.7505508273816,1459.2951197911777,1497.9105625738778,1728.8036190487912,"Congo, Dem. Rep.",Non-CFA comparison,2547.883320980207,881.8797019981149,881.4502393775192,270.1305433782859
CD,COD,1991,2129.44892037951,761.97579361076,736.691215470812,253.79642770809,-11.4194977980426,80761090065.1607,28898554506.9115,27939616223.4536,9625436872.51075,42219.140625,43086.4609375,41150.36328125,42690.0703125,54798.44921875,35.908243999999996,1175.7506333364563,1199.904426891496,1145.9865116559308,1188.86544027327,1526.0687550956266,"Congo, Dem. Rep.",Non-CFA comparison,2249.096058976337,804.7888531366641,778.0836128732333,268.0564628142426
CD,COD,1992,1842.5484850692,674.339698527766,637.436883335816,209.726548794417,-13.4729897751751,72281168691.4159,26453611342.9729,25005954127.0612,8227343907.26679,54573.109375,56065.64453125,53841.53125,55662.12890625,49044.609375,37.333914,1461.7569798601883,1501.7349783162301,1442.1614420068574,1490.926692182609,1313.6744616436413,"Congo, Dem. Rep.",Non-CFA comparison,1936.0726199619974,708.5678544974658,669.7919250325909,220.37185566096258
CD,COD,1993,1538.39690696229,576.371213457691,532.214450612231,263.335582841074,-16.5071139550223,62545581550.8196,23433141715.0636,21637889528.1463,10706259936.7425,42911.03515625,43422.73828125,42064,42931.93359375,42438.765625,38.815833999999995,1105.5033663903757,1118.68621143758,1083.6814687531898,1106.0417661964962,1093.3364364913557,"Congo, Dem. Rep.",Non-CFA comparison,1611.3419474851323,603.7005855667974,557.4500738061253,275.8219734952108
CD,COD,1994,1410.05655375361,539.567586571571,487.814601480181,136.542547670676,-8.34247342983156,60106305869.8425,23000080606.4056,20794012528.2851,5820382248.28202,31580.26953125,32698.857421875,30943.44921875,32346.78515625,40783.65625,40.252975,784.5449816131603,812.3339311411145,768.7245282802079,803.5874405866896,1013.1836528852837,"Congo, Dem. Rep.",Non-CFA comparison,1493.2140014456695,571.3883410208961,516.5832470341658,144.5950826810197
CD,COD,1995,1362.1877957229,532.179280362158,471.254216678637,127.008078734668,-3.39481121542804,60527049307.564,23646696618.5451,20939570372.6504,5643439376.10491,32856.15625,34214.52734375,32198.46484375,33967.6171875,41069.13671875,41.576234,790.262924006056,822.9347406441382,774.4439971102241,816.9960075628784,987.8031934963133,"Congo, Dem. Rep.",Non-CFA comparison,1455.8088476114503,568.7551358919401,503.64278719064356,135.73714675804715
CD,COD,1996,1322.58011961553,526.165019253166,457.55178560632,127.416132828292,-2.90765166387062,59907753098.0397,23833235956.5538,20725322417.2453,5771456952.1908,29417.173828125,30407.517578125,28766.521484375,30182.302734375,40648.9296875,42.757242999999995,688.0044587562627,711.1664701609737,672.7870991208438,705.8991791022402,950.6910837890086,"Congo, Dem. Rep.",Non-CFA comparison,1401.1135633333447,557.4081555387892,484.72073882886474,134.98197140986852
CD,COD,1997,1228.39076846803,497.120722511043,424.966609734203,132.323520768553,-7.12163669713082,56542706690.2881,22882418139.3525,19561171399.3376,6090838693.27145,30255.1484375,31138.2890625,29605.44921875,30886.828125,38365.66015625,43.82718,690.3284317517121,710.4789553537325,675.5043153301217,704.7413984883353,875.3850956472673,"Congo, Dem. Rep.",Non-CFA comparison,1290.128789721084,522.1056462987694,446.32512060638174,138.97400410593266
CD,COD,1998,1176.05049796489,481.28791422287,406.859287635037,131.461338858019,-4.26088113381202,55624366032.544,22763763251.7476,19243467842.8469,6217805820.77104,27435.775390625,27471.365234375,26837.748046875,27115.345703125,37742.546875,44.849967,611.723424247447,612.5169553497108,598.3894714320526,604.5789443529579,841.5289776021463,"Congo, Dem. Rep.",Non-CFA comparison,1240.2320392464057,507.5536232110851,429.0631438557558,138.63568329428293
CD,COD,1999,1088.65043725373,451.824786955368,376.62289344811,96.3192243479286,-7.43165883288131,53249127266.5292,22100092701.4291,18421744665.1635,4711259427.27273,28455.75390625,28707.666015625,27913.234375,28358.974609375,36130.88671875,45.919613,619.6862744956061,625.1722116130421,607.8717252037817,617.5786936482892,786.8290771254976,"Congo, Dem. Rep.",Non-CFA comparison,1159.6162029181125,481.2778518283484,401.173778732924,102.59797762826813
CD,COD,2000,981.422080026496,416.548214460226,339.52682222392,377.925421481395,-9.84965913371938,49569118784.4576,21038784782.0534,17148631280.919,19088046305.7971,25657.19140625,26065.494140625,25223.853515625,25705.728515625,33634.13671875,47.105826,544.6712983283638,553.3390740377846,535.4720563784404,545.7016827520443,714.0122480550494,"Congo, Dem. Rep.",Non-CFA comparison,1052.2927415487334,446.62808337239215,364.0448058573264,405.2162529916597
CD,COD,2001,930.8578260745,403.983196706619,322.033920024307,142.678142604412,-5.1521414670669,48528081523.0715,21060712983.8545,16788480352.6195,7438189100.33333,25649.095703125,25808.453125,25224.078125,25479.619140625,32927.65625,48.428545,529.6276339321158,532.9182019612607,520.8514549631834,526.1281159825264,679.9224765063663,"Congo, Dem. Rep.",Non-CFA comparison,1002.0553275567437,434.8822163427479,346.6649752252416,153.59100919371684
CD,COD,2002,929.452807092197,409.641833781142,321.547848190451,162.38052907429,-0.150938085596692,49958575414.4765,22018463218.0573,17283365331.3092,8728038525.14034,26641.265625,26910.1171875,26252.962890625,26599.53515625,33897.98828125,49.871666,534.1964237769799,539.5872916597573,526.4103848190073,533.3596667143624,679.7043491839635,"Congo, Dem. Rep.",Non-CFA comparison,1001.7426611430326,441.50245989490907,346.5568070517075,175.0099650799783
CD,COD,2003,953.044643237975,428.332470700597,329.709536540469,161.491553524396,2.53825002902359,52745175980.4249,23705575290.2352,18247400738.9274,8937567059.87754,29050.103515625,28985.994140625,28494.4296875,28641.7578125,35788.59765625,51.42558,564.8959820312188,563.649338337555,554.090584637062,556.9554648192592,695.929878792811,"Congo, Dem. Rep.",Non-CFA comparison,1025.660303304793,460.9685547588418,354.831209272261,173.79613530615583
CD,COD,2004,987.746920877671,455.866557396548,341.714925751419,180.664764963633,3.64120168828556,56299343169.733,25983363969.0501,19476978833.8136,10297483481.223,32086.697265625,31811.05859375,31464.029296875,31422.72265625,38200.48828125,53.06888,604.6235998503266,599.4296204055936,592.8903963466913,592.1120373418471,719.828424516402,"Congo, Dem. Rep.",Non-CFA comparison,1060.873023318619,489.6158345352323,367.013188026836,194.03996242662365
CD,COD,2005,1016.6338907666,483.910024827321,351.708486411683,214.539740473519,2.92453150481739,59753392972.744,28442162060.0838,20671920925.7908,12609728573.1032,34905.734375,34180.79296875,34629.80859375,34397.7421875,40544.23046875,54.785903,637.1298539151577,623.8975922099888,632.0934163255464,627.8575382338774,740.048593682028,"Congo, Dem. Rep.",Non-CFA comparison,1090.6709518458426,519.1511046205409,377.3218984049747,230.16374436875122
CD,COD,2006,1036.13329616563,508.4008175183,358.454382275579,255.445229568751,1.91803613632446,62806160556.1124,30817177181.8141,21728037858.2133,15484044534.5783,38060.875,36209.9921875,37729.1171875,36269.75,42701.55859375,56.578036999999995,672.7146613446487,640.0008573556556,666.850940542529,641.057058943208,754.7373655567089,"Congo, Dem. Rep.",Non-CFA comparison,1110.0802340687856,544.6844538246193,384.0366158022291,273.6758883058863
CD,COD,2007,1091.0040733455,549.827650078763,377.437143095814,294.101615124419,5.29572569310682,68163481925.4703,34351995564.3637,23581424221.9288,18374807772.5429,40470.3359375,39709.71875,40223.1640625,39800.1015625,45374.44140625,58.453683,692.3487770223136,679.3364714076272,688.1202688716809,680.8827009668493,776.2460648758437,"Congo, Dem. Rep.",Non-CFA comparison,1166.1109861199045,587.6788903851225,403.4206744839123,314.34816130478725
CD,COD,2008,1136.9467210438,584.020810311472,393.331182464822,352.900363371995,4.21104272850354,73208754300.6329,37605487765.7737,25326856010.815,22723488723.3641,40075.796875,39597.33203125,39864.3203125,39983.98828125,48199.4140625,60.411195,663.3836141629048,655.4634787682978,659.8829954034182,661.8638860106972,797.855663383252,"Congo, Dem. Rep.",Non-CFA comparison,1211.8408566596456,622.4920358846352,419.2411027594306,376.14698274656047
CD,COD,2009,1108.57506967795,572.959249024865,383.515898271062,280.178991035792,-2.49542488145794,73622736304.7552,38051394856.4463,25470074710.6773,18607259480.5447,41042.09375,40575.53515625,40940.07421875,40790.7109375,49575.546875,62.448574,657.2142664138336,649.7431815856996,655.5806097149632,653.1888292197033,793.8619523161569,"Congo, Dem. Rep.",Non-CFA comparison,1178.9338264914616,609.3236789753805,407.85678646044505,297.9613190293937
CD,COD,2010,1158.01422439658,605.785160280927,400.619567973092,352.400398754692,4.45970291691562,79396973271.8431,41534470964.1773,27467694662.4827,24161641931.0331,45981.0234375,46459.375,45815.828125,46849.8828125,53099.34375,64.56385399999999,712.179038096146,719.5880066267421,709.6204034690991,725.636403497536,822.4314451550555,"Congo, Dem. Rep.",Non-CFA comparison,1229.7433990208067,643.3084209033944,425.4345575851575,374.2286191749505
CD,COD,2011,1205.73984565432,643.764679093976,417.130434045991,372.514273875789,4.1213329035411,85425837309.8549,45610283959.9443,29553403849.2894,26392379641.765,49819.1171875,49848.9765625,49814.453125,50489.328125,56749.78125,66.75515299999999,746.2962025942777,746.743499524299,746.2263343924926,756.336040829687,850.1183609001691,"Congo, Dem. Rep.",Non-CFA comparison,1279.6890347903916,683.2473885565704,442.7134463955075,395.36093403553434
CD,COD,2012,1267.23827814087,647.801733284929,438.406058243633,409.931424783784,5.10047276850003,92831055980.1874,47454468511.5253,32115268325.5231,30029369928.7318,53398.21875,53205.30078125,52962.1328125,53511.00390625,60771.546875,69.020747,773.6546048972782,770.8595327322378,767.3364186061331,775.2886810432522,880.4823117170841,"Congo, Dem. Rep.",Non-CFA comparison,1344.9732147956527,687.5391903759793,465.2987648123122,435.0774402475215
CD,COD,2013,1342.74156112016,760.64987993962,464.526715460494,460.370334930107,5.95809677482721,101765570558.653,57649194207.4464,35206198726.088,34891189160.3002,58995.24609375,58433.65625,58419.58984375,58646.55078125,65926.171875,71.358807,826.7409248272606,818.8709804243224,818.6738582071587,821.8544177910654,923.8687507065526,"Congo, Dem. Rep.",Non-CFA comparison,1426.1108731631823,807.8777747425963,493.36865631859564,488.9542107997994
CD,COD,2014,1392.75841334673,859.356816141236,481.830241883776,489.175952097319,3.72497982298587,109196774929.16,67376360420.2708,37777053057.3322,38352980552.8665,65687.2578125,65275.40625,65085.859375,65516.76171875,72169.2734375,73.76744699999999,890.4640255816364,884.8809184083599,882.311399159578,888.1527609156652,978.3349752838811,"Congo, Dem. Rep.",Non-CFA comparison,1480.284046283451,913.3616948987107,512.1100782752073,519.917417677021
CD,COD,2015,1433.21579814709,910.393131638657,495.826633014883,495.826633014883,2.90483865777841,116141403240.438,73774190841.0914,40179574490.3032,40179574490.3032,72035.21875,72393.0703125,71937.15625,72411.0625,77161.078125,76.24454399999999,944.7917840521154,949.4852551351086,943.5056264484972,949.7212351351988,1012.0209798225039,"Congo, Dem. Rep.",Non-CFA comparison,1523.2749407018293,967.5996074039267,526.9829470067158,526.9829470067158
CD,COD,2016,1388.80163211633,950.022298158597,480.461377880475,459.765036590388,-3.09891686152069,116598806178.636,79760466323.4569,40337814832.805,38600224214.4728,83571.015625,83828.6328125,83444.0234375,83710.3359375,79013.078125,78.789127,1060.6922402503585,1063.9619450600082,1059.0804418673151,1062.460508510267,1002.8424115550869,"Congo, Dem. Rep.",Non-CFA comparison,1479.8844792205402,1012.3283422528199,511.9718464808602,489.9181610994725
CD,COD,2017,1395.71961761712,990.545051394781,482.854682128541,431.052559128788,0.498126250776636,121544006957.359,86260028947.5421,42048626459.9632,37537521565.5308,81936.234375,83190.109375,81936.234375,83190.109375,81936.234375,81.398764,1006.6029304204177,1022.0070340994367,1006.6029304204177,1022.0070340994367,1006.6029304204177,"Congo, Dem. Rep.",Non-CFA comparison,1493.1922916834337,1059.7216064305608,516.5757364566765,461.15591589978936
CD,COD,2018,1431.7285269693,1048.86502855672,495.312105711027,518.169626875371,2.57995294310305,128923780701.176,94447824695.5254,44601688163.9569,46659954092.4862,84834.7734375,86148.453125,84815.5,86002.9921875,86676.03125,84.068091,1009.1197793167446,1024.7461563627037,1008.8905194718886,1023.0158811088027,1031.0217612768204,"Congo, Dem. Rep.",Non-CFA comparison,1533.563795342706,1123.4681740962264,530.5424166698028,555.0257361319909
CD,COD,2019,1394.76461472893,1056.17206659241,482.524295129472,504.00419142286,-2.58176822938702,129639803131.17,98168491901.6185,44849398935.1374,46845900350.0332,88673.375,89061.671875,88514.0703125,88797.96875,90530.5,86.790567,1021.6936939702215,1026.167646479369,1019.8581870366166,1023.1292618470853,1043.0914686846095,"Congo, Dem. Rep.",Non-CFA comparison,1493.708447960364,1131.0963310289067,516.7543027474103,539.7579710480887
CD,COD,2020,1361.02791099008,1088.7890035637,470.852950000929,486.425572682256,-2.41880983949436,130645066453.882,104512854274.501,45197173728.8833,46691989748.9186,NA,NA,NA,NA,NA,NA,NA,NA,NA,NA,NA,"Congo, Dem. Rep.",Non-CFA comparison,NA,NA,NA,NA
CD,COD,2021,1402.38560295221,1402.38560295221,485.160805929784,595.743074403567,3.03871005349485,139045034784.888,139045034784.888,48103175756.1974,59067289573.5102,NA,NA,NA,NA,NA,NA,NA,NA,NA,NA,NA,"Congo, Dem. Rep.",Non-CFA comparison,NA,NA,NA,NA
CG,COG,1980,NA,NA,1921.96861829766,932.646715470458,15.034236029519,NA,NA,3515251773.33714,1705796852.89473,6849.43017578125,4206.21337890625,4758.42919921875,4140.83251953125,6710.43408203125,1.777934,3852.4659384326137,2365.7871320905333,2676.3812375592966,2329.0136301635775,3774.2875056280213,"Congo, Rep.",CAEMC,NA,NA,1977.1553799731262,959.4264201566144
CG,COG,1981,NA,NA,2211.31674185091,1066.18677734612,15.0547787720662,NA,NA,4134629379.92641,1993512322.62391,5588.92041015625,4842.28857421875,3866.568603515625,4802.68994140625,8134.27099609375,1.8306319999999998,3053.000499366476,2645.1458153352232,2112.149576493596,2623.514688591836,4443.422269518806,"Congo, Rep.",CAEMC,NA,NA,2258.58030446666,1088.9749128300555
CG,COG,1982,NA,NA,2674.95109240622,1130.97081000634,20.9664378594288,NA,NA,5110306815.46562,2160640564.56041,5982.484375,5341.96728515625,4350.6103515625,5324.4521484375,10051.3720703125,1.8848749999999999,3173.9422375489094,2834.122838467405,2308.169163240268,2824.830372537967,5332.646499270509,"Congo, Rep.",CAEMC,NA,NA,2711.2178873748235,1146.304431095118
CG,COG,1983,NA,NA,2773.62663758927,1075.34825792814,3.68887287185078,NA,NA,5409462277.44975,2097274289.75066,9725.27734375,6572.05908203125,7296.45947265625,6501.6025390625,10615.22265625,1.940443,5011.885092089796,3386.885923488219,3760.2029395639297,3350.576409130544,5470.515060864967,"Congo, Rep.",CAEMC,NA,NA,2787.746033998293,1080.8224151653308
CG,COG,1984,NA,NA,2894.09973517119,1097.04958637388,4.34352251846796,NA,NA,5786833455.26737,2193581365.34299,11442.4248046875,7888.234375,8555.005859375,7740.93603515625,11381.4912109375,1.9969949999999999,5729.821459086027,3950.052140841615,4283.939548859662,3876.292146528284,5699.308816966242,"Congo, Rep.",CAEMC,NA,NA,2897.770628002259,1098.4410904098359
CG,COG,1985,NA,NA,2776.76428489105,1049.31821372865,-4.0542987808677,NA,NA,5718221236.28327,2160872540.03175,10769.84765625,7821.55224609375,8714.474609375,7711.41455078125,11250.306640625,2.054312,5242.556951548742,3807.382834785442,4242.0404541155385,3753.7698999865893,5476.4352448045865,"Congo, Rep.",CAEMC,NA,NA,2783.5213133561356,1051.8716436606271
CG,COG,1986,NA,NA,2511.48682046393,872.048697635314,-9.55347437557265,NA,NA,5325863974.44945,1849268212.30284,6807.1796875,5310.81005859375,5809.36474609375,5270.5439453125,10476.0751953125,2.112361,3222.545619569761,2514.158355789446,2750.1761044129057,2495.0962194968097,4959.4151735013575,"Congo, Rep.",CAEMC,NA,NA,2521.2849387247015,875.4508402223105
CG,COG,1987,NA,NA,2443.79019878646,1052.33893542503,-2.6954798697673,NA,NA,5335949916.71488,2297753652.34929,6431.017578125,5400.84375,5784.25244140625,5371.470703125,10495.9150390625,2.171321,2961.799558022513,2487.3538965450066,2663.932436247911,2473.8261653274667,4833.884551875333,"Congo, Rep.",CAEMC,NA,NA,2457.4670980084843,1058.2284481885865
CG,COG,1988,NA,NA,2415.94091643835,984.376285838246,-1.13959383100648,NA,NA,5430196848.65541,2212536311.99319,5973.931640625,4841.32666015625,5405.84326171875,4826.4345703125,10681.2998046875,2.231465,2677.1343671646205,2169.573199739297,2422.553462285427,2162.8995168252695,4786.675930246497,"Congo, Rep.",CAEMC,NA,NA,2433.4671835119125,991.5173717684077
CG,COG,1989,NA,NA,2408.14159896257,1032.8649749016,-0.322827326724479,NA,NA,5571375261.41265,2389593025.60339,5995.47802734375,5204.388671875,5497.7666015625,5223.12060546875,10869.791015625,2.293166,2614.4980465189833,2269.5211213994103,2397.456879075697,2277.6897117211533,4740.0803149990015,"Congo, Rep.",CAEMC,NA,NA,2429.55602054655,1042.0497363049121
CG,COG,1990,8699.52683870615,3436.74969805645,2363.76701814587,1175.66709098428,-1.84268984995809,20709745611.1503,8181388861.20526,5627089212.71733,2798746050.11354,7121.5283203125,5861.4130859375,6391.17822265625,5797.54443359375,10978.8603515625,2.356737,3021.77473358822,2487.0883284547663,2711.8758786645476,2459.9878703452064,4658.5004400416765,"Congo, Rep.",CAEMC,8787.46572534411,3471.4899716027967,2387.6610808576984,1187.55128387832
CG,COG,1991,8658.16145286005,3536.08004987396,2352.52754080776,1112.53521242945,-0.475490065299297,21205820117.027,8660669804.47275,5761878676.24506,2724853505.80336,7981.3740234375,6670.23681640625,6584.5634765625,6594.162109375,11241.84375,2.4223049999999997,3294.950067575099,2753.6733881184455,2718.304869354809,2722.2674722526685,4640.969551728623,"Congo, Rep.",CAEMC,8754.397203088383,3575.383696302799,2378.675962046506,1124.9010780241797
CG,COG,1992,8636.63719209923,3607.67111205387,2346.67913794406,1164.22442980292,-0.248600824528538,21759705123.1923,9089401098.33082,5912375954.28022,2933222703.0334,5824.87548828125,4866.7373046875,5671.37109375,4827.9482421875,11535.474609375,2.4899519999999997,2339.352520964762,1954.5506518549355,2277.7029813225317,1938.9724148045827,4632.810033838002,"Congo, Rep.",CAEMC,8739.00586163601,3650.4322566582896,2374.493947787034,1178.0237944480057
CG,COG,1993,8302.69726834941,3550.38579358163,2255.94360801961,1034.37200809816,-3.86655032881671,21546528945.828,9213691382.18273,5854453399.81827,2684323623.14372,6164.296875,5127.67138671875,5511.0859375,5058.16455078125,11422.462890625,2.559873,2408.0479285495803,2003.0960077780226,2152.874747106595,1975.943552973624,4462.120929680887,"Congo, Rep.",CAEMC,8417.030433083204,3599.2767540353484,2287.0093164068176,1048.6159364717391
CG,COG,1994,7617.60750274811,3326.98140019517,2069.79640456567,661.904273689712,-8.25141208282898,20362961790.3261,8893500368.04331,5532863840.08629,1769365437.78801,5875.57763671875,4704.97607421875,5292.59423828125,4619.8193359375,10795.01953125,2.632345,2232.0697464499335,1787.37060462012,2010.600524734125,1755.0204611999948,4100.913645912675,"Congo, Rep.",CAEMC,7735.673625731467,3378.5466449281193,2101.8764030118737,672.163199652025
CG,COG,1995,7701.32468533336,3434.06784062762,2092.54337905245,769.606794842829,1.09899574840317,21174491870.6613,9441835599.15986,5753366411.51292,2116003867.75536,5681.291015625,4472.37744140625,5087.60498046875,4367.19482421875,11225.236328125,2.707537,2098.3244238675225,1651.8250503709646,1879.0527998209259,1612.9769691859244,4145.921672769385,"Congo, Rep.",CAEMC,7820.573410690713,3487.2415775517975,2124.944704915545,781.5235277506309
CG,COG,1996,7812.04779971641,3547.2135393678,2122.62819294837,898.794050151577,1.43771518416713,22082979539.5213,10027210024.8818,6000213536.40355,2540697539.05773,6458.8662109375,5284.02978515625,5738.3330078125,5126.828125,11942.751953125,2.7858099999999997,2318.4876969131064,1896.766033992358,2059.8436389461235,1840.3366076652753,4286.994430031123,"Congo, Rep.",CAEMC,7926.951062535243,3599.3876197162767,2153.84880390391,912.0139345675874
CG,COG,1997,7599.04815388587,3509.99889494686,2064.7536042465,804.304050086499,-2.72655328399637,21945002399.7772,10136392428.759,5962723473.06651,2322719102.6909,6169.09326171875,4985.7236328125,5443.97802734375,4866.47998046875,11651.7109375,2.86728,2151.5489459413625,1738.8338888467467,1898.655878513347,1697.2461637749889,4063.6808883331937,"Congo, Rep.",CAEMC,7653.595881733629,3535.194480050431,2079.5748838852537,810.0775308623155
CG,COG,1998,7711.6321257605,3602.03351936562,2095.34403570595,660.379775085784,1.48155360506634,22765208444.8047,10633422673.212,6185583409.39015,1949481379.21951,4913.14306640625,4059.138916015625,4575.75927734375,3966.088134765625,12070.982421875,2.951647,1664.5429031338267,1375.2115059882246,1550.239333275202,1343.686468864883,4089.575217454865,"Congo, Rep.",CAEMC,7712.713764486301,3602.5387430177116,2095.637930074345,660.4724003986622
CG,COG,1999,7312.32665071621,3463.85452984899,1986.8478922289,776.416349733937,-5.17796321884211,22177365378.4643,10505434343.3612,6025859314.29582,2354772960.28296,6340.42578125,5237.92529296875,6141.0302734375,5152.455078125,11756.888671875,3.038433,2086.742008545194,1723.8903385293506,2021.117554159496,1695.7606365271179,3869.3921083252453,"Congo, Rep.",CAEMC,7298.94829949,3457.5171950018976,1983.212831843197,774.9958482819795
CG,COG,2000,7570.58279297342,3667.42487266336,2057.01922023551,1024.30159109181,3.53179165255042,23857518231.7228,11557321035.3433,6482377234.59307,3227927697.57921,9096.720703125,8267.0478515625,8971.4072265625,8170.93798828125,12647.2998046875,3.127411,2908.7064997613043,2643.4158642923812,2868.637101603371,2612.6844179678496,4044.015898354102,"Congo, Rep.",CAEMC,7628.52027818627,3695.4915856417015,2072.761538087917,1032.1405461511806
CG,COG,2001,7567.43916817104,3748.44674931557,2056.16505922617,854.598314408095,-0.041524211389671,24764724673.0889,12266930679.6649,6728876234.42485,2796704604.03812,8735.873046875,7704.10595703125,8227.4658203125,7652.9482421875,13129.1162109375,3.217933,2714.746716875398,2394.116334004235,2556.7548548439327,2378.2186397875594,4079.9843287406857,"Congo, Rep.",CAEMC,7695.848444665847,3812.0528549428777,2091.055418004306,869.0996997259172
CG,COG,2002,7729.3889014189,3888.16402343345,2100.16876714574,905.538135544704,2.1400863574699,25899412178.5963,13028347252.9641,7037184600.05768,3034250923.97726,8702.9287109375,8196.94921875,8763.0322265625,8175.3828125,13730.7783203125,3.310387,2628.9762227006995,2476.130198297057,2647.132261745379,2469.6154294044777,4147.786443190026,"Congo, Rep.",CAEMC,7823.6810918470555,3935.596428140909,2125.7890996000406,916.5849563743635
CG,COG,2003,7577.45630456352,3886.99206795632,2058.88683675038,1016.82363412143,-1.96564823937744,26110042793.8187,13393614579.1367,7094415494.39314,3503723087.74483,9113.19921875,8334.9228515625,9135.615234375,8377.060546875,13841.71875,3.406922,2674.906915611805,2446.46717816331,2681.486466192945,2458.8354376398993,4062.8223217320506,"Congo, Rep.",CAEMC,7663.821711744119,3931.2947520185962,2082.353365998147,1028.4130625076916
CG,COG,2004,7577.44597274153,3991.51124729764,2058.88402946896,1306.10136324599,-1.36349476449027e-4,27017792797.8924,14231948893.8471,7341062186.80916,4656974940.12721,10983.966796875,10208.1357421875,11271.1259765625,10309.76171875,14335.912109375,3.510468,3128.9180806875324,2907.913059508732,3210.718906015523,2936.8624692633575,4083.760942807341,"Congo, Rep.",CAEMC,7696.350685405023,4054.145741777763,2091.1918829082506,1326.5966076680402
CG,COG,2005,7876.11806658285,4278.92538741319,2140.03686200251,1799.05158366154,3.9415931821321,29113227688.4904,15816589849.5564,7910417276.44806,6650001680.48544,15553.916015625,13179.2119140625,15225.375,13530.9482421875,15432.1572265625,3.622775,4293.370693908675,3637.877570112,4202.683026133282,3734.967874678251,4259.761433310791,"Congo, Rep.",CAEMC,8036.167768765766,4365.8769450369955,2183.5243084232557,1835.6099069043594
CG,COG,2006,8192.57979719023,4588.10924898465,2226.0233547376,2103.5821381211,4.01799119733973,31438279446.956,17606451725.0369,8542162055.68026,8072305029.06514,17263.107421875,14452.060546875,16624.40625,14792.37109375,17445.580078125,3.745141,4609.467953776641,3858.8828956973853,4438.926665244379,3949.7501145484243,4658.190460152235,"Congo, Rep.",CAEMC,8394.418113218167,4701.14522391464,2280.865274679981,2155.4075077721077
CG,COG,2007,7375.82454100145,4242.61126846002,2004.10103961966,2206.47101863414,-9.96945133776909,29358953277.7384,16887417171.3163,7977183901.13328,8782703436.70188,14069.73046875,12653.2890625,13525.009765625,12905.0693359375,16291.728515625,3.8761189999999996,3629.849978483633,3264.422238455528,3489.3174759662957,3329.379035044461,4203.103288527778,"Congo, Rep.",CAEMC,7574.316804447542,4356.785013905997,2058.0337964683954,2265.8497937503676
CG,COG,2008,7587.28826163492,4448.33261714253,2061.55829880574,2832.09177777643,2.86698415150693,31210439248.1357,18298291842.2703,8480255108.6285,11649857673.4436,19736.734375,16650.078125,18349.0078125,17064.119140625,17319.146484375,4.011486,4920.055653939712,4150.601080248068,4574.117375082451,4253.814955511499,4317.389237897129,"Congo, Rep.",CAEMC,7780.268770260124,4561.474686006708,2113.9934449798657,2904.125222783677
CG,COG,2009,8138.45033818822,4800.90159806602,2211.31572382028,2271.15219175966,7.26428280496805,34842488218.4079,20553711138.7706,9467126891.81813,9723299915.25312,15601.181640625,14546.1494140625,15366.701171875,14796.80859375,19334.626953125,4.145391,3763.500630127532,3508.993340812121,3706.9364920884423,3569.4602978946978,4664.126243610072,"Congo, Rep.",CAEMC,8405.115034602984,4958.208077059703,2283.7717580363665,2345.5688293946505
CG,COG,2010,8583.66179834288,5125.06991343643,2332.28508055953,2946.55798067708,5.47046970435608,38302788206.1274,22869548224.0282,10407332392.13,13148396211.5955,24714.2109375,21556.44921875,23256.037109375,21826.287109375,21254.796875,4.273731,5782.818557719239,5043.9415159143155,5441.62398367492,5107.080232559092,4973.35861218219,"Congo, Rep.",CAEMC,8962.376950287091,5351.190382368052,2435.1865833694255,3076.561489620077
CG,COG,2011,8492.42098392103,5175.20439089036,2307.49384399715,3396.16505817952,-1.06295910259951,39147716827.6844,23856263885.5927,10636909752.5259,15655383576.6515,30923.87890625,26292.873046875,29486.431640625,26593.138671875,21723.662109375,4.394844,7036.399677952164,5982.663559133157,6709.323844173991,6050.985807886469,4942.988217414543,"Congo, Rep.",CAEMC,8907.646512068324,5428.239065048202,2420.315659105511,3562.2159914325744
CG,COG,2012,9079.68656400891,6058.06449417412,2467.06102906839,3732.32737320389,6.91517273107118,43041800172.356,28717951831.4077,11694979455.2472,17692911296.3044,33997.109375,29190.509765625,31664.203125,29807.078125,23884.548828125,4.510199,7537.829123504306,6472.111267291089,7020.577833705342,6608.816623168956,5295.675163806519,"Congo, Rep.",CAEMC,9543.215315412026,6367.335860658854,2593.007416135563,3922.8671054878955
CG,COG,2013,8798.49382506314,5833.86336651436,2390.65754938662,3697.41705884249,-3.09694323656935,42735155559.2203,28335651923.6335,11611660392.4682,17958720699.0868,32287.16015625,27976.416015625,29418.259765625,28179.732421875,23714.38671875,4.622762,6984.387289730685,6051.883271434913,6363.784197764237,6095.864857822013,5129.917291599698,"Congo, Rep.",CAEMC,9244.506976396427,6129.593503544742,2511.8447353483048,3884.846483354929
CG,COG,2014,9159.25664414045,5733.18393561256,2488.68118548992,3601.2365808718,4.1002792779107,45575361950.4456,28527635281.5358,12383378937.2556,17919321078.0284,30741.080078125,27434.67578125,28522.8984375,27589.61328125,25126.626953125,4.736975999999999,6489.600132684861,5791.601177892817,6021.330578305654,5824.309281121543,5304.360197967016,"Congo, Rep.",CAEMC,9621.193341584507,6022.330550447333,2614.194992175515,3782.8608542725156
CG,COG,2015,8977.70681641417,4715.13431581624,2439.35189403696,2439.35189403696,-1.98214587471384,45764587690.9234,24035779100.7529,12434793867.3568,12434793867.3568,22836.779296875,21365.04296875,22507.65625,21279.271484375,24313.716796875,4.856095,4702.704394554678,4399.634473532746,4634.929145743648,4381.9718280583475,5006.845376145854,"Congo, Rep.",CAEMC,9424.154117850536,4949.6105617276635,2560.657043850419,2560.657043850419
CG,COG,2016,8001.8255194505,4016.04908525318,2174.19310251224,2093.10728558843,-10.8700508595295,41789821841.049,20973960925.5018,11354801748.8219,10931328150.8478,19767.552734375,18529.234375,19394.259765625,18353.6640625,21836.0546875,4.980996,3968.594380396009,3719.9857970173034,3893.650941623924,3684.737763792623,4383.873162616473,"Congo, Rep.",CAEMC,8389.852519666549,4210.796580744453,2279.6247475046957,2194.606892044844
CG,COG,2017,7372.77046737599,4444.63900215824,2003.27121075187,2211.63309874797,-7.8613942599152304,39451775871.4041,23783312191.5778,10719526284.7166,11834473039.3645,20824.37109375,21788.55078125,20824.37109375,21788.55078125,20824.37109375,5.110695,4074.6652057596866,4263.324416982427,4074.6652057596866,4263.324416982427,4074.6652057596866,"Congo, Rep.",CAEMC,7719.454178229008,4653.635599772203,2097.4693822888275,2315.628899663255
CG,COG,2018,7029.33651566257,5593.19370578686,1909.9560382117,2694.43413191427,-4.6581397485937,38542681577.0867,30668141085.6866,10472514332.3273,14773900288.5135,25830.57421875,25530.318359375,25870.4140625,25524.94140625,19532.42578125,5.244358999999999,4925.401601749614,4868.148492384866,4932.99830589401,4867.1232091948705,3724.463901355724,"Congo, Rep.",CAEMC,7349.359869735597,5847.834041431299,1996.910267265704,2817.1031556980565
CG,COG,2019,6939.36913397466,5719.59977338291,1885.51080877731,2488.42466724916,-1.27988440285151,38976083979.3992,32125052982.7686,10590275024.738,13976637779.9763,25057.650390625,24154.6328125,24495.845703125,24146.4140625,19356.19921875,5.380508,4657.11609212829,4489.284805914237,4552.701288265904,4487.757301448116,3597.4668597742075,"Congo, Rep.",CAEMC,7243.941274578386,5970.635669116857,1968.266755618243,2597.6427839111657
CG,COG,2020,6350.50913409722,4770.96449758365,1725.51040049963,1993.586671931,-8.48578578986992,36533151792.0523,27446361623.0188,9926500702.40064,11468687464.0046,NA,NA,NA,NA,NA,NA,NA,NA,NA,NA,NA,"Congo, Rep.",CAEMC,NA,NA,NA,NA
CG,COG,2021,6263.21161292636,6263.21161292636,1701.79060456872,2516.16255145432,-1.37465389510481,36903988991.0873,36903988991.0873,10027261669.7995,14825690210.9157,NA,NA,NA,NA,NA,NA,NA,NA,NA,NA,NA,"Congo, Rep.",CAEMC,NA,NA,NA,NA
CI,CIV,1980,NA,NA,2576.91660095729,1237.80216768229,-14.4069419618659,NA,NA,21184094378.322,10175617609.0962,21423.189453125,21591.181640625,21669.9140625,20958.650390625,30717.1171875,8.03365,2666.681950685554,2687.593016950577,2697.393347046486,2608.8577907458007,3823.556812594524,Cote d'Ivoire,WAEMU,NA,NA,2636.920251482452,1266.6244619937638
CI,CIV,1981,NA,NA,2562.42591923373,985.507547907408,-0.562326375567451,NA,NA,21925643370.8117,8432589942.39434,22542.578125,22245.546875,22778.421875,21681.45703125,31792.20703125,8.393691,2685.657373496356,2650.269931904808,2713.7551138110753,2583.065904052222,3787.6313330154753,Cote d'Ivoire,WAEMU,NA,NA,2612.1575562898015,1004.6343071712241
CI,CIV,1982,NA,NA,2466.30363782942,849.479705391045,-3.75122186685714,NA,NA,21969674962.3516,7567110848.92228,23257.27734375,22725.865234375,23479.609375,22211.6171875,31856.076171875,8.764989,2653.4291536190176,2592.8002002483972,2678.79507606912,2534.12949947798,3634.4684713095476,Cote d'Ivoire,WAEMU,NA,NA,2506.5262446252473,863.3337530625857
CI,CIV,1983,NA,NA,2276.86700017061,737.449968695419,-7.6809941303711,NA,NA,21112804814.63,6838184772.52063,23516.60546875,23545.009765625,23925.537109375,22967.087890625,30613.77734375,9.144931,2571.545424317581,2574.651439756626,2616.262179493208,2511.455569279309,3347.6225620237046,Cote d'Ivoire,WAEMU,NA,NA,2308.6893509234787,747.7568472108352
CI,CIV,1984,NA,NA,2128.64190478015,708.940252199945,-6.51004627759795,NA,NA,20542492760.3513,6841639246.8996,24203.45703125,26461.763671875,24622.166015625,25699.5234375,29786.908203125,9.530107,2539.6836605559624,2776.649167934316,2583.61905229658,2696.6668304458703,3125.5586325657205,Cote d'Ivoire,WAEMU,NA,NA,2155.5364237097547,717.8974220226069
CI,CIV,1985,NA,NA,2138.06011188618,694.951691466923,0.442451456249174,NA,NA,21467156206.3713,6977650643.99488,26943.07421875,30021.3203125,27757.12109375,29242.3984375,31127.501953125,9.918196,2716.5297216096556,3026.8932286173817,2798.605824461424,2948.3585964120894,3138.4237570143805,Cote d'Ivoire,WAEMU,NA,NA,2164.421453898602,703.520140557303
CI,CIV,1986,NA,NA,2123.07460132975,877.154956751363,-0.700892854841626,NA,NA,22166845697.292,9158302099.57957,28269.169921875,30640.01171875,28785.435546875,29942.44140625,32141.8203125,10.307281,2742.640849888055,2972.6570682171177,2792.7283196097014,2904.9796358758435,3118.3607308755822,Cote d'Ivoire,WAEMU,NA,NA,2150.6006964680596,888.5274496328926
CI,CIV,1987,NA,NA,2035.62090959375,929.611362954514,-4.11920012990711,NA,NA,22089489409.9338,10087654464.8168,27853.951171875,29294.3046875,28032.220703125,28645.36328125,32030.357421875,10.698193999999999,2603.6124575676045,2738.2476600723453,2620.2759739751405,2677.5886921895417,2993.9966897099644,Cote d'Ivoire,WAEMU,NA,NA,2064.7867677417144,942.9305978950091
CI,CIV,1988,NA,NA,1981.38877451772,909.534182158689,-2.66415690762632,NA,NA,22340532915.1657,10255169805.7996,28514.046875,29802.611328125,28706.359375,29214.53125,32385.013671875,11.094748,2570.049078627113,2686.1909191740997,2587.382730549626,2633.185652346498,2918.949909621652,Cote d'Ivoire,WAEMU,NA,NA,2013.6133705033858,924.3265197009973
CI,CIV,1989,NA,NA,1962.42170003804,832.559837958259,-0.95726163000495,NA,NA,22999132929.8765,9757410644.6679,31309.236328125,32765.20703125,31672.236328125,32314.685546875,36235.54296875,11.502449,2721.9626297082473,2848.5418219415706,2753.521126511841,2809.37438165342,3150.245914478734,Cote d'Ivoire,WAEMU,NA,NA,1999.498796289077,848.2898419865109
CI,CIV,1990,5255.50962638401,2693.36146600562,1866.0785698741,885.647842214928,-4.9093999603687,64063495622.484,32831478344.3631,22747083497.3228,10795850582.779,28958.046875,30256.62890625,29325.8125,30109.708984375,35789.6953125,11.924876999999999,2428.3727936984174,2537.2696847313396,2459.2129964946394,2524.9492287740163,3001.263267746913,Cote d'Ivoire,WAEMU,5372.256302726142,2753.1922001680273,1907.5319181340658,905.3217557530363
CI,CIV,1991,5052.85167051386,2677.07472001474,1794.12062566918,827.241889166985,-3.85610474106537,64089713718.0807,33955667728.9533,22756392780.3066,10492628580.7484,29703.998046875,30798.6328125,29958.109375,30619.47265625,35809.95703125,12.362407,2402.76817021758,2491.3136100841853,2423.3233362240867,2476.821274064994,2896.6816115381093,Cote d'Ivoire,WAEMU,5184.242333882124,2746.6874152382543,1840.7736276848511,848.7528828931453
CI,CIV,1992,4843.29349256353,2624.52422270222,1719.71261335163,844.902223806738,-4.14732494866662,63932975522.8212,34644533342.1783,22700739607.1517,11152971273.9383,31055.6640625,32224.7421875,31431.205078125,32057.83203125,35587.03515625,12.812420999999999,2423.8716525549703,2515.1173371137274,2453.182351573134,2502.090122643488,2777.5418210383505,Cote d'Ivoire,WAEMU,4989.921539638855,2703.98025027263,1771.7759670207295,870.4811740059354
CI,CIV,1993,4645.46750871805,2576.99340149533,1649.47036183619,804.149657211252,-4.08453429777113,63809914071.8432,35397455090.2632,22657044066.1342,11045760288.1206,30672.939453125,32397.458984375,30968.138671875,32193.93359375,35445.171875,13.271643,2311.1636933818218,2441.1038621499238,2333.4065474692925,2425.76850460414,2670.744826017397,Cote d'Ivoire,WAEMU,4807.989038873574,2667.1494320833676,1707.1770289582232,832.2828068929069
CI,CIV,1994,4502.45953404415,2550.99222448395,1598.69239055813,581.888468577405,-3.07844096219641,64327544357.2551,36446538660.6394,22840839521.0746,8313557510.14757,30134.75390625,34172.7890625,30510.998046875,33958.28125,36205.14453125,13.735432999999999,2193.9427687681928,2487.9295077555985,2221.3349988220248,2472.312394520071,2635.893934414008,Cote d'Ivoire,WAEMU,4683.328465673787,2653.4684899004933,1662.9136861629775,605.2635916281322
CI,CIV,1995,4638.75732482502,2683.32097628214,1647.08777075504,740.4730999133,3.02718524731407,68911360958.1642,39862249179.0228,24468419439.1566,11000146266.5135,34665.87890625,37239.9296875,35083.27734375,37146.1640625,38758.66015625,14.199762,2441.299995468234,2622.5742155044572,2470.6947443027566,2615.970891800863,2729.528858036494,Cote d'Ivoire,WAEMU,4852.994082447593,2807.2476974630135,1723.1570106003608,774.6711717079131
CI,CIV,1996,4807.42428178026,2831.79903711036,1706.97650014485,1170.23622049666,3.63603752351062,74237745675.6266,43729524252.3578,26359663691.9048,18071152830.6101,37597.74609375,40761.19140625,38009.1484375,40695.046875,41372.96875,14.665127,2563.7518238846483,2779.46392187739,2591.8049286242117,2774.95359399206,2821.180392778051,Cote d'Ivoire,WAEMU,5062.195893402532,2981.871500489413,1797.438487365626,1232.2534152353471
CI,CIV,1997,5072.59703802667,3039.52473895538,1801.13163122133,1124.65674867927,5.51590083803082,81400827010.7104,48775770205.2226,28903065478.586,18047558037.7036,37664.265625,40822.140625,38036.8828125,40639.296875,43723.63671875,15.130663,2489.267365547696,2697.9743468610727,2513.8939921205038,2685.890028414485,2889.7370008670473,Cote d'Ivoire,WAEMU,5379.858570025015,3223.6373386429004,1910.2312620792625,1192.7803849509835
CI,CIV,1998,5093.13169438529,3086.12766383427,1808.42289027986,1177.37133815342,0.404815446696844,84871681712.3883,51427070911.4958,30135465005.6332,19619654755.679,38518.36328125,41489.5546875,39143.3125,41075.23046875,45966.15234375,15.589414,2470.8025126056696,2661.392832822324,2510.8905633014815,2634.8155529611313,2948.549082329201,Cote d'Ivoire,WAEMU,5444.186786776482,3298.845672550347,1933.0723403479567,1258.5241982590878
CI,CIV,1999,4987.35708530265,3064.79944793741,1770.86540389357,1096.13520587572,-2.07680883648156,85862015402.3599,52763388083.7264,30487103687.1804,18870992455.568,37961.421875,41212.3515625,38691.2109375,40847.359375,46859.3984375,16.032573,2367.7685344080455,2570.538837559012,2413.2876823638976,2547.7731724658297,2922.762206509211,Cote d'Ivoire,WAEMU,5355.473223316051,3291.011872125978,1901.5727349053955,1177.0407941113383
CI,CIV,2000,4838.34023729938,3040.57593185363,1717.95385651231,936.636541348798,-2.98789209303686,85633803213.3227,53815165580.1811,30406072178.2268,16577533891.8785,37206.9453125,39956.20703125,38126.87109375,39546.2890625,45890.1640625,16.454667999999998,2261.1787313180675,2428.259690882247,2317.085406630508,2403.3477346671475,2788.8842280196723,Cote d'Ivoire,WAEMU,5204.225525141115,3270.5105675897626,1847.8690775302668,1007.466932294137
CI,CIV,2001,4609.14469395303,2961.76287274216,1636.57318705218,924.727294962066,-4.73706957562547,83789240395.7837,53841629590.2099,29751121585.5543,16810537043.8407,37474.15234375,40393.80078125,38267.1640625,40043.171875,45945.8671875,16.853026,2223.585980568119,2396.8277733179784,2270.6405403100903,2376.022672426898,2726.2681009036596,Cote d'Ivoire,WAEMU,4971.7623645619315,3194.7752047739023,1765.3281722554927,997.4788529870362
CI,CIV,2002,4368.92808837279,2851.03041356835,1551.27925902838,967.815864415991,-5.21173930372343,81501353004.0622,53185319479.1529,28938759334.2241,18054383320.8474,36997.4453125,40873.1484375,37770.15234375,40527.8046875,45179.63671875,17.231538999999998,2147.0772466986264,2371.9963978551195,2191.9198478876438,2351.9550219803355,2621.9153564141893,Cote d'Ivoire,WAEMU,4729.777938236522,3086.510118402826,1679.4065425162607,1047.7522246183237
CI,CIV,2003,4060.00038038427,2701.74168487851,1441.58801755037,1111.17135087887,-7.07101837658274,77649707795.0553,51672274067.2947,27571152176.3563,21251754340.4305,41318.60546875,44071.3359375,41759.80859375,43753.80859375,44565.421875,17.59961,2347.7000608962358,2504.108667038645,2372.7689757755998,2486.0669409009633,2532.182353756703,Cote d'Ivoire,WAEMU,4412.012981824898,2935.9897217776247,1566.5774512251294,1207.5127994558118
CI,CIV,2004,4088.94517328472,2794.17325719366,1451.86547141894,1199.82524528546,0.712925866714116,80122880670.5141,54751824974.7097,28449303912.4541,23510575681.3686,39324.26171875,41657.08203125,39515.32421875,41368.9140625,45114.34375,17.970494,2188.2682645646805,2318.082186903154,2198.9002761276347,2302.0465693653164,2510.4676449072576,Cote d'Ivoire,WAEMU,4458.57975136989,3046.762374741045,1583.1119563243003,1308.2876676272003
CI,CIV,2005,4032.24588029846,2841.82308798173,1431.73320203111,1197.74616979415,-1.38664840401142,80920957094.4427,57031007284.5916,28732677632.1669,24036918703.1747,39309.3125,40441.99609375,39194.8359375,40840.625,45890.8828125,18.354513999999998,2141.670027329517,2203.381473012579,2135.4330568218807,2225.099776545432,2500.250500367376,Cote d'Ivoire,WAEMU,4408.776886952316,3107.1924478409833,1565.428408083532,1309.5916733711774
CI,CIV,2006,4049.26032962496,2941.82141168912,1437.77453798586,1230.43056838584,0.421959618326611,83199350239.2588,60445022065.3369,29541668752.6369,25281413263.3712,41182.76171875,42647.9140625,40940.58203125,42917.48046875,46586.515625,18.754915999999998,2195.838238824957,2273.9592148799816,2182.925374405836,2288.332321443082,2483.962904712557,Cote d'Ivoire,WAEMU,4436.135583825532,3222.8895114932484,1575.1426853970931,1347.9886160711787
CI,CIV,2007,3999.69095682208,2984.53472161562,1420.1738958245,1367.53817722326,-1.22415870474471,84115732649.5223,62766430565.9511,29867049486.2231,28760090953.3081,43601.984375,44485.421875,43142.1171875,44848.00390625,47408.78125,19.171236999999998,2274.3438190764637,2320.4252221700667,2250.356468260238,2339.338035738122,2472.9119592022157,Cote d'Ivoire,WAEMU,4387.600687922345,3273.9896004598513,1557.9093558867955,1500.1687660169298
CI,CIV,2008,4096.72346918931,3115.83789187745,1454.62731800082,1583.97066701372,2.42600024388695,88138707177.7418,67035504258.6861,31295490700.8623,34078240293.2559,46264.0234375,47879.7421875,45659.6796875,48604.94921875,48618.53125,19.605569,2359.738880187563,2442.150094572619,2328.9137738109002,2479.1399432860126,2479.832707227217,Cote d'Ivoire,WAEMU,4495.595469723006,3419.2072802725643,1596.2551610138069,1738.1918521852592
CI,CIV,2009,4151.05360874982,3176.63242420617,1473.9183699329,1540.45393569596,1.32618518113594,91314628222.062,69879369469.742,32423167866.6818,33886813250.2036,50301.5546875,52378.87890625,50381.76171875,53012.078125,50199.33984375,20.059147,2507.6617010434193,2611.2216489689217,2511.660227563515,2642.7882563999356,2502.5660285429885,Cote d'Ivoire,WAEMU,4552.26875908841,3483.66605368324,1616.3781972723866,1689.3446790236694
CI,CIV,2010,4338.65248394142,3360.54408826055,1540.52927270246,1553.54887048143,4.5193074547668,97567899071.286,75572133892.1689,34643522418.9356,34936307980.063,57416.21875,59517.0078125,57398.06640625,60468.56640625,54051.2265625,20.53295,2796.2966232324143,2898.6096889389983,2795.4125640129646,2944.952693414731,2632.414074085799,Cote d'Ivoire,WAEMU,4751.77210636007,3680.5297773660823,1687.2160317409628,1701.475335013381
CI,CIV,2011,4017.40782040208,3175.9192237076,1426.46463864534,1596.62826565998,-7.40424970030114,92328066528.4805,72988975599.248,32783010325.3471,36693710801.3976,60760.734375,63500.69921875,61031.65625,64813.38671875,54652.4453125,21.028655,2889.4256135259243,3019.722336913607,2902.309075402112,3082.1460867920464,2598.9510652250465,Cote d'Ivoire,WAEMU,4390.583540815164,3470.9293390018524,1558.9684801689457,1744.9385517712662
CI,CIV,2012,4234.18055593319,3290.72306949457,1503.43433046682,1546.9460184731,5.39583595248281,99363845372.1675,77223654948.2285,35281210700.9425,36302302877.2977,72098.40625,72371.4140625,71601.4375,73241.5546875,63509.11328125,21.547188,3346.0703201735655,3358.7405494628815,3323.0061156936117,3399.1235741526925,2947.44322466811,Cote d'Ivoire,WAEMU,4611.453029145497,3583.931924120609,1637.3928097226653,1684.7814609172065
CI,CIV,2013,4597.18635239866,3619.01790854865,1632.32712787006,1786.15862031324,8.5732243032672,110055606909.495,86638474451.6252,39077544167.6054,42760235484.6093,80790.0859375,81013.1875,80165.71875,81627.6796875,73253.8359375,22.087504,3657.7281859235886,3667.828990545967,3629.4602934763475,3695.649797618599,3316.5284740865245,Cote d'Ivoire,WAEMU,4982.709087884941,3922.5108663987203,1769.2150352346466,1935.9469265793591
CI,CIV,2014,4907.57450294516,4074.21445539789,1742.53693001178,1991.36539423404,6.75169825092141,120370018325.665,99929867262.254,42739891584.4862,48843005613.7091,92654.2265625,93528.0859375,91759.3046875,94145.7109375,84094.796875,22.647683999999998,4091.1126525122836,4129.6975857443085,4051.597712485745,4156.968586169783,3713.174242231568,Cote d'Ivoire,WAEMU,5314.893051566111,4412.365841127685,1887.1638965152551,2156.6446093873924
CI,CIV,2015,5110.86240809881,4403.64296618998,1814.71855088017,1814.71855088017,4.14232947521536,129030580269.806,111175876370.327,45815005169.2651,45815005169.2651,105490.875,107758.7890625,105591.1015625,107902.1875,96605.3828125,23.226143,4541.902415739023,4639.54730075071,4546.2176635397445,4645.721310679953,4159.3381566840435,Cote d'Ivoire,WAEMU,5555.402817842205,4786.669761325718,1972.5619173732418,1972.5619173732418
CI,CIV,2016,5320.84646239855,4530.64849808487,1889.27777949938,1862.59597081287,4.10858359182184,138285633654.093,117748858729.37,49101205368.91,48407761036.8238,108304,110456.5,108116.3203125,110257.59375,103541.8828125,23.822713999999998,4546.249432369461,4636.604376814497,4538.371249913003,4628.254939802409,4346.351251687781,Cote d'Ivoire,WAEMU,5804.7808345469375,4942.7138624663,2061.108795954567,2032.0002597866812
CI,CIV,2017,5556.11366322898,4690.17801861096,1972.81431788947,1964.29930338343,4.42161228468103,148533653433.383,125384273717.75,52739979047.0655,52512343996.69,111163.0390625,113877.359375,111163.0390625,113877.359375,111163.0390625,24.437469999999998,4548.876747981686,4659.948815282433,4548.876747981686,4659.948815282433,4548.876747981686,Cote d'Ivoire,WAEMU,6078.110926924228,5130.820568485609,2158.160359769874,2148.8453590609015
CI,CIV,2018,5670.20005356688,4945.62520575915,2013.32307598499,2130.86619381144,2.05334874793748,155727355215.77,135827506244.13,55294253263.7438,58522477786.688904,120752.5625,122363.890625,120858.9296875,122192.390625,118822.5,25.069229999999997,4816.763917360047,4881.039051658148,4821.006855316259,4874.197995909727,4739.774616133005,Cote d'Ivoire,WAEMU,6211.8922366490715,5418.096457056321,2205.6622107557273,2334.4345951865657
CI,CIV,2019,5894.87874674153,5516.39055126829,2093.09994335779,2141.76836170115,3.96244737490909,166194369560.793,155523648459.422,59010785540.9857,60382894697.3557,129491.7734375,131363.734375,129436.7890625,131016.7109375,126227.234375,25.716544,5035.348973699577,5108.141061839414,5033.210880221697,5094.646891024704,4908.405825253969,Cote d'Ivoire,WAEMU,6462.546816585969,6047.610769916128,2294.6623598017563,2348.0174745625113
CI,CIV,2020,5787.81533309018,5543.85096318939,2055.08483996432,2179.72934832935,-1.81621061689408,167357279085.387,160302939789.704,59423700880.6615,63027852805.4204,NA,NA,NA,NA,NA,NA,NA,NA,NA,NA,NA,Cote d'Ivoire,WAEMU,NA,NA,NA,NA
CI,CIV,2021,6045.20480490879,6045.20480490879,2146.47635317946,2455.98127641148,4.44709198559022,179178274483.428,179178274483.428,63620992438.4818,72794636653.7793,NA,NA,NA,NA,NA,NA,NA,NA,NA,NA,NA,Cote d'Ivoire,WAEMU,NA,NA,NA,NA
GQ,GNQ,1980,NA,NA,457.60885754267,175.451008071362,NA,NA,NA,132086051.076547,50642880.7737503,743.8265380859375,498.58831787109375,700.77447509765625,480.02337646484375,1008.6720581054688,0.24992899999999998,2976.1513793354816,1994.9198287157303,2803.8942063452273,1920.6389673260958,4035.834409394143,Equatorial Guinea,CAEMC,NA,NA,528.494296686447,202.62906975081046
GQ,GNQ,1981,NA,NA,460.694903212462,121.125080282047,0.674385038428667,NA,NA,139706650.788986,36731422.8456914,765.49090576171875,471.6869201660156,726.39300537109375,459.33746337890625,1066.8665771484375,0.264374,2895.4848274101037,1784.1653118915463,2747.5962287180046,1737.453241918291,4035.4443975142694,Equatorial Guinea,CAEMC,NA,NA,528.4432311384099,138.93734953396097
GQ,GNQ,1982,NA,NA,443.126779908142,137.468802708366,-3.813396497729,NA,NA,142782538.514882,44294647.733479,809.0242919921875,491.2192687988281,769.21356201171875,479.85528564453125,1090.35546875,0.28463,2842.3718230410973,1725.8169159920885,2702.5034677009407,1685.891457838356,3830.781958156203,Equatorial Guinea,CAEMC,NA,NA,501.6426185394442,155.6218519954994
GQ,GNQ,1983,NA,NA,436.571815905833,129.411005581021,-1.47925250730012,NA,NA,149927929.590197,44442456.94764,844.70648193359375,811.03411865234375,800.99591064453125,788.89990234375,1144.9210205078125,0.308206,2740.7204335204174,2631.4676503778114,2598.8978496347613,2559.651344697216,3714.791472287407,Equatorial Guinea,CAEMC,NA,NA,486.4536368214668,144.1972477746702
GQ,GNQ,1984,NA,NA,415.030661056573,137.903678570149,-4.93416067286991,NA,NA,151444273.188883,50320914.4065688,851.91778564453125,826.44091796875,803.60931396484375,799.3477783203125,1156.5006103515625,0.33155199999999996,2569.4846830799734,2492.643440452026,2423.780625557511,2410.9273306157484,3488.142464384358,Equatorial Guinea,CAEMC,NA,NA,456.7738188546081,151.77382252729228
GQ,GNQ,1985,NA,NA,443.495676350693,161.11802183767,6.8585331073261004,NA,NA,170988427.529981,62118569.9654481,960.5599365234375,910.99249267578125,912.585693359375,885.22265625,1305.7491455078125,0.352118,2727.9489731380886,2587.179561044256,2591.7041825733845,2513.994332155698,3708.2715041770443,Equatorial Guinea,CAEMC,NA,NA,485.59979191629225,176.41407132111422
GQ,GNQ,1986,NA,NA,412.631312540002,188.78702702248,-6.95933815288996,NA,NA,167003445.86169,76407395.8727542,894.80169677734375,792.64959716796875,856.58477783203125,775.511474609375,1275.31787109375,0.369023,2424.7857092304375,2147.9680051594855,2321.2232783106506,2101.5261233293727,3455.9305818167163,Equatorial Guinea,CAEMC,NA,NA,452.55565604769896,207.05320772080387
GQ,GNQ,1987,NA,NA,412.790221907507,220.925441822509,0.0385112236216827,NA,NA,174412950.140804,93345859.52973,946.55206298828125,875.74395751953125,906.45751953125,858.8778076171875,1331.900390625,0.38298099999999996,2471.5379169940056,2286.6511850967318,2366.8472314063883,2242.6120554732156,3477.719235745377,Equatorial Guinea,CAEMC,NA,NA,455.4088848815059,243.73496212535352
GQ,GNQ,1988,NA,NA,407.241360186668,228.669232827247,-1.34423283943052,NA,NA,179044071.247429,100534656.881732,995.59857177734375,898.58746337890625,953.5294189453125,883.2947998046875,1367.2657470703125,0.394961,2520.7515976953264,2275.129603628982,2414.2368966690697,2236.410176712859,3461.774066478241,Equatorial Guinea,CAEMC,NA,NA,453.32088800521825,254.54325080636318
GQ,GNQ,1989,NA,NA,387.128291910418,193.2233561169,-4.93885696360292,NA,NA,176843300.771014,88265974.861049,982.94757080078125,997.75189208984375,946.11688232421875,987.19970703125,1350.4595947265625,0.40662,2417.3615926437,2453.7698393828236,2326.783931740246,2427.8188653564753,3321.18340152123,Equatorial Guinea,CAEMC,NA,NA,434.91048342682114,217.07238911280555
GQ,GNQ,1990,1122.81767364664,577.395478707944,366.314404747023,236.402188376265,-5.37648309315803,532523229.351088,273843663.268732,173733397.996989,112119411.489965,1043.171875,882.81317138671875,986.23724365234375,859.67022705078125,1384.71435546875,0.419188,2488.5537634665116,2106.0077373081263,2352.732529682013,2050.798751516697,3303.32537064217,Equatorial Guinea,CAEMC,1270.3684965960094,653.2717140489041,414.4522219075666,267.46808470176865
GQ,GNQ,1991,1070.82764283041,569.282520987418,349.352882285968,225.319378519763,-4.63031817511198,527079569.871057,280210534.632864,171957427.660152,110906028.536862,1095.7271728515625,881.79034423828125,1049.7442626953125,858.07366943359375,1389.17822265625,0.432853,2531.4071355669535,2037.158906691836,2425.1749732479907,1982.3673843859087,3209.35334318175,Equatorial Guinea,CAEMC,1217.6872283917564,647.3572659375446,397.26518624140755,256.22100005512726
GQ,GNQ,1992,1390.47918482013,756.064109641287,453.637813917067,263.733547088944,29.8508862868735,710215053.230577,386174865.28148,231704586.214421,134707183.84662,1143.288818359375,1052.545166015625,1085.48193359375,1027.3096923828125,1573.906005859375,0.447266,2556.171983471525,2353.2867823971083,2426.9270044978825,2296.865159396897,3518.9484688292314,Equatorial Guinea,CAEMC,1587.9030671470155,863.412075323141,518.0465007722944,301.17912796103434
GQ,GNQ,1993,1487.81202528588,828.163863908102,485.392231712925,256.683023652574,6.99994947988674,788574593.078097,438945895.640164,257269046.82918,136047906.245408,1138.6075439453125,1097.951171875,1080.2315673828125,1067.05029296875,1723.146484375,0.46263699999999996,2461.12512389911,2373.245485931735,2334.9441730402295,2306.4525599308963,3724.618835879967,Equatorial Guinea,CAEMC,1704.5212403636049,948.7911594623087,556.0926748815594,294.0705266664967
GQ,GNQ,1994,1672.34547535897,950.757255783655,545.595470854947,183.239482711964,12.4030083731601,920020795.123031,523047695.182309,300152801.145199,100807002.540195,711.0137939453125,748.7041015625,674.70330810546875,727.9266357421875,1884.7744140625,0.47909799999999997,1484.0675476526985,1562.736854594467,1408.2782814903605,1519.3689719894207,3934.0060156011923,Equatorial Guinea,CAEMC,1920.3185885205764,1091.7342489058794,626.4956254152575,210.409984053774
GQ,GNQ,1995,1892.11653062527,1098.25498920183,617.294826128753,248.314896208855,13.1414865232391,1080898057.75111,627393538.151392,352638311.553616,141853360.867855,1066.051513671875,874.923828125,1007.4080200195312,847.98651123046875,2105.359130859375,0.496768,2145.9746072047215,1761.2322615889107,2027.924544293375,1707.0071164617464,4238.113426910299,Equatorial Guinea,CAEMC,2175.86088023204,1262.950790210706,709.8651917064223,285.55253331103256
GQ,GNQ,1996,3033.84031220306,1793.19296806024,989.777266733628,391.686868235732,60.3410922687992,1800559954.57002,1064245681.00001,587424889.588274,232463022.802961,1893.295166015625,1363.271240234375,1772.8643798828125,1305.9266357421875,2833.849853515625,0.515853,3670.2222649003206,2642.7514044395884,3436.7627597063747,2531.586781005805,5493.522095472208,Equatorial Guinea,CAEMC,3490.4516491520258,2063.0793675717887,1138.7447384977388,450.63811357685427
GQ,GNQ,1997,7296.10009809843,4386.82626162969,2380.32106827232,717.041481576821,140.490577857747,4500913077.81623,2706202413.01553,1468403404.76972,442337870.69437,3574.1015625,3439.835693359375,3348.169189453125,3306.462890625,5533.43603515625,0.5364599999999999,6662.382213958171,6412.100983035782,6241.228030893497,6163.4844920870155,10314.722505231053,Equatorial Guinea,CAEMC,8390.025496432596,5044.555815933211,2737.20949328882,824.5495856063268
GQ,GNQ,1998,8684.6573083064,5280.39000143916,2833.33184629343,577.868525342745,19.0314989040498,5570981862.18854,3387232895.78318,1817508712.76923,370687634.425712,3482.982421875,2782.060302734375,3343.9541015625,2671.406494140625,6511.90283203125,0.558492,6236.405215965493,4981.378968247307,5987.470011320664,4783.249346706175,11659.796079498454,Equatorial Guinea,CAEMC,9975.043263267049,6064.962247951949,3254.3146773261387,663.7295331458857
GQ,GNQ,1999,10492.4649475554,6469.8387411234,3423.12126162912,930.912549299779,20.8161079369241,7000719507.51825,4316766985.81991,2283954429.45661,621117885.668503,4569.2236328125,4329.6748046875,4482.88232421875,4183.11767578125,8022.751953125,0.58177,7854.003528563693,7442.244881460886,7705.592114097925,7190.3289543655565,13790.246924257008,Equatorial Guinea,CAEMC,12033.483176372536,7420.05773040877,3925.8717868859003,1067.6347794979167
GQ,GNQ,2000,11767.4708814313,7420.39310111594,3839.08642737128,1487.3165506701,12.1516339606444,8275815154.0221205,5218606639.75972,2699948863.55525,1045998496.43872,6114.5810546875,6654.27587890625,6059.50146484375,6461.0517578125,9072.943359375,0.606181,10087.0549467692,10977.374544742,9996.191673516243,10658.618065911833,14967.383272281711,Equatorial Guinea,CAEMC,13652.38295826184,8608.990779585172,4454.030831641458,1725.5547376752488
GQ,GNQ,2001,18031.964975074,11626.7231171673,5882.85050306586,1948.61145907844,53.2356880825419,13521016489.0496,8718135555.28428,4411173089.81689,1461139022.02954,9009.71875,9430.326171875,8552.6494140625,9202.4912109375,15226.005859375,0.631666,14263.422045828018,14929.292018052263,13539.82866588118,14568.603044864692,24104.520204308923,Equatorial Guinea,CAEMC,21405.325740264,13801.812279407599,6983.394847620245,2313.1512888607904
GQ,GNQ,2002,20242.4309684399,13254.823622224,6604.00546310809,2264.21065580365,12.258597420866,16152589488.2834,10576779293.119,5269712387.32535,1806742742.27311,8338.6875,8327.9580078125,8458.2197265625,8168.69873046875,18296.771484375,0.658384,12665.386005735256,12649.089297146498,12846.939972056582,12407.19508746985,27790.425472634513,Equatorial Guinea,CAEMC,24533.690807011408,16064.757486693175,8004.010406275593,2744.2081555340196
GQ,GNQ,2003,21709.5751241959,14496.1744119688,7082.65489186921,2930.60183743733,7.24786542705019,18406723783.951,12290755429.2807,6005113941.93001,2484745935.09329,9697.2421875,8836.6962890625,9770.2294921875,8731.8984375,20783.72265625,0.6866639999999999,14122.252204134775,12869.025155043078,14228.544808214063,12716.406331917795,30267.674810751694,Equatorial Guinea,CAEMC,26806.012524249127,17899.22790372104,8745.345528424397,3618.5760941206913
GQ,GNQ,2004,28225.985816122,19354.2120821557,9208.60566707162,4901.30127408119,30.0162976688723,25401044477.6871,17417184474.3373,8286980786.09409,4410764338.66733,13172.529296875,11884.8896484375,13566.6923828125,11775.5361328125,25782.462890625,0.716949,18373.035316145222,16577.03637000331,18922.81373265393,16424.51015736475,35961.36251061791,Equatorial Guinea,CAEMC,35429.360355739525,24293.477603479885,11558.67542334823,6152.1312376017395
GQ,GNQ,2005,31302.957953874,22137.0497795007,10212.4545051498,8673.9026086535,10.9012034435108,29655389367.8877,20971910438.4562,9674942387.18021,8217369092.65224,20408.947265625,17666.421875,19863.4921875,17693.9140625,28077.1015625,0.749535,27228.811550661412,23569.842468997445,26501.086923892814,23606.52145997185,37459.36022000307,Equatorial Guinea,CAEMC,39565.049487866076,27979.894786042278,12907.92609708714,10963.289362941343
GQ,GNQ,2006,32251.7680082519,23511.39865709,10521.9996774827,10184.8841248541,3.03105558195507,31940312684.5962,23284349080.2585,10420388726.5973,10086528698.8604,21441.134765625,17169.728515625,20443.291015625,17146.3046875,29565.212890625,0.784496,27331.09507967536,21886.317477240165,26059.13990080893,21856.459035482654,37686.888002775035,Equatorial Guinea,CAEMC,40714.43663778553,29680.647294898252,13282.90867843469,12857.336046149883
GQ,GNQ,2007,35540.4477563657,26610.7691219619,11594.9172068456,12616.9532942011,10.1968975693747,36821467655.2962,27569927684.1939,12012844402.6491,13071718758.7373,25938.14453125,19865.232421875,24299.5078125,19788.453125,34083.390625,0.821687,31566.940369325548,24176.155180591883,29572.705680508516,24082.71412958949,41479.7734721372,Equatorial Guinea,CAEMC,44812.03628059858,33552.83421082955,14619.73282119481,15908.39183136316
GQ,GNQ,2008,39994.6159790647,30522.7787142774,13048.0703050168,18210.5552970599,12.5326733451216,43375360867.775,33102869198.9953,14151023687.8999,19749893536.3204,35393.328125,29208.08984375,32324.810546875,29167.50390625,40149.91796875,0.8608399999999999,41114.873989359236,33929.75447673203,37550.3119591039,33882.60757661122,46640.39539142001,Equatorial Guinea,CAEMC,50387.25067117584,38454.1485049432,16438.622378026,22942.5834490967
GQ,GNQ,2009,38706.6052512135,29722.0005631066,12627.862381545,13232.5019378102,-3.22046029526918,43958046505.4614,33754473545.505,14341122354.4363,15027795173.2187,24929.787109375,22633.216796875,24379.97265625,22485.119140625,40689.29296875,0.9015989999999999,27650.63748892246,25103.418256758272,27040.815990534596,24939.15714261551,45130.14429779758,Equatorial Guinea,CAEMC,48755.651354384165,37438.45495115346,15906.320164991645,16667.936824706663
GQ,GNQ,2010,33668.8740654852,26167.8268525276,10984.3243932426,13720.1658723222,-13.0151718370352,40035153118.1574,31115770392.9378,13061295371.1388,16314443436.2903,36071.09765625,27031.822265625,33144.828125,26754.005859375,37058.1015625,0.943639,38225.526558620404,28646.35974734512,35124.47887910525,28351.950120093596,39271.48153319225,Equatorial Guinea,CAEMC,42426.34430980216,32974.23102790135,13841.41114466316,17288.860926996764
GQ,GNQ,2011,34341.9342607505,27241.6000370603,11203.9073679091,17198.2136668275,1.99905762799257,42647015932.6991,33829572382.0227,13913404306.2274,21357343668.9447,44941.02734375,38947.75390625,42291.31640625,38505.05859375,39475.72265625,0.986853,45539.73828295602,39466.62158016442,42854.727508808304,39018.02861596408,40001.62400707096,Equatorial Guinea,CAEMC,43215.16571637224,34280.25489310232,14098.76071332549,21641.869324959946
GQ,GNQ,2012,35711.4919273537,30011.9274409625,11650.7196270884,17308.5723924575,3.98800386782088,46192207712.6692,38819917942.1185,15070007775.4052,22388344143.9131,48220.44921875,42522.4140625,44369.921875,42544.92578125,42757.2890625,1.031191,46761.898832272585,41236.21527195253,43027.84050190508,41258.04606639313,41463.98587894968,Equatorial Guinea,CAEMC,44795.00665993904,37645.71058331434,14614.176981185055,21711.151613923223
GQ,GNQ,2013,32894.3693189101,27909.5175876754,10731.6455729191,16304.0713196418,-7.8885603944365,44282992075.7645,37572294947.8452,14447134439.884,21948834283.7856,46030.76953125,39947.51953125,41259.109375,39452.734375,40990.04296875,1.0764129999999998,42763.11186435876,37111.70297204698,38330.18495224417,36652.04189748731,38080.21918050972,Equatorial Guinea,CAEMC,41139.40659929276,34905.09214199866,13421.553288453413,20390.71832445874
GQ,GNQ,2014,31765.8997056851,27177.271665026,10363.4872473549,15548.6624656619,-3.43058595312914,44466795853.2098,38043505840.31,14507099626.4903,21765453081.9826,44482.5703125,39892.3203125,40802.05078125,39387.0234375,41160.17578125,1.122277,39635.99923414629,35545.87709852381,36356.48844380666,35095.63453363118,36675.594154785314,Equatorial Guinea,CAEMC,39621.943471362065,33898.49906957908,12926.487512878104,19394.011533678942
GQ,GNQ,2015,27797.7942803179,19478.7010123338,9068.91003238645,9068.91003238645,-12.4917142663428,40415852453.4227,28320531411.9553,13185496881.0174,13185496881.0174,31834.939453125,30994.740234375,31409.341796875,30549.193359375,37410.4765625,1.168568,27242.693153607663,26523.694157614274,26878.488711718102,26142.41820704914,32013.949177540373,Equatorial Guinea,CAEMC,34585.794282765484,24235.244685765225,11283.46564429062,11283.46564429062
GQ,GNQ,2016,24435.0645564801,16649.4757672359,7971.83401904573,7453.19797948517,-12.0971098998986,36852622273.1796,25110506259.4845,12023008461.8485,11240808847.8878,28976.841796875,28024.98828125,28092.716796875,27690.25,34112.2109375,1.21518,23845.719808485163,23062.417321919387,23118.152699085735,22786.953373162825,28071.735000164586,Equatorial Guinea,CAEMC,30326.88348489903,20664.02200454624,9894.014435596784,9250.324106624368
GQ,GNQ,2017,22250.4389230263,18434.7708571004,7259.10936454803,7809.10465655488,-8.94053555047577,34763996771.5807,28802412248.0502,11341603434.7324,12200913878.9827,32178.8984375,32468.7734375,32178.8984375,32468.7734375,32178.8984375,1.2620019999999998,25498.294327188076,25727.98889185596,25498.294327188076,25727.98889185596,25498.294327188076,Equatorial Guinea,CAEMC,27546.70497477873,22822.794455199124,8986.993233554624,9667.903758458942
GQ,GNQ,2018,20165.4795550607,18413.1294204577,6578.90039765711,8102.47084834031,-9.37041905185943,32595924793.3504,29763387484.0751,10634279338.5817,13097012133.6159,34979.14453125,34857.48828125,35075.27734375,34920.828125,30133.501953125,1.308975,26722.545909012777,26629.60582230371,26795.98719895338,26677.994709601022,23020.685615175997,Equatorial Guinea,CAEMC,24901.869625738,22737.934249374586,8124.127151841479,10005.547954403943
GQ,GNQ,2019,18446.5916579681,16451.3641478324,6018.12066321865,6804.14923073888,-8.52391282041842,30809073115.5301,27476690018.3343,10051326714.9325,11364133549.7478,33510.15625,30121.935546875,33078.69921875,30225.345703125,28456.31640625,1.355986,24712.759755631698,22214.046123540364,24394.572819151526,22290.308088081296,20985.70074193244,Equatorial Guinea,CAEMC,22720.78997536118,20263.25494388165,7412.559358970152,8380.715988032178
GQ,GNQ,2020,17089.153726379,13677.110587517,5575.26241511492,5764.05502912947,-7.35874657366674,29332985518.4104,23476322655.934,9569759527.14748,9893816007.7398,NA,NA,NA,NA,NA,NA,NA,NA,NA,NA,NA,Equatorial Guinea,CAEMC,NA,NA,NA,NA
GQ,GNQ,2021,16821.4486470413,16821.4486470413,5487.92479201992,6945.63069794539,-1.56652040015599,29585328380.1352,29585328380.1352,9652085293.25754,12215878032.7166,NA,NA,NA,NA,NA,NA,NA,NA,NA,NA,NA,Equatorial Guinea,CAEMC,NA,NA,NA,NA
ET,ETH,1980,NA,NA,292.153506886342,203.685394440965,5.83727167777019,NA,NA,10058411101.9855,7012585454.10628,25596.279296875,24429.521484375,23963.279296875,23711.228515625,26926.236328125,35.141712,728.3731451921011,695.1716377498911,681.9041513081378,674.7317408902845,766.218684170111,Ethiopia,Non-CFA comparison,NA,NA,286.22427677927305,199.55161701018665
ET,ETH,1981,NA,NA,297.391843880891,212.657517980298,1.79300842573353,NA,NA,10499125225.0731,7507663566.66667,28559.810546875,27125.3515625,26831.20703125,26446.76171875,27980.126953125,35.984528,793.6691721196121,753.8059568962528,745.6317623854898,734.9481343412369,777.5599266752923,Ethiopia,Non-CFA comparison,NA,NA,291.7677626638065,208.635877248874
ET,ETH,1982,NA,NA,288.690088739962,215.25098547162,-2.92602346701005,NA,NA,10595298666.9711,7899988840.57971,31302.015625,29618.896484375,29529.78515625,28945.77734375,28432.701171875,36.995248,846.109090145848,800.6135405383686,798.2048169064849,782.4187945368011,768.5500897811255,Ethiopia,Non-CFA comparison,NA,NA,286.39620599302646,213.54063745105074
ET,ETH,1983,NA,NA,303.85728316787,232.683474421159,5.25379811066873,NA,NA,11467822118.1558,8781664427.05314,36463.66015625,34261.625,34493.5625,33471.77734375,29580.109375,38.142674,955.9806991048923,898.2491631289406,904.3299507527972,877.541447244889,775.5122091073112,Ethiopia,Non-CFA comparison,NA,NA,300.65595606002347,230.232008040473
ET,ETH,1984,NA,NA,287.621232002049,214.228860396002,-5.34331479454821,NA,NA,11141216084.1289,8298309580.67633,36964.0859375,34741.265625,34869.65625,33789.48828125,29851.595703125,39.374348,938.7859816116828,882.3324674480959,885.5932357279924,858.1599441659326,758.1483178623047,Ethiopia,Non-CFA comparison,NA,NA,282.9562049923697,210.75420933132224
ET,ETH,1985,NA,NA,248.47060503182,243.897382584019,-13.6118695750355,NA,NA,9899599637.68004,9717392686.95652,39068.01953125,37217.71875,37146.91796875,36336.33203125,28490.28125,40.652141,961.0322745670394,915.5168174291239,913.7751925230704,893.8356292538197,700.8310152717418,Ethiopia,Non-CFA comparison,NA,NA,243.5197604396787,239.0376606968012
ET,ETH,1986,NA,NA,264.539002422205,245.977228769295,6.4669208610524,NA,NA,10856060579.9856,10094328898.0676,38223.97265625,36415.4375,36668.34375,35707.8671875,29664.263671875,41.965692999999995,910.8385903754765,867.7430276202041,873.7695276472618,850.8823430486423,706.8693866648408,Ethiopia,Non-CFA comparison,NA,NA,258.68893860481705,240.53764340475925
ET,ETH,1987,NA,NA,291.112259309145,254.121329421554,10.0451187324464,NA,NA,12360637883.6444,10790001557.971,37901.25390625,35873.55078125,36438.05078125,35204.9296875,32768.0078125,43.329231,874.727130658054,827.9295513287555,840.9577077712272,812.498372922889,756.2563898837716,Ethiopia,Non-CFA comparison,NA,NA,285.2724961503332,249.0236108268573
ET,ETH,1988,NA,NA,281.374024417104,253.248262470167,-3.34518199788337,NA,NA,12422895311.5853,11181119717.8744,37346.625,35322.25,35986.69140625,34759.328125,34382.88671875,44.757203,834.4271423752732,789.1969924930296,804.0424556076483,776.6197571595347,768.2090124968265,Ethiopia,Non-CFA comparison,NA,NA,277.5619225264211,249.81721306120042
ET,ETH,1989,NA,NA,269.793522386618,256.386475306315,-4.11569691071389,NA,NA,12378043171.1061,11762932007.2464,34563.671875,33066.85546875,33500.84375,32719.984375,32691.53515625,46.272299,746.9624942344014,714.6144925444487,723.9935009496719,707.1181912746545,706.5033694619324,Ethiopia,Non-CFA comparison,NA,NA,267.5043911500075,254.21109954459797
ET,ETH,1990,874.346936189696,417.026578466478,267.078134508598,262.108971053707,-1.00646889295157,41627443416.9921,19854533229.2773,12715524549.8114,12478943895.1691,39344.01953125,37355.83984375,38419.0078125,37271.59375,36734.37890625,47.887865,821.5864192577807,780.0690183985024,802.270216316806,778.3097816116881,767.0915983882347,Ethiopia,Non-CFA comparison,869.2691440094918,414.60468595284635,265.5270714159297,260.58676650481493
ET,ETH,1991,777.523566122291,383.387227569206,237.502454667904,277.565910365091,-11.073793028812,38656293086.568,19060938703.7293,11807956564.2102,13799799323.6715,35628.21484375,34714.31640625,34861.1875,34603.24609375,34082.9296875,49.609969,718.1664403731032,699.7447711819775,702.7052869152166,697.5059003513992,687.0177582150878,Ethiopia,Non-CFA comparison,779.2041371073625,384.2158962794212,238.01580211046291,278.1658525864328
ET,ETH,1992,680.834766978053,343.361548685785,207.967880879774,207.406400863847,-12.4354814898344,35303833755.6839,17804582875.0809,10783913879.266,10754799036.5745,32184.5625,31041.77734375,31428.3203125,30955.599609375,31047.037109375,51.423584999999996,625.8716209692499,603.6486437837814,611.1654858855135,601.9728031286618,603.7509269214701,Ethiopia,Non-CFA comparison,686.529998942779,346.2337928225133,209.7075472133264,209.14137037654027
ET,ETH,1993,743.708485795208,383.960680176846,227.173295614208,168.520401400989,9.23479849541557,39943757999.3499,20622102319.9041,12201225772.2542,9051043870.12197,35477.4921875,33368.71875,34620.1015625,33259.265625,35195.8828125,53.295566,665.6743674980391,626.1068462993713,649.5869011410817,624.0531459033572,660.3904499766453,Ethiopia,Non-CFA comparison,749.4761946866255,386.93842410650257,228.93510075968047,169.82733366828245
ET,ETH,1994,741.17662360052,390.823946454472,226.399912642527,127.685923459033,-0.340437448684114,41217949732.7733,21734309024.8445,12590440553.1192,7100806753.92942,33141.2578125,31176.25390625,32422.37109375,31092.185546875,36422.9609375,55.180997999999995,600.5918525159694,564.9816972547326,587.5640577169337,563.4581952808285,660.0634685421965,Ethiopia,Non-CFA comparison,746.959120470661,393.87306885686456,228.16623492600118,128.68210092774004
ET,ETH,1995,760.264345021167,409.294333195293,232.230450633845,136.523619088963,2.57532696159824,43743584308.0385,23549705162.6592,13361921235.3205,7855205206.93405,37184.75390625,34522.51953125,36659.9140625,34659.2421875,38652.4296875,57.047908,651.8162577714506,605.1496144477375,642.6162737203265,607.5462431944043,677.5433323076458,Ethiopia,Non-CFA comparison,766.7868260487045,412.8057625296128,234.22280857907182,137.6948863214064
ET,ETH,1996,826.991658780615,453.368395575231,252.612985005506,147.327458851964,8.77685691778561,49179238112.4101,26960746268.6034,15022296788.5679,8761215548.48614,37822.33203125,35409.97265625,37432.47265625,35680.1953125,43883.125,58.88353,642.3244671515108,601.3561458738972,635.7036111158757,605.9452500979476,745.252959528751,Ethiopia,Non-CFA comparison,835.1951405156943,457.8656590154055,255.11882165637658,148.78889816025193
ET,ETH,1997,826.00521803882,460.636391518101,252.311666681832,143.369531498844,-0.119280615629108,50720469625.2682,28285165267.7925,15493081576.9196,8803539988.33248,41456.16015625,39214.046875,40820.703125,39291.11328125,45129.60546875,60.697443,682.9968134942686,646.057641587966,672.5275581213529,647.3273228536168,743.5174076237446,Ethiopia,Non-CFA comparison,835.6277813098026,466.00258379570454,255.25097617241636,145.03971754349652
ET,ETH,1998,772.78664639708,435.801505661095,236.05551452188,126.465095781244,-6.44288564763505,48966485215.8609,27613919163.1929,14957309259.7395,8013274131.69715,38372.18359375,35606.015625,37643.578125,35427.75390625,43303.94921875,62.507723999999996,613.8790718687823,569.6258533585386,602.2228248944083,566.7740182997225,692.7775712766314,Ethiopia,Non-CFA comparison,783.3669518323993,441.76811114083927,239.28737606474846,128.1965430655762
ET,ETH,1999,787.679577487053,450.486020074243,240.604711286049,120.734631499865,1.92717241678638,51494206586.8816,29450325798.9909,15729427374.8572,7892973531.80045,39770.58203125,36421.2578125,39073.1875,36306.32421875,45539.47265625,64.343013,618.1025751972479,566.0483728435285,607.2638764989138,564.2621090614765,707.7609600944551,Ethiopia,Non-CFA comparison,800.307666457609,457.70821765823894,244.46208906718746,122.6702506424505
ET,ETH,2000,810.270749126975,473.903313482073,247.505413659694,122.269202606069,2.86806618904541,54621561743.1486,31946530373.3769,16684709707.888,8242349617.8638,39298.0234375,36722.5625,38465.48046875,36619.46875,48305.0234375,66.22480399999999,593.403393651418,554.5137211731122,580.8319261881093,552.9569970490212,729.4098361921917,Ethiopia,Non-CFA comparison,824.7900853454938,482.3952423230562,251.9404920834194,124.46015873242601
ET,ETH,2001,851.313428423251,509.119301829784,260.04231608135,118.457204255261,5.06530432457272,59155864901.6789,35377560875.1542,18069758569.7896,8231326016.47494,45865.3515625,40802.8515625,45021.8828125,40838.9453125,52315.03125,68.159423,672.9128496657021,598.6384532994066,660.5379099600066,599.1680022364626,767.539232983237,Ethiopia,Non-CFA comparison,867.904426093497,519.041378550904,265.1102044949764,120.76578195908348
ET,ETH,2002,838.298046963913,509.126314077643,256.066635883709,109.593813612988,-1.52885894017255,60051913994.3502,36471526727.2564,18343465847.9802,7850809498.16803,40717.5703125,37085.89453125,40099.58984375,37197.43359375,53107.3828125,70.142091,580.5012330256878,528.7252490270073,571.690824611288,530.3154363298066,757.140000467052,Ethiopia,Non-CFA comparison,856.146618074876,519.9663455607048,261.51866285224094,111.92722352927902
ET,ETH,2003,795.772138310178,492.840755429983,243.076666020009,116.800491132777,-5.07288652380292,58753976112.6447,36387745408.3274,17946997565.4188,8623691300.04079,43444.14453125,37143.1328125,42960.6640625,37318.765625,51959.6875,72.17058399999999,601.9647081039278,514.6575066165462,595.2655733324814,517.0910855453242,719.9565892386295,Ethiopia,Non-CFA comparison,814.0986653599022,504.1908128154735,248.67468947485312,119.49039098867195
ET,ETH,2004,877.114494970686,557.825634817804,267.923513391712,133.169812538096,10.221815108184,66728420119.4709,42437815732.1149,20382872320.545,10131187261.4421,51397.94140625,44571.8671875,50928.56640625,44803.06640625,59012.03515625,74.239505,692.3260251566871,600.3793692791999,686.0035826781174,603.4936036581871,794.8872390279273,Ethiopia,Non-CFA comparison,898.8263070917687,571.6338724526099,274.55560648666767,136.46625555278285
ET,ETH,2005,952.115666295785,624.510692425695,290.833381425059,158.243458082465,8.5508986289875,74614895914.965,48941322953.3499,22791876293.8269,12401139453.9738,61544.68359375,51847.5703125,61247.484375,53125.98828125,65986.390625,76.346311,806.1251786448464,679.1103542972758,802.2324009211133,695.8553410819025,864.3035892723094,Ethiopia,Non-CFA comparison,977.3215619411526,641.0437166158546,298.53277775041283,162.4327265003518
ET,ETH,2006,1024.72911938972,692.866907656774,313.013896721503,189.345737521418,7.62653694970021,82699216239.3769,55916777553.4094,25261313883.9249,15280861834.6024,62281.6015625,53843.72265625,62096.81640625,54796.9765625,73135.9140625,78.489206,793.505307755311,686.0016223918739,791.1510330000026,698.1466542354882,931.7958199564409,Ethiopia,Non-CFA comparison,1053.6380790930273,712.4135967614375,321.8444314995988,194.6874304551176
ET,ETH,2007,1109.14330261241,770.261155212815,338.799064654308,237.146255996319,8.23770708038126,92173376561.096,64011179928.3213,28155292189.364,19707616772.7996,74171.875,65319.1328125,74284.8125,66377.859375,81514.2890625,80.674348,919.3985057059278,809.6642170879398,920.7984240541988,822.7876768833632,1010.4115010944992,Ethiopia,Non-CFA comparison,1142.5363680794296,793.4514689641037,348.9993149912287,244.2860371527217
ET,ETH,2008,1193.74728332973,844.988380018695,364.642208155735,316.410475118075,7.62786742867665,102117521281.061,72283405444.177,31192831993.2611,27066912635.2228,81136.9921875,70328.390625,81370.796875,71991.21875,90308.59375,82.916235,978.541683513488,848.1860111593345,981.3614532184198,868.2403241054059,1089.1545395181051,Ethiopia,Non-CFA comparison,1231.5745074660108,871.7642020790862,376.1969172051903,326.4368266989306
ET,ETH,2009,1262.46398002755,899.140901796651,385.632419711374,368.574712267445,5.7563855983106,111106470417.376,79131265198.0314,33938597623.7578,32437389116.038,85821.3671875,78004.2109375,86478.2890625,79367.359375,98257.90625,85.233913,1006.892258806656,915.1781044887614,1014.5995416460581,931.1711334313608,1152.8029488684863,Ethiopia,Non-CFA comparison,1303.547690194348,928.4011775692077,398.18185542834107,380.56904786288527
ET,ETH,2010,1381.19044652656,995.653978578747,421.898622378633,330.619412798644,9.4043448666486,125050930579.511,90145031678.7076,38198074328.8086,29933790334.3418,101266.171875,88588.734375,101705.484375,90240.15625,110589.796875,87.63996399999999,1155.479386949543,1010.8257732168855,1160.4920829839684,1029.6690246244282,1261.8649281394046,Ethiopia,Non-CFA comparison,1426.871085655752,1028.5836228630537,435.85223664410233,341.55411490517963
ET,ETH,2011,1492.5339647204,1098.11515728787,455.909628648555,343.024942351887,8.06141676362226,139029494037.686,102289393957.91,42467968231.3241,31952763089.33,114232.125,101050.2109375,114626.9453125,103266.5546875,125138.265625,90.139929,1267.2755156041892,1121.0371703032959,1271.6555979592574,1145.6249836573536,1388.2667427550336,Ethiopia,Non-CFA comparison,1542.3741240986112,1134.7844966453213,471.13381053721594,354.4795679762517
ET,ETH,2012,1576.76875736149,1178.97474553026,481.639999909808,452.101031885754,5.64374376946701,151052502799.353,112944326945.938,46140518129.2398,43310721414.0829,123886.125,111842.4765625,123944.25,114179.6953125,135960,92.726985,1336.030983860847,1206.1480976923815,1336.6578240411893,1231.3534761482863,1466.2398437736329,Ethiopia,Non-CFA comparison,1629.0026339080582,1218.0308347773628,497.5953669715434,467.0778567218906
ET,ETH,2013,1696.86515591049,1252.86896408004,518.324662208106,484.039833104062,7.61661454720691,167037286563.249,123330855990.703,51023232360.2629,47648276605.0123,133624.6875,119700.5859375,133359.1875,121083.453125,150347.609375,95.385798,1400.8866131203306,1254.909938872661,1398.1031798884778,1269.4075602848131,1576.2053945913417,Ethiopia,Non-CFA comparison,1751.1756473772855,1292.9687498206285,534.9143523469071,499.5321903687622
ET,ETH,2014,1821.39161774962,1484.63145566608,556.362532243867,549.986577082588,7.33861859355025,184171124477.639,150119415264.863,56256936828.9833,55612228233.5179,163464.9375,141248.25,163322.640625,142612.9375,165778.890625,98.094265,1666.4066701554877,1439.9236285627912,1664.9560565543766,1453.8356294325667,1689.9957466932447,Ethiopia,Non-CFA comparison,1877.4912527010524,1530.3587346810032,573.4987343957703,566.9263971091266
ET,ETH,2015,1957.41454187301,1632.61818006837,597.912113218663,597.912113218663,7.4680767605293,203311040471.687,169575372912.615,62103418181.8182,62103418181.8182,177325.765625,160633.03125,177016.734375,160869.140625,182997.046875,100.83545799999999,1758.5655794313943,1593.0212887018376,1755.5008712808149,1595.362819941771,1814.808505902755,Ethiopia,Non-CFA comparison,2016.2653545113767,1681.7038001911492,615.8886904824512,615.8886904824512
ET,ETH,2016,2084.840556194,1857.54946515224,636.835680951429,641.651523286233,6.5099145630674,222490352220.081,198234264745.131,67961933367.1549,68475871209.607,204134.84375,187912.40625,203808.25,187329.75,196834.859375,103.603462,1970.3477066239352,1813.7657045668996,1967.1953626414531,1808.1417974237195,1899.8868915693185,Ethiopia,Non-CFA comparison,2147.5185087934706,1913.3942140382433,655.9812969102799,660.9419211262168
ET,ETH,2017,2222.82824481382,2004.74755633129,678.98541915757,696.348429076216,6.61862070026751,243769751476.139,219853609796.202,74461941569.3207,76366081766.6667,215542.125,201764.578125,215542.125,201764.578125,215542.125,106.399924,2025.7732984846868,1896.2849834836347,2025.7732984846868,1896.2849834836347,2025.7732984846868,Ethiopia,Non-CFA comparison,2291.0707292999477,2066.2948010771324,699.8307777862764,717.7268450555163
ET,ETH,2018,2311.16511659606,2095.3175782979,705.96881207336,739.702022272086,3.97407545942133,260385457993.276,236067178129.627,79537377550.6924,83337901071.9697,247508.984375,229064.875,247309.109375,228577.296875,230360.265625,109.224414,2266.0591648951304,2097.194817634819,2264.229216876366,2092.730814513686,2109.054717611028,Ethiopia,Non-CFA comparison,2383.949233119951,2161.304139655325,728.2014582444215,762.9970079031021
ET,ETH,2019,2437.97046055952,2242.44488310464,744.702789753973,793.473247210264,5.48664148021712,282164320936.464,259534702292.272,86189951998.924,91834517112.628,304937.21875,286037.65625,304722.5625,284914.375,249437.21875,112.07873,2720.741203527199,2552.1136459165805,2718.8259761687164,2542.0913941476674,2225.553579613188,Ethiopia,Non-CFA comparison,2517.5545880691543,2315.6463522764043,769.0125682091865,819.3750688701416
ET,ETH,2020,2516.54907642544,2406.78938478669,768.705424485209,829.790982547947,3.22311599492807,299262155125.714,286209788226.356,91412658764.8474,98676811061.4035,NA,NA,NA,NA,NA,NA,NA,NA,NA,NA,NA,Ethiopia,Non-CFA comparison,NA,NA,NA,NA
ET,ETH,2021,2588.41310215884,2588.41310215884,790.65701959778,893.00983544905,2.85565763078523,316145121458.38,316145121458.38,96569731965.9612,109070960371.859,NA,NA,NA,NA,NA,NA,NA,NA,NA,NA,NA,Ethiopia,Non-CFA comparison,NA,NA,NA,NA
GA,GAB,1980,NA,NA,9182.52680219592,5718.46719052717,-0.052581559372797,NA,NA,6872102050.9686,4279637942.25144,10617.4306640625,10134.939453125,10224.9228515625,9678.8134765625,14875.8642578125,0.726328,14617.95588778417,13953.667562210187,14077.555665708192,13325.678586757636,20480.918067061302,Gabon,CAEMC,NA,NA,9461.430718585267,5892.156081345398
GA,GAB,1981,NA,NA,9399.27026015795,5026.47646757156,2.36039014784252,NA,NA,7222258278.85147,3862269120.53497,10042.06640625,10301.4990234375,9603.0224609375,9853.099609375,15633.8369140625,0.7446959999999999,13484.786283597603,13833.160139758373,12895.22497896793,13231.03603265628,20993.58250086277,Gabon,CAEMC,NA,NA,9698.263826919268,5186.37017055949
GA,GAB,1982,NA,NA,8866.93461619978,4583.89967785445,-5.66358482333102,NA,NA,6998547355.48186,3618007841.13503,9546.0888671875,9463.84375,9082.1318359375,9073.205078125,15149.578125,0.76393,12496.025640029191,12388.365098896496,11888.69639356682,11877.011084948883,19831.107725838756,Gabon,CAEMC,NA,NA,9161.24167853319,4736.046288449243
GA,GAB,1983,NA,NA,9113.43670535789,4181.57191575578,2.78001473821359,NA,NA,7391042735.22878,3391275731.53751,10486.7734375,10450.33203125,10001.8466796875,10002.5673828125,15999.2021484375,0.784061,13374.94587474699,13328.468105479038,12756.464968526047,12757.384161197278,20405.557920158637,Gabon,CAEMC,NA,NA,9426.616979072776,4325.270267922407
GA,GAB,1984,NA,NA,9533.31659324811,4272.88216871705,4.6072617988707,NA,NA,7946028913.78889,3561451560.50783,11596.525390625,10297.1455078125,10975.056640625,9816.2880859375,17200.564453125,0.8051149999999999,14403.563951267834,12789.658008871405,13631.663353216623,12192.40491847438,21364.10879579315,Gabon,CAEMC,NA,NA,9869.433452101739,4423.531496131398
GA,GAB,1985,NA,NA,9058.4995497615,3898.46316935487,-4.98060710396314,NA,NA,7760652085.26897,3339914757.22872,10594.072265625,9475.029296875,10548.5380859375,9051.6435546875,16799.283203125,0.827108,12808.571874078114,11455.613168866703,12753.519595914318,10943.726278415274,20310.870168254933,Gabon,CAEMC,NA,NA,9382.876341746143,4038.0636594359144
GA,GAB,1986,NA,NA,8741.05138607781,3864.67453823981,-3.50442324294255,NA,NA,7698287660.97566,3403638189.20049,8201.4345703125,7663.53662109375,7867.0615234375,7330.9599609375,16664.287109375,0.8500479999999999,9648.20171368264,9015.416330717502,9254.843871684307,8624.171765520889,19603.936612256017,Gabon,CAEMC,NA,NA,9056.297598459923,4004.0541112978212
GA,GAB,1987,NA,NA,7044.15674885946,3624.37675865476,-19.4129351524125,NA,NA,6378336008.80052,3281797043.04996,8000.173828125,7113.0458984375,7733.6953125,6803.35009765625,13807.0185546875,0.873867,9154.910104312214,8139.735106643803,8849.9683733337,7785.338155184085,15799.908401035284,Gabon,CAEMC,NA,NA,7298.978001000747,3755.488012535043
GA,GAB,1988,NA,NA,7730.9357484059,4118.60473032795,9.74962687560345,NA,NA,7197655800.48086,3834503376.02992,7223.486328125,6687.099609375,7001.74755859375,6404.00830078125,15580.5830078125,0.898469,8039.772466412308,7442.771658649325,7792.976227998684,7127.689770911685,17341.258304752308,Gabon,CAEMC,NA,NA,8011.022974060162,4267.819341602126
GA,GAB,1989,NA,NA,8162.58240779554,4373.88491926948,5.58336886293019,NA,NA,7812717800.63261,4186411463.85975,9413.083984375,9082.607421875,9086.3798828125,8714.1064453125,16911.990234375,0.923711,10190.507620213466,9832.737102703119,9836.821129998994,9433.80174677199,18308.74617101561,Gabon,CAEMC,NA,NA,8457.967698373854,4532.165865578899
GA,GAB,1990,23884.8106998234,11952.0243620827,8354.26309000876,6050.71468999523,2.34828480298293,23496300368.9801,11757612733.8091,8218372646.58668,5952293764.84777,11321.3984375,9089.8447265625,10858.9697265625,8781.05078125,17790.1015625,0.949488,11923.687753294407,9573.417174901104,11436.658205856735,9248.1956393867,18736.52069589084,Gabon,CAEMC,24746.28470183941,12383.108300272463,8655.583479292714,6268.951018704575
GA,GAB,1991,24665.6792295081,12760.1824013242,8627.38985737905,5345.0965303052,3.26931010464506,24932512547.4129,12898222054.5417,8720720960.85617,5402919784.57004,11818.0537109375,9774.982421875,9718.830078125,9436.9609375,18877.51953125,0.975783,12111.354379956918,10017.578110988816,9960.03217736423,9671.167603350335,19346.022149648026,Gabon,CAEMC,25551.288091115443,13218.330360891408,8937.151970116482,5537.0095447143885
GA,GAB,1992,23268.9974721281,12311.9638127229,8138.86821905371,5385.68811745078,-5.6624500156035,24162061595.1084,12784496983.8552,8451237981.301,5592390827.39854,11240.9296875,9373.8857421875,11776.865234375,9054.501953125,18294.177734375,1.0025789999999999,11212.013903642508,9349.772678449779,11746.57082820905,9031.210461345192,18247.11841598019,Gabon,CAEMC,24099.907932550355,12751.610580168946,8429.498305171963,5578.0051521112455
GA,GAB,1993,23551.6812533724,12756.9147783179,8237.7433874389,4105.98701339331,1.21485157056252,25115630647.0026,13604037704.1721,8784770737.08178,4378645081.01769,11375.607421875,9312.6318359375,10904.2392578125,8987.3583984375,18730.908203125,1.0297779999999999,11046.659980961918,9043.339278890695,10588.922328708228,8727.471744820245,18189.268175398,Gabon,CAEMC,24389.364161015874,13210.65094046688,8530.742293078489,4252.028185703803
GA,GAB,1994,23794.3149295887,13163.5304266032,8322.61010843084,3828.21118114454,1.03021807065934,26048112439.7193,14410380028.6111,9110927737.90141,4190819344.22255,10361.5478515625,10029.208984375,9824.232421875,9667.3388671875,19756.96875,1.057255,9800.424544279762,9486.083285844,9292.207104128143,9143.810024249116,18687.042151609592,Gabon,CAEMC,24637.492790026343,13629.994683033989,8617.531000469526,3963.8680774482505
GA,GAB,1995,24344.1857401023,13750.1072324947,8514.94009899596,4414.8755828572,2.31093356602501,27343705897.6975,15444299194.9321,9564091413.41355,4958845648.04778,11603.2451171875,10307.87109375,10800.0732421875,9949.2861328125,20739.607421875,1.084946,10694.767405186525,9500.814873505225,9954.479985351805,9170.305372629145,19115.79693540047,Gabon,CAEMC,25202.826590169003,14235.085612493249,8815.269528081166,4570.592129053225
GA,GAB,1996,24595.9719625614,14146.6570728963,8603.00813400361,4942.67870027615,1.03427662418945,28334928640.4502,16297161147.8326,9910794415.49417,5694040002.89863,13082.9140625,11505.5078125,12078.2109375,11089.7626953125,21491.47265625,1.112955,11755.115042836414,10337.80144974415,10852.380318611265,9964.250751658872,19310.279980996536,Gabon,CAEMC,25459.186256812,14643.144734362664,8904.937230610554,5116.145758722168
GA,GAB,1997,25359.6596581834,14837.42713226,8870.12550864019,4508.75340541142,3.10492993236622,29960890946.9045,17529515073.7101,10479512210.8024,5326817114.53586,11445.001953125,9912.3232421875,10511.3193359375,9556.888671875,22724.732421875,1.141338,10027.70603723437,8684.82714339442,9209.646341344545,8373.407940395397,19910.607043553267,Gabon,CAEMC,26250.673286006862,15358.74129636453,9181.778062942267,4667.168809358717
GA,GAB,1998,25585.5077964813,15137.804148017,8949.1211008365,3699.99513906504,0.890580320643267,31002880875.277,18343022247.1015,10843972206.2432,4483417309.83011,9897.51953125,8919.125,9332.705078125,8584.3330078125,23396.837890625,1.170061,8458.97737917083,7622.786333362106,7976.255150906662,7336.654249489984,19996.254802634223,Gabon,CAEMC,26496.807324812125,15676.979445602838,9267.869116433418,3831.780830085021
GA,GAB,1999,22713.7144403948,13628.8627465984,7944.64517936466,3751.35318950625,-11.2242968907633,28233510468.8418,16940894455.8258,9875321072.27314,4662992036.2073,11703.8525390625,10284.1279296875,11340.109375,9942.1416015625,20912.5859375,1.199052,9760.92157726479,8576.882345125567,9457.562620303373,8291.668419353373,17440.933285211984,Gabon,CAEMC,23546.527147147746,14128.573619681049,8235.94061998407,3888.89892699174
GA,GAB,2000,21717.2240797447,13326.1169521318,7596.09970650519,3982.906200928,-4.3871748201515,27701882953.8481,16998421652.8646,9689372094.82624,5080483628.53013,14044.2998046875,13196.8212890625,13895.3251953125,12798.8271484375,20637.404296875,1.22836,11433.374421739149,10743.447596032516,11312.095147442526,10419.443118008972,16800.778515154354,Gabon,CAEMC,22551.925293764125,13838.306077098407,7888.05569607138,4135.989146935858
GA,GAB,2001,21604.7804442423,13555.6285395224,7556.76995314898,3835.75718279727,-0.517762468580202,28293382817.1949,17752302023.4446,9896262806.17442,5023265413.2623,12784.9189453125,13006.068359375,12342.072265625,12672.2587890625,21123.1015625,1.258003,10162.868407557455,10338.662435125354,9810.844859372355,10073.313647950363,16790.978688047642,Gabon,CAEMC,22490.711721033178,14111.494188364097,7866.644838028542,3993.047244928907
GA,GAB,2002,20981.4798585102,13369.1233374468,7338.75620613605,3966.48001864663,-2.88501235798608,28222922909.4771,17983275720.5166,9871617829.34082,5335451099.88223,13463.0400390625,13386.958984375,13488.9794921875,13103.033203125,20743.84765625,1.2883149999999999,10450.115103109489,10391.060403996695,10470.249505895299,10170.675031436413,16101.533907662335,Gabon,CAEMC,21906.849574426367,13958.756764080683,7662.4255941604515,4141.418131343833
GA,GAB,2003,20875.4549326477,13564.1804141405,7301.67154442842,4710.74862768151,-0.505326252378111,28857185126.1455,18750444795.4871,10093465659.4406,6511903365.47554,15223.0693359375,15217.5322265625,15247.9892578125,14997.3525390625,21261.048828125,1.319953,11533.038930884282,11528.844001689833,11551.918331798557,11362.035268727372,16107.428694904289,Gabon,CAEMC,21862.28231319259,14205.38821873741,7646.8371672632275,4933.435785573835
GA,GAB,2004,20438.9307067212,13637.6667971195,7148.98713447497,5465.79193590708,-2.09108844494591,29056167843.0512,19387429857.7863,10163064451.2538,7770219008.21293,18394.626953125,18555.669921875,18589.91015625,18378.458984375,21429.94921875,1.3537949999999999,13587.45375269151,13706.410440188509,13731.702478033973,13575.511051802527,15829.537868547308,Gabon,CAEMC,21462.753107413755,14320.80178888702,7507.092618346058,5739.583177817122
GA,GAB,2005,20385.2899909742,14028.356207939,7130.22505771754,6547.87613955186,-0.262443845603784,29833769975.3408,20530429168.5376,10435048720.8443,9582783990.85345,25008.796875,26398.431640625,25139.462890625,26536.5390625,21664.45703125,1.390549,17984.836834228783,18984.179371331036,18078.80404834709,19083.498001508757,15579.786854868113,Gabon,CAEMC,21454.670044234903,14764.26157477198,7504.2653806836715,6891.3673598366195
GA,GAB,2006,19224.1268658969,13637.2590188998,6724.08148977274,6847.00985685394,-5.6960834287439,28996461844.5264,20569582356.7902,10142180902.0393,10327598306.4575,24117.482421875,24560.84765625,23878.001953125,24614.67578125,20987.748046875,1.4301519999999999,16863.57983058794,17173.592496636724,16696.128770316023,17211.23054140399,14675.187005909163,Gabon,CAEMC,20275.09093056291,14382.794525889698,7091.680396237115,7221.329135964221
GA,GAB,2007,19751.8762216408,14391.2465868132,6908.67399162999,8003.54289696049,2.74524486560748,30738600595.5376,22396190414.5224,10751534086.7123,12455409587.3371,25336.896484375,24150.998046875,24722.421875,24164.548828125,22316.7421875,1.472575,17205.844513437347,16400.52156723766,16788.565522978457,16409.723666451624,15154.91040354481,Gabon,CAEMC,20874.047566702953,15208.862308895914,7301.1792857493165,8458.251421718485
GA,GAB,2008,18493.0921103343,13733.7012862122,6468.38523357609,9688.64519690633,-6.37298501256997,29721635312.4265,22072461364.6681,10395827037.7727,15571348344.3379,30093.884765625,24843.4140625,29012.177734375,24958.037109375,21545.8203125,1.51854,19817.643766792444,16360.065630474008,19105.310188980864,16435.548032567465,14188.510221989543,Gabon,CAEMC,19572.507350762244,14535.317716140567,6845.935594566294,10254.157509408971
GA,GAB,2009,17911.1458491661,13383.5662273185,6264.83611480154,7290.57526093114,-3.14683049052138,29760371852.557,22237544766.3983,10409376035.5652,12113699068.2517,19096.19921875,20250.748046875,18821.20703125,20273.90234375,21520.59765625,1.5689279999999999,12171.494943521948,12907.378826099733,11996.221006477035,12922.136862717729,13716.752876008333,Gabon,CAEMC,18968.602671733184,14173.719103998592,6634.706013000726,7721.003811680142
GA,GAB,2010,18530.5760936058,14014.6905491122,6481.49612073562,8356.74662013345,3.45835073677657,31870348681.2947,24103571966.9166,11147389066.6347,14372593020.2885,22436.4453125,24006.080078125,21656.67578125,24031.560546875,23046.025390625,1.62414,13814.354250557219,14780.794807174874,13334.241987297894,14796.48339852168,14189.679085931632,Gabon,CAEMC,19622.90731174326,14840.821583679115,6863.564142644538,8849.35597934199
GA,GAB,2011,19153.0878201525,14784.3483551883,6699.23394606512,10219.1139339454,3.35937600321799,34130515199.1944,26345487003.7203,11937934403.3789,18210307743.5816,31495.64453125,28679.7265625,30945.2734375,28777.193359375,24680.453125,1.6846349999999999,18695.827007779135,17024.296991633204,18369.126509600002,17082.153320674806,14650.326702816932,Gabon,CAEMC,20259.887274806948,15638.691469499507,7086.362567190461,10809.645854194887
GA,GAB,2012,19450.4027067379,14619.7181445113,6803.22668079211,9296.96587941088,1.552307854364,35922734804.6445,27000996624.1983,12564804521.2615,17170464016.0593,28639.349609375,28645.931640625,27630.046875,28877.134765625,25976.759765625,1.749682,16368.316990958929,16372.078835254064,15791.467749568208,16504.218918423463,14846.560555360917,Gabon,CAEMC,20531.007808644372,15431.94513300034,7181.193223260855,9813.476972420875
GA,GAB,2013,19836.4554852011,14497.9921216902,6938.25753862236,9197.70106323947,1.98480609519432,37948309694.0634,27735514310.3286,13273296028.5793,17595744798.3398,30098.80078125,28873.873046875,28421.94140625,28875.83203125,27441.568359375,1.8170709999999999,16564.460486821925,15890.338378013299,15641.62402363474,15891.416478084788,15102.08921906464,Gabon,CAEMC,20884.329612911883,15263.858324924346,7304.775668413233,9683.575819733958
GA,GAB,2014,20008.9899779322,14853.6712460355,6998.60545439576,9201.36276648105,0.869784891054778,39585765763.3511,29386488339.4855,13846034032.3711,18203966895.8433,30332.646484375,29503.171875,28999.609375,29493.384765625,28625.54296875,1.8838,16101.840155204905,15661.520264890116,15394.208182928125,15656.32485700446,15195.638055393354,Gabon,CAEMC,21013.783715548943,15599.579753416234,7350.055224743125,9663.428652640036
GA,GAB,2015,20147.7116202405,14306.4340768252,7047.12654634355,7047.12654634355,0.693296575495864,41121257792.0831,29199274580.0253,14383107762.6952,14383107762.6952,29648.912109375,29799.93359375,29620.38671875,29658.46875,29736.10546875,1.9476859999999998,15222.634505446465,15300.173433371705,15207.988720332745,15227.541169367138,15267.402173014543,Gabon,CAEMC,21112.8784578639,14991.777206400468,7384.715895013468,7384.715895013468
GA,GAB,2016,19988.1755963792,13997.7352841911,6991.3251446736,6677.07003901644,-0.79183198007,41981285134.1288,29399527403.7982,14683922149.3088,14023890265.3665,29613.173828125,29430.921875,29114.24609375,29250.83203125,30357.84765625,2.007873,14748.529328361405,14657.760662651472,14500.043625144617,14568.068812743635,15119.406285282983,Gabon,CAEMC,20908.336898862028,14642.124976927425,7313.172770045117,6984.450841943938
GA,GAB,2017,19555.7078829752,14796.6286374171,6840.05959347802,6921.73373135624,-2.16361774149249,42179706332.7893,31914848308.0448,14753324537.1727,14929487485.1623,30507.99609375,31121.4921875,30507.99609375,31121.4921875,30507.99609375,2.064823,14775.114425667478,15072.232432271434,14775.114425667478,15072.232432271434,14775.114425667478,Gabon,CAEMC,20427.7588601005,15456.457191751932,7145.079523606963,7230.395770079227
GA,GAB,2018,19225.5982575261,15432.0430535353,6724.5961429108,7624.2775233771,-1.68804743568779,42533137085.8936,34140586624.1111,14876945089.6921,16867326401.9626,32419.529296875,32542.966796875,32381.248046875,32524.79296875,30885.04296875,2.119275,15297.462243868777,15355.707398461738,15279.398873140579,15347.13190536858,14573.40032263392,Gabon,CAEMC,20069.663958614903,16109.559459773318,7019.827577682037,7959.007869182905
GA,GAB,2019,19491.4067631986,15949.6373739622,6817.56879468764,7441.1786472281,1.38257599119697,44200780065.3461,36169088370.7584,15460241661.1259,16874405465.391,33658.0859375,33368.84375,33140.015625,33328.30078125,32012.29296875,2.172579,15492.226490958443,15359.093386247407,15253.767814657143,15340.432168979818,14734.696859699925,Gabon,CAEMC,20344.843646811507,16647.996860302155,7116.0780165535525,7766.992806885733
GA,GAB,2020,18681.4840738985,14477.1308291744,6534.27966528997,6605.80346077565,-4.15528083293282,43388475339.5081,33623700958.86,15176119359.5429,15342236163.9864,NA,NA,NA,NA,NA,NA,NA,NA,NA,NA,NA,Gabon,CAEMC,NA,NA,NA,NA
GA,GAB,2021,18523.5798032193,18523.5798032193,6479.04900690761,8181.40914134656,-0.845244789196116,44025399637.0671,44025399637.0671,15398898313.7955,19444935097.2395,NA,NA,NA,NA,NA,NA,NA,NA,NA,NA,NA,Gabon,CAEMC,NA,NA,NA,NA
GM,GMB,1980,NA,NA,682.144429383382,337.692534389517,2.67789181651716,NA,NA,486991776.014378,241083090.303623,1841.2406005859375,1798.249267578125,1741.9742431640625,1737.321044921875,1487.1632080078125,0.637246,2889.371766297376,2821.907501307384,2733.597767838578,2726.295723977671,2333.7348653546865,"Gambia, The",Non-CFA comparison,NA,NA,764.2131547540165,378.32028808909433
GM,GMB,1981,NA,NA,680.763235791179,295.982064548083,-0.202478175106037,NA,NA,503169126.654155,218767743.459101,2180.82373046875,2131.867431640625,2067.785888671875,2065.021484375,1755.4771728515625,0.657579,3316.443697972031,3241.994394043339,3144.543680184244,3140.339768111512,2669.6065002859923,"Gambia, The",Non-CFA comparison,NA,NA,765.1842997634581,332.6866330267557
GM,GMB,1982,NA,NA,652.066636208096,282.141307055388,-4.21535683397065,NA,NA,499321982.876258,216050552.301584,2333.6728515625,2284.2763671875,2223.189697265625,2219.093994140625,1878.8690185546875,0.678113,3441.4217859892083,3368.5777550164944,3278.494435684945,3272.4545822608106,2770.7314541303404,"Gambia, The",Non-CFA comparison,NA,NA,736.340378191036,318.60553079145217
GM,GMB,1983,NA,NA,696.849478073282,268.649299816803,6.86783211691481,NA,NA,553664331.566174,213448584.936945,2236.6513671875,2195.455810546875,2140.02197265625,2136.78857421875,1812.92333984375,0.700199,3194.308142667299,3135.4740731518823,3056.3053826929913,3051.687554850478,2589.1544258757153,"Gambia, The",Non-CFA comparison,NA,NA,790.7242534853292,304.83988828453766
GM,GMB,1984,NA,NA,694.302648852541,214.794357389928,-0.365477667828969,NA,NA,573237790.274772,177340880.086204,2302.259033203125,2261.990234375,2198.1630859375,2194.12255859375,1864.2130126953125,0.725694,3172.49285952912,3117.002806106982,3029.049552480109,3023.4817410558035,2568.8692654139522,"Gambia, The",Non-CFA comparison,NA,NA,789.9166732462609,244.37418538144726
GM,GMB,1985,NA,NA,662.008143550023,262.816616745779,-4.65135850423313,NA,NA,568581582.283382,225726358.890914,2376.228515625,2342.52978515625,2283.366943359375,2278.87353515625,1927.4365234375,0.755787,3144.0452344708233,3099.457631788123,3021.1778495255608,3015.2325128061875,2550.237730256673,"Gambia, The",Non-CFA comparison,NA,NA,752.3039987236907,298.6639871960142
GM,GMB,1986,NA,NA,662.002325492942,207.654408714945,-8.78849775020285e-4,NA,NA,591842657.034875,185646986.824927,2461.173095703125,2390.644775390625,2386.59375,2332.063232421875,1968.732421875,0.7911469999999999,3110.892281337255,3021.745358815271,3016.6249129428543,2947.6990147493134,2488.453374499303,"Gambia, The",Non-CFA comparison,NA,NA,748.0817813059712,234.65548984566337
GM,GMB,1987,NA,NA,651.245092357426,236.954802725846,-1.62495397995868,NA,NA,606368444.288168,220626484.224811,2479.280517578125,2432.165283203125,2406.961181640625,2372.28125,2029.18798828125,0.831023,2983.4078209365143,2926.7123571828038,2896.383351171538,2854.6517364742012,2441.795219002663,"Gambia, The",Non-CFA comparison,NA,NA,729.6650565485768,265.48781950055655
GM,GMB,1988,NA,NA,653.000030965074,274.874465999589,0.269474369671656,NA,NA,633514510.041076,266672211.934161,2560.253173828125,2526.4345703125,2485.35009765625,2468.853271484375,2132.4501953125,0.873444,2931.2161670675223,2892.4974815929813,2845.460152747343,2826.5730504581575,2441.4274931335035,"Gambia, The",Non-CFA comparison,NA,NA,725.3063848868112,305.3111727073069
GM,GMB,1989,NA,NA,663.331309889547,280.929809553919,1.58212533454316,NA,NA,670864763.575962,284120329.401023,2651.07470703125,2623.917724609375,2577.46337890625,2570.868408203125,2208.873046875,0.915635,2895.3400722244673,2865.680893160894,2814.9463256715285,2807.7437059561125,2412.3947281121846,"Gambia, The",Non-CFA comparison,NA,NA,732.6770640877227,310.2986773124913
GM,GMB,1990,2653.78291392125,1409.3272189486,658.711165332156,300.639895740381,-0.696506329267095,2798934224.18109,1486411780.51621,694740031.231163,317083695.477797,2750.7421875,2722.569580078125,2681.4462890625,2698.9921875,2288.232177734375,0.9555929999999999,2878.5708847804453,2849.0890788004153,2806.054762919465,2824.416030150912,2394.5677477067907,"Gambia, The",Non-CFA comparison,2929.0024353266404,1555.486258811241,727.0250318191564,331.8187716714093
GM,GMB,1991,2623.64161607507,1440.43973903083,651.229615381431,627.578919318827,-1.13578611453352,2885898208.37632,1584424654.90462,716325876.505343,690311080.515018,2825.71044921875,2785.456298828125,2769.1220703125,2758.78369140625,2354.11572265625,0.9926729999999999,2846.567247440749,2806.015977898185,2789.561185115844,2779.1464977955984,2371.491641916573,"Gambia, The",Non-CFA comparison,2907.1992573348125,1596.119421908947,721.6131359524668,695.4063226410087
GM,GMB,1992,2604.26903326754,1462.38688927487,646.421031932611,623.485927783598,-0.7383852538714,2983403727.6687,1675284097.38928,740528298.603424,714254256.122189,2898.72900390625,2853.281982421875,2806.4619140625,2827.0546875,2436.804931640625,1.027475,2821.2160917844717,2776.9843377424027,2731.4162525243923,2751.45836881676,2371.644012399937,"Gambia, The",Non-CFA comparison,2903.6265871857713,1630.4864813151466,720.7263423474284,695.1548759066538
GM,GMB,1993,2586.13041645703,1486.62332140689,641.918738488002,635.3611677282,-0.696495507138579,3073266872.35296,1766651123.3437,762833761.663294,755040974.087322,3004.9716796875,2961.14013671875,2920.47314453125,2932.37060546875,2510.2041015625,1.060862,2832.575471350185,2791.258558341,2752.924644799465,2764.139544510738,2366.1928710449615,"Gambia, The",Non-CFA comparison,2896.95254646972,1665.2977704392276,719.0697391963271,711.7240263929917
GM,GMB,1994,2508.1039153389,1472.5548566366,622.551318791124,608.2774907808,-3.01711393290937,3078010335.6057,1807157606.49071,764011164.754756,746493951.900959,3009.2890625,2993.037841796875,2934.484375,2957.005126953125,2514.07861328125,1.094212,2750.1883204534406,2735.3363350035233,2681.8243402558187,2702.4060483280437,2297.6156478646276,"Gambia, The",Non-CFA comparison,2812.992670164191,1651.560763810587,698.2295613233596,682.2205860481872
GM,GMB,1995,2456.00078113606,1472.19762507905,609.618491441846,621.681391269646,-2.07739136660906,3105153715.60048,1861318595.95657,770748583.770315,785999864.840299,3080.677978515625,3005.001953125,3022.70751953125,2980.2939453125,2536.248779296875,1.1285749999999999,2729.7060261973065,2662.651532352746,2678.3399592683254,2640.7584301552847,2247.30193323162,"Gambia, The",Non-CFA comparison,2751.3933195405534,1649.2644227956227,682.9396218862859,696.4533724744027
GM,GMB,1996,2439.04551648512,1488.80055397191,605.40992484126,651.784945724837,-0.690360718985545,3174198225.60891,1937539928.94458,787886530.287664,848239446.21576,3152.994873046875,3117.83203125,3101.210205078125,3094.16552734375,2644.00146484375,1.164091,2708.54673135251,2678.340465865641,2664.061662772176,2658.010007244923,2271.301354313151,"Gambia, The",Non-CFA comparison,2726.761245992719,1664.423081137626,676.8255491088446,728.6710800236064
GM,GMB,1997,2486.93798396527,1544.21196765822,617.297597679527,600.224023405754,1.96357415868005,3329733910.41328,2067528417.16594,826492963.259544,803633342.473706,3226.5244140625,3164.861572265625,3155.34814453125,3125.30419921875,2655.10009765625,1.200526,2687.5922837676985,2636.2290964674025,2628.304713543272,2603.27906202677,2211.6139905810037,"Gambia, The",Non-CFA comparison,2773.5625137758616,1722.1854563465847,688.4423688112911,669.4010312760457
GM,GMB,1998,2502.76477124298,1571.50459237719,621.226058231623,610.234711461724,0.636396539831622,3446274554.05956,2163941394.14369,855420206.246188,840285264.631545,3247.664306640625,3263.058837890625,3177.65771484375,3199.594970703125,2752.133544921875,1.238125,2623.050424343766,2635.484169926805,2566.507997854619,2584.226124747602,2222.823660714286,"Gambia, The",Non-CFA comparison,2783.4625373524964,1747.756804962092,690.8997122634532,678.6756301920606
GM,GMB,1999,2589.97773860396,1649.27952578781,642.873705091153,575.459893151216,3.48466497383448,3666836092.78297,2335015317.74034,910167091.320248,814724032.065735,3531.668701171875,3490.270751953125,3459.830078125,3426.154541015625,2940.543701171875,1.2771329999999999,2765.3100351896596,2732.8952833832695,2709.0601199131183,2682.692046181271,2302.456910260619,"Gambia, The",Non-CFA comparison,2871.1466172927726,1828.3258812827958,712.6642967649009,637.9320180950106
GM,GMB,2000,2658.61770579464,1731.3384764555,659.911237641141,538.054072348854,2.65021456237223,3868512085.81848,2519242915.67478,960226283.311822,782913871.80966,3839.5556640625,3720.060302734375,3732.271728515625,3649.1298828125,3120.93603515625,1.3177029999999998,2913.824787575425,2823.140193757148,2832.4074002378575,2769.3113568175077,2368.4669725698814,"Gambia, The",Non-CFA comparison,2935.799710419177,1911.8442590437908,728.7122237042962,594.150481413232
GM,GMB,2001,2737.69610805906,1822.9796510577,679.539755947951,459.803068381399,2.97441795005224,4092885796.20548,2725374631.10742,1015919410.0795,687410645.063943,3978.07861328125,3819.72265625,3872.300537109375,3756.755615234375,3301.4580078125,1.360074,2924.8986549858682,2808.4667865498495,2847.124889608488,2762.1700107746897,2427.41057311036,"Gambia, The",Non-CFA comparison,3009.3111082231408,2003.8429020093172,746.9589228817697,505.4215028475973
GM,GMB,2002,2578.557145742,1743.69432511929,640.03893213613,376.531026962584,-5.81287900613223,3959867001.70167,2677775681.83677,982902027.731066,578235309.327198,3775.33544921875,3564.052734375,3696.459228515625,3519.7587890625,3316.551513671875,1.404261,2688.485580115627,2538.027285793026,2632.3163774509335,2506.4847553713307,2361.7771295164325,"Gambia, The",Non-CFA comparison,2819.8938813380632,1906.8931500887443,699.9425517984662,411.7719635646066
GM,GMB,2003,2682.47993310133,1849.78337005418,665.834222326194,308.719123437587,4.0302689250437,4231909849.73992,2918238592.21455,1050427393.31825,487038685.045496,4164.97314453125,3793.08837890625,4086.48828125,3741.162109375,3392.9365234375,1.449925,2872.5438519449285,2616.058333297412,2818.4135601841476,2580.245260530717,2340.0772615393903,"Gambia, The",Non-CFA comparison,2918.709484793986,2012.6824437226408,724.4701576414296,335.90612276186425
GM,GMB,2004,2794.19352609118,1978.63262689984,693.563314497133,593.285346326581,4.16456397721086,4530259494.17394,3207980821.58424,1124482524.55398,961900651.423441,5157.8564453125,4493.54736328125,5070.01611328125,4430.9267578125,3705.40478515625,1.496527,3446.5508776737743,3002.6503786976446,3387.8547552307778,2960.8064256859384,2476.002628189301,"Gambia, The",Non-CFA comparison,3027.1819313476735,2143.617069110173,751.3947456704624,642.7552937056539
GM,GMB,2005,2653.64239155191,1938.02362742194,658.676285443081,616.483657865348,-5.03011452953602,4423720051.48552,3230757093.78658,1098037738.85618,1027701067.55688,5513.400390625,4651.01171875,5467.03759765625,4675.80712890625,3618.263671875,1.543741,3571.4542728508213,3012.81867797124,3541.421519319789,3028.8805757612513,2343.8281887149465,"Gambia, The",Non-CFA comparison,2865.584350927727,2092.81031843203,711.2836537062758,665.7211718525841
GM,GMB,2006,2564.68653970519,1930.81888537674,636.596026908866,614.544307904464,-3.35221701800941,4399142704.39283,3311885363.61459,1091937250.0561,1054112487.74083,5106.0908203125,4416.01171875,5065.74072265625,4419.9482421875,3598.161376953125,1.591445,3208.462007994307,2774.844068598035,3183.10763027076,2777.3176215247777,2260.9398232129447,"Gambia, The",Non-CFA comparison,2764.2442587666114,2081.0554958635644,686.1294295788418,662.3618709668445
GM,GMB,2007,2567.15728802982,1985.040252425,637.20930597537,724.726407242432,0.0963372438063175,4533019593.11356,3505132466.6855,1125167625.04935,1279703047.0221,5234.7734375,4539.5537109375,5218.326171875,4547.72119140625,3707.662353515625,1.639848,3192.230888167684,2768.277127476144,3182.2011380780414,2773.257760113285,2260.9792819307795,"Gambia, The",Non-CFA comparison,2764.292539987584,2137.474001666923,686.1414137464875,780.3790638047551
GM,GMB,2008,2649.61119865306,2088.27166129033,657.675679192228,859.127671411226,3.21187607038,4816601016.69387,3796168816.01996,1195557048.77095,1561766955.73024,4953.86279296875,4496.53857421875,4941.66943359375,4538.095703125,3939.6103515625,1.689285,2932.5204408780937,2661.7998586495173,2925.3023815364195,2686.400283625913,2332.1170504458987,"Gambia, The",Non-CFA comparison,2851.2660780708225,2247.2044776458442,707.7296304477635,924.5135993809453
GM,GMB,2009,2745.32540574768,2177.05344695607,681.433469086571,774.888030908091,3.61238687182772,5137662361.47514,4074185715.80941,1275249585.58493,1450142508.57808,5087.384765625,4739.69384765625,5088.5361328125,4763.03369140625,4202.2138671875,1.740279,2923.315609522956,2723.5252782204752,2923.9772087191195,2736.9368310519462,2414.678259743122,"Gambia, The",Non-CFA comparison,2952.2061471035045,2341.1106585837156,732.7845624666677,833.2816224169113
GM,GMB,2010,2824.21259222517,2266.82898238442,701.014524591061,801.033372714536,2.87350950500529,5441212706.55878,4367340722.33129,1350595613.51288,1543294926.87301,5301.68603515625,4960.61669921875,5308.79638671875,5008.65283203125,4450.49462890625,1.793196,2956.5569157840246,2766.35498808761,2960.522099490937,2793.1429871755513,2481.878516852731,"Gambia, The",Non-CFA comparison,3034.36585100501,2435.506616304793,753.177908891655,860.639286989827
GM,GMB,2011,2519.83983255672,2064.253852883,625.464360270983,710.608411468152,-10.7772609082744,4998817942.38871,4095033765.28765,1240786190.47581,1409693596.93594,4753.0654296875,4365.4501953125,4767.94775390625,4431.55322265625,4088.649658203125,1.848147,2571.8005276027825,2362.0687073660806,2579.8530928039004,2397.835898690012,2212.2967806149213,"Gambia, The",Non-CFA comparison,2704.7729116724536,2215.751109239498,671.3676944938958,762.7605363295993
GM,GMB,2012,2574.93509664061,2064.81438121612,639.139881889048,692.579361628102,2.18645897140155,5260834446.33585,4218609873.37637,1305822857.84822,1415004738.26621,4924.6640625,4484.62548828125,4880.271484375,4500.5673828125,4302.958984375,1.9050129999999998,2585.107850970046,2354.11804973575,2561.8048193765608,2362.4864412014513,2258.7557063258887,"Gambia, The",Non-CFA comparison,2761.574039828521,2214.4782599259797,685.466638730665,742.7795706728564
GM,GMB,2013,2572.44728941685,2006.74081646788,638.522368532214,653.862713272743,-0.0966163079995681,5411966056.42096,4221821464.50145,1343336129.36544,1375609453.43746,4805.462890625,4389.57177734375,4782.59423828125,4404.5400390625,4426.5732421875,1.963712,2447.1322121701146,2235.3439696573378,2435.486587789477,2242.9664019278284,2254.186582445644,"Gambia, The",Non-CFA comparison,2755.987668467148,2149.9188600474254,684.0800124282175,700.5148684926609
GM,GMB,2014,2465.10971144823,1933.70329718446,611.879472952196,568.00453558864,-4.17258609769029,5335798993.50162,4185554930.44809,1324430251.83027,1229461721.40861,4638.572265625,4089.4541015625,4615.19140625,4104.8505859375,4364.2744140625,2.024042,2291.7371604072446,2020.4393493625626,2280.1855921221,2028.046150197229,2156.217318643832,"Gambia, The",Non-CFA comparison,2636.209620897995,2067.919010795275,654.3491942510432,607.4289572096874
GM,GMB,2015,2495.95741601525,1990.31625750973,619.536364296461,619.536364296461,1.25137248146628,5552329654.69098,4427516234.00185,1378176608.93204,1378176608.93204,4736.37841796875,4276.501953125,4728.4609375,4278.25927734375,4541.3798828125,2.08586,2270.70772629455,2050.234413203667,2266.9119392001385,2051.0769070521274,2177.2218091398754,"Gambia, The",Non-CFA comparison,2661.8898941879993,2122.6334624576198,660.7234468909899,660.7234468909899
GM,GMB,2016,2478.46055756999,2012.67648180251,615.193365494386,650.056501323611,-0.701007891119758,5660231389.10106,4596488156.16964,1404959537.12175,1484578885.97132,4636.33642578125,4261.79541015625,4636.0830078125,4254.01171875,4629.63525390625,2.149136,2157.3024814535934,1983.0273236110932,2157.1845652450565,1979.4055465777876,2154.1844042937487,"Gambia, The",Non-CFA comparison,2633.724151985291,2138.760951456604,653.7322613002389,690.7794043612503
GM,GMB,2017,2533.18683710276,2038.95429850128,628.777299272925,642.522641296331,2.20807546707253,5933202344.80689,4775616329.45243,1472715273.80675,1504909462.69521,4852.90478515625,4313.8740234375,4852.90478515625,4313.8740234375,4852.90478515625,2.213889,2192.0271455146353,1948.5502766568243,2192.0271455146353,1948.5502766568243,2192.0271455146353,"Gambia, The",Non-CFA comparison,2679.9908869897677,2157.1164269990186,665.2164014576838,679.7583179171178
GM,GMB,2018,2651.43281455826,2277.44236224191,658.127833258563,696.219806960615,4.66787430455537,6362463027.66407,5465023570.59128,1579264608.77791,1670671327.81651,5430.74609375,4864.9384765625,5439.865234375,4859.7236328125,5225.53955078125,2.280094,2381.8079841225845,2133.6569793010726,2385.807442313782,2131.3698614234763,2291.808824891101,"Gambia, The",Non-CFA comparison,2790.4389150903735,2396.841345396848,692.631360276335,732.7203737286752
GM,GMB,2019,2750.82132179634,2421.72318070615,682.797642940426,738.186751987483,3.74848295956672,6758338859.52741,5949796066.17881,1677527292.27233,1813609692.49994,5655.29296875,5114.54150390625,5678.66650390625,5104.68115234375,5542.03857421875,2.347706,2408.859102779479,2178.5272533725474,2418.815006609111,2174.3272591814093,2360.6186525138796,"Gambia, The",Non-CFA comparison,2878.6989765871067,2534.302023412987,714.5389125692612,772.5028996390263
GM,GMB,2020,2702.31919474482,2530.80414937307,670.758642891251,720.335143352133,-1.7631871131438,6798313574.75296,6366827515.11477,1687449652.95674,1812170891.19069,NA,NA,NA,NA,NA,NA,NA,NA,NA,NA,NA,"Gambia, The",Non-CFA comparison,NA,NA,NA,NA
GM,GMB,2021,2777.79620978324,2777.79620978324,689.49323955737,781.890925169531,2.79304588389131,7155630814.36372,7155630814.36372,1776141480.03218,2014158842.14596,NA,NA,NA,NA,NA,NA,NA,NA,NA,NA,NA,"Gambia, The",Non-CFA comparison,NA,NA,NA,NA
GH,GHA,1980,NA,NA,891.578049368905,372.252026367961,-2.4242388246859,NA,NA,10646732914.4802,4445228215.76763,38966.39453125,38942.35546875,40376.890625,40610.015625,28594.853515625,11.056116,3524.4198352522712,3522.2455579111147,3651.9959292214376,3673.0815437356123,2586.338051773788,Ghana,Non-CFA comparison,NA,NA,962.9722512390608,402.0605622958035
GH,GHA,1981,NA,NA,836.509660283615,343.799126739425,-6.17650794838094,NA,NA,10273770732.8212,4222441860.46512,36552.921875,36597.61328125,37917.86328125,38219.34765625,27595.646484375,11.348289,3221.0073144066037,3224.9454769128633,3341.284600810748,3367.851105682099,2431.7010682733758,Ghana,Non-CFA comparison,NA,NA,905.314513299864,372.0773995502864
GH,GHA,1982,NA,NA,756.294499573179,319.206910329791,-9.58926890135842,NA,NA,9562450763.29886,4035994397.7591,31328.427734375,31036.46484375,32600.06640625,32506.37890625,25685.53515625,11.676822999999999,2682.9581757276787,2657.954551828867,2791.860971623018,2783.8375991697403,2199.7023639263866,Ghana,Non-CFA comparison,NA,NA,818.9257269120943,345.6414812281646
GH,GHA,1983,NA,NA,700.396045771895,311.383438154949,-7.39109617124427,NA,NA,9126045611.45629,4057275132.27513,31057.0078125,30865.951171875,32273.2265625,32256.07421875,24512.82421875,12.033574999999999,2580.8629449270065,2564.9859806312757,2681.931725401637,2680.506351499866,2037.0358948816126,Ghana,Non-CFA comparison,NA,NA,758.3819115646257,337.16290730519654
GH,GHA,1984,NA,NA,741.569874205891,329.998888863111,5.8786494701893,NA,NA,9915226744.35855,4412279843.44423,33950.6875,33613.234375,35128.625,34963.4921875,26632.587890625,12.40566,2736.709493892304,2709.5079483880745,2831.6611127501483,2818.350026318632,2146.8094313905913,Ghana,Non-CFA comparison,NA,NA,799.2502409673124,355.66667500513717
GH,GHA,1985,NA,NA,762.747783660855,329.714604937014,2.85582116960212,NA,NA,10420072141.8334,4504306722.68908,36335.16796875,36301.67578125,37710.16796875,37822.34765625,27985.517578125,12.783612999999999,2842.3238382411923,2839.703906966677,2949.883414708346,2958.658687199777,2189.1712130306983,Ghana,Non-CFA comparison,NA,NA,815.1116700602092,352.35005336042957
GH,GHA,1986,NA,NA,784.937923659407,410.711658388611,2.90923690293133,NA,NA,10961828435.4331,5735677433.82683,37166.79296875,37233.88671875,38482.328125,38760.73828125,29444.306640625,13.164836999999999,2823.186718434114,2828.283154493292,2923.1146671242495,2944.2626810533243,2236.5872544130248,Ghana,Non-CFA comparison,NA,NA,832.659639875002,435.68161412304846
GH,GHA,1987,NA,NA,803.929610179043,355.153724919203,2.41951445422532,NA,NA,11487437024.2462,5074829931.97279,38002.4765625,38125.86328125,39224.703125,39631.43359375,30856.130859375,13.552021,2804.192567477574,2813.297240407907,2894.3803381798184,2924.3928705356934,2276.865632024552,Ghana,Non-CFA comparison,NA,NA,847.6549013793737,374.47034150646533
GH,GHA,1988,NA,NA,829.017387585837,355.121844932881,3.12064353509851,NA,NA,12133969366.5825,5197765031.64557,41748.9765625,41875.546875,43075.734375,43522.140625,32592.767578125,13.947042,2993.3929045671475,3002.4679695522536,3088.521162766987,3120.528397706123,2336.894631716532,Ghana,Non-CFA comparison,NA,NA,870.0030706570253,372.6786677523141
GH,GHA,1989,NA,NA,849.686579158456,349.964941914982,2.49321568909531,NA,NA,12751087602.0406,5251858439.874,41718.625,41675.75390625,42927.0703125,43190.50390625,34250.390625,14.35341,2906.530573571019,2903.543750666218,2990.7227838193153,3009.0761642181196,2386.2197641536054,Ghana,Non-CFA comparison,NA,NA,888.366430140336,365.89621838113726
GH,GHA,1990,2785.67114332501,1580.65048833616,855.85250708181,382.54246368354,0.725670862009096,42884426695.246,24333557878.9633,13175548086.442,5889106573.46088,43270.70703125,43322.83203125,44482.90625,44912.48046875,35390.52734375,14.773277,2928.9850201312815,2932.5133503724323,3011.038529230854,3040.116317371562,2395.5773213857697,Ghana,Non-CFA comparison,2902.8377857699415,1647.1333935567104,891.8500672831085,398.6323801727186
GH,GHA,1991,2859.82702166411,1677.60575346033,878.63570406594,418.254121349986,2.6620471162506,45149507665.2141,26485194122.332,13871457663.3982,6603185267.79643,47549.59765625,47333.15625,48857.41796875,49059.578125,37259.79296875,15.207367,3126.7475596695995,3112.514891631142,3212.7466884142405,3226.0402556866024,2450.114669340853,Ghana,Non-CFA comparison,2968.923395168546,1741.602877232594,912.1538043632536,434.2096345670115
GH,GHA,1992,2897.83543196858,1738.64019039428,890.313174799419,396.426407640517,1.32904577852237,46901046280.2739,28139639378.7039,14409589638.7183,6416103925.83267,46311.11328125,44982.359375,47578.2265625,46639.01171875,38705.25390625,15.653336,2958.5459151486943,2873.6596068084145,3039.494364811437,2979.4934267526105,2472.6520855522426,Ghana,Non-CFA comparison,2996.233280897689,1797.6768261221698,920.5443260604832,409.88731896080617
GH,GHA,1993,2964.26600943658,1820.65329619434,910.722897752222,359.800844097528,2.2924206369743,49175747284.6024,30203762449.6286,15108454815.9955,5968922939.37198,43716.4765625,43193.984375,44853.13671875,44764.328125,40582.4609375,16.106765,2714.168646683552,2681.7293463336678,2784.739003688823,2779.225258765494,2519.591049940817,Ghana,Non-CFA comparison,3053.11136560336,1875.2221473168945,938.0191997583314,370.5848405543869
GH,GHA,1994,2989.34731012131,1875.26172705512,918.428722656692,320.50390343252,0.846121792203618,50798546816.8804,31866678827.5757,15607033785.5625,5446383726.77047,45874.296875,45887.41796875,46753.26953125,47171.70703125,41909.1875,16.561674,2769.9070078906275,2770.6992643829362,2822.9797018858117,2848.2451128581565,2530.4922376808045,Ghana,Non-CFA comparison,3067.2350401825565,1924.1218507003398,942.3584708624563,328.8546632888964
GH,GHA,1995,3039.68873031674,1946.82217283298,933.895311664356,371.537243033836,1.68402714615945,52887595893.4894,33872792081.098,16248860403.8684,6464382807.67884,47962.17578125,47536.09765625,48653.36328125,48646.73046875,43595.36328125,17.014056999999998,2818.9734982814507,2793.9307865402125,2859.5979948374456,2859.208151750638,2562.314401629782,Ghana,Non-CFA comparison,3108.4647179381973,1990.8709651729748,955.0256240394871,379.9436435224615
GH,GHA,1996,3106.18555480388,2025.83267073248,954.325387944775,389.271267898831,2.18761953564251,55321726950.6424,36080446541.4589,16996707892.1917,6932991739.37767,48726.50390625,48940.47265625,49126.30078125,49803.22265625,45599.0703125,17.462495999999998,2790.3516144685163,2802.6046595085836,2813.246215274724,2852.010540546438,2611.25730894942,Ghana,Non-CFA comparison,3168.030901804783,2066.1677770153196,973.3263728273268,397.0218083014978
GH,GHA,1997,3160.44504053249,2096.76500280929,970.995739362631,377.841935501461,1.74682048999631,57643224355.5805,38242808822.1086,17709950508.414,6891443192.24985,53672.0234375,51335.8203125,53993.71484375,52050.48046875,47513.43359375,17.908984999999998,2996.9327372545126,2866.4840755911073,3014.895307788242,2906.3891933992913,2653.0500524597014,Ghana,Non-CFA comparison,3218.676231823328,2135.3978922930924,988.8863332240217,384.8036721371899
GH,GHA,1998,3229.48228272631,2166.64663101054,992.20631798932,400.366799508524,2.18441521078265,60352681160.9515,40490370239.6038,18542387390.0119,7482069162.42008,53486.6328125,51962.86328125,53707.86328125,52323.77734375,49743.59375,18.357156,2913.6666274721424,2830.659786366145,2925.7180840675974,2850.3204605195924,2709.765812852492,Ghana,Non-CFA comparison,3287.692339758484,2205.6995233686416,1010.0904186907766,407.5832423290449
GH,GHA,1999,3290.26865235748,2238.66523268803,1010.88194916348,403.037326127273,1.882232640083,63008197216.1091,42870134747.5041,19358251846.5356,7718109982.26093,56212.72265625,54744.5078125,56535.765625,55191.47265625,51946.4921875,18.812359,2988.0740983228097,2910.028870515388,3005.245946295199,2933.787977161716,2761.2960281855135,Ghana,Non-CFA comparison,3349.298044764567,2278.8282292244207,1029.0177774374602,410.26805741166913
GH,GHA,2000,3327.35199291767,2315.17803047482,1022.27520714566,253.746936203344,1.12706117579829,65339500564.5476,45463352404.9227,20074507180.6623,4982850662.20851,66851.0390625,62266,67176.0078125,62932.19140625,54131.12890625,19.278855999999998,3467.583297603344,3229.755956473766,3484.439523408443,3264.3115030399113,2807.7977711047797,Ghana,Non-CFA comparison,3389.17934573232,2358.197623599798,1041.2706636048479,258.46194723424003
GH,GHA,2001,3369.50702508212,2397.30067037823,1035.22666053257,263.542156494853,1.26692433665509,67953080670.8158,48346528033.264,20877487493.6,5314872854.4405,62025.65625,58156.203125,62549.85546875,59126.140625,56588.1640625,19.756928,3139.43828969767,2943.5853147311163,3165.970715120792,2992.6788529573023,2864.218772397207,Ghana,Non-CFA comparison,3439.455803595367,2447.067076079034,1056.717293984166,269.01312058435906
GH,GHA,2002,3425.61820934278,2475.09635357919,1052.46591644399,297.46164468774,1.6652639048673,71010969001.3317,51307232650.7283,21816974338.743,6166197847.85031,62292.078125,59733.2578125,63182.29296875,61058.578125,59300.80078125,20.246381,3076.701862174776,2950.317778397038,3120.670947007764,3015.7773937475545,2928.9580582944677,Ghana,Non-CFA comparison,3507.341336771826,2534.143393366365,1077.5740286001237,304.5580268320699
GH,GHA,2003,3507.75105744843,2584.47723729151,1077.69990866645,358.39927142073,2.39760659496866,74703539483.9173,55040849301.8123,22951457033.3962,7632723555.66221,66173.734375,64969.8125,67050.2265625,66404.0546875,62398.765625,20.750299,3189.049679476908,3131.030184191563,3231.2896581634805,3200.1492936318655,3007.126096110712,Ghana,Non-CFA comparison,3600.1187011289476,2652.5328286504355,1106.0783766728468,367.83679867274253
GH,GHA,2004,3607.36522285021,2729.34450244911,1108.30475353633,406.132105329565,2.83982995857866,78886937688.1248,59686118924.2188,24236738625.149,8881417906.71432,70972.1015625,68765.703125,71857.515625,70180.0859375,65738.96875,21.272323,3336.358777670873,3232.6372218492547,3377.9815972613806,3299.12656636043,3090.3521326749315,Ghana,Non-CFA comparison,3708.4307947056277,2805.811049607455,1139.355519618097,417.51048565379153
GH,GHA,2005,3721.30785741996,2903.83429043881,1143.31178934301,478.611909191028,3.15861099530474,83541270024.0622,65189447865.4801,25666707129.5251,10744568381.4456,73012.84375,70231.6796875,74251.5234375,72881.828125,69812,21.814642,3346.9650223918416,3219.4743185563166,3403.7470538136727,3340.9591651790574,3200.2358782692836,Ghana,Non-CFA comparison,3829.596196172378,2988.3345262085945,1176.581634001837,492.5392945456359
GH,GHA,2006,3857.86154847605,3103.22625820374,1185.26570738595,906.441027564887,3.66950804093835,88887838295.6953,71500511453.8474,27309353954.6989,20885037596.6963,75033.71875,74055.8203125,75887.8828125,76016.6015625,72989.7578125,22.379054999999997,3352.8546558377916,3309.1576169100977,3391.0226688526395,3396.7744197643738,3261.520998652535,Ghana,Non-CFA comparison,3971.9209902158655,3194.9745623238964,1220.3086303107482,933.2403712621602
GH,GHA,2007,3923.12567803728,3241.22081107324,1205.31705804209,1050.12461524926,1.69171777527903,92751631832.2215,76629846715.9998,28496442169.6902,24827339138.4906,90117.96875,87666.8984375,90672.015625,89247.71875,76162.578125,22.963946,3924.3241884474037,3817.588598993396,3948.451003368498,3886.427826907449,3316.615451238215,Ghana,Non-CFA comparison,4039.0110581265735,3336.963373629245,1240.9209710600348,1081.144291947499
GH,GHA,2008,4174.78124103364,3515.58923520243,1282.63416886747,1182.65761256016,6.41466992518754,101238219656.879,85252849111.8402,31103809332.791,28679383241.0729,101419.484375,96560.0234375,102035.59375,98784.0625,83131,23.563824999999998,4304.033168426604,4097.807696225041,4330.179576108718,4192.1913144406735,3527.907714473351,Ghana,Non-CFA comparison,4296.340668668139,3617.9546025248537,1319.9813414329383,1217.0937121232612
GH,GHA,2009,4269.16005861557,3617.23944435035,1311.63053760125,1047.70430093586,2.26068893513001,106142692099.579,89934208912.4295,32610629348.5193,26048720005.5233,96676.484375,95716.3125,97100.390625,97037.5234375,87158.390625,24.170939999999998,3999.698992881535,3959.9747672204726,4017.2368399822267,4014.635899038267,3605.9164693222524,Ghana,Non-CFA comparison,4391.334888075475,3720.7576086171875,1349.1667824469923,1077.6875043139946
GH,GHA,2010,4495.68916584106,3855.46891716757,1381.2279503506,1263.89251760539,5.30617508163762,114527659021.355,98218051387.4992,35186775129.0417,32197655566.5347,108134.703125,105856.1640625,108217.3359375,107260.1796875,94043.703125,24.779619,4363.8565679722515,4271.9044252657795,4367.191276730284,4328.5645226224015,3795.2037569665617,Ghana,Non-CFA comparison,4621.849069646914,3963.6626934215255,1419.9885449829435,1299.3603964021681
GH,GHA,2011,5005.36732498187,4381.12535523694,1537.81834019283,1507.43573198753,11.3370417824575,130615500817.727,114325851683.939,40129504915.3457,39336668080.559,122925.5234375,125662.3046875,123395.296875,127765.3125,107253.984375,25.387712,4841.929963499665,4949.729407971069,4860.433932565486,5032.565065335545,4224.6416051592205,Ghana,Non-CFA comparison,5144.831516039217,4503.196337028678,1580.6664623951028,1549.4373057548075
GH,GHA,2012,5339.71321903045,4933.65254349093,1640.54072088003,1543.77524235764,6.67974740594653,142753324240.703,131897589316.568,43858655296.9198,41271701060.954,138776.234375,138930.78125,138445.546875,141132.65625,117221.1953125,25.99645,5338.276356002454,5344.2212782899205,5325.555869166752,5428.9203429699055,4509.123180761219,Ghana,Non-CFA comparison,5491.262239294327,5073.676956529372,1687.101711846033,1587.589884809426
GH,GHA,2013,5593.77481886917,5214.56935848794,1718.59704769958,2294.79584693743,4.75796338524816,153192196788.091,142807202863.437,47065830437.531,62845721959.827,149969.21875,148897.65625,148620.90625,150032.90625,125793.0078125,26.607644999999998,5636.320642056071,5596.047912169604,5585.646766183178,5638.714221044365,4727.701674180485,Ghana,Non-CFA comparison,5757.450416528446,5367.14928598292,1768.8837338866708,2361.9422898880007
GH,GHA,2014,5619.07233511591,5517.13178763566,1726.36930134647,1949.90832923846,0.452244093941871,157567733839.808,154709158599.11,48410143589.6826,54678533805.9064,158772.15625,154033.578125,157424.296875,155051.515625,129437.78125,27.224473,5831.9643597876075,5657.908534170708,5782.455251750879,5695.299065109543,4754.4641635487305,Ghana,Non-CFA comparison,5787.723929120979,5682.723724316353,1778.1847821143351,2008.433140502165
GH,GHA,2015,5607.36635657413,5191.37053389659,1722.77282833606,1722.77282833606,-0.208325820413904,160909366269.164,148971921853.893,49436806230.4839,49436806230.4839,149122.53125,148177.53125,148891.265625,148295.125,132257.203125,27.849204999999998,5354.6423048701035,5320.709558854553,5346.338095647614,5324.932076158009,4749.047706209208,Ghana,Non-CFA comparison,5777.880060460039,5349.234272715972,1775.1604123163986,1775.1604123163986
GH,GHA,2016,5666.07795334591,5011.07931572904,1740.81101902928,1912.47991339951,1.04704406736222,166337588628.264,147108962613.394,51104539956.3997,56144179397.8516,143054.125,143956.453125,142604.734375,143630.234375,136817.15625,28.481945,5022.62485936266,5054.305565332705,5006.846771700458,5042.852037492524,4803.645125008141,Ghana,Non-CFA comparison,5840.10637715451,5164.990052940346,1794.2784439896818,1971.2199920985593
GH,GHA,2017,5993.63085211077,5170.96094857439,1841.44636153249,2012.28662641265,5.78094585817396,179858996355.462,155172026664.996,55258774288.879,60385409434.8567,147958.796875,149986.875,147958.796875,149986.875,147958.796875,29.121464999999997,5080.747032300745,5150.389068681813,5080.747032300745,5150.389068681813,5080.747032300745,Ghana,Non-CFA comparison,6176.165806063054,5328.441637980645,1897.527280611707,2073.5704551559033
GH,GHA,2018,6234.51208201488,5536.49795400218,1915.4532323781,2195.32166016377,4.01895338314475,191010393846.258,169624926668.068,58684861220.5087,67259353965.6087,152166.71875,156671.0625,152216.078125,156489.875,157226.15625,29.767101999999998,5111.909071632167,5263.228597127124,5113.567257067887,5257.141760054439,5281.876490697684,Ghana,Non-CFA comparison,6416.82868040893,5698.4024399845175,1971.4670652355983,2259.519719642467
GH,GHA,2019,6508.24652305901,6002.55044678386,1999.55372220211,2186.65822682613,4.39063133478864,203440920110.743,187633394275.742,62503939826.8611,68352629246.1555,163139.15625,168712.984375,162525.890625,168337.34375,167411.90625,30.417855999999997,5363.269398408619,5546.511377231847,5343.108029211527,5534.162031341066,5503.737878501365,Ghana,Non-CFA comparison,6688.207088321512,6168.527928981649,2054.8437018986842,2247.1218630976327
GH,GHA,2020,6412.68541762469,6047.30111673554,1970.19411460398,2195.45481659987,-1.46830801654092,204486487774.301,192835182975.95,62825173619.4157,70008243859.8666,NA,NA,NA,NA,NA,NA,NA,NA,NA,NA,NA,Ghana,Non-CFA comparison,NA,NA,NA,NA
GH,GHA,2021,6607.50297378321,6607.50297378321,2030.04866500967,2445.18662529344,3.03800270044563,214867175690.96,214867175690.96,66014472471.1465,79514204730.3979,NA,NA,NA,NA,NA,NA,NA,NA,NA,NA,NA,Ghana,Non-CFA comparison,NA,NA,NA,NA
GN,GIN,1980,NA,NA,515.075498240815,1930.99184257949,0.809803805678413,NA,NA,2599801856.25516,9746524915.08071,16913.240234375,16007.1650390625,15629.4326171875,15352.1884765625,6993.13720703125,4.871435,3471.921566104238,3285.923970875625,3208.3836933444663,3151.47148151674,1435.5394677402553,Guinea,Non-CFA comparison,NA,NA,533.6829612332218,2000.7502748329207
GN,GIN,1981,NA,NA,508.556746994401,1875.53966772396,-1.26559140721663,NA,NA,2615653814.13534,9646440666.52864,16727.1328125,15659.142578125,15450.8349609375,15039.482421875,7035.77734375,4.969592,3365.896599258048,3150.9915860547508,3109.0751435807006,3026.3012379839233,1415.76558875457,Guinea,Non-CFA comparison,NA,NA,526.331701704152,1941.0930850115342
GN,GIN,1982,NA,NA,507.412755095438,2272.63298724274,-0.224948721204498,NA,NA,2662735707.35719,11926032493.4301,17133.970703125,15951.50390625,15904.3310546875,15363.7939453125,7162.42138671875,5.077082,3374.7673768367345,3141.864540744073,3132.57320931344,3026.10711139046,1410.7358098054651,Guinea,Non-CFA comparison,NA,NA,524.4618281440382,2348.9934756677358
GN,GIN,1983,NA,NA,503.254700009446,2822.83932284682,-0.819462073871208,NA,NA,2697351586.67643,15129893722.3449,17154.26171875,16124.1611328125,16014.2275390625,15578.6552734375,7255.5341796875,5.195444999999999,3301.788724305618,3103.51878093455,3082.359170208231,2998.521834691254,1396.5183309009144,Guinea,Non-CFA comparison,NA,NA,519.1762373918751,2912.14587438514
GN,GIN,1984,NA,NA,499.099790230844,3361.5282015455,-0.825607744651649,NA,NA,2735114764.04489,18421497251.1767,17452.9140625,16407.125,16279.494140625,15807.7783203125,7357.11181640625,5.326362,3276.7044490216776,3080.362356144776,3056.4002485420633,2967.83777000371,1381.2639502170996,Guinea,Non-CFA comparison,NA,NA,513.5052337871309,3458.551493716856
GN,GIN,1985,NA,NA,511.885502734728,4061.69867242443,2.56175473405239,NA,NA,2871868603.63435,22787644565.9059,18225.01953125,17235.25,17092.9765625,16653.828125,7724.96240234375,5.470702,3331.3859046334455,3150.464053790537,3124.457622166223,3044.184845930193,1412.0605367179112,Guinea,Non-CFA comparison,NA,NA,524.9543118295147,4165.396792935513
GN,GIN,1986,NA,NA,514.948827108147,505.876944250303,0.598439369166186,NA,NA,2961299741.68835,2909130355.238,18533.490234375,17593.2890625,17451.03125,17041.46484375,7965.521484375,5.629417999999999,3292.2568966054755,3125.2411994454847,3099.9707696248533,3027.216107197938,1414.9813505365921,Guinea,Non-CFA comparison,NA,NA,526.0401238082428,516.7728449438291
GN,GIN,1987,NA,NA,518.460706253598,504.510868799406,0.681986046103418,NA,NA,3059020822.11607,2976714019.06852,19362.591796875,18129.91796875,18235.111328125,17557.15625,8228.3779296875,5.8013259999999995,3337.6148482045314,3125.1334554806954,3143.2660960830335,3026.40400660125,1418.3615831428024,Guinea,Non-CFA comparison,NA,NA,527.2968321580394,513.1092476217541
GN,GIN,1988,NA,NA,536.935142790771,574.001127225182,3.56332433959545,NA,NA,3251987425.51287,3476480303.12273,20764.58984375,19189.111328125,19614.33203125,18642.7265625,8747.4345703125,5.982486,3470.896520902849,3207.548054124155,3278.6256468046895,3116.2173321425244,1462.1738471786646,Guinea,Non-CFA comparison,NA,NA,543.5846277806367,581.1096429014175
GN,GIN,1989,NA,NA,544.125289836889,570.493417986787,1.3391090418754,NA,NA,3382179961.94632,3546079262.94987,21274.12890625,19945.056640625,20216.06640625,19487.28125,9097.634765625,6.167475,3449.4065896092,3233.909604923409,3277.8513745495525,3159.6854871726277,1475.0987666143762,Guinea,Non-CFA comparison,NA,NA,548.3897319318393,574.9645135083434
GN,GIN,1990,2105.74729496232,870.744222648833,548.371534819426,604.304422702532,0.7803800084003,13549165645.2759,5602693986.86186,3528427545.98221,3888320665.52218,21955.060546875,20216.71484375,21231.880859375,20136.236328125,9491.0224609375,6.352283,3456.2472337701265,3182.590392107845,3342.401599452512,3169.9211650559337,1494.1120319950323,Guinea,Non-CFA comparison,2132.9600153639094,881.9969114823538,555.4581787338835,612.1138912611702
GN,GIN,1991,2075.99194302675,887.470959996525,540.622747465388,656.42373119518,-1.41305426376472,13903262657.1127,5943540339.27609,3620640283.15178,4396178694.1535,22439.529296875,21061.728515625,21774.958984375,20955.015625,9727.9697265625,6.534939,3433.7779276707865,3222.941869178121,3332.0829749711515,3206.612276717503,1488.609109673786,Guinea,Non-CFA comparison,2127.5275342451855,909.5020380872859,554.0434705131571,672.7191629720644
GN,GIN,1992,2076.55062690695,907.939406421145,540.768238017649,692.647802662806,0.0269116593674852,14358031051.9641,6277825361.81855,3739069518.82914,4789220416.70641,22663.443359375,20892.9296875,21917.619140625,20792.572265625,10046.3173828125,6.716037999999999,3374.525778349527,3110.9010531953513,3263.4745575628076,3095.9581029209485,1495.8696455875474,Guinea,Non-CFA comparison,2137.8722175133767,934.7513164485596,556.7373976783842,713.1020427082769
GN,GIN,1993,2115.8664959394,947.058235567764,551.006742654772,670.741778229959,1.89332581267254,15082270891.4258,6750798732.43472,3927673589.83666,4781166116.51789,23885.171875,21884.01171875,23101.671875,21769.712890625,10553.505859375,6.8971659999999995,3463.041468771377,3172.8990890968844,3349.444086890181,3156.327235073797,1530.122061637345,Guinea,Non-CFA comparison,2186.7345068142195,978.7786363898913,569.4619485505584,693.2073429170605
GN,GIN,1994,2134.89769355787,975.98002294389,555.962782286148,671.576385058752,0.899451721316183,15681051993.2358,7168677698.38533,4083606123.90946,4932800406.92974,25090.025390625,23128.888671875,24345.810546875,23012.494140625,10975.7158203125,7.081116,3543.2303877842137,3266.2773314086367,3438.1318632366706,3249.8400168313865,1549.998025779058,Guinea,Non-CFA comparison,2214.488788664922,1012.3655223816882,576.6896240521212,696.613416152163
GN,GIN,1995,2171.72552153265,1013.63232372878,565.553359749505,713.031460558683,1.72503947546996,16403583623.7909,7656217335.57205,4271765348.97459,5385704166.43341,26145.78125,24378.76171875,25592.7734375,24448.25,11489.3857421875,7.269625,3596.5790876420724,3353.510218030504,3520.5080643774613,3363.068934092199,1580.4647065271593,Guinea,Non-CFA comparison,2256.4552674712795,1053.1791303639527,587.6183914541108,740.8503418585428
GN,GIN,1996,2205.32363416973,1048.15823915274,574.302865750492,726.025442583799,1.5470699360467,17135441823.826,8144226203.75513,4462353367.48162,5641243099.76661,28451.328125,26789.080078125,27978.94140625,26998.666015625,12081.876953125,7.463781999999999,3811.918424868251,3589.2098775292475,3748.6278948460717,3617.2902712894083,1618.7339010068893,Guinea,Non-CFA comparison,2295.8122067104855,1091.166141207652,597.8675914545227,755.8156307039261
GN,GIN,1997,2272.41100463955,1098.66868512012,591.77353015526,695.58174225826,3.04206463987209,18023332469.868,8713947849.10115,4693574823.86752,5516916163.0949,26022.59765625,24606.04296875,25406.9765625,24606.146484375,12707.87109375,7.662075,3396.285948160257,3211.407219160606,3315.9394240463585,3211.4207292900423,1658.5417258053465,Guinea,Non-CFA comparison,2352.2782627249144,1137.2830270000163,612.5722893429678,720.0289951605669
GN,GIN,1998,2311.327353403,1130.0430385777,601.907993085373,647.379920832778,1.71255766162007,18680124556.9295,9132996537.35455,4864614381.03605,5232118046.3713,26321.66015625,24562.111328125,25570.5078125,24322.896484375,13290.5390625,7.860780999999999,3348.479006888756,3124.6400743291288,3252.922045850152,3094.2086396218137,1690.7402791783668,Guinea,Non-CFA comparison,2376.370052406943,1161.8434017376328,618.8461911146043,665.5977372186428
GN,GIN,1999,2346.2701835771,1163.36009312694,611.007685844967,610.614842942762,1.51180792814343,19392211658.4973,9615314262.98559,5050053677.45401,5046806782.54761,24555.025390625,23061.6875,23858.8515625,22818.51171875,13890.005859375,8.054743,3048.5175493029387,2863.1189722626777,2962.087252504518,2832.928588627843,1724.4505329810027,Guinea,Non-CFA comparison,2407.551880736269,1193.7456307402472,626.9664565901122,626.5633531135146
GN,GIN,2000,2358.28765608495,1195.80611453345,614.137235083638,518.157066924026,0.512194741763963,19877610460.8138,10079248843.9752,5176459579.46449,4367458866.71537,22994.27734375,21614.154296875,22201.091796875,21304.78515625,14290.7158203125,8.24073,2790.3204380861894,2622.8446141148906,2694.068583350626,2585.303141378252,1734.1565395677933,Guinea,Non-CFA comparison,2412.117671712798,1223.101453873043,628.1554643174197,529.9844633564467
GN,GIN,2001,2412.75161959628,1250.97059720231,628.320554864936,483.085120214741,2.30947074547048,20604802321.2874,10683238861.2839,5365832405.72436,4125527603.22908,21581.732421875,20177.50390625,20806.76171875,19894.54296875,14819.4736328125,8.417081,2564.0400064909677,2397.2091876328623,2471.9688118422528,2363.591721257049,1760.6428680931667,Guinea,Non-CFA comparison,2447.974817075825,1269.233224829831,637.4932599228118,490.1375670768857
GN,GIN,2002,2498.13177495102,1315.36669371684,650.554963973291,495.916073559269,3.5387047162788,21668959892.6223,11409577515.5017,5642956694.13195,4301608752.51396,20679.775390625,19141.4921875,19999.57421875,18874.609375,15590.0859375,8.586074,2408.5251758399704,2229.364921324927,2329.3037328527566,2198.2817030228252,1815.7409239077137,Guinea,Non-CFA comparison,2523.733186159623,1328.8468647605064,657.2219962385544,500.9983320099454
GN,GIN,2003,2473.23418295471,1327.96776541054,644.071217908894,566.48540588068,-0.996648465303707,21939518798.7052,11780111222.0163,5713414722.47307,5025167975.26363,18282.50390625,17212.837890625,17673.240234375,16950.779296875,15777.166015625,8.753093,2088.69069553471,1966.4863483827946,2019.0851661664055,1936.547377809764,1802.4675409738022,Guinea,Non-CFA comparison,2506.487569446046,1345.8226962761964,652.7309515017229,574.1019746121319
GN,GIN,2004,2477.50282602363,1366.03160239235,645.182843390689,584.897740538081,0.172593565879879,22452929276.4778,12379970119.8228,5847115329.55072,5300767960.51572,17592.896484375,16671.005859375,17019.2109375,16393.599609375,16140.0419921875,8.925742999999999,1971.028796636314,1867.7443277691282,1906.7556546833134,1836.6649823297626,1808.2575301784402,Guinea,Non-CFA comparison,2515.5249570234996,1386.996031571019,655.0844371780278,593.8741414037712
GN,GIN,2005,2501.22160456279,1422.35088198922,651.359606871604,463.17768685098,0.957366356559277,23125904765.2172,13150834368.1347,6022369313.03617,4282468636.90501,17967.275390625,16267.4140625,17412.662109375,16292.71875,16624.2421875,9.109581,1972.3492650896897,1785.7477816487938,1911.4668511510024,1788.5255919015374,1824.918422427991,Guinea,Non-CFA comparison,2538.635395548621,1443.6267011770026,661.1027788255212,470.1059946560671
GN,GIN,2006,2478.61319510726,1452.96083164187,645.472001923653,446.980554135013,-0.903894697466356,23401011017.864,13717651667.8331,6094011545.87354,4220019845.26341,18618.126953125,16597.6640625,18078.734375,16497.841796875,16571.775390625,9.307425,2000.352079455381,1783.2713196721973,1942.3991463804434,1772.546305436251,1780.4898122332438,Guinea,Non-CFA comparison,2514.2304147349023,1473.839613838747,654.7473168866297,453.40358318905714
GN,GIN,2007,2587.0048887648,1557.58584868863,673.698997420626,650.148575304743,4.37307821452357,24996368183.6193,15049832151.653,6509469022.49636,6281918226.34408,18718.33984375,16993.509765625,18268.787109375,16868.03515625,17701.55078125,9.518162,1966.591852896599,1785.3772362379416,1919.360808250059,1772.1945850732525,1859.7656544666922,Guinea,Non-CFA comparison,2626.1759553597954,1581.1699939182586,683.8997931004284,659.9927828864522
GN,GIN,2008,2629.5397474637,1613.69884518936,684.775780377366,703.532825784369,1.64417388168144,26029472119.9759,15973795087.6796,6778506429.10409,6964179983.17212,19298.765625,17554.21875,18717.384765625,17558.494140625,18433.15625,9.738792,1981.6385466493175,1802.504740834387,1921.9411160670645,1802.9437470915284,1892.7559239379996,Guinea,Non-CFA comparison,2672.761890794659,1640.2234576608269,696.031543655937,715.0969014608917
GN,GIN,2009,2537.30645758746,1566.70089247765,660.756701330284,662.185914665575,-3.50758302722751,25737254320.9579,15891883770.6773,6702408065.67158,6716905339.73136,18333.9140625,16869.474609375,17983.431640625,16771.876953125,18226.21875,9.964469,1839.9288574734892,1692.9627268021006,1804.7556413317159,1683.1681601021592,1829.1209245570437,Guinea,Non-CFA comparison,2582.90274383491,1594.855056569226,672.6307308168233,674.0856276166206
GN,GIN,2010,2594.83050344245,1621.69161141242,675.736917327708,659.235326211315,2.26713039266406,26976081069.211,16859245457.7221,7025019105.91374,6853467145.53089,20600.482421875,19252.619140625,20081.26171875,19221.744140625,19103.513671875,10.192176,2021.2055229300397,1888.9606243676521,1970.262456098678,1885.9313399439923,1874.331219542814,Guinea,Non-CFA comparison,2646.7440386832996,1654.1360213679689,689.2560632698788,672.4243326970502
GN,GIN,2011,2673.40873029955,1705.27110438049,696.199991395571,636.694958747648,3.02826048764469,28490008891.1435,18172750157.873,7419271030.30424,6785137203.33153,21889.5,19711.091796875,21373.234375,19809.724609375,20175.62109375,10.420472,2100.624616620053,1891.573797892744,2051.081215419033,1901.0390901079145,1936.152325321732,Guinea,Non-CFA comparison,2734.0420751712113,1743.9469304147644,711.9899204473886,651.1353039796594
GN,GIN,2012,2762.90350938513,1789.97473033561,719.505916794546,699.353377212197,3.34759058991902,30175274472.934,19549354005.3136,7858142150.2509,7638044556.84656,22976.0078125,20903.3515625,22147.01953125,20819.2578125,21369.39453125,10.652031,2156.9602841467513,1962.381780760871,2079.135850360368,1954.4871595379325,2006.133340322611,Guinea,Non-CFA comparison,2832.8188749107094,1835.27010063279,737.7130380348029,717.0505377656674
GN,GIN,2013,2802.56007024474,1842.00227737409,729.833143236326,748.455020824734,1.4353219620192,31365896381.0502,20615455554.0816,8168199850.29177,8376613539.28278,23624.318359375,21195.41015625,22904.2578125,21088.87109375,22210.234375,10.892816999999999,2168.7978747256107,1945.8153162997232,2102.6937120581392,1936.0346450096426,2038.9798502077103,Guinea,Non-CFA comparison,2879.5027384606024,1892.57338612056,749.8702906963157,769.0034211795517
GN,GIN,2014,2834.96634347846,1873.21413058957,738.272274481308,765.146999389279,1.15630967477851,32525353401.2862,21491243355.9802,8470141696.43118,8778473372.82124,23069.884765625,21231.232421875,22469.626953125,21169.53125,23033.66796875,11.150981999999999,2068.86575241759,1903.9787188137334,2015.0357119332632,1898.4454687488512,2065.6178952445625,Guinea,Non-CFA comparison,2916.8151649142833,1927.2960315046878,759.58706564419,787.237695551947
GN,GIN,2015,2869.85157178732,1929.68091332187,747.356966759448,747.356966759448,1.2305341257089,33769744334.8314,22706690384.7223,8794201742.84609,8794201742.84609,23850.041015625,21981.265625,23573.990234375,21892.302734375,23912.392578125,11.432088,2086.236653848798,1922.7691061335427,2062.089640525423,1914.9872476817009,2091.6907373460563,Guinea,Non-CFA comparison,2953.943700821005,1986.2242474622572,769.2559524424663,769.2559524424663
GN,GIN,2016,3099.78874189372,2255.32617992615,807.236421043888,711.996509782316,8.01216245351651,37423842474.5451,27228620630.0338,9745789528.35549,8595955222.49719,26310.255859375,22837.67578125,26217.119140625,22706.92578125,26501.81640625,11.738429,2241.377944133325,1945.5478907143367,2233.4436014073945,1934.4092621976927,2257.697039889239,Guinea,Non-CFA comparison,3188.1474492493926,2319.613691920256,830.2464945143417,732.2917932627263
GN,GIN,2017,3332.76576150531,2687.09504827171,867.907502577607,833.598621691121,7.51589992127235,41278500248.8802,33281442968.4819,10749606370.4679,10324668271.1362,29231.552734375,28845.638671875,29231.552734375,28845.638671875,29231.552734375,12.067518999999999,2422.333267871797,2390.353698376195,2422.333267871797,2390.353698376195,2422.333267871797,Guinea,Non-CFA comparison,3420.6285690439113,2757.9358249597044,890.7884355075721,855.5750582316217
GN,GIN,2018,3455.64512638662,2844.46427670549,899.907328045175,933.273615633705,3.68700873912611,43903190354.9434,36138275786.6167,11433119223.7578,11857030366.7891,27591.53515625,27376.97265625,27716.765625,27371.283203125,31043.890625,12.414292999999999,2222.5619418077213,2205.2784364159925,2232.649545568161,2204.820137814131,2500.6571558283667,Guinea,Non-CFA comparison,3536.5034766734925,2911.0216575858735,920.9641840866653,955.1112066381148
GN,GIN,2019,3557.46233883145,3105.82789015443,926.42221954853,1031.34146480732,2.9464024435663,46369195006.2984,40482435336.7228,12075307751.6835,13442861496.4454,29205.3515625,29383.0078125,29424.21484375,29377.283203125,32796.19921875,12.771246,2286.805184278809,2300.715827766531,2303.942375219301,2300.2675857253867,2567.9717718028455,Guinea,Non-CFA comparison,3630.7494982320754,3169.810943796933,945.5074118596964,1052.5880948848217
GN,GIN,2020,3630.99330577677,3331.85663003801,945.570903389665,1053.66097696415,2.06694997562413,48550675963.3161,44550864730.0015,12643401588.6985,14088693742.9464,NA,NA,NA,NA,NA,NA,NA,NA,NA,NA,NA,Guinea,Non-CFA comparison,NA,NA,NA,NA
GN,GIN,2021,3738.8051255133,3738.8051255133,973.646890096159,1244.96550477914,2.96921009369555,51260936277.8168,51260936277.8168,13349198344.073,17069115737.8259,NA,NA,NA,NA,NA,NA,NA,NA,NA,NA,NA,Guinea,Non-CFA comparison,NA,NA,NA,NA
GW,GNB,1980,NA,NA,411.228191061056,346.855441567554,-16.9089615330147,NA,NA,341032772.531507,287648258.258297,1130.602783203125,1312.1337890625,929.0267333984375,1198.725341796875,1291.5147705078125,0.781677,1446.3810284850713,1678.61378684866,1188.5046296596133,1533.5302711949757,1652.2358602182392,Guinea-Bissau,WAEMU,NA,NA,436.28349373399374,367.9886426980671
GW,GNB,1981,NA,NA,478.36501639486403,477.46389637563,16.3259296889596,NA,NA,402989997.491558,402230865.151515,1261.600830078125,1193.12255859375,1045.014892578125,1099.2857666015625,1285.0894775390625,0.793806,1589.3062411699143,1503.0404892300512,1316.4613174731924,1384.829248710091,1618.8961503680528,Guinea-Bissau,WAEMU,NA,NA,507.6681172623513,506.7117975317836
GW,GNB,1982,NA,NA,490.618441344467,502.732266005568,2.56152196118961,NA,NA,419915908.380757,430284021.883771,1280.19873046875,1235.1270751953125,1078.38525390625,1141.4398193359375,1339.063232421875,0.8104049999999999,1579.7024086336462,1524.086197882926,1330.6744823961478,1408.4807217822417,1652.3383153137938,Guinea-Bissau,WAEMU,NA,NA,518.155623892692,530.949367148242
GW,GNB,1983,NA,NA,466.478485144929,488.993892322107,-4.92031162411782,NA,NA,405645958.85415,425225176.812165,1267.363525390625,1208.3477783203125,1074.640869140625,1111.6861572265625,1293.5350341796875,0.8302069999999999,1526.5632852898436,1455.4777041392238,1294.4252085812636,1339.0469572366442,1558.0873615612584,Guinea-Bissau,WAEMU,NA,NA,488.6082131976122,512.1917507466994
GW,GNB,1984,NA,NA,500.948088022197,407.439444684912,7.38932318959114,NA,NA,442597153.781284,359980490.728569,1270.1114501953125,1233.4454345703125,1078.4947509765625,1126.8011474609375,1364.6795654296875,0.8512759999999999,1492.0089961367555,1448.9371655847372,1266.915490365713,1323.661359489681,1603.0988368398587,Guinea-Bissau,WAEMU,NA,NA,519.922039128654,422.87165470255127
GW,GNB,1985,NA,NA,513.578560199997,416.576139998898,2.52131358114698,NA,NA,461037932.755857,373959151.148591,1026.67626953125,1073.2843017578125,899.87640380859375,984.7459716796875,1423.360595703125,0.8721629999999999,1177.1610003305002,1230.600589291007,1031.7754867021347,1129.0847830963794,1631.9891989262617,Guinea-Bissau,WAEMU,NA,NA,528.614413539507,428.7720886446582
GW,GNB,1986,NA,NA,501.441680283283,371.137575913103,-2.36319832198365,NA,NA,457377994.07007,338524232.567315,1349.095703125,1327.928955078125,1239.756103515625,1222.8956298828125,1409.126953125,0.8925219999999999,1511.5545646213764,1487.8389048988429,1389.048229080768,1370.1574077533244,1578.8148114276175,Guinea-Bissau,WAEMU,NA,NA,512.4557087333086,379.2895105860864
GW,GNB,1987,NA,NA,507.779967171681,487.551949436993,1.26401277309395,NA,NA,470641955.932678,451893374.95907,1390.4224853515625,1362.2412109375,1286.906005859375,1254.8399658203125,1488.6234130859375,0.912754,1523.3266415173887,1492.4516473633641,1409.9154929579877,1374.7844061163387,1630.9141489228616,Guinea-Bissau,WAEMU,NA,NA,515.628478136144,495.08780565088733
GW,GNB,1988,NA,NA,522.568587226461,453.807472688208,2.91240714696819,NA,NA,492291485.851147,427514321.528126,1588.955810546875,1432.6307373046875,1469.02197265625,1322.1715087890625,1591.3388671875,0.933045,1702.9787529506882,1535.435844256909,1574.4385025976774,1417.0500981078753,1705.532816946128,Guinea-Bissau,WAEMU,NA,NA,527.6181597362903,458.19260756783007
GW,GNB,1989,NA,NA,545.340640363452,578.490985831256,4.35771565563357,NA,NA,522321266.59307,554072302.828333,1585.016845703125,1486.7799072265625,1467.4119873046875,1376.9517822265625,1662.94580078125,0.9537899999999999,1661.8090415113654,1558.812639288064,1538.5063665006842,1443.6634712322027,1743.513562504587,Guinea-Bissau,WAEMU,NA,NA,547.6271156051856,580.916452078899
GW,GNB,1990,1967.96808437551,824.102250619802,569.169670374215,651.337640650994,4.36956798137795,1916149516.74582,802402814.258732,554182863.783592,634187269.235013,1656.153564453125,1557.1708984375,1531.1629638671875,1447.2742919921875,1717.8133544921875,0.9752609999999999,1698.1644549029697,1596.6709408430154,1570.0032748845567,1483.9866374152023,1761.3883406515668,Guinea-Bissau,WAEMU,1964.7556056746043,822.7569996736587,568.2405671749327,650.2744078098202
GW,GNB,1991,2024.72770800391,876.544183930708,585.58551396824,672.07387884966,2.88417399037313,2013873142.7613,871845030.560655,582446190.027857,668470890.785147,1668.855712890625,1618.3468017578125,1572.7196044921875,1502.78662109375,1769.3509521484375,0.9975219999999999,1673.0014103855606,1622.3670272513414,1576.626484921824,1506.5197771014075,1773.7462954686089,Guinea-Bissau,WAEMU,2018.8759172843309,874.0108293958981,583.8930770728435,670.1314765841225
GW,GNB,1992,1987.61538633299,880.0865645361,574.852002556155,574.32110641811,-1.83295371146548,2036025746.68251,901521952.901942,588853097.930413,588309271.28603,1372.1536865234375,1419.9110107421875,1225.63916015625,1319.890380859375,1824.1185302734375,1.0203499999999999,1344.787265667112,1391.5921112776869,1201.1948450592936,1293.5663065216595,1787.738060737431,Guinea-Bissau,WAEMU,1995.4189706301859,883.5418757308199,577.1089311808821,576.5759506894988
GW,GNB,1993,1963.44000410032,889.989243397549,567.860072938098,581.612681813953,-1.21630081950958,2078782287.14119,942271661.500938,601219012.922846,615779518.807114,1631.5986328125,1587.9962158203125,1473.2618408203125,1474.37939453125,1865.6357421875,1.043423,1563.6981672940888,1521.910304661017,1411.9507053422367,1413.0217510360133,1787.9956088638069,Guinea-Bissau,WAEMU,1992.2718659078726,903.0581667271452,576.1987352424146,590.1532923915938
GW,GNB,1994,1964.50771152778,909.486584465275,568.168871993007,560.883422537973,0.0543794271908382,2145303320.7274,993187544.320198,620458021.451395,612502084.797565,1819.1607666015625,1760.5579833984375,1662.8697509765625,1631.8023681640625,1920.909912109375,1.066346,1705.9760777473375,1651.0194471573368,1559.409188927949,1530.2747590032338,1801.3945868502108,Guinea-Bissau,WAEMU,2011.8266685741776,931.3933229178879,581.854315064149,574.393381508033
GW,GNB,1995,1999.82023018049,945.246706228473,578.381849917403,589.487023081945,1.79752507182782,2239696666.97041,1058628103.39387,647758174.433145,660195402.013602,1844.326416015625,1795.1224365234375,1702.1160888671875,1672.5538330078125,1998.0484619140625,1.088854,1693.8234290507496,1648.634653060408,1563.217923493129,1536.0680431056987,1835.0012599614481,Guinea-Bissau,WAEMU,2056.9301917157027,972.2406340922382,594.8990171622137,606.3213268386781
GW,GNB,1996,2185.76736211592,1052.05187958949,632.160906920913,614.729892454585,9.29819236395304,2499501480.43723,1203058146.12637,722898122.695806,702965147.568054,1942.5611572265625,1842.6690673828125,1799.7308349609375,1721.0516357421875,2072.907470703125,1.110833,1748.7427518146856,1658.8173626303976,1620.1632783334107,1549.334270535884,1866.0838044090563,Guinea-Bissau,WAEMU,2250.1145360618834,1083.023412273825,650.7711984571993,632.8270294167115
GW,GNB,1997,2283.88357077251,1118.23355977066,660.537774707954,598.953470198484,4.48886786202216,2661969076.49604,1303351534.4229,769886500.621982,698107222.422492,2255.576904296875,2121.261474609375,2083.164794921875,1974.6859130859375,2197.153564453125,1.13251,1991.6617992749514,1873.0620255974563,1839.4228703692463,1743.6366240350528,1940.0743167416845,Guinea-Bissau,WAEMU,2350.5038158568486,1150.8521200015011,679.8054768805414,616.424775430232
GW,GNB,1998,1738.54122410447,860.790008706065,502.81554020706,497.724279563733,-23.8778523409397,2064470763.01101,1022164894.00822,597079877.976298,591034143.426384,1894.3524169921875,1806.3104248046875,1750.017578125,1674.1009521484375,1825.62939453125,1.154371,1641.0256468606603,1564.7572789031321,1515.992326665344,1450.2278315623291,1581.4927735808071,Guinea-Bissau,WAEMU,1788.3945135584747,885.4734691084755,517.2339550944176,511.99670073692425
GW,GNB,1999,1992.72847838268,1000.60568713344,576.330795296558,478.733190989909,14.6207205646875,2411611960.90959,1210939006.20302,697478986.452666,579365780.135134,2171.164794921875,2129.566162109375,2014.5185546875,1981.9930419921875,2067.128173828125,1.177131,1844.454691042777,1809.1156906999945,1711.3800882718238,1683.7489132409116,1756.073176076516,Guinea-Bissau,WAEMU,2048.7201177350607,1028.7206829172114,592.5245248427457,492.1846252754655
GW,GNB,2000,1974.62172274651,1013.97349183331,571.094015178625,316.945495037639,-0.908641384543557,2438146400.56575,1251994643.27975,705153195.39567,391345597.488269,2128.693115234375,2078.986083984375,1972.8126220703125,1938.697998046875,2063.214599609375,1.201301,1771.9897970903005,1730.6121313345907,1642.2300672939693,1613.8320021767026,1717.4834613551268,Guinea-Bissau,WAEMU,2029.588255204774,1042.1989520359593,586.9912664649993,325.768144277137
GW,GNB,2001,2025.60064005453,1063.57228308529,585.837980688333,327.138431972397,2.58170548418317,2554835396.0835,1341455004.20384,738901627.416716,412610871.509121,2166.90576171875,2096.092041015625,2013.1298828125,1963.9544677734375,2104.819580078125,1.227106,1765.8668132327198,1708.158904785426,1640.5509245431936,1600.4766236767136,1715.2711991287836,Guinea-Bissau,WAEMU,2082.000573775615,1093.185922164703,602.1497958747785,336.24713065466307
GW,GNB,2002,2053.96189370909,1095.22305833488,594.040535151552,362.034574570354,1.40014043705072,2648187447.29239,1412078755.67256,765900620.254642,466773711.235579,2107.252685546875,2058.379150390625,1968.0380859375,1933.3408203125,2077.8896484375,1.254453,1679.8179649192716,1640.857928029687,1568.8416273367754,1541.182348252585,1656.4109204868575,Guinea-Bissau,WAEMU,2111.029625894625,1125.6529783679102,610.5454889538644,372.0934233770249
GW,GNB,2003,2002.27740627342,1088.74265675319,579.092506821836,419.78486611807,-2.51633136885211,2640615457.05783,1435840348.18205,763710672.551679,553614800.145707,2127.94482421875,2045.7625732421875,2000.4232177734375,1936.250732421875,2086.236572265625,1.283305,1658.1754331345628,1594.1359016307017,1558.8057537167217,1508.8001156559626,1625.6747790008028,Guinea-Bissau,WAEMU,2057.66786310178,1118.861337080468,595.1123642093493,431.3976803220645
GW,GNB,2004,1979.57457765814,1105.34322841441,572.526464627294,431.376557669634,-1.13385031185746,2671560605.74805,1491730323.36863,772660533.181804,582169841.298304,2208.8720703125,2113.848876953125,2088.69189453125,2011.165283203125,2143.840576171875,1.3134919999999999,1681.6791197148518,1609.3351744457714,1590.1824255733954,1531.1591415883197,1632.1687350755658,Guinea-Bissau,WAEMU,2033.937477919965,1135.6980654382594,588.2491352682804,443.22298217142094
GW,GNB,2005,2060.53834311757,1186.62631354737,595.94255560187,463.073962650452,4.08995783100083,2846808866.77609,1639425115.40234,823345295.681209,639776040.688424,2212.580078125,2106.063720703125,2115.208740234375,2052.048583984375,2235.306396484375,1.34493,1645.1265702490093,1565.9281306113517,1572.7277555221276,1525.766087442748,1662.0243406603877,Guinea-Bissau,WAEMU,2116.6966807016647,1218.966872180961,612.1844970974021,475.69467607118884
GW,GNB,2006,2065.08370690452,1225.91824576792,597.257151722046,448.513075469701,0.220591080099751,2922719165.63309,1735045770.99008,845299838.603667,634781901.251494,2169.00146484375,2030.80322265625,2083.408203125,1975.1368408203125,2286.926513671875,1.377581,1574.5001309133547,1474.1806272417014,1512.3671153456676,1433.7718368795101,1660.1031181991295,Guinea-Bissau,WAEMU,2121.6314435471236,1259.4872976544248,613.611714014397,460.79461117095406
GW,GNB,2007,2065.86121747677,1259.6056068922,597.482020935948,519.069789794741,0.0376503174978779,2997535704.50175,1827670101.12209,866938047.629768,753162998.015113,2167.161376953125,2073.19287109375,2095.00439453125,2024.8880615234375,2361.547119140625,1.411543,1535.3137502386573,1468.7422707588432,1484.1945265084025,1434.5209898128767,1673.0252774025482,Guinea-Bissau,WAEMU,2123.5879491462533,1294.8029929815034,614.1775685400785,533.5742503169319
GW,GNB,2008,2105.54284991215,1308.53556699717,608.958620496925,640.210331101753,1.92082759963192,3133161459.98318,1947171584.6124,906163311.064931,952667544.037289,2175.403564453125,2094.024169921875,2098.109375,2064.22314453125,2437.205078125,1.446936,1503.455276842324,1447.2127101142519,1450.0360589549227,1426.6167574317385,1684.3903794811933,Guinea-Bissau,WAEMU,2165.376671796942,1345.7206017490753,626.263574245807,658.403373775543
GW,GNB,2009,2102.92720552345,1314.97078661955,608.202131879882,583.190020139094,-0.124226604498276,3209859719.18527,2007141164.368,928345745.452418,890167833.369849,2124.892822265625,2045.48876953125,2075.034912109375,2012.3809814453125,2519.31201171875,1.4839209999999998,1431.9447074781106,1378.4350848402646,1398.3459443658896,1356.1240668777602,1697.7399819254194,Guinea-Bissau,WAEMU,2163.093398627872,1352.593004862119,625.6032130095997,599.8754875561766
GW,GNB,2010,2164.13349780236,1369.68917066121,625.904027290582,600.194298540768,2.91052833964689,3389784011.88223,2145408523.39767,980382895.434522,940112538.936436,2264.38330078125,2138.9091796875,2209.685791015625,2120.468017578125,2635.47265625,1.522599,1487.182968582831,1404.7751112981816,1451.2591897246912,1392.6634771060042,1730.9039715972492,Guinea-Bissau,WAEMU,2226.3143558364545,1409.0436965988222,643.8877836085023,617.43935135675
GW,GNB,2011,2278.40566106623,1471.76279879072,658.953470528116,719.539573498937,5.28027330014127,3663849461.82474,2366706434.42818,1059647261.07297,1157074319.19388,2450.209716796875,2412.10205078125,2405.586669921875,2412.697509765625,2848.551025390625,1.562989,1567.6436090061254,1543.2623331202267,1539.0937939562434,1543.643307640441,1822.502285934594,Guinea-Bissau,WAEMU,2344.1300366315695,1514.2182282973074,677.9620720766237,740.2958812850762
GW,GNB,2012,2180.60762289148,1401.84994044148,630.66862302825,635.461653303881,-4.29238918450449,3601092498.77258,2315038823.09405,1041496885.43544,1049412177.11413,2423.4462890625,2336.507568359375,2338.329833984375,2306.160888671875,2799.7587890625,1.604979,1509.9551390158376,1455.7870030445104,1456.922385890641,1436.8791670619212,1744.42082361358,Guinea-Bissau,WAEMU,2243.700695630647,1442.4106627526278,648.9162072746373,653.8479177074155
GW,GNB,2013,2192.45628322206,1415.82511935379,634.095456089352,654.304534409417,0.543365078897963,3718346660.02497,2401201175.1458,1075408772.95023,1109682824.13594,2439.162353515625,2365.654541015625,2372.92919921875,2341.4638671875,2890.921142578125,1.648255,1479.845262726717,1435.247908251833,1439.661459676294,1420.5713722618768,1753.9283318285854,Guinea-Bissau,WAEMU,2255.9292463999623,1456.8141307903206,652.4529110788258,673.2470546947773
GW,GNB,2014,2156.2021908175,1455.90813665193,623.610159103365,652.022501029449,-1.65358336592615,3754211070.88055,2534913686.70368,1085781367.43837,1135250721.0374,2500.372802734375,2425.105224609375,2432.69091796875,2406.72509765625,2918.8046875,1.692437,1477.380134524579,1432.907236493515,1437.3893491862623,1422.047082199367,1724.6164480568552,Guinea-Bissau,WAEMU,2218.2279581931557,1497.7890974397747,641.5490605785444,670.7787179300618
GW,GNB,2015,2230.39106612596,1729.94260310123,645.066837207039,645.066837207039,3.4407197814937,3984497732.81818,3090468072.90842,1152384166.79638,1152384166.79638,2893.131591796875,2877.202392578125,2871.15966796875,2859.378662109375,3097.8447265625,1.737202,1665.3973411249096,1656.2278840216193,1652.7494603211085,1645.9678621768655,1783.2380612977076,Guinea-Bissau,WAEMU,2293.6294874275877,1778.9917769542171,663.356458717167,663.356458717167
GW,GNB,2016,2293.23583589196,1824.3730977071,663.242608032005,679.665386626818,2.81765698941554,4200962675.11962,3342056307.07795,1214989490.95557,1245074264.10396,3160.604736328125,3158.6865234375,3146.6826171875,3143.394775390625,3291.863525390625,1.782438,1773.1919631022931,1772.1157894061394,1765.381245904486,1763.536670218333,1846.8319938144414,Guinea-Bissau,WAEMU,2356.8632822682303,1874.9916165824282,681.6447421764852,698.5231823513412
GW,GNB,2017,2342.41526571427,2081.81287227685,677.466131311367,783.123186602022,2.14454305364472,4396882107.64481,3907712651.79045,1271652706.03289,1469978606.12143,3486.708984375,3474.89013671875,3486.708984375,3474.89013671875,3486.708984375,1.828145,1907.2387498666683,1900.7738099104558,1907.2387498666683,1900.7738099104558,1907.2387498666683,Guinea-Bissau,WAEMU,2405.105780802294,2137.5288348519675,695.5972890732902,804.0820646728952
GW,GNB,2018,2373.50158144916,2057.96969129146,686.456819839526,808.531613218504,1.32710524004433,4562268787.81097,3955763485.57032,1319485332.4773,1554133593.91699,3420.62841796875,3437.965087890625,3438.91162109375,3439.763427734375,3603.794189453125,1.8743029999999998,1825.0135746294757,1834.2632369956327,1834.76824243132,1835.2227082464124,1922.7383136307872,Guinea-Bissau,WAEMU,2434.114861797143,2110.5250781598925,703.9872061653319,829.1794837424846
GW,GNB,2019,2442.10663731324,2247.31303739185,706.298562874985,811.216425885129,2.89045755858285,4805323461.81472,4422028874.42379,1389780856.97486,1596227316.34846,3554.279052734375,3262.903564453125,3581.914794921875,3266.132080078125,3765.965087890625,1.920922,1850.2984778842529,1698.6132515808165,1864.6851849902678,1700.2939630438534,1960.4987021287825,Guinea-Bissau,WAEMU,2501.571360947878,2302.034582572218,723.4967671643409,830.9693555222232
GW,GNB,2020,2455.85606168546,2339.79326967821,710.275129060129,846.915855715971,0.563014905333631,4944264495.46855,4710600499.14601,1429964954.95595,1705057581.09946,NA,NA,NA,NA,NA,NA,NA,NA,NA,NA,NA,Guinea-Bissau,WAEMU,NA,NA,NA,NA
GW,GNB,2021,2522.76764302521,2522.76764302521,729.627090607537,926.780921081233,2.72457259949626,5193977456.93366,5193977456.93366,1502186168.85351,1908094558.33981,NA,NA,NA,NA,NA,NA,NA,NA,NA,NA,NA,Guinea-Bissau,WAEMU,NA,NA,NA,NA
KE,KEN,1980,NA,NA,1275.28269729355,453.558973444809,1.91506413946645,NA,NA,20428063600.0061,7265315820.20777,36549.73828125,36195.26171875,34815.3515625,35157.25,49982.22265625,16.417196999999998,2226.308076905577,2204.716293454358,2120.663567751548,2141.489195750042,3044.504043915049,Kenya,Non-CFA comparison,NA,NA,1244.3088549163479,442.5430126840636
KE,KEN,1981,NA,NA,1276.92778781689,412.883704225392,0.128998105818283,NA,NA,21198925607.9366,6854491705.88377,37305.00390625,36184.0859375,35620.421875,35288.26953125,51864.0078125,17.063876,2186.1975500906124,2120.508021594859,2087.4754290877404,2068.010194826193,3039.403697758938,Kenya,Non-CFA comparison,NA,NA,1242.3276873282834,401.6960569734432
KE,KEN,1982,NA,NA,1250.61396929068,373.794835688888,-2.06071312546143,NA,NA,21518282813.0601,6431579356.95926,38617.703125,37333.23046875,37078.2734375,36505.5703125,53776.40625,17.736326,2177.322582196561,2104.902135242102,2090.527284934885,2058.237445145066,3031.9924346225935,Kenya,Non-CFA comparison,NA,NA,1213.232256390647,362.62185059968226
KE,KEN,1983,NA,NA,1221.53485890834,335.037151735189,-2.3251867559766,NA,NA,21799967946.1155,5979198313.76093,40833.12109375,39304.1796875,39303.015625,38388.89453125,54510.76171875,18.431760999999998,2215.367326743766,2132.415871033701,2132.352715782285,2082.757829338716,2957.4364445562205,Kenya,Non-CFA comparison,NA,NA,1182.7392914933905,324.3964759395986
KE,KEN,1984,NA,NA,1198.09437242046,334.40283575753,-1.91893717292913,NA,NA,22182604684.4938,6191437070.18411,43699.1328125,42456.86328125,41973,41287.0625,55474.60546875,19.1464,2282.36811162934,2217.4854427594746,2192.2136798562656,2156.38775435591,2897.390917809614,Kenya,Non-CFA comparison,NA,NA,1158.578358568389,323.37343156855127
KE,KEN,1985,NA,NA,1204.91932367736,319.503611010714,0.569650556250821,NA,NA,23136581311.9696,6135034213.78998,44639.51171875,43583.3984375,43214.53515625,42526.31640625,57845.97265625,19.877083,2245.7777994261032,2192.6455927914576,2174.088378875814,2139.4646491263334,2910.184188306202,Kenya,Non-CFA comparison,NA,NA,1163.9827288525987,308.6486188033717
KE,KEN,1986,NA,NA,1245.98851025394,363.745117772717,3.40845945197678,NA,NA,24797222251.1412,7239126568.14092,48201.58984375,47155.78125,46956.46875,46171.15234375,61992.02734375,20.62256,2337.3232927313584,2286.6114221512753,2276.9466424149086,2238.8661904123446,3006.0296754500896,Kenya,Non-CFA comparison,NA,NA,1202.431815019144,351.0294826704793
KE,KEN,1987,NA,NA,1274.22087961614,386.630929992512,2.26586113193359,NA,NA,26269459979.3708,7970820369.2949,48816.09375,47289.1875,47581.0078125,46319.296875,65663.8203125,21.382112,2283.034236748924,2211.623786275182,2225.2716575659133,2166.2638786570756,3070.969804690014,Kenya,Non-CFA comparison,NA,NA,1228.571807096081,372.77984369808274
KE,KEN,1988,NA,NA,1306.36433683504,391.238771204282,2.52259696361155,NA,NA,27899002871.2389,8355380879.12955,51739.41015625,49859.33203125,50555.73046875,48950.84375,69733.3828125,22.153675999999997,2335.477423983722,2250.6121345843467,2282.0470277144977,2209.6036680323396,3147.7115947935686,Kenya,Non-CFA comparison,NA,NA,1259.3396631438911,377.15550589119164
KE,KEN,1989,NA,NA,1320.50774519897,374.489193682103,1.0826542002969,NA,NA,29207563408.6722,8283114514.17081,52305.67578125,50844.87109375,51357.85546875,50138.4765625,73007.3984375,22.935091999999997,2280.5958563955187,2216.9028619440464,2239.2696514472236,2186.1031367347473,3183.218032763941,Kenya,Non-CFA comparison,NA,NA,1273.4879549936927,361.15462341161793
KE,KEN,1990,4177.48603310346,1729.27344602951,1329.33312766232,374.458992895562,0.668332502815062,95633729813.2119,39587653483.521,30431959354.312,8572359038.16958,54920.56640625,52272.2109375,54524.62890625,52200.8125,76082.515625,23.724579,2314.9226971003363,2203.2935099712413,2298.233781356036,2200.2840387599713,3206.906880202174,Kenya,Non-CFA comparison,4030.997971058281,1668.634603948968,1282.7186250306906,361.32818366005904
KE,KEN,1991,4102.47677512965,1755.65401619964,1305.46415701447,344.722642127742,-1.79555975482411,97009274497.7782,41515097273.2209,30869676465.3409,8151488783.19064,56141.9765625,54491.14453125,55857.03515625,54364.25390625,77153.453125,24.521703,2289.4811409509366,2222.1598773645533,2277.8611728659303,2216.9852520540685,3146.3333980107336,Kenya,Non-CFA comparison,3956.057803072576,1692.9940499328657,1258.8716397609458,332.4193586061555
KE,KEN,1992,3946.84093437851,1727.54067549476,1255.93870622359,336.68139978696,-3.79370437133613,96233691208.8466,42121691418.6239,30622875266.9484,8209120763.04955,54881.1953125,53704.65234375,54476.8203125,53595.91015625,76541.484375,25.326078,2166.9835855555684,2120.5277952531774,2151.0168417115356,2116.23411079481,3022.239936835068,Kenya,Non-CFA comparison,3799.7865760678224,1663.1746699439173,1209.144000383652,324.13707179807113
KE,KEN,1993,3844.92029783599,1722.82069886192,1223.50616725762,228.998032843434,-2.58233453633143,96573585965.7625,43272411383.6063,30731034422.1691,5751786642.55871,58145.03125,56600.0625,57691.77734375,56454.65234375,76816.875,26.136215999999997,2224.6920231298977,2165.579841397087,2207.3500365833374,2160.0162909485443,2939.097036847262,Kenya,Non-CFA comparison,3695.0102480696714,1655.6494399803823,1175.802741382651,220.06960160410026
KE,KEN,1994,3833.22357838589,1754.25340077393,1219.7841113305,276.447871981244,-0.304212273442516,99116160385.3891,45359958236.7536,31540116338.6072,7148148564.04239,66930.734375,64675.09375,66566.0859375,64495.06640625,78836.359375,26.950512999999997,2483.4679167331624,2399.772269641027,2469.9376200185875,2393.0923469341756,2925.226669154684,Kenya,Non-CFA comparison,3677.709600013518,1683.0832955481628,1170.2974388133987,265.23237476193464
KE,KEN,1995,3890.0985511465,1817.60888095695,1237.88250467675,340.064842175429,1.4837374235438,103483433023.06,48351578866.6054,32929842156.6672,9046320255.40507,64413.44921875,61906.01171875,64419.26953125,62054.71875,82309.265625,27.768296,2319.675979352496,2229.377406476436,2319.8855821491534,2234.732687594514,2964.145355732307,Kenya,Non-CFA comparison,3726.675667209108,1741.2512048490623,1185.8791103590656,325.7787318100134
KE,KEN,1996,3941.40919481353,1875.29830948115,1254.21025248674,440.527078880876,1.31900626661266,107774724660.321,51278552662.3958,34295389782.3606,12045865396.1323,67130.8203125,65168.9609375,67268.4609375,65473.7734375,85720.9609375,28.589451,2348.0975662141955,2279.475773686595,2352.9119512473326,2290.1374859384323,2998.3423234500024,Kenya,Non-CFA comparison,3769.737469261687,1793.6179558815522,1199.581964073413,421.3395142191537
KE,KEN,1997,3853.37139280354,1865.02667279175,1226.19542113337,466.723814611399,-2.23366307984048,108286548898.402,52410546872.6057,34458259247.3522,13115764358.2846,68365.2890625,65496.26171875,68183.09375,65440.6484375,85952.6875,29.415658999999998,2324.1121017380574,2226.578086139427,2317.918281212058,2224.687484903874,2922.0044840742817,Kenya,Non-CFA comparison,3681.255242264061,1781.7226828950425,1171.425710617335,445.87695139804964
KE,KEN,1998,3871.82176322447,1895.01738202937,1232.06658106635,487.883239905452,0.47881111214398703,111849407789.869,54743370148.0552,35592009621.64,14093998843.7334,68740.1953125,66587.8125,68354,66018.78125,88836.9609375,30.250487999999997,2272.366492484353,2201.2144894984835,2259.599911247713,2182.40384254297,2936.7116635440725,Kenya,Non-CFA comparison,3697.4414359817606,1809.668992713612,1176.576378590653,465.9098009834883
KE,KEN,1999,3848.46470612727,1910.24013027617,1224.63404639886,433.721235701305,-0.603257549690113,114427971280.882,56797949171.4744,36412543752.2683,12896010459.3711,69473.84375,67259.828125,69105.921875,66715.625,90706.6875,31.098757,2233.974938290942,2162.781879835262,2222.1441800712487,2145.2826876649765,2916.730321408023,Kenya,Non-CFA comparison,3679.503051549038,1826.3736126647893,1170.8681395937563,414.67928957324887
KE,KEN,2000,3756.63622296879,1906.89794095999,1195.41296851656,414.626365130846,-2.38610693277963,115114190550.448,58432863846.0635,36630908098.8264,12705350097.8044,68730.7109375,65744.4453125,68053.65625,65096.53125,91158.078125,31.964557,2150.2162829129775,2056.7920059865055,2129.034863520868,2036.5222408682216,2851.8486311260313,Kenya,Non-CFA comparison,3601.307240092456,1828.0517338645896,1145.985164093668,397.48243962224785
KE,KEN,2001,3778.25854755615,1961.05816869463,1202.29348759987,410.70045247481403,0.575576747494395,119465399319.131,62007031615.8442,38015522174.3133,12986007425.8781,71611.5859375,66238.4921875,70829.984375,65697.109375,95230.2578125,32.848563999999996,2180.0522524363623,2016.480604372843,2156.2581662626108,1999.999433004134,2899.0691286383176,Kenya,Non-CFA comparison,3636.8530240509454,1887.6633881421485,1157.296318168225,395.329531783432
KE,KEN,2002,3681.2569427491,1940.4030326056,1171.4262517349,402.936385605382,-2.56736280977373,120118707240.57,63314978396.5385,38223413680.2696,13147736898.5176,69826.375,66448.703125,69119.9609375,65971.25,95774.75,33.751739,2068.823031607349,1968.7490213467222,2047.8933229929278,1954.602990974776,2837.6241591581397,Kenya,Non-CFA comparison,3558.8894320547456,1875.9027022737553,1132.4872380729657,389.54250323272527
KE,KEN,2003,3674.08592758409,1974.8582021244,1169.14433674051,442.898457253405,-0.194798007216917,123641158956.222,66458368611.2695,39344305939.1787,14904517649.8476,68460.0546875,67082.8671875,67801.765625,66619.2109375,98557.25,34.678779,1974.1195238592454,1934.4068367430123,1955.1370486544524,1921.036808634468,2842.0046161371483,Kenya,Non-CFA comparison,3565.3261885668467,1916.3987466591457,1134.5355019327153,429.78784373716275
KE,KEN,2004,3743.56785736929,2066.31540638632,1191.25443604556,463.662781300121,1.89113513278383,129952174356.235,71728946875.3981,41352557259.2179,16095337093.8366,71549.0625,68595.40625,70827.984375,68112.7421875,103587.234375,35.635270999999996,2007.8158659155422,1924.9301134822297,1987.580910357045,1911.385553585379,2906.87376489995,Kenya,Non-CFA comparison,3646.72894886179,2012.8637965289536,1160.4389723658314,451.6687159145388
KE,KEN,2005,3844.73557120578,2188.6956101775,1223.44738472019,523.456312433863,2.70244103195117,137628015358.898,78347607390.589,43795114731.9782,18737895512.7378,76682.46875,72208.5703125,76311.296875,73037.6171875,109711.6171875,36.624894999999995,2093.7252857653248,1971.5707120115978,2083.590871045501,1994.2068690572357,2995.5476237542803,Kenya,Non-CFA comparison,3757.7722846413085,2139.1899523695297,1195.7744788613923,511.61636129571986
KE,KEN,2006,3970.73349887685,2330.13028941165,1263.54164666211,699.80237063381,3.27715457506901,146535980808.419,85991146841.4899,46629751036.7518,25825512284.2891,84663.453125,79402.40625,84246.1015625,79872.6015625,116651.8046875,37.649032999999996,2248.755051026145,2109.015821203164,2237.6697314510047,2121.5047292848135,3098.401084763585,Kenya,Non-CFA comparison,3892.157889112824,2284.020066106078,1238.537814151875,685.9541992563024
KE,KEN,2007,4116.45094720856,2481.08706146996,1309.91092948216,840.201439476765,3.66978666216018,156574764869.405,94371493369.4559,49824229272.6978,31958195182.2406,90141.9765625,85331.8203125,89931.0078125,85806.3359375,124643.359375,38.705932,2328.8930637944595,2204.618669626661,2323.4425103754124,2216.8781761281452,3220.265032631174,Kenya,Non-CFA comparison,4045.2394963491643,2438.166154207471,1287.2504729429536,825.6665976223128
KE,KEN,2008,4002.88364073792,2459.12174524213,1273.77226103073,915.54435473604,-2.7588645638462,156938461030.929,96413190295.6955,49939962360.0343,35895153327.8497,93471.015625,87956.7265625,93227.5,89093.6484375,124933.1171875,39.791981,2348.9912609528037,2210.4133634990426,2342.871544897451,2238.984996436845,3139.6556303014922,Kenya,Non-CFA comparison,3943.972053839918,2422.930145038406,1255.0257892421666,902.0700258137363
KE,KEN,2009,4012.19428382397,2480.0442906801,1276.73503486074,1047.9678324485,0.232598394599862,162128321485.866,100215839417.265,51591446859.569,42347217912.9176,99208.609375,95268.375,99529.6328125,96006.5234375,129064.4921875,40.901792,2425.5320983246897,2329.198070343715,2433.380738244916,2347.244918694516,3155.472801472855,Kenya,Non-CFA comparison,3963.8439676644484,2450.157670775525,1261.3493037070111,1035.3389385217547
KE,KEN,2010,4211.52462957784,2634.89271323826,1340.16467408856,1091.51873101194,4.96811299885232,175193389475.644,109607761069.453,55748929986.1062,45405615063.7551,109637.828125,103723.5234375,109700.8203125,104803.5390625,139905.828125,42.030676,2608.5192663805838,2467.8052629346244,2610.017985732611,2493.501152884146,3328.6599560045142,Kenya,Non-CFA comparison,4168.22678454289,2607.8039065908197,1326.386708272458,1080.2970445622882
KE,KEN,2011,4307.10611556858,2750.28663787693,1370.58000874482,1096.14499807675,2.26952218964762,184165228865.401,117598023944.482,58603891851.295,46869473150.61,119047.046875,110388.7890625,118986.8671875,111986.3046875,148456.3125,43.178273999999995,2757.1052718550077,2556.5817907056685,2755.711522593516,2593.579926041046,3438.2178523393504,Kenya,Non-CFA comparison,4265.229056293474,2723.5461969712364,1357.254156367969,1085.487417829856
KE,KEN,2012,4387.93790075409,2847.27068286846,1396.30178709756,1285.00536171512,1.87670753904403,192579148133.479,124961878452.748,61281315911.5794,56396704671.5777,129439.2265625,120021.640625,128188.625,120889.7734375,155218.4375,44.343467,2919.0145768823177,2706.6363715990005,2890.8119656047643,2726.213839741038,3500.3676528044143,Kenya,Non-CFA comparison,4342.8978643794135,2818.044841932364,1381.9694321957145,1271.8154101838202
KE,KEN,2013,4443.371215682,3106.39394464885,1413.94142522583,1370.87885214659,1.26331129067221,199893012215.302,139746695151.583,63608687382.876404,61671440407.8387,138897.046875,129483.390625,137929.734375,129935.7734375,164356.25,45.519981,3051.342373692994,2844.5396456777958,3030.092090218579,2854.4777608211216,3610.6396880965303,Kenya,Non-CFA comparison,4391.324596890803,3070.007765415873,1397.3794800765932,1354.8213125976195
KE,KEN,2014,4558.55155266374,3359.48950665093,1450.59338202277,1482.81566253497,2.59218353342239,209927863314.401,154709329446.165,66801914096.6185,68285796514.2896,153423.59375,140838.71875,152614.1875,141301.84375,173154.046875,46.700055,3285.297924167327,3015.8148368347747,3267.965904965208,3025.731848709814,3707.7910695180126,Kenya,Non-CFA comparison,4495.238031612618,3312.8297053646943,1430.446154648394,1462.2209013306215
KE,KEN,2015,4679.62182831938,3678.32614146019,1489.11959777284,1489.11959777284,2.65589352795405,220356494132.985,173206956148.628,70120446896.8359,70120446896.8359,169404.484375,160624.5625,168838.3125,160442.5625,183063.21875,47.878336,3538.228320528934,3354.848474683832,3526.403100141158,3351.047172984458,3823.508376523361,Kenya,Non-CFA comparison,4602.425909977009,3617.6477843471416,1464.5548019220198,1464.5548019220198
KE,KEN,2016,4770.31046388086,3916.65315673095,1517.97796057742,1554.12610314423,1.93794795580835,229641252624.049,188546457052.59,73074983895.0953,74815144163.8931,182602.90625,175858,182326.96875,175289.9375,193825.40625,49.051534,3722.674733271339,3585.1682028945315,3717.049272098198,3573.587270481694,3951.464723814754,Kenya,Non-CFA comparison,4681.632436287294,3843.844252711648,1489.7594006967306,1525.2355647815846
KE,KEN,2017,4846.86210851932,4177.24993580267,1542.33773973372,1667.48447230835,1.60475183361922,238454787849.2,205511364865.135,75879571212.3885,82036510877.2599,203140.078125,195892.1875,203140.078125,195892.1875,203140.078125,50.221142,4044.9115658301835,3900.592055433546,4044.9115658301835,3900.592055433546,4044.9115658301835,Kenya,Non-CFA comparison,4748.0956894448955,4092.1284678300426,1510.9089158583552,1633.5054841496815
KE,KEN,2018,5017.66784674664,4411.56104120886,1596.69045914945,1836.45275528993,3.52404781491717,251922586472.068,221491717233.004,80165208728.3956,92202979985.2863,212139.75,206989.203125,212304.046875,206778.5,215975.40625,51.392565,4127.829580018044,4027.6098911389226,4131.026479705771,4023.5100155051614,4202.46403832928,Kenya,Non-CFA comparison,4901.9266983865855,4309.800789919787,1559.8600445102438,1794.0918104649243
KE,KEN,2019,5171.71264279257,4687.37782325306,1645.70961777862,1960.40808854893,3.07004769448449,264806307742.621,240006995767.663,84264984851.3549,100378436207.371,222738.46875,217529.4375,223246.234375,217130.78125,227564.0625,52.573972999999995,4236.667994446606,4137.587956306822,4246.326112257105,4130.005188118464,4328.454737480084,Kenya,Non-CFA comparison,5036.83272600724,4565.129513184462,1602.788985556692,1909.2800197422976
KE,KEN,2020,5057.40115537429,4792.57315847182,1609.33414078281,1927.66459027849,-2.2103217118529,264084005302.165,250255393335.358,84035138346.859,100657505750.545,NA,NA,NA,NA,NA,NA,NA,NA,NA,NA,NA,Kenya,Non-CFA comparison,NA,NA,NA,NA
KE,KEN,2021,5338.85243382781,5338.85243382781,1698.89578271444,2061.35622089594,5.5651365159048,284129273925.386,284129273925.386,90413816676.9795,109703658904.994,NA,NA,NA,NA,NA,NA,NA,NA,NA,NA,NA,Kenya,Non-CFA comparison,NA,NA,NA,NA
MG,MDG,1980,NA,NA,685.100689761521,577.592700958515,-2.05648173389217,NA,NA,6170038735.21433,5201818347.79882,13481.373046875,13090.923828125,12834.8427734375,12553.466796875,20789.328125,8.716553,1546.640403250574,1501.8464097132205,1472.467702936872,1440.187055235596,2385.0400640023645,Madagascar,Non-CFA comparison,NA,NA,707.8530624679652,596.7747052990809
MG,MDG,1981,NA,NA,599.781047690351,512.913929983213,-12.4535916174408,NA,NA,5565374939.11029,4759333998.36746,13078.85546875,12682.111328125,12519.767578125,12248.2353515625,18992.06640625,8.971345,1457.8477885701643,1413.6243036161245,1395.5284941249056,1365.261881196465,2116.969797310214,Madagascar,Non-CFA comparison,NA,NA,620.350119085855,530.5039543532725
MG,MDG,1982,NA,NA,571.230461402833,500.642606965445,-4.76016813093069,NA,NA,5459632815.26647,4784977325.95803,13245.6845703125,13029.8388671875,12720.9033203125,12613.8291015625,18644.697265625,9.234129,1434.4270661924368,1411.0522895215672,1377.596449032984,1366.0009624689562,2019.1072991968167,Madagascar,Non-CFA comparison,NA,NA,591.2450232465314,518.1839376467483
MG,MDG,1983,NA,NA,559.661168899672,476.118671340584,-2.02532835429476,NA,NA,5508769510.5709,4686457031.2269,13898.7939453125,13716.01953125,13374.263671875,13256.2001953125,18795.728515625,9.504280999999999,1462.3719506307211,1443.141204605588,1407.1831074728327,1394.7609709048481,1977.606566517236,Madagascar,Non-CFA comparison,NA,NA,579.6092845498677,493.0890649410409
MG,MDG,1984,NA,NA,553.131009938747,385.408181010621,-1.16680579675797,NA,NA,5605733876.77473,3905938480.86119,14352.845703125,14185.26171875,13769.2998046875,13637.4873046875,19116.134765625,9.780871999999999,1467.4402960313766,1450.3064469865265,1407.7783458046995,1394.3017866594616,1954.4407457356565,Madagascar,Non-CFA comparison,NA,NA,573.1323216145483,399.34460658121185
MG,MDG,1985,NA,NA,543.513684745557,364.469101913106,-1.7387065668684,NA,NA,5670555451.89363,3802557894.8719,15040.884765625,14751.7763671875,14552.81640625,14250.5380859375,19337.09375,10.063495,1494.598523239193,1465.8700945533833,1446.0996310178523,1416.0625196253886,1921.5087551591173,Madagascar,Non-CFA comparison,NA,NA,563.4777432585429,377.8565890748592
MG,MDG,1986,NA,NA,538.491952606661,404.959271422966,-0.923938491308903,NA,NA,5781711090.7885,4347989788.09257,18022.49609375,17957.517578125,17570.73046875,17447.458984375,19715.927734375,10.35212,1740.9473705627447,1734.6705388002651,1697.3074567093504,1685.3996074596316,1904.5304473262483,Madagascar,Non-CFA comparison,NA,NA,558.5050299637659,420.00960074772803
MG,MDG,1987,NA,NA,529.509105998087,290.831531079348,-1.66814871886039,NA,NA,5849641181.11071,3212900555.8091,16517.646484375,16999.314453125,16099.5712890625,16540.771484375,19948.19921875,10.647753999999999,1551.2798740818957,1596.516453434687,1512.0157066985678,1553.4516936036464,1873.4654480888648,Madagascar,Non-CFA comparison,NA,NA,549.3779421566944,301.7444388562227
MG,MDG,1988,NA,NA,532.03346958824,280.528398357653,0.476736577625942,NA,NA,6048934315.21165,3189456965.0482,16384.470703125,16473.50390625,16000.353515625,16068.29296875,20627.119140625,10.952395,1495.971493278411,1504.1006013981419,1460.8999689679747,1467.1031284709875,1883.343245073338,Madagascar,Non-CFA comparison,NA,NA,552.2932943170557,291.2109146034452
MG,MDG,1989,NA,NA,537.840431033529,271.306183276982,1.09146543915431,NA,NA,6295421169.5666,3175638332.64471,15874.947265625,16092.5810546875,15594.9892578125,15786.7978515625,21468.4765625,11.268658,1408.7699942286827,1428.0831892038518,1383.9260413984077,1400.9474643353715,1905.1493587346426,Madagascar,Non-CFA comparison,NA,NA,558.6664507492019,281.8115815250325
MG,MDG,1990,1968.27239771424,1165.82092420717,538.536275056569,326.099253221978,0.129377410638895,23728781480.5073,14054716200.888,6492398920.48671,3931334875.01376,16515.25,15815.4091796875,16222.595703125,15535.859375,22140.4453125,11.598633,1423.8962470836004,1363.5580313376154,1398.6644549512862,1339.4560699523815,1908.8840307732817,Madagascar,Non-CFA comparison,2045.8257003654915,1211.7562648018952,559.7555264044228,338.9481221635136
MG,MDG,1991,1789.84169366249,1095.98699618488,489.716098120013,262.024402380479,-9.06534604960984,22232361091.7596,13613706026.2549,6082965417.7811,3254713056.02171,15453.8779296875,15163.498046875,15208.3857421875,14882.4384765625,20743.486328125,11.942819,1293.9891268290594,1269.6749441547258,1273.433495239901,1246.1411729142424,1736.900335517519,Madagascar,Non-CFA comparison,1861.5672808705885,1139.9072552514529,509.340836345347,272.52469086416784
MG,MDG,1992,1757.29459775259,1100.5789685005,480.810932444988,290.2120463948,-1.81843433556932,22494899697.5332,14088368300.509,6154798240.80708,3714966678.33381,14981.0078125,14781.4189453125,14718.080078125,14522.5703125,20989.53515625,12.301336,1217.8358360831703,1201.610861235926,1196.4619191057784,1180.5685425144065,1706.280940236898,Madagascar,Non-CFA comparison,1828.6550093041276,1145.2713998307988,500.3357554664859,301.9970089699046
MG,MDG,1993,1740.29513594203,1115.76728424914,476.159733326381,307.887603096441,-0.967365507883727,22967275310.8489,14725165789.949,6284044275.81625,4063298919.2868,15298.7958984375,14978.12109375,15004.6455078125,14692.5029296875,21429.59375,12.67546,1206.9617906125302,1181.6629214048248,1183.7555014029078,1159.1297617354717,1690.6363753268126,Madagascar,Non-CFA comparison,1811.9480721684972,1161.7066197162865,495.76459361760834,320.5642177314906
MG,MDG,1994,1686.34190833351,1104.26113402505,461.397665709464,258.723806434505,-3.10023435072759,22957605788.7662,15033245439.4469,6281398611.31878,3522227092.22839,15299.28515625,15118.5888671875,15059.453125,14842.4990234375,21414.25,13.066543,1170.8747414101801,1157.0458128969155,1152.5200755088779,1135.9162881442705,1638.8611739157022,Madagascar,Non-CFA comparison,1756.9762552165635,1150.5143663053723,480.7238311861661,269.56074703373264
MG,MDG,1995,1661.27062467061,1110.65249225111,454.537946632781,273.149653945976,-1.48672600372494,23342970396.6685,15606083598.0557,6386837686.07253,3838100903.74974,15827.306640625,15456.3955078125,15656.5537109375,15244.900390625,21780.90625,13.475399999999999,1174.5333452532022,1147.00828975856,1161.8618898836028,1131.3133851778057,1616.3458042061832,Madagascar,Non-CFA comparison,1732.265490944128,1158.116538140293,473.9627533188277,284.82278104915184
MG,MDG,1996,1643.32579628891,1118.76916210987,449.6280870806,339.877283663608,-1.08018694336826,23845825708.7932,16234135987.0885,6524423229.10942,4931861038.70763,16614.154296875,16170.3349609375,16445.99609375,15959.8974609375,22248.9609375,13.902688,1195.0318022583115,1163.1085269940245,1182.9364288222537,1147.9720656133188,1600.3351968698428,Madagascar,Non-CFA comparison,1715.1953427130927,1167.6976414264996,469.2922137869612,354.7415462900146
MG,MDG,1997,1649.44809006306,1142.30166097791,451.303199370831,284.371843967244,0.372555082381069,24726569520.7906,17124031731.6109,6765402319.37305,4262965419.74998,17325.56640625,16758.1796875,17112.8359375,16500.462890625,23069.884765625,14.347854,1207.5371275906487,1167.9920695805797,1192.7104874011125,1150.0300247427247,1607.8979313300094,Madagascar,Non-CFA comparison,1723.363613874981,1193.490798805933,471.527123106567,297.11519365544007
MG,MDG,1998,1658.88849253066,1161.75088846904,453.886174768872,284.192923139852,0.572337045613963,25695127696.2187,17994782388.8203,7030408175.56267,4401967632.73718,18249.126953125,17730.826171875,17982.677734375,17368.26171875,23974.359375,14.808791,1232.3171387269224,1197.317604919605,1214.3245005196577,1172.8345493396457,1618.927525886482,Madagascar,Non-CFA comparison,1735.1266349980021,1215.1418970542768,474.7455869667328,297.25368078576975
MG,MDG,1999,1681.35933226493,1194.1502466887,460.034389996571,267.360530991414,1.35457204239148,26902600084.061,19107008187.044,7360783017.34648,4277903780.29131,19227.513671875,18720.80859375,18972.599609375,18363.189453125,25101.0234375,15.282521,1258.1375593643877,1224.9817025443642,1241.4574538700128,1201.5811693060982,1642.46615054545,Madagascar,Non-CFA comparison,1760.3509318953986,1250.252375707123,481.64717178183366,279.9213415307141
MG,MDG,2000,1701.44320253582,1235.78733941908,465.529509827021,280.282905559649,1.19450196549229,28101611020.8841,20410681393.9662,7688842733.27739,4629247203.84524,20015.24609375,19891.19140625,19715.626953125,19496.0078125,26290.119140625,15.766805999999999,1269.4547071708755,1261.5866147049694,1250.4515469477458,1236.52233765672,1667.4346814836817,Madagascar,Non-CFA comparison,1782.3274429129212,1294.5349485473598,487.6601344164056,293.60716456111913
MG,MDG,2001,1748.50350929178,1298.56378873164,478.40561494987,319.283278235657,2.76590524360817,29782153615.0528,22118357801.0749,8148653656.69862,5438332601.90798,21202.56640625,21492.298828125,20887.857421875,21114.01953125,27864.5,16.260932,1303.896136227001,1321.7138370743448,1284.5424494656886,1298.4507610787623,1713.58566655343,Madagascar,Non-CFA comparison,1831.5157836618957,1360.2146421296702,501.1184879623517,334.44162990829676
MG,MDG,2002,1486.43429741771,1121.08749552772,406.70122213637,304.941777398445,-14.9882005086862,26086792599.897,19674988011.8995,7137571065.48697,5351701663.40807,19542.888671875,19820.9765625,19266.1953125,19498.1015625,24339.404296875,16.765117,1165.6875804609654,1182.2748724330406,1149.1834690148598,1163.0161341850462,1451.7885140243877,Madagascar,Non-CFA comparison,1556.0161375489954,1173.566996991402,425.73941270358984,319.2164816629714
MG,MDG,2003,1584.74925232364,1218.83563168796,433.601040301214,352.620095849925,6.61414736438235,28639357114.602,22026619585.8625,7835974694.57165,6372498889.66585,21997.82421875,21829.20703125,21697.869140625,21511.451171875,26721.486328125,17.279141,1273.085520787752,1263.3270965987256,1255.7261463764316,1244.937533172222,1546.4591861438598,Madagascar,Non-CFA comparison,1657.452596434163,1274.7520021893738,453.4933012336464,368.7972040777866
MG,MDG,2004,1620.11953793293,1279.54611058565,443.278654985967,272.20074858856,2.23191685103676,30144929155.4592,23808012897.5919,8247912168.09114,5064732626.29389,23994.736328125,22485.16796875,23682.810546875,22171.869140625,28126.234375,17.802996999999998,1347.7919660450991,1262.9990314973375,1330.2709957697011,1245.400936742561,1579.8595244946682,Madagascar,Non-CFA comparison,1693.2502519356267,1337.303651603823,463.2878480006002,284.48764139509154
MG,MDG,2005,1648.17631554009,1342.51929937145,450.955230911228,305.812074924388,1.7317720668288,31578575290.0876,25722276417.8023,8640170094.37648,5859269752.61332,25512.767578125,23541.5390625,25332.873046875,23637.19921875,29420.859375,18.336724,1391.3481807396458,1283.8465072877793,1381.5375661909402,1289.063369157435,1604.4774069239413,Madagascar,Non-CFA comparison,1722.1492394218074,1402.773822510624,471.19485980028276,319.53743496457275
MG,MDG,2006,1686.86335460016,1416.40465948998,461.540337897729,324.146874882604,2.34726337803239,33283347345.0506,27946951443.5728,9106610406.88934,6395712490.94304,26981.197265625,25386.376953125,26807.97265625,25354.771484375,30898.5546875,18.880269,1429.0684770235532,1344.5982656881108,1419.8935754702436,1342.9242710670596,1636.5526723957166,Madagascar,Non-CFA comparison,1762.8640431474041,1480.2199822244481,482.3347806585457,338.7511317207949
MG,MDG,2007,1731.61751794976,1493.37545004972,473.785462328449,419.548001431865,2.65309950729227,35184014262.7161,30343273031.9976,9626649240.51396,8524620889.57747,28095.037109375,26812.5078125,27955.783203125,26765.771484375,32826.828125,19.433529999999998,1445.6991143335772,1379.7034204542358,1438.5334626866556,1377.2984879419746,1689.1850386934336,Madagascar,Non-CFA comparison,1810.4798388515164,1561.3876136758277,495.3628723404323,438.65529780629004
MG,MDG,2008,1794.40235887329,1577.33838928618,490.963935389518,512.579800058444,3.62579150838536,37545787852.6873,33003976083.2818,10272850829.8606,10725137723.6549,31673.837890625,29260.82421875,31439.419921875,29422.84765625,35030.37109375,19.996472999999998,1583.9712278572829,1463.2992637626646,1572.2482620747671,1471.4018645313101,1751.8274894652673,Madagascar,Non-CFA comparison,1877.620511011482,1650.489868052321,513.7331383319748,536.3514717647907
MG,MDG,2009,1673.15551466723,1479.82980025947,457.789754866068,446.315238370592,-6.7569485520622,36051950358.079,31886307058.5348,9864124029.23054,9616879409.43789,31584.16015625,29185.38671875,31479.080078125,29154.064453125,33636.6171875,20.569117,1535.5136613910067,1418.8935149112137,1530.4050279905064,1417.3707336646976,1635.2970906578053,Madagascar,Non-CFA comparison,1752.7223146272638,1550.2030086432394,479.5599164140366,467.5397300447019
MG,MDG,2010,1635.24511473059,1463.87646786391,447.417143030687,450.009391645726,-2.26580252727942,36275198363.4076,32473669404.6241,9925206605.67835,9982711338.07029,34949.984375,32598.34765625,34764.19921875,32630.90625,33844.91015625,21.15164,1652.3534049841999,1541.1735286838277,1643.569917923622,1542.7128227409316,1600.1080841130995,Madagascar,Non-CFA comparison,1715.0064185759402,1535.279032955558,469.24052251637937,471.95921158218886
MG,MDG,2011,1614.55137773785,1475.17055178114,441.755158414121,506.163691559309,-1.26548226968092,36847775908.1465,33666784883.9147,10081868751.8746,11551819617.874,38239.44921875,35975.01953125,38067.08203125,36173.9453125,34379.125,21.743966999999998,1758.623402010774,1654.4828057939014,1750.6962750288392,1663.631356343578,1581.0879863826137,Madagascar,Non-CFA comparison,1694.620669179019,1548.3276296323806,463.66280595783655,531.2655054100295
MG,MDG,2012,1617.79082882481,1463.61756926447,442.641500123543,493.511162904211,0.20064094160324,37957317018.2707,34340036474.5784,10385448752.8756,11578975061.9479,39330.19921875,37004.54296875,38799.78515625,36917.15625,35414.328125,22.346645,1760.004654781512,1655.932824312106,1736.268918947341,1652.0223169965784,1584.7715898740057,Madagascar,Non-CFA comparison,1698.5689358859327,1536.6976328920248,464.743085723857,518.1527277113813
MG,MDG,2013,1610.6023078966,1473.40398077255,440.67465890362803,515.301589361832,-0.444341802421619,38830478115.7484,35522723859.5999,10624353147.1587,12423555455.3853,39218.01953125,37368.3046875,38779.109375,37243.21875,36228.99609375,22.961254999999998,1708.0085357377027,1627.4504458706635,1688.8932845787394,1622.0027498496927,1577.8317036133262,Madagascar,Non-CFA comparison,1691.130476785716,1547.0723991175528,462.7078592680889,541.0660460582534
MG,MDG,2014,1620.357889066,1498.83976908219,443.343869908205,505.684922503435,0.605710119846222,40127106649.3759,37117789637.7909,10979121878.0735,12522957399.2281,38882.98828125,38266.421875,38483.16796875,38182.55078125,37438.75390625,23.589888,1648.2904997789733,1622.1536056042319,1631.3416989834798,1618.5982223082196,1587.0678956275674,Madagascar,Non-CFA comparison,1701.0299773095956,1573.4618849309884,465.41644784720893,530.8612486514603
MG,MDG,2015,1627.5806134224,1496.61172412841,445.320069480568,445.320069480568,0.445748708056158,41384007238.4686,38053900319.1193,11323020701.3017,11323020701.3017,39829.046875,39040.92578125,39633.58203125,38893.96484375,38611.44921875,24.234088,1643.5133385254687,1610.9921603507423,1635.4476401690874,1604.9279363741684,1593.2701580826974,Madagascar,Non-CFA comparison,1707.6775176548256,1570.2633546234256,467.2352721217196,467.2352721217196
MG,MDG,2016,1648.91226979296,1561.51962374608,451.15659433146,453.970714522463,1.31063593376801,43036531093.8073,40755587226.8307,11775165456.5346,11848613858.442,41739.1796875,41193.6640625,41640.1015625,41020.22265625,40153.2578125,24.89437,1676.6513748891819,1654.7381621828551,1672.6714338422705,1647.7710685689176,1612.9453291045327,Madagascar,Non-CFA comparison,1728.7656242679489,1637.1407361114461,473.0051596619878,475.95556177730145
MG,MDG,2017,1669.72764267278,1546.88001890817,456.851859574031,491.866848718929,1.26236994297058,44729290239.7844,41438402026.5191,12238318933.7165,13176313593.5509,41732.61328125,41137.4296875,41732.61328125,41137.4296875,41732.61328125,25.570511999999997,1632.060135567485,1608.7839651978813,1632.060135567485,1608.7839651978813,1632.060135567485,Madagascar,Non-CFA comparison,1749.2528205842889,1620.5542550934883,478.6106329711545,515.2933032217306
MG,MDG,2018,1678.78623269491,1546.59563549795,459.330367799543,500.45718552916,0.542519018708518,46158103237.7654,42523532549.9391,12629254472.2012,13760033282.2925,40550.671875,40064.6796875,40615.73046875,40043.76171875,43065.6953125,26.262313,1544.0632314069214,1525.5579235347625,1546.5404920255883,1524.7614221470135,1639.8287276714736,Madagascar,Non-CFA comparison,1757.5795109046717,1619.1845916214274,480.8888871365291,523.9459784936879
MG,MDG,2019,1707.83153830039,1612.29772715626,467.27741349648,499.818837622534,1.73013722889858,48194244317.9709,45498322775.5634,13186360203.1442,14104664678.5063,41507.4609375,40378.0234375,41620.1484375,40323.77734375,44965.421875,26.969306999999997,1539.0629406050368,1497.184315396017,1543.2413015840564,1495.1729142966115,1667.281323728489,Madagascar,Non-CFA comparison,1787.0034375733462,1687.0408563172723,488.939526816325,522.9895109468813
MG,MDG,2020,1545.72714379204,1490.32312837866,422.924255422319,450.771615201509,-9.49182579621846,44754297418.5029,43150154155.6067,12245161113.1284,13051441203.9474,NA,NA,NA,NA,NA,NA,NA,NA,NA,NA,NA,Madagascar,Non-CFA comparison,NA,NA,NA,NA
MG,MDG,2021,1577.43246056529,1577.43246056529,431.599103077746,483.469463351195,2.05115869903585,46835678113.5382,46835678113.5382,12814644792.2069,14354731964.3258,NA,NA,NA,NA,NA,NA,NA,NA,NA,NA,NA,Madagascar,Non-CFA comparison,NA,NA,NA,NA
MW,MWI,1980,NA,NA,433.515183153301,287.470822426729,-3.38771522277639,NA,NA,2716201951.98732,1801156774.56852,7924.00341796875,7606.91552734375,7719.34814453125,7518.53564453125,6554.72021484375,6.250439999999999,1267.7512971836784,1217.02080611025,1235.0087585084011,1202.881020301171,1048.6814072039328,Malawi,Non-CFA comparison,NA,NA,434.5617191729415,288.16479712924536
MW,MWI,1981,NA,NA,394.77170082524,276.407062724717,-8.93705314915371,NA,NA,2572511628.92944,1801193909.52073,8220.8173828125,8057.4638671875,8024.90576171875,7997.2255859375,5846.20751953125,6.412383999999999,1282.0220034877045,1256.5473102028045,1251.4699309521623,1247.1532562518871,911.7057742535773,Malawi,Non-CFA comparison,NA,NA,401.17866131058906,280.89302036820163
MW,MWI,1982,NA,NA,388.989575970974,253.342697905133,-1.46467561939698,NA,NA,2636913267.76854,1717379494.63245,8642.8994140625,8479.2265625,8470.125,8438.06640625,5930.5732421875,6.5659849999999995,1316.3142185159577,1291.3868311456697,1290.000662505321,1285.118136311612,903.226742398513,Malawi,Non-CFA comparison,NA,NA,401.60208525735897,261.5570237569002
MW,MWI,1983,NA,NA,387.845329799767,252.442074600122,-0.294158569249731,NA,NA,2734972402.75698,1780148049.43635,9333.458984375,9102.4189453125,9170.2587890625,9054.4189453125,6180.5439453125,6.737924,1385.2128614651933,1350.9233623461025,1360.9917222370718,1343.7995063928445,917.277182899733,Malawi,Non-CFA comparison,NA,NA,405.90727986201387,264.1982974928702
MW,MWI,1984,NA,NA,392.970121764045,239.74828969103,1.32134940671426,NA,NA,2881575238.57261,1758028656.12928,10014.974609375,9954.9423828125,9815.9501953125,9862.4013671875,6422.7041015625,6.964607,1437.981297347431,1429.3616829797431,1409.4047510954315,1416.0743552633337,922.1918913102347,Malawi,Non-CFA comparison,NA,NA,413.74556217926005,252.42323883160674
MW,MWI,1985,NA,NA,395.418720697156,216.054136140391,0.62310053551127,NA,NA,3013291524.42244,1646442272.89094,11225.802734375,11076.5458984375,11060.3193359375,11007.494140625,6725.01318359375,7.268267,1544.4950955124516,1523.959686461367,1521.7271649400745,1514.4592432590878,925.2567611500444,Malawi,Non-CFA comparison,NA,NA,414.5818424697992,226.5247373123387
MW,MWI,1986,NA,NA,380.298046902206,217.8701899466,-3.82396507891448,NA,NA,3006818901.87136,1722586299.409,10508.9892578125,10338.3544921875,10380.4462890625,10308.5205078125,6861.71630859375,7.666391,1370.7870180131042,1348.5295091507203,1354.0199409425504,1344.637979958562,895.0386575109136,Malawi,Non-CFA comparison,NA,NA,392.2078722401923,224.69324867581108
MW,MWI,1987,NA,NA,368.458072161033,207.605894737179,-3.11334092762722,NA,NA,3055686904.136,1721711808.48111,10033.57421875,9851.958984375,9900.291015625,9828.1982421875,6793.7548828125,8.141145999999999,1232.4523130711575,1210.1439999202817,1216.0807600827943,1207.2254007221466,834.4961363931443,Malawi,Non-CFA comparison,NA,NA,375.33866904438275,211.48273332539551
MW,MWI,1988,NA,NA,360.182864554351,229.421843922728,-2.24590210716451,NA,NA,3152774981.35474,2008189508.37875,9620.2353515625,9302.681640625,9515.900390625,9301.3330078125,7017.16748046875,8.63669,1113.8798951406732,1077.1119075276524,1101.7994614400889,1076.9557559449859,812.4834259963886,Malawi,Non-CFA comparison,NA,NA,365.0443609015422,232.51841948463476
MW,MWI,1989,NA,NA,348.201112852441,252.19590741943,-3.32657460446772,NA,NA,3195170015.77883,2314205129.58032,10392.6552734375,9928.0712890625,10324.1416015625,9971.228515625,7302.29150390625,9.075572,1145.123995869076,1093.9333949488253,1137.5747557908749,1098.688712471787,804.6095060351294,Malawi,Non-CFA comparison,NA,NA,352.06265960744184,254.9927574350487
MW,MWI,1990,1047.46436351132,671.503430308209,353.771303717595,286.730598968269,1.5997050726011,9998939789.35323,6410072363.21448,3377048507.13521,2737087861.62245,9986.73046875,9674.6865234375,10022.736328125,9823.005859375,7650.68896484375,9.404499999999999,1061.9097739114254,1028.729493693179,1065.738351653464,1044.5005964564837,813.5136333503909,Malawi,Non-CFA comparison,1063.2080163063674,681.596295732307,359.08857537723543,291.04023197644216
MW,MWI,1991,1104.3904622212,731.940474913492,372.997561772469,325.75273105931,5.4346573203748,10871870406.7404,7205388185.53622,3671872668.53471,3206783830.41779,10694.5,10457.716796875,10742.009765625,10608.2451171875,8247.49609375,9.600355,1113.9692230131072,1089.305218075269,1118.917973931693,1104.9846716280283,859.0824082807354,Malawi,Non-CFA comparison,1132.4446238436392,750.5335152227412,382.4725927879448,334.02763027177537
MW,MWI,1992,994.036504790471,673.815977208792,335.726543539643,258.393430877557,-9.99229540689642,10074638504.9353,6829178160.47331,3402615041.17122,2618837835.02508,9468.09375,9391.8369140625,9563.6650390625,9531.130859375,7594.44482421875,9.685972999999999,977.5056930264003,969.6327786648282,987.3726717039683,984.0137753197331,784.0662806120512,Malawi,Non-CFA comparison,1040.1266351801005,705.0585584404697,351.2930545203069,270.37426544809495
MW,MWI,1993,1074.58485213269,745.682183261137,362.930995399017,293.016883079922,8.10315787740552,11051056409.369,7668613469.02993,3732391067.02738,3013392657.99911,10169.28515625,10104.2177734375,10240.5810546875,10247.939453125,8412.3212890625,9.710331,1047.2645223164895,1040.5636814478826,1054.606795039994,1055.3645857309086,866.3269345877602,Malawi,Non-CFA comparison,1138.0720605063823,789.7375968985949,384.3732069511719,310.328521035906
MW,MWI,1994,975.849640143399,691.626134376847,329.584099900642,169.196526919639,-9.1882192265535,9919408151.9958,7030306343.57041,3350187439.57544,1719864761.30628,11839.83984375,11053.513671875,11915.48046875,11196.056640625,7437.43212890625,9.74569,1214.8795871559632,1134.195082326136,1222.6410309326482,1148.8213395485595,763.1509035179911,Malawi,Non-CFA comparison,1017.825125978335,721.3759460408047,343.7609281205784,176.47439650822875
MW,MWI,1995,1140.75609365079,825.454125717284,385.279714072363,200.362370007247,16.8987563989012,11578807819.0184,8378455954.16314,3910634175.56103,2033701497.97085,11366.9541015625,11167.1357421875,11488.9609375,11358.9697265625,8108.44873046875,9.844415,1154.6601907337815,1134.3625540153987,1167.0536987215594,1153.8491344140307,823.6597837930187,Malawi,Non-CFA comparison,1176.1803844127255,851.0872361804272,397.2439373554477,206.58429149633065
MW,MWI,1996,1200.32058232422,884.456346986538,405.397063690478,320.662735559137,5.22149204417653,12425992341.3131,9156093760.05175,4196762833.85435,3319573749.6119,10969.1533203125,11116.375,11098.244140625,11328.3408203125,8892.734375,10.022789,1094.4212554322455,1109.1099493364572,1107.3009858458558,1130.2583363086362,887.2514801019956,Malawi,Non-CFA comparison,1239.7739133601535,913.5275380986021,418.72205768816946,331.20259736206157
MW,MWI,1997,1221.09404555353,915.279224971424,412.4131068375,366.954461274104,1.73065958671548,12897238047.428,9667211208.92106,4355921668.87641,3875785863.38323,12091.0595703125,12241.5703125,12175.9873046875,12397.2529296875,9229.984375,10.264906,1177.9026101468928,1192.5652619225154,1186.176210935346,1207.7317541619475,899.1786554109701,Malawi,Non-CFA comparison,1256.439956432918,941.7729893406779,424.3508580474492,377.5763619640774
MW,MWI,1998,1241.52433181826,941.051496433226,419.313245170577,236.045479450504,1.67311324947686,13399618164.2974,10156652110.6182,4525595860.28364,2547609590.06984,10345.1796875,10541.6884765625,10370.3173828125,10593.0478515625,9340.9619140625,10.552337999999999,980.3684915608277,998.990790151197,982.7506835748154,1003.8578987483628,885.2030624931177,Malawi,Non-CFA comparison,1269.8245795668602,962.5025383586275,428.87138947630757,241.42607923190485
MW,MWI,1999,1249.77523298871,960.710822989416,422.099909963762,233.935986197873,0.66457828968673,13807271818.1136,10613744873.0658,4663277073.69729,2584478924.06081,10753.125,10504.8251953125,10785.755859375,10562.484375,9456.77734375,10.854322,990.6768013699981,967.8011390589389,993.683056332307,973.1132331434428,871.2453291647328,Malawi,Non-CFA comparison,1272.0529037293716,977.8358218105009,429.6239851459437,238.10597511855738
MW,MWI,2000,1239.39174838676,974.310137499677,418.592985038462,224.22415918428,-0.830828162365975,14024885140.0232,11025237005.9584,4736773940.3021,2537307580.32808,10637.90625,10400.111328125,10613.677734375,10443.2861328125,9606.1533203125,11.148757999999999,954.178595499158,932.8493208055104,952.0053923831696,936.7219319687898,861.6343919486369,Malawi,Non-CFA comparison,1257.9773585562805,988.9206498121497,424.8701012527226,227.58656886516692
MW,MWI,2001,1149.58039601898,924.056368279235,388.260039763569,215.474524898357,-7.24640554406461,13327152206.711,10712639072.7305,4501121160.06136,2498008664.6691,9788.978515625,9646.685546875,9784.744140625,9709.37109375,9145.521484375,11.431999999999999,856.2787364962387,843.8318358008223,855.9083398027468,849.31517615028,799.9931319432296,Malawi,Non-CFA comparison,1165.7760852616343,937.0747964249913,393.7299825106159,218.51020509701718
MW,MWI,2002,1140.84274642418,931.283507531356,385.308980237095,428.210439838398,-0.760072947056585,13553713798.3276,11064057834.2158,4577640221.16799,5087328437.8737,11867.7783203125,11414.240234375,11889.607421875,11504.26171875,9388.3408203125,11.713664,1013.1567987875101,974.4380779895172,1015.0203575819659,982.1232467270702,801.4862659806957,Malawi,Non-CFA comparison,1157.0857588477525,944.5428718303513,390.79490594642203,434.3071849998173
MW,MWI,2003,1176.12385998737,979.038977932038,397.224846758815,383.348596852642,3.09254835285383,14327039833.6018,11926235758.5635,4838823865.43116,4669789300.35662,12289.263671875,11737.0556640625,12312.8876953125,11847.2470703125,9924.005859375,12.000181,1024.0898593008721,978.0732194008158,1026.0584982270268,987.2556980859289,826.988014545364,Malawi,Non-CFA comparison,1193.9019781119803,993.8379894906168,403.2292400782255,389.14323878586663
MW,MWI,2004,1208.2196975075,1032.80213909276,408.064916052765,404.674248445428,2.72895046279207,15103636676.7608,12910787913.836,5101112194.50269,5058726350.48896,14156.2490234375,13246.236328125,14211.16796875,13385.66796875,10461.9345703125,12.301838,1150.7425982554396,1076.7688802376522,1155.2068860563763,1088.1030922980776,850.4367046869338,Malawi,Non-CFA comparison,1227.7544767506124,1049.5007261383219,414.6626052548156,411.21711653892373
MW,MWI,2005,1214.7426419188,1070.93590957736,410.267979592536,414.361121984475,0.539880654549222,15597333179.2593,13750850277.9866,5267853576.27553,5320409651.47544,15152.2412109375,13732.4541015625,15348.349609375,14170.541015625,10803.9072265625,12.625952,1200.0870279672772,1087.637122457182,1215.6191952396937,1122.334459660943,855.6905036992458,Malawi,Non-CFA comparison,1235.3391791176855,1089.094135474822,417.2242676255644,421.38681118662896
MW,MWI,2006,1237.27386519947,1124.4382691229,417.877689776503,440.822149023873,1.85481455109522,16330407801.8821,14841124507.1107,5515442681.93082,5818279739.14354,15813.8408203125,14732.7314453125,16006.75,15092.2216796875,11311.69140625,12.973699,1218.9153471429004,1135.5844963963245,1233.784597592406,1163.2936512314259,871.8940840426466,Malawi,Non-CFA comparison,1258.7318236597057,1143.9393273353035,425.12491479344635,448.46729827349475
MW,MWI,2007,1318.33196397214,1230.56385441329,445.254305419586,475.180261659331,6.55134655734449,17898126930.7494,16706556970.9169,6044925172.60306,6451210219.11683,19106.693359375,17889.2734375,19315.09765625,18254.66796875,12397.6142578125,13.341806,1432.0919791050028,1340.8434688302318,1447.7123753898086,1368.2306554862212,929.230589757676,Malawi,Non-CFA comparison,1341.5070591454712,1252.1960648293718,453.0814773204662,483.5335050679668
MW,MWI,2008,1378.42886690465,1311.44999791984,465.55147298007,554.048820396119,4.5585561584534,19265496648.6968,18329372045.5768,6506741521.33369,7743617352.21427,22284.07421875,19350.09765625,22524.5546875,19861.609375,13344.759765625,13.727889999999999,1623.2701616016739,1409.5463801246951,1640.78781863054,1446.8071477117023,972.0911054521125,Malawi,Non-CFA comparison,1403.3836699373906,1335.1922287821947,473.9797245850375,564.0792104405172
MW,MWI,2009,1449.72601522136,1387.78991561758,489.631418790158,625.869729869625,5.17234875360792,20869948373.2115,19978329413.7686,7048630103.04233,9009887946.82039,16911.056640625,16447.166015625,17135.70703125,16743.150390625,14456.125,14.128155,1196.9755881518147,1164.141107994993,1212.8764889152194,1185.091074568831,1023.2139299151235,Malawi,Non-CFA comparison,1477.188519888938,1414.079150021259,498.9066231961873,637.7257290014436
MW,MWI,2010,1504.37514113215,1457.60568309596,508.088650552846,683.124694716799,3.76961752338009,22304562368.1155,21611136729.012,7533157578.1417,10128323010.6049,16858.490234375,16370.998046875,16996.7890625,16684.8984375,15449.849609375,14.539612,1159.4869405301188,1125.958385056974,1168.9988056421314,1147.5477088040589,1062.6039820990409,Malawi,Non-CFA comparison,1534.0548542915383,1486.3626848510125,518.1126964145742,696.6020145932987
MW,MWI,2011,1533.22889572405,1516.2111831915,517.833736624232,763.061000394572,1.91798932347378,23404772824.2634,23144997068.0643,7904743381.9111,11648142958.3651,17838.00390625,17360.09375,17916.681640625,17730.1171875,16199.7890625,14.962114999999999,1192.2113889814375,1160.270038694396,1197.4698523988754,1185.0007293420751,1082.7205286485234,Malawi,Non-CFA comparison,1564.269010381447,1546.906775416731,528.317245383497,778.5091184210991
MW,MWI,2012,1518.14803849238,1464.04323957796,512.74031797451,558.46208832772,-0.983601161818072,23849463508.095,22999500003.4794,8054933506.22505,8773203178.16512,16657.21875,15886.3818359375,16572.8984375,16100.95703125,16102.1376953125,15.396014999999998,1081.9175448971698,1031.8502441013147,1076.440782728518,1045.7873047830885,1045.863991124489,Malawi,Non-CFA comparison,1549.0673078777206,1493.8605868777995,523.1830123720359,569.8359723711052
MW,MWI,2013,1555.50607410511,1558.11224745203,525.357645516557,496.947368267313,2.46076368480048,25139802956.5692,25181923450.6662,8490733601.03182,8031571927.62055,19104.482421875,16533.58203125,19010.349609375,16672.384765625,17109.57421875,15.839286,1206.1454299060576,1043.8337959962337,1200.2024339591444,1052.5969898911478,1080.1985783165983,Malawi,Non-CFA comparison,1587.1803158658288,1589.8395578352583,536.0553247811688,507.0665387076507
MW,MWI,2014,1597.56484331405,1505.55190404024,539.562601918057,529.5133440206,2.70386402914775,26553984750.6085,25024588183.9773,8968360291.15986,8801326169.14547,17619.41015625,17036.30859375,17539.46484375,17158.171875,18172.625,16.289552,1081.6387188702304,1045.842672269317,1076.7309526836589,1053.3237424209087,1115.6000484236768,Malawi,Non-CFA comparison,1630.123698344098,1536.2355075190096,550.5590510506281,540.3049862356846
MW,MWI,2015,1597.69145324855,1403.08451209235,539.605363240686,539.605363240686,0.00792518281976129,27297496323.6345,23972522499.7063,9219474379.31534,9219474379.31534,18822.5703125,17621.91796875,18787.0390625,17651.462890625,18767.841796875,16.745303,1124.0507450059279,1052.3499018650184,1121.9288813406363,1054.1142725589975,1120.7824544515559,Malawi,Non-CFA comparison,1630.1583986646583,1431.596818505243,550.5707707597372,550.5707707597372
MW,MWI,2016,1593.59549264808,1409.95802703533,538.221990810959,450.506105510719,-0.256367435160101,27979933731.4914,24755675039.6412,9449961238.71922,7909868618.46366,18661.90234375,17078.208984375,18678.51171875,17054.455078125,19271.126953125,17.205261,1084.6625543053372,992.6155136138301,1085.6279203640095,991.2348948455359,1120.0717590465497,Malawi,Non-CFA comparison,1626.2429109033221,1438.8433305162416,549.2483513455111,459.735462220751
MW,MWI,2017,1613.0593571462,1380.23263621737,544.795729220349,495.769683367165,1.22138049385239,29099131081.0006,24899003391.0601,9827959688.35226,8943543793.5839,20276.861328125,18404.740234375,20276.861328125,18404.740234375,20276.861328125,17.670196,1147.517623920244,1041.5696710084596,1147.517623920244,1041.5696710084596,1147.517623920244,Malawi,Non-CFA comparison,1646.7916417565825,1409.0960502679256,556.1884932318951,506.1372150927981
MW,MWI,2018,1638.91665761076,1363.79445595088,553.528790902088,533.202567189331,1.60299745635619,30365980584.4615,25268494147.2089,10255826273.6659,9879220354.29186,20597.8515625,19131.396484375,20631.869140625,19106.5078125,21063.7421875,18.143217,1135.2921349339535,1054.465505448951,1137.1670823660986,1053.0937160978674,1160.9706364367466,Malawi,Non-CFA comparison,1673.682268390523,1392.724021721666,565.2705511743534,544.5131563102542
MW,MWI,2019,1687.28944917892,1450.01008064784,569.866249371948,580.889139762475,2.9515101541935,32101950612.2946,27587532191.9057,10842133933.7208,11051852712.6142,21635.06640625,20362.392578125,21734.9609375,20314.865234375,22166.927734375,18.628747,1161.3806557279456,1093.062919268,1166.743041681762,1090.5116288484137,1189.9312248094302,Malawi,Non-CFA comparison,1723.2479786372428,1480.9118504806415,582.010906784058,593.2687105909056
MW,MWI,2020,1656.43985192533,1513.45990803344,559.447086086067,602.507478176106,-1.82835240679078,32356710546.2459,29563756336.0156,10928176721.531601,11769313597.8545,NA,NA,NA,NA,NA,NA,NA,NA,NA,NA,NA,Malawi,Non-CFA comparison,NA,NA,NA,NA
MW,MWI,2021,1687.59358179651,1687.59358179651,569.968967322435,617.446994451007,1.88076432929152,33831623933.4187,33831623933.4187,11426314939.9064,12378119199.0839,NA,NA,NA,NA,NA,NA,NA,NA,NA,NA,NA,Malawi,Non-CFA comparison,NA,NA,NA,NA
ML,MLI,1980,NA,NA,667.105922219684,359.12056332085,-6.29825711883754,NA,NA,5023651153.86416,2704362788.89611,5061.80615234375,4750.11865234375,4765.45361328125,4566.48291015625,2385.56298828125,7.090126,713.9233001421625,669.9625158063129,672.1253773601837,644.0623072363242,336.46270719042934,Mali,WAEMU,NA,NA,708.5418727204791,381.42661906094617
ML,MLI,1981,NA,NA,667.725533547502,290.478605534961,0.0928805017584864,NA,NA,5136656281.80608,2234583940.38676,5785.9169921875,5419.53955078125,5457.24951171875,5227.69189453125,2488.40673828125,7.234728,799.7421592335608,749.1006642932879,754.3130179488089,722.5830597268135,343.95304678783367,Mali,WAEMU,NA,NA,709.999917316322,308.86910197408395
ML,MLI,1982,NA,NA,598.548453287839,213.773956907607,-10.36010707755,NA,NA,4704706961.24235,1680304773.44143,6313.623046875,5924.45947265625,5986.35693359375,5729.8232421875,2643.44775390625,7.388668,854.50084465495,801.8305156837808,810.2078660989707,775.48798270371606,357.7705418495255,Mali,WAEMU,NA,NA,636.746293275371,227.41646714149695
ML,MLI,1983,NA,NA,572.094412286836,186.276028899026,-4.41969916649023,NA,NA,4596435346.07736,1496616126.58634,6283.39892578125,5787.33447265625,5976.466796875,5592.65380859375,2506.49462890625,7.545166,832.7714626532073,767.0254667234956,792.0921550135544,741.2234281649668,332.1987387562116,Mali,WAEMU,NA,NA,609.1894261938518,198.35430083133227
ML,MLI,1984,NA,NA,544.215667495735,169.067780598011,-4.87310209510017,NA,NA,4467248183.98983,1387809614.74905,5989.9580078125,5825.51171875,5676.78271484375,5601.40380859375,2523.54931640625,7.6948549999999996,778.4367616819941,757.0658210908458,737.7374511727317,727.9414373102222,327.9528095599268,Mali,WAEMU,NA,NA,580.550014781283,180.3555251852114
ML,MLI,1985,NA,NA,603.792264356221,190.377454158271,10.9472402980667,NA,NA,5056556735.99026,1594347021.37347,7862.2685546875,7431.77978515625,7513.03125,7181.4140625,2738.0224609375,7.831888999999999,1003.8789562374417,948.9128082837041,959.2872485807703,916.9453324095886,349.5992423970131,Mali,WAEMU,NA,NA,645.6369256497712,203.57119736674898
ML,MLI,1986,NA,NA,588.187728596193,250.013920202755,-2.58442127884273,NA,NA,5017992440.65494,2132938007.1056,7904.38232421875,7674.60546875,7635.36474609375,7469.921875,3179.372314453125,7.952865,993.9037471676874,965.0114101961997,960.0772483996333,939.2743212666127,399.7769752728262,Mali,WAEMU,NA,NA,630.9666316044519,268.19743666032304
ML,MLI,1987,NA,NA,573.572204280431,280.723262413678,-2.48484006129192,NA,NA,4979274371.19993,2437004679.62818,7186.52587890625,6919.18896484375,6971.115234375,6747.6328125,3104.43603515625,8.062218999999999,891.3831141161324,858.2238915667946,864.6645835811457,836.9448674738309,385.0597503188949,Mali,WAEMU,NA,NA,617.6059433761264,302.27468140324396
ML,MLI,1988,NA,NA,624.555381780193,307.019371606958,8.88871132863245,NA,NA,5517319744.4247,2712207900.69838,6135.90478515625,6036.7451171875,5964.3388671875,5899.9716796875,3112.18798828125,8.171522,750.8888534053082,738.754067747416,729.8932643377208,722.016251034691,380.85781183496175,Mali,WAEMU,NA,NA,675.1887524043502,331.9097593689866
ML,MLI,1989,NA,NA,635.07828701788,313.871327696511,1.68486343159731,NA,NA,5715665208.30713,2824822489.24628,6340.85400390625,6291.95361328125,6200.09228515625,6183.39013671875,3345.26611328125,8.296915,764.2423724849839,758.348568507843,747.2768233923392,745.263768125713,403.19397188970237,Mali,WAEMU,NA,NA,688.8904138836098,340.466605870529
ML,MLI,1990,1890.50212991263,955.941595858803,589.775405883669,353.903252431339,-7.1334325326944,17352597665.106,8774425398.31666,5413448188.78719,3248417790.51435,6335.4716796875,6139.39404296875,6151.48828125,5997.84326171875,3425.8876953125,8.449913,749.767681594769,726.5629886329895,727.9942741718169,709.8112444138478,405.43467078448026,Mali,WAEMU,2053.582997257605,1038.4042295248082,640.6513521248314,384.43209894756905
ML,MLI,1991,2087.9190293987,1091.47043925797,651.363081549537,381.993534670324,10.4425642458913,19548952025.3287,10219315478.0831,6098639579.88318,3576562681.84236,6916.18310546875,6928.52490234375,6735.916015625,6763.228515625,3928.030517578125,8.635527,800.8987877020998,802.32797631734,780.0237340031478,783.1865403958554,454.8686510479471,Mali,WAEMU,2263.78216700946,1183.4038013062896,706.226681924934,414.1684325510603
ML,MLI,1992,1942.72857142808,1038.7147712292,606.068363323528,385.278654489301,-6.95383565771893,18559935116.281,9923403115.52896,5790098351.74586,3680775036.80972,6393.7431640625,6412.4013671875,6240.923828125,6266.94775390625,3857.60986328125,8.850334,722.429590121966,724.5377820981106,705.1625202082769,708.1029658209792,435.8716702986859,Mali,WAEMU,2097.0886653860744,1121.2461716731775,654.2237108504447,415.8910880436512
ML,MLI,1993,1985.38064863365,1086.68093104408,619.374429340424,372.412257655559,2.19547279186931,19366963355.9624,10600339932.6158,6041865012.08796,3632801877.20684,6770.740234375,6789.52734375,6595.60546875,6625.318359375,4031.505615234375,9.087176,745.0873884664499,747.1548194675662,725.8146500904131,729.0844107536819,443.64779720722646,Mali,WAEMU,2131.241142018422,1166.5164108867045,664.8781769042396,399.7723690183661
ML,MLI,1994,2051.75478430683,1146.98873720697,640.081008924462,266.455340167693,3.34314408266553,20449903539.5845,11432072300.3927,6379707258.46139,2655768635.56694,6825.720703125,6802.3349609375,6646.67578125,6629.21826171875,4319.787109375,9.33488,731.2060469041916,728.7008468172596,712.0258408517303,710.1557022392093,462.75764759429154,Mali,WAEMU,2190.6980635620916,1224.6619453482745,683.42680982095,284.49949389461244
ML,MLI,1995,2022.4037826787,1154.28545566091,630.924447487992,331.193112410921,-1.43053165283814,20598920703.9633,11756818680.0977,6426195785.08853,3373322735.39126,9335.390625,9158.220703125,9128.212890625,8960.0234375,5927.96142578125,9.585652999999999,973.8919847192467,955.4091623309337,952.27867007339,934.7327133060211,618.4201979543022,Mali,WAEMU,2148.932441427131,1226.5015935896806,670.3972890619482,351.9137126486073
ML,MLI,1996,2105.2753013378,1223.5824930292,656.777675992751,359.662096047648,4.09767423146987,21910185327.5563,12734163160.888,6835267858.25048,3743103419.63057,11870.0107421875,11276.388671875,11618.31640625,11050.6943359375,7125.681640625,9.837570999999999,1206.5997533524792,1146.2574117000022,1181.0147450269992,1123.3153322031933,724.3334396900415,Mali,WAEMU,2227.19463245107,1294.4418048813068,694.812556702308,380.4906129399799
ML,MLI,1997,2142.78769298746,1266.86064233118,668.480326659359,320.75152297828,1.78182832553178,22813178459.4525,13487625494.2757,7116972455.37723,3414879485.63064,12826.05859375,12001.8505859375,12489.9306640625,11681.4423828125,7942.81005859375,10.094368,1270.6153167538573,1188.9650333668735,1237.3167556465646,1157.2237492047545,786.8556068684786,Mali,WAEMU,2259.990765093218,1336.1535357414848,705.0438873812833,338.2955213868407
ML,MLI,1998,2228.20055528486,1332.16384195168,695.126372031158,356.647044025322,3.98606276193038,24330998622.0736,14546660320.1518,7590483163.61939,3894433432.46871,13388.0634765625,12911.95703125,13016.5234375,12475.0546875,8460.0693359375,10.360560999999999,1292.214145214965,1246.2604130461664,1256.3531489752343,1204.0906556604416,816.5647918039864,Mali,WAEMU,2348.4248219834435,1404.0417618458887,732.6324475691414,375.89020830712843
ML,MLI,1999,2269.08741153512,1375.80601929103,707.881746309111,364.415678427556,1.83497199806726,25475986040.5806,15446745138.0784,7947682136.7371,4091446054.21272,14417.935546875,14068.7939453125,14057.357421875,13625.048828125,9578.125,10.642935999999999,1354.6953159236325,1321.8903078354037,1320.8157431252994,1280.1964446770141,899.9513855951028,Mali,WAEMU,2393.6990733177954,1451.3612726862589,746.7565469469234,384.42832449736807
ML,MLI,2000,2187.71894209604,1356.51736440853,682.49742045713,304.652870194271,-3.58595570295952,25288477690.1813,15680377605.2339,7889185607.31589,3521570875.90793,15116.4638671875,14442.2275390625,14710.990234375,14005.01953125,10028.6171875,10.946444999999999,1380.9473182560641,1319.3532273777014,1343.9057369196119,1279.4125884019882,916.1528868504798,Mali,WAEMU,2310.2000412171537,1432.4630147261419,720.7075545819571,321.70909148202276
ML,MLI,2001,2458.46155672294,1558.71870195563,766.960343246307,346.224554251022,12.3755665966627,29285582500.6096,18567703455.2504,9136152788.48424,4124281593.71774,16584.02734375,16184.8388671875,16175.111328125,15756.84375,11498.935546875,11.2716,1471.3108470625289,1435.895424534893,1435.0324113812592,1397.9243186415417,1020.1688799172257,Mali,WAEMU,2598.1743941063914,1647.2997139048937,810.5462213425103,365.9002797932627
ML,MLI,2002,2455.61935704114,1581.11108691343,766.073669042446,378.191678628285,-0.11560887230587,30174773440.2893,19428772091.5466,9413551548.87703,4647238256.5683,16875.1953125,17068.2890625,16509.201171875,16663.359375,12410.7978515625,11.616887,1452.6434932611464,1469.2653085546929,1421.138138976044,1434.408320835005,1068.3411013262416,Mali,WAEMU,2597.49220598335,1672.4594197693925,810.3334007533197,400.04161670577497
ML,MLI,2003,2611.8368553004,1714.89753907761,814.808466525191,441.910358475095,6.36163328047297,33131032976.8271,21753398112.8102,10335808731.4911,5605613011.29045,18777.728515625,18635.51953125,18389.970703125,18248.5625,14018.279296875,11.982695,1567.0705559663331,1555.202692820772,1534.7107393724868,1522.9097043695097,1169.8770015322095,Mali,WAEMU,2764.9066405201083,1815.401135788752,862.5612795361227,467.8090372232999
ML,MLI,2004,2565.97744562534,1730.0922516304,800.501816706213,495.006294680645,-1.75582979396248,33620485977.3585,22668376288.5924,10488502207.7278,6485774930.48034,17424.3671875,17438.61328125,17111.5859375,17105.9375,13155.7705078125,12.369069999999999,1408.7047116315132,1409.856463036429,1383.4173416028855,1382.9606833820167,1063.6022358845491,Mali,WAEMU,2718.109443746256,1832.6661817414247,847.9620705297813,524.3542910243325
ML,MLI,2005,2546.33281406377,1770.67795435907,794.373328211361,548.730382842725,-0.765580835290066,34473901114.126,23972583774.7496,10754740076.8688,7429066951.48251,18747.904296875,18378.5859375,18517.552734375,18391.46875,14519.8310546875,12.775516,1467.487050767656,1438.5787577973367,1449.456345589094,1439.587156401354,1136.5357809960474,Mali,WAEMU,2698.435124978592,1876.4473994435607,841.8243205886008,581.5081716842208
ML,MLI,2006,2555.07476259654,1831.5492454407,797.100532884951,586.985415515264,0.343315236896274,35745851084.1176,25623628529.0605,11151547252.0345,8212007554.03129,21296.9765625,21310.6484375,21106.486328125,21217.7734375,16336.791015625,13.203377999999999,1612.9945353757198,1614.0300184922376,1598.56714911328,1606.9958337555738,1237.3190418107397,Mali,WAEMU,2707.326192139436,1940.6873399413776,844.5980454421968,621.9626185080281
ML,MLI,2007,2515.94692367878,1852.36282555464,784.893915016638,670.853394973479,-1.5313774567599,36374994534.4899,26781044950.2333,11347819622.1797,9699047442.51269,21730.638671875,21473.677734375,21594.58203125,21371.505859375,17693.20703125,13.651463999999999,1591.8174542946458,1572.994496002407,1581.8510037641386,1565.510179668276,1296.0666366076196,Mali,WAEMU,2664.548984232746,1961.7709097158593,831.2529427012153,710.476725610725
ML,MLI,2008,2523.1996127255,1893.49514528434,787.156518987615,767.19483895009,0.28826876189116,37698575356.2162,28290298183.7517,11760733950.0728,11462490840.2784,23899.35546875,22994.484375,23716.31640625,23056.046875,19382.17578125,14.113577,1693.359200771711,1629.2456813038964,1680.3901949342821,1633.6076159148033,1373.3000345164094,Mali,WAEMU,2671.085817310254,2004.4740028521262,833.2922228059407,812.1605770300754
ML,MLI,2009,2575.54549773621,1944.69828229092,803.486738927624,787.482564287398,2.07458358612229,39754932976.5817,30017466179.5346,12402250894.7002,12155217832.8781,28792.123046875,26887.787109375,28724.52734375,26841.689453125,21658.904296875,14.581429,1974.5748545547217,1843.9747647075606,1969.9391152780704,1840.813369740716,1485.3759735671313,Mali,WAEMU,2726.4085691863056,2058.609357116823,850.5511287474087,833.6095065084567
ML,MLI,2010,2632.26468220172,2011.67894612475,821.181286587872,797.151541135109,2.20222024869554,41971981546.1135,32076619108.3905,13093898208.5384,12710739159.4045,30366.767578125,27862.16796875,30213.759765625,27912.361328125,24013.02734375,15.049353,2017.8121662854876,1851.3864329416685,2007.6450971430465,1854.7216832594065,1595.6185853139334,Mali,WAEMU,2788.9558804364215,2131.4284480130473,870.0638631134774,844.603695547875
ML,MLI,2011,2623.34627008963,2046.22567064388,818.399030995547,938.292902583696,-0.338811373050731,43204018266.0733,33699390834.892,13478253743.0182,15452791789.0031,30844.3515625,30312.66796875,30694.158203125,30564.37109375,25874.01171875,15.51459,1988.086798458741,1953.8168890541097,1978.40601673167,1970.0405291889763,1667.7212687380072,Mali,WAEMU,2784.734773272984,2172.109661608331,868.7470144565985,996.0167680230737
ML,MLI,2012,2520.52931087437,1990.14805241092,786.323471336853,872.506092465564,-3.91930567411303,42740698701.964,33747006199.6177,13333713052.1336,14795114602.6396,30517.12109375,30212.953125,30121.744140625,30243.255859375,28775.939453125,15.979496,1909.7674353277475,1890.732544067723,1885.0246679009776,1892.6288951400595,1800.8039460772106,Mali,WAEMU,2674.721324249776,2111.894279995921,834.4263831683803,925.8811793963715
ML,MLI,2013,2528.53006767058,2059.28407641881,788.819448205749,901.920957644831,0.317423676118025,44147161497.4523,35954307149.903,13772483870.1848,15747192680.9101,31960.841796875,30685.08203125,31613.328125,30673.4140625,30794.42578125,16.449854,1942.9255601219927,1865.3710866521978,1921.7999214461115,1864.6617813446858,1872.0181821218598,Mali,WAEMU,2683.7418433897533,2185.691566010434,837.2404928447876,957.2846470801567
ML,MLI,2014,2609.16733048758,2184.87660281666,813.975661285204,947.915033288325,3.18909645758293,47017891943.0635,39372059744.8091,14668058747.8609,17081681993.1695,34569.27734375,32744.49609375,34252.203125,32761.4921875,33192.91796875,16.934214,2041.3865883441651,1933.629520316089,2022.6627066954509,1934.6331744419906,1960.109749926982,Mali,WAEMU,2776.5027619860894,2325.0007201284393,866.1788936800315,1008.7082868546187
ML,MLI,2015,2686.56065074588,2330.24293947692,838.11986940103,838.11986940103,2.96620762317433,49951281283.6524,43326258239.039,15583181170.4105,15583181170.4105,34651.2578125,35516.1796875,34512.18359375,35432.421875,35683.921875,17.438778,1987.0232772330723,2036.6208966878298,1979.0482792859684,2031.8179332863806,2046.2398153700908,Mali,WAEMU,2864.37967635418,2484.4778825121234,893.593643454289,893.593643454289
ML,MLI,2016,2759.11051294151,2531.80496963482,860.75307554569,872.468587171653,2.70047363998611,52950887236.7988,48588600863.8981,16518961030.4362,16743796799.8329,38910.94921875,38840.828125,38827.28515625,38697.515625,38861.421875,17.965443,2165.8775249099062,2161.974415270472,2161.2205808813064,2153.9972949734665,2163.120713193657,Mali,WAEMU,2947.3744252673755,2704.5590172142206,919.485315805249,932.0002184100275
ML,MLI,2017,2816.194239022,2606.69607954141,878.561348377434,924.057531692284,2.06891771144161,55797287435.8796,51646498097.6108,17406945659.5769,18308362040.0521,41476.1171875,40026.515625,41476.1171875,40026.515625,41476.1171875,18.51243,2240.4469422706798,2162.1427130311904,2240.4469422706798,2162.1427130311904,2240.4469422706798,Mali,WAEMU,3014.044479081331,2789.828136965855,940.2842122604596,988.9767059241872
ML,MLI,2018,2862.40728989634,2684.41122026575,892.978322791418,996.379292136901,1.64097526491582,58513415692.2797,54874814697.009,18254289663.8519,20368015381.2413,45292.16015625,43543.171875,45367.31640625,43503.75,44285.1171875,19.077749,2374.083030249009,2282.406162016284,2378.0225018292253,2280.3397822248317,2321.2967728792323,Mali,WAEMU,3067.102711765403,2876.3778523875644,956.8366615920934,1067.6320031908008
ML,MLI,2019,2916.17167790759,2819.86582297259,909.751069703313,971.949318638092,1.87829272937594,61439085959.6867,59410075204.0447,19167003985.6926,20477421884.5414,48087.625,47398.62109375,48250.6875,47311.73046875,47226.65625,19.658030999999998,2446.207608483271,2411.158121266062,2454.502564371783,2406.7380130161564,2402.4103049791715,Mali,WAEMU,3125.3936856487157,3022.178325186521,975.0215566194094,1041.6822460266444
ML,MLI,2020,2796.41038444894,2723.70094784441,872.389426814294,953.242943290974,-4.1067984565496,60720796476.6213,59141995694.5382,18942920941.9796,20698560938.7775,NA,NA,NA,NA,NA,NA,NA,NA,NA,NA,NA,Mali,WAEMU,NA,NA,NA,NA
ML,MLI,2021,2796.22793795433,2796.22793795433,872.332509419855,1027.27345365357,-0.00652431043852175,62603712698.5224,62603712698.5224,19530329790.3727,22999245262.6719,NA,NA,NA,NA,NA,NA,NA,NA,NA,NA,NA,Mali,WAEMU,NA,NA,NA,NA
NE,NER,1980,NA,NA,631.839702011287,408.822779755471,-5.32313551445273,NA,NA,3876950088.1899,2508524720.71895,11707.8056640625,11472.61328125,11346.6904296875,11184.46875,9105.7236328125,5.9890039999999996,1954.8835940103731,1915.612893437707,1894.5872184569423,1867.5006311567,1520.4070047060413,Niger,WAEMU,NA,NA,647.3447151128802,418.8550751876188
NE,NER,1981,NA,NA,612.157290468376,343.386800706738,-3.11509572447844,NA,NA,3870062063.28482,2170893414.3888,11161.380859375,10764.2099609375,10826.1845703125,10527.93359375,9161.1708984375,6.163704999999999,1810.8233374853276,1746.3862986527586,1756.4410643131853,1708.0528016428432,1486.309110906103,Niger,WAEMU,NA,NA,627.8791835892245,352.2059239351657
NE,NER,1982,NA,NA,607.151503137229,309.795062345471,-0.817728941415822,NA,NA,3954215023.32994,2017612215.97935,11301.4599609375,11085.5615234375,10993.306640625,10875.8310546875,9309.865234375,6.343522999999999,1781.5746803373302,1747.5402112418449,1732.9970492146085,1714.478067579719,1467.6174791791566,Niger,WAEMU,NA,NA,623.346841073949,318.0586270404238
NE,NER,1983,NA,NA,566.647875215942,268.772580748131,-6.67109077586078,NA,NA,3801438868.18018,1803099561.20046,11065.16015625,11094.408203125,10755.7109375,10859.810546875,8867.55859375,6.5286409999999995,1694.8642383996917,1699.344197839183,1647.4655196234562,1663.4105852772423,1358.2548946633765,Niger,WAEMU,NA,NA,582.2710833970164,276.18298527985536
NE,NER,1984,NA,NA,457.605845032569,211.468807340699,-19.2433493449205,NA,NA,3162043118.60555,1461243326.12882,8609.26953125,8597.8994140625,8335.552734375,8379.12890625,7375.56103515625,6.719309,1281.2730492450935,1279.580893520822,1240.5371942821798,1247.0224105261418,1097.6665956508698,Niger,WAEMU,NA,NA,470.5905203355806,217.46928532812228
NE,NER,1985,NA,NA,478.48763243638,202.372740665362,4.56326937920227,NA,NA,3406093636.53018,1440581652.39853,9305.81640625,9328.4150390625,9053.9111328125,9121.8681640625,7945.14208984375,6.915997,1345.5495145891475,1348.817103168567,1309.1259485526816,1318.9520128569316,1148.8064685169397,Niger,WAEMU,NA,NA,492.49495575694726,208.29703257513415
NE,NER,1986,NA,NA,493.804077148173,259.561894151866,3.20101161942344,NA,NA,3622453380.98841,1904096998.30009,9354.2080078125,9314.869140625,9093.005859375,9134.0029296875,7798.8232421875,7.118882999999999,1313.9994024080042,1308.4734136837199,1277.3079511736603,1283.0668701378434,1095.5122091748806,Niger,WAEMU,NA,NA,508.8513719060154,267.47131513470447
NE,NER,1987,NA,NA,479.510568113117,295.326253933298,-2.8945708827687,NA,NA,3625651332.08849,2233006104.92776,9400.2568359375,9306.599609375,9126.06640625,9129.0322265625,7691.361328125,7.328943,1282.6210868248668,1269.8419962298792,1245.209084891232,1245.6137572038015,1049.4502860951436,Niger,WAEMU,NA,NA,494.703169623299,304.6832408067248
NE,NER,1988,NA,NA,497.164557867416,292.587878484489,3.68166854460942,NA,NA,3874775278.55005,2280356192.76273,9396.5693359375,9393.9814453125,9136.8515625,9229.759765625,8160.31689453125,7.548432999999999,1244.8370855166233,1244.494247390485,1210.4302392960235,1222.7385161430195,1081.061048635028,Niger,WAEMU,NA,NA,513.3218084534963,302.09663287237635
NE,NER,1989,NA,NA,486.865683851794,271.266557931133,-2.07152216557793,NA,NA,3911858659.29872,2179567114.33391,9266.6396484375,9247.2001953125,9035.2197265625,9114.974609375,8101.21435546875,7.780245,1191.047280443932,1188.5487147657304,1161.3027258862028,1171.5536733579727,1041.2544020745813,Niger,WAEMU,NA,NA,502.7937628312116,280.14119276885367
NE,NER,1990,1411.84892200281,739.108850974286,465.923889536505,423.887460599302,-4.30134942960251,11698663466.8017,6124299546.59514,3860672838.20896,3512356507.88599,9713.4736328125,9651.666015625,9432.7998046875,9491.603515625,8039.21240234375,8.026591,1210.161777622966,1202.4614204990637,1175.1937783658716,1182.519891149929,1001.5724486701453,Niger,WAEMU,1457.4884240148403,763.0013223042187,480.9853695309703,437.59006879583
NE,NER,1991,1362.74545343526,737.528921327671,449.719266854731,384.44311679922,-3.47795488612833,11647249115.9658,6303585937.69547,3843705601.8807,3285796874.97125,9759.1328125,9670.8916015625,9434.2890625,9504.20703125,8068.3720703125,8.288734999999999,1177.3971314681917,1166.7512113202438,1138.2061391153175,1146.64143940541,973.4141663730957,Niger,WAEMU,1405.1901907789065,760.5003583412271,463.72644340550164,396.41717040914574
NE,NER,1992,1347.33229741984,745.804310107439,444.632775312455,384.029657304316,-1.13103705292642,11880281727.695,6576228696.34559,3920608632.47669,3386232579.22522,9672.765625,9609.70703125,9431.353515625,9456.4716796875,8085.15087890625,8.56677,1129.1029903919448,1121.7421538397787,1100.9229284345208,1103.8549744755023,943.7805472665018,Niger,WAEMU,1386.786586740977,767.6438956976305,457.65307490182295,395.2752997016635
NE,NER,1993,1309.6112110994,742.107180797027,432.184449587188,335.429581902384,-2.79968693637561,11918495304.2501,6753760867.81859,3933219484.77413,3052673849.25181,9699.51171875,9563.6982421875,9419.5380859375,9390.7451171875,8160.36181640625,8.860287,1094.7175547191644,1079.389216420134,1063.1188454660103,1059.8691799924202,921.0042311729011,Niger,WAEMU,1345.1590568398178,762.2508015619122,443.91558476312673,344.53442075316633
NE,NER,1994,1291.68161029002,747.575677676837,426.267506763664,206.214617135856,-1.36907813994121,12139557027.3611,7025909093.33176,4006172005.58166,1938058175.21399,9869.4501953125,9679.2275390625,9578.6943359375,9492.5205078125,8378.548828125,9.168312,1076.474076723447,1055.7262382718322,1044.760947919039,1035.3618537210011,913.8594790540504,Niger,WAEMU,1324.0776521742605,766.3252617637532,436.95851598218513,211.38658623462968
NE,NER,1995,1280.3354211914,756.545588583376,422.523153898523,237.01998956862,-0.878404477406505,12437855578.8911,7349484060.11528,4104613431.71867,2302537562.24406,10663.728515625,10378.6748046875,10357.2568359375,10186.611328125,8653.7470703125,9.490288,1123.646460004691,1093.6100995762722,1091.3532693567888,1073.3722019948184,911.8529459077006,Niger,WAEMU,1310.587790264226,774.421604498755,432.5067302192167,242.62040964869138
NE,NER,1996,1239.47664115174,745.81084401481,409.039358698404,239.494513213973,-3.19125592898469,12450359417.8263,7491559548.12385,4108739820.30038,2405686940.0464,10622.5068359375,10525.896484375,10283.9228515625,10300.380859375,9094.1572265625,9.826597999999999,1080.9953593234914,1071.1638437203803,1046.5394892069974,1048.2143320989626,925.4634438655678,Niger,WAEMU,1267.006080621829,762.3757019595033,418.12434174069,244.8138145110241
NE,NER,1997,1217.31253567922,745.105523925628,401.724988110363,220.562957209,-1.78818258744471,12640535633.8044,7737152662.17248,4171499823.06338,2290318910.20658,10757.5615234375,10584.4658203125,10425.8701171875,10363.001953125,9139.2783203125,10.178201,1056.9217019233065,1039.9151893652424,1024.3332900566122,1018.1565438848182,897.9266886468936,Niger,WAEMU,1241.922382334992,760.1689789946652,409.8464770997723,225.02197689027562
NE,NER,1998,1294.16191156539,801.046939699916,427.086030331896,246.090855923026,6.31303577624729,13901127580.9933,8604376011.7029,4587507438.32542,2643363518.99272,11937.1982421875,11693.2705078125,11577.9912109375,11405.5439453125,10301.0615234375,10.545715999999999,1131.9476308851388,1108.8171261024384,1097.8857396631486,1081.533387141518,976.8005817184439,Niger,WAEMU,1318.1776923438201,815.9119790162092,435.01147179816155,250.65756739444913
NE,NER,1999,1247.64712892756,783.183877091627,411.735699209485,228.271656116064,-3.59420117545913,13870605915.2577,8706977050.2011,4577434991.48422,2537789820.69295,12097.982421875,11777.6220703125,11791.3203125,11524.3837890625,10403.4345703125,10.929917999999999,1106.8685439245749,1077.5581363293395,1078.8114158312992,1054.388860837062,951.8309808282643,Niger,WAEMU,1269.0494032304453,796.6186983471514,418.7986580946189,232.1874528878396
NE,NER,2000,1190.56674543223,764.28188514316,392.898616941042,194.771959898935,-4.57504226731116,13702982730.2292,8796601713.70026,4522117708.50312,2241753192.81158,11749.5751953125,11434.0673828125,11463.677734375,11200.892578125,10134.658203125,11.331557,1036.8897403342278,1009.0464516758376,1011.659539317942,988.4689789871771,894.3747274205125,Niger,WAEMU,1209.2762477591739,776.2924118636354,399.07293485821236,197.8327596826791
NE,NER,2001,1233.06511808278,809.387186909375,406.923493665264,205.417936120931,3.56959177749576,14698934000.6781,9648418941.46968,4850791323.99035,2448714703.96617,12800.5693359375,12345.0654296875,12507.625,12141.6845703125,10896.5693359375,11.751365,1089.283613940806,1050.5218270122236,1064.355077048496,1033.2148282614403,927.2598830806038,Niger,WAEMU,1250.8277975093192,821.0466564071221,412.7853508073615,208.37704419581638
NE,NER,2002,1248.82313660601,832.469364409205,412.123793192578,225.294391147438,1.27795509678579,15421896744.4792,10280284056.6777,5089376067.96136,2782192878.67204,13484.052734375,12963.50390625,13222.1416015625,12783.67578125,11471.580078125,12.189983,1106.1584527537898,1063.4554540601082,1084.6726858899228,1048.7033313541126,941.0661260253603,Niger,WAEMU,1265.1286506699148,843.3386705032894,417.50477157854607,228.2359933292803
NE,NER,2003,1231.2780915085,836.978440593236,406.333757497876,265.225363452469,-1.40492633289823,15756646036.5848,10710799712.6166,5199846593.3602,3394084732.49543,14008.3056640625,13437.337890625,13810.68359375,13307.912109375,11861.548828125,12.647984,1107.5524497866618,1062.409463091114,1091.9276616534303,1052.1765452403324,937.8213024403732,Niger,WAEMU,1245.783204389316,846.8384932030749,411.12058596533643,268.3498597480381
NE,NER,2004,1192.0823507557,832.125196599523,393.398781453199,283.468281798296,-3.18333778722413,15813968963.6196,11038836389.557,5218763717.35798,3760443737.53797,13523.5068359375,13132.38671875,13379.13671875,13040.2431640625,11764.1044921875,13.125916,1030.290521129154,1000.492972738055,1019.2916607686656,993.4730013556768,896.2501734878922,Niger,WAEMU,1204.7897429497186,840.995507632153,397.5923445920254,286.4900047766548
NE,NER,2005,1233.87551052205,888.304262543839,407.190931059924,318.643121918273,3.50589535528762,16973428426.8393,12219683989.9715,5601396628.31908,4383315964.58718,14118.634765625,13784.3056640625,14136.41796875,13977.8017578125,12637.1103515625,13.624467,1036.2706126870871,1011.7317370332727,1037.5758529673124,1025.933840774285,927.5306220465359,Niger,WAEMU,1245.804949789177,896.8926263296393,411.1277621589953,321.72384905678734
NE,NER,2006,1260.12046671298,935.175329354286,415.852022114801,333.345078419447,2.12703436992842,17980130949.052,13343624936.0933,5933618261.55882,4756361252.37923,14931.6708984375,14520.4169921875,14965.23828125,14658.5986328125,13367.0654296875,14.143970999999999,1055.6915662820222,1026.615297230707,1058.0648306794465,1036.3849468308795,945.0716089341176,Niger,WAEMU,1271.2222719526221,943.4143308193507,419.51572592723926,336.2818866341871
NE,NER,2007,1252.74827252938,954.892280110555,413.419126261066,387.168065883301,-0.585038841788489,18545196854.6987,14135852906.7674,6120095511.70958,5731485051.79069,15272.2353515625,14993.8564453125,15348.09765625,15146.974609375,13787.6630859375,14.685398999999999,1039.9605316520513,1021.0043625857562,1045.1263636929443,1031.43092056096,938.8688101656279,Niger,WAEMU,1262.832344882063,962.5787427884937,416.74696831251106,390.28459844984064
NE,NER,2008,1300.55418500177,1010.43184621169,429.195542798877,475.044955398162,3.81608288917157,19979002842.8915,15522168134.7971,6593265446.85522,7297600226.00536,16500.2734375,16336.6337890625,16637.185546875,16629.439453125,15109.587890625,15.250907999999999,1081.920724818483,1071.1908949331082,1090.8980335383967,1090.3901232061069,990.7336593090065,Niger,WAEMU,1310.0205471629297,1017.7864907976037,432.31953447330613,478.50267184126744
NE,NER,2009,1277.69230957636,998.792501504778,421.650901333136,461.131533961487,-1.75785643451498,20371110933.8849,15924423036.4292,6722664934.31258,7352131309.73341,17110.75390625,16423.833984375,17289.47265625,16629.78125,15001.9052734375,15.843133,1080.0107470062896,1036.6531660357202,1091.291265196726,1049.6523162432582,946.9026911178174,Niger,WAEMU,1285.8006641669233,1005.130931895175,424.32673728817275,464.0579176942723
NE,NER,2010,1336.56410237447,1057.51100257385,441.079166112039,474.425692340831,4.60766589552573,22118578797.1182,17500575092.2792,7299346341.92573,7851192502.30917,19601.61328125,17788.31640625,19750.759765625,18044.58203125,16257.451171875,16.464025,1190.572371048392,1080.4354589020606,1199.6313031366874,1096.0006457260604,987.4530178297834,Niger,WAEMU,1343.449053139691,1062.9584862923375,443.3512668940754,476.8695687906918
NE,NER,2011,1318.10130997844,1064.41917390361,434.986264873953,510.75956176268,-1.38136228282855,22640081122.8604,18282764961.5946,7471447186.58798,8772950777.79176,19369.59765625,18690.787109375,19493.91015625,19028.4375,16627.841796875,17.114766,1131.7477350406077,1092.0854605534776,1139.0111998171637,1111.8140616120606,971.5494676862658,Niger,WAEMU,1322.8390690740616,1068.2451025970556,436.5497715007018,512.5954265335419
NE,NER,2012,1403.18971067857,1161.78908289767,463.066265496402,528.510104469655,6.45537638540985,25028370732.5504,20722563498.3675,8259606009.352,9426912647.59111,21505.083984375,21124.7578125,21563.443359375,21438.818359375,18598.2109375,17.79521,1208.475987885223,1187.1035976816233,1211.7554869751466,1204.7521978878024,1045.1245552876308,Niger,WAEMU,1406.4667251777528,1164.5023294677333,464.14771218502057,529.7443889446155
NE,NER,2013,1423.26169034701,1137.76904129571,469.690214200878,552.103334363117,1.43045373805732,26358661332.5341,21071366592.3543,8698614858.59842,10224897437.8648,21654.232421875,21364.90234375,21612.552734375,21531.091796875,19578.037109375,18.504281,1170.228252687851,1154.5924072245768,1167.975817832371,1163.5735426237313,1058.0274429130752,Niger,WAEMU,1424.462876051985,1138.729280665069,470.08661717785304,552.5692912826388
NE,NER,2014,1462.82122998491,1161.32515723793,482.74524741946,565.30989731175,2.77949866185601,28109439638.6581,22315918540.8947,9276388744.59484,10862943543.5419,22978.552734375,22287.482421875,22906.28515625,22439.412109375,21052.078125,19.240178999999998,1194.3003614662318,1158.3822802207299,1190.5442852818574,1166.2787601599239,1094.1726750567134,Niger,WAEMU,1460.9759939685648,1159.8602352345424,482.13630156948335,564.5968025319256
NE,NER,2015,1471.66135329224,1172.19178758955,485.662574175279,485.662574175279,0.604320140159473,29344188610.6478,23372915804.2583,9683867926.44282,9683867926.44282,23838.548828125,22709.958984375,23782.568359375,22726.474609375,21965.23828125,20.001663,1191.8283408797058,1135.4035404143644,1189.029550161654,1136.2292530063626,1098.170601177012,Niger,WAEMU,1467.08744221157,1168.5486253947136,484.15313898863405,484.15313898863405
NE,NER,2016,1500.00858681288,1188.55709229837,495.017437216008,502.706475406446,1.92620628769158,31028807124.6903,24586198437.6823,10239808436.9433,10398861981.7583,23862.0546875,23447.048828125,23802.8203125,23383.337890625,23214.7421875,20.788798,1147.8323416053204,1127.8693856241712,1144.9830005804088,1124.8047092778042,1116.6947789622084,Niger,WAEMU,1492.5734101938122,1182.6657047551428,492.56375654539045,500.2146820493566
NE,NER,2017,1520.0015371232,1208.14609955266,501.615305462902,521.804130023434,1.33285572403285,32581910868.9213,25897150477.0717,10752347793.0235,11185104251.6943,24374.998046875,24470.62109375,24374.998046875,24470.62109375,24374.998046875,21.602382,1128.3477001228384,1132.7742048886091,1128.3477001228384,1132.7742048886091,1128.3477001228384,Niger,WAEMU,1508.255472425277,1198.8099496190605,497.7389897569398,517.7718018177023
NE,NER,2018,1574.33838262666,1275.99643935327,519.546993483886,578.568035680892,3.57478885227313,34931528663.0687,28311897040.1248,11527744540.163,12837307496.8821,26680.908203125,26213.12890625,26685.7109375,26164.759765625,26082.36328125,22.442822,1188.8392735603838,1167.9961150273348,1189.053272244462,1165.8408985120054,1162.1695026253828,Niger,WAEMU,1556.4677500480423,1261.5123463584393,513.6495107506088,572.0005931910924
NE,NER,2019,1612.63734693259,1419.16805070193,532.186024570389,561.691304349698,2.43270218960372,37006409966.5338,32566723569.6716,12212475570.6373,12889555561.2299,28226.435546875,27399.2734375,28234.169921875,27302.517578125,27602.59765625,23.310715,1210.8781539680358,1175.3939524163031,1211.2099488100216,1171.243249215007,1184.1163025780206,Niger,WAEMU,1587.5278800557512,1397.0709851530337,523.8996560438966,552.9455257477044
NE,NER,2020,1615.69272448944,1496.83350023022,533.194328910254,579.512495758236,0.189464640804786,38320374766.3561,35501317683.8958,12646096746.8881,13744653103.058,NA,NA,NA,NA,NA,NA,NA,NA,NA,NA,NA,Niger,WAEMU,NA,NA,NA,NA
NE,NER,2021,1585.59922021188,1585.59922021188,523.263179518652,608.722439593808,-1.86257596023195,38850574077.5224,38850574077.5224,12821067681.4111,14915002436.069,NA,NA,NA,NA,NA,NA,NA,NA,NA,NA,NA,Niger,WAEMU,NA,NA,NA,NA
NG,NGA,1980,NA,NA,2177.41578655323,870.359934682057,1.00316529124757,NA,NA,160616293802.832,64201788122.6054,352975,342808.15625,376510.375,368681.1875,278141.875,73.423633,4807.375848590876,4668.907574350073,5127.918077821075,5021.287730341538,3788.1791411765203,Nigeria,Non-CFA comparison,NA,NA,2187.5285550475555,874.402225814751
NG,NGA,1981,NA,NA,1834.28760820914,2162.20995436075,-15.7585051262646,NA,NA,139530778712.877,164475209515.939,332801.78125,332874.9375,353479.3125,357452.4375,275635.59375,75.440502,4411.4470665903045,4412.416787735586,4685.537650584563,4738.203326112544,3653.681861104265,Nigeria,Non-CFA comparison,NA,NA,1849.547325558319,2180.197707538306
NG,NGA,1982,NA,NA,1659.09814351168,1821.53265482387,-9.55081765331811,NA,NA,130037957319.957,142769363314.176,290087.6875,278141.75,309567.03125,300380.90625,256883.03125,77.42754599999999,3746.5695671150424,3592.2841981844554,3998.1511392599223,3879.5095772504533,3317.7214637539983,Nigeria,Non-CFA comparison,NA,NA,1679.4792556121697,1843.909185939795
NG,NGA,1983,NA,NA,1440.0174778262,1207.07374565349,-13.2048044621261,NA,NA,115832500285.928,97094911792.0489,240016.625,229445.5,253868.96875,245079.15625,228820.921875,79.41484,3022.3145321453776,2889.2018166881658,3196.744698471973,3086.0624569664815,2881.337063387649,Nigeria,Non-CFA comparison,NA,NA,1458.5750004146328,1222.6293195585222
NG,NGA,1984,NA,NA,1387.92176005589,890.434106332302,-3.61771426892362,NA,NA,114540246019.712,73484359521.4887,219017.25,202801.53125,229541.75,214779.453125,226268.125,81.44875499999999,2689.019003421231,2489.9279461054994,2818.2352204155854,2636.988780552877,2778.0427705739644,Nigeria,Non-CFA comparison,NA,NA,1406.286026345179,902.2158720718163
NG,NGA,1985,NA,NA,1428.92742820366,868.640540548893,2.95446539768388,NA,NA,121313042218.594,73745821158.2254,281991.03125,268778.59375,300258.8125,284840.4375,239647.421875,83.56278499999999,3374.600681990195,3216.4867859538194,3593.2121278629,3408.699668159696,2867.872604712732,Nigeria,Non-CFA comparison,NA,NA,1451.7592037962115,882.5199059392936
NG,NGA,1986,NA,NA,1391.47877234542,628.248453718536,-2.62075281914927,NA,NA,121386976784.822,54805852580.9129,153518.984375,150587.671875,161753.046875,159108.21875,239793.484375,85.76639899999999,1789.9665389356037,1755.7886728461108,1885.9722310948373,1855.1346518582413,2795.8907820648974,Nigeria,Non-CFA comparison,NA,NA,1415.3208972294851,639.013100933769
NG,NGA,1987,NA,NA,1398.24883298999,587.956613434089,0.486537112827307,NA,NA,125271512342.571,52676041931.1087,112046.9375,109007.1640625,118266.6328125,114830.7734375,247467.1875,88.04803199999999,1272.566063713951,1238.042027588987,1343.2058630509766,1304.1833057381682,2810.5930578891307,Nigeria,Non-CFA comparison,NA,NA,1422.7633428827917,598.2648417526096
NG,NGA,1988,NA,NA,1461.19132231299,539.539468397166,4.50152275031104,NA,NA,134458956986.461,49648470440.4593,97518.3828125,90949.53125,102831.9140625,95652.703125,265616.46875,90.395271,1078.7996068123962,1006.1315182074072,1137.5806823179944,1058.1604774988728,2938.388986631834,Nigeria,Non-CFA comparison,NA,NA,1487.455654471803,549.2374754920453
NG,NGA,1989,NA,NA,1449.68017647113,465.488089532188,-0.78779182890575306,NA,NA,137039737057.515,44003061108.4005,88235.8359375,83213.9921875,92062.7734375,86969.4921875,270714.6875,92.788027,950.9398872927861,896.8182089646114,992.1837591988027,937.2921808920455,2917.560554445241,Nigeria,Non-CFA comparison,NA,NA,1476.9118547753471,474.2321022560432
NG,NGA,1990,5423.8068960709,2839.84330955838,1577.19616627741,556.376449130902,8.79614634151086,526765142767.784,275808209079.371,153178750575.315,54035795387.8086,92692.8515625,79642.5625,96045.3046875,83344.1328125,302596.40625,95.21244999999999,973.5370906063231,836.4721472874609,1008.7473296559432,875.3491041612731,3178.11805336382,Nigeria,Non-CFA comparison,5532.523769399738,2896.7662220578404,1608.8100933787023,567.5286728553735
NG,NGA,1991,5301.36342299095,2869.60336970152,1541.59066261036,596.938795710722,-2.25751903462209,528652819361.532,286157312902.382,153727670613.193,59526833412.3581,82480.34375,71851.2890625,77605.515625,75182.4453125,303680.75,97.667632,844.5002920721985,735.6714562558453,794.5878694489081,769.7785210201472,3109.328482541688,Nigeria,Non-CFA comparison,5412.774002358652,2929.909398257777,1573.9878961455008,609.483737788975
NG,NGA,1992,5403.15311816844,2991.35134943498,1571.1902261783,508.515905682785,1.92006635002696,553135751441.04,306232923684.897,160847095650.799,52058181853.8055,80712,69085.4609375,90330.078125,72269.3359375,317744.84375,100.16171,805.8169134692289,689.7392320628312,901.8424118857396,721.5265787445122,3172.318481283916,Nigeria,Non-CFA comparison,5522.427197389502,3057.385139340143,1605.874097504915,519.7413448093638
NG,NGA,1993,5154.75757918925,2921.47704517002,1498.95895037787,539.573202297542,-4.59723301462516,541878781917.805,307111711524.279,157573666209.79,56721051402.4732,68527.5,58118.7421875,71423.40625,60848.0703125,311278.34375,102.70075299999999,667.2541144854118,565.9037591233631,695.4516316934892,592.4793006386234,3030.9256228140803,Nigeria,Non-CFA comparison,5276.2883045054705,2990.3550125312036,1534.2990348842918,552.2944062783376
NG,NGA,1994,4929.26827930529,2853.33080416608,1433.3886109229,744.884247151377,-4.37439193637937,532044091224.368,307976297625.86,154713823159.432,80399613063.6364,56227.98828125,47767.31640625,57764.04296875,49470,305628.875,105.2937,534.0109453960683,453.6578770263558,548.5992321359207,469.8286792087276,2902.632113792183,Nigeria,Non-CFA comparison,5052.95275239039,2924.926160120311,1469.3549866652231,763.5747728841934
NG,NGA,1995,4797.51152154868,2835.28912250855,1395.07488456856,1271.61617353199,-2.6729475916287,531657482641.435,314205118771.019,154601400725.054,140919776986.364,51017.015625,46210.1171875,51696.09765625,47600.05859375,305406.8125,107.948335,472.60585932149854,428.07623839219013,478.89666530058105,440.9522258379437,2829.1942853958794,Nigeria,Non-CFA comparison,4925.110541458884,2910.699074432403,1432.179576693369,1305.43724445925
NG,NGA,1996,4869.82113341489,2930.71333145872,1416.10189471212,1632.72469370276,1.50723164585267,553965426801.141,333382647332.44,161088358074.459,185730236700,51268.328125,47541.421875,51745.8203125,48832.51953125,318221.4375,110.66879399999999,463.2591200460719,429.5829036955079,467.5737255481433,441.2492245216841,2875.439642904214,Nigeria,Non-CFA comparison,5005.615465558802,3012.435893468217,1455.5897128006927,1678.2530105099006
NG,NGA,1997,4884.04743279879,2989.96114463265,1420.23877961207,1720.27540949396,0.292131866739084,570235942134.557,349092291529.667,165819683303.941,200850397618.182,55443.359375,52123.52734375,55394.578125,53114.76171875,327567.9375,113.457663,488.6700281760607,459.4094921887295,488.2400770497097,468.1460935675187,2887.1380640019,Nigeria,Non-CFA comparison,5025.979973997499,3076.8507150518953,1461.511535839946,1770.2673605940747
NG,NGA,1998,4880.87997128038,3021.60341151961,1419.31770917955,1822.46998452473,-0.0648532095970893,584955180781.581,362127849944.245,170099910681.03,218416200672.727,55373.265625,53101.62890625,55166.4609375,53615.0546875,336023.28125,116.31975899999999,476.0435037094601,456.5142617450747,474.2656055322467,460.9281789132662,2888.789352202836,Nigeria,Non-CFA comparison,5028.854820629237,3113.2101120003613,1462.3475163925505,1877.7222593173274
NG,NGA,1999,4781.67311002018,3002.07703732431,1390.46921139078,480.669363941805,-2.03256096941413,588372061304.048,369397533876.297,171093510004.149,59145077039.1437,84426.140625,64000.53125,85299.7890625,64576.61328125,337986.09375,119.26006299999999,707.9162839700999,536.6468006142175,715.2418581440797,541.4772695638271,2834.025785731809,Nigeria,Non-CFA comparison,4933.521302131528,3097.4118626475743,1434.6253532010041,495.9336390686269
NG,NGA,2000,4889.00321939426,3138.99138910401,1421.67987952013,547.318298903379,2.24461411109775,617884420041.076,396713560399.49,179675448843.374,69171451627.2465,115127.21875,90765.515625,119590.5703125,91797,354939.25,122.28385,941.4752540911985,742.2526819772194,977.9751807986091,750.6878463509286,2902.5848466498232,Nigeria,Non-CFA comparison,5052.870187200321,3244.20240611896,1469.3309774215809,565.6630178657812
NG,NGA,2001,5039.54869772676,3308.50611479543,1465.45720342309,566.428231812933,3.07926731844439,654448871515.668,429651189640.703,190308075297.966,73557840064.489,125205.3671875,110153.3046875,125884.3984375,111609.859375,375943.4375,125.39404599999999,998.495312827692,878.4572170795096,1003.9104921895574,890.0730372397427,2998.096396857631,Nigeria,Non-CFA comparison,5219.138327474241,3426.408217505822,1517.680315522844,586.6134988936317
NG,NGA,2002,5654.89706065018,3770.1793488182,1644.39518877633,712.164852077686,12.2103862832199,754770358275.233,503213336573.49,219480696548.007,95054059302.6995,162246.859375,149729.59375,168533.5,152035.375,433572.34375,128.59607599999998,1261.678150855863,1164.34030032145,1310.5648729126076,1182.2707171873583,3371.5830003242095,Nigeria,Non-CFA comparison,5869.310959964541,3913.1313507069226,1706.744897472665,739.1676500509977
NG,NGA,2003,5905.31482803165,4014.86695354936,1717.2145111176,763.388745367223,4.42833467516175,810224808058.348,550850361335.197,235606371240.502,104738954264.226,216833.53125,206455.78125,222586.8125,208608.578125,465427.8125,131.900631,1643.9157993868885,1565.2372523524925,1687.5340990597686,1581.5586062283508,3528.6246090816653,Nigeria,Non-CFA comparison,6142.690917516142,4176.252662014915,1786.2414262483856,794.0747020704245
NG,NGA,2004,6275.29894529583,4381.13682825117,1824.80269456773,962.48104194733,6.26527336879505,885175125715.046,617990214733.782,257401275803.762,135764731645.611,292754.34375,284263.96875,301597.65625,286225.9375,508482.4375,135.320422,2163.4158349727877,2100.673087983719,2228.766743352308,2115.1717772502957,3757.6178819483725,Nigeria,Non-CFA comparison,6541.326967743613,4566.865855131475,1902.161344159583,1003.2833894473888
NG,NGA,2005,6496.93228200091,4678.09163245173,1889.25175325818,1211.37703504386,3.53183710668041,942167272462.793,678403997820.436,273974099482.935,175670569969.346,479964.84375,483442.96875,492430.34375,492895.28125,541221.1875,138.865016,3456.3409674759264,3481.387772641023,3546.107997063854,3549.4561225557345,3897.462464556228,Nigeria,Non-CFA comparison,6784.770560662975,4885.3485014572425,1972.9526368465258,1265.0455458799356
NG,NGA,2006,6702.94533358778,4975.26979314967,1949.15856804565,1599.53891556365,3.17092810336983,999257220279.007,741699956693.484,290575362867.503,238454997161.48,563757.4375,564015.5,570146.6875,570886.6875,574016.125,142.538308,3955.129294084226,3956.939772289145,3999.9540860271754,4005.1456728390517,4027.100735614176,Nigeria,Non-CFA comparison,7010.446765503958,5203.513126404475,2038.5773266475353,1672.9186736345994
NG,NGA,2007,6949.42650737506,5297.97029503285,2020.83316299454,1815.52697545827,3.67720698171571,1065119566306.17,812005395979.047,309727563830.139,278260846800.103,625800.75,618150.375,628266.9375,623486.9375,611850.25,146.339977,4276.348560585055,4224.070467087746,4293.201013008223,4260.537347904598,4181.019175641936,Nigeria,Non-CFA comparison,7278.390964255585,5548.759898869241,2116.4931837466324,1901.4684333324929
NG,NGA,2008,7215.76946222422,5607.00840150758,2098.28339220668,2154.10543545364,3.83258898509833,1137169289420,883636567533.704,330679000570.779,339476276257.793,648368.3125,626400.625,650202.25,635433.8125,653238.6875,150.269623,4314.699801303155,4168.511323143467,4326.904114213423,4228.6245204727775,4347.110709793955,Nigeria,Non-CFA comparison,7567.526068924789,5880.340616371307,2200.5711731291094,2259.1144469550777
NG,NGA,2009,7581.40572117009,5927.46111768635,2204.6072560373,1820.48633854782,5.06718321393218,1228562733482.15,960541897001.914,357255424171.356,295008835380.997,690091.25,689019.4375,695897,695488.5625,705739,154.324933,4471.676977821854,4464.731810380893,4509.297276027329,4506.650668690068,4573.071805577911,Nigeria,Non-CFA comparison,7960.882986303644,6224.152366888855,2314.955964836583,1911.6083813948392
NG,NGA,2010,7962.6395731076,6301.18372544791,2315.46676509663,2202.25672957344,5.0285377931029,1326917238640.46,1050047441224.87,385856064172.786,366990417129.04,798184,787666.3125,798407.4375,796198.8125,762238,158.503197,5035.759625719095,4969.403314306651,5037.169297600982,5023.235036073121,4808.975556499343,Nigeria,Non-CFA comparison,8371.548736903142,6624.771368017707,2434.3740156407443,2315.3502520775023
NG,NGA,2011,8153.53178680367,6585.36193271035,2370.97657091803,2418.41316975875,2.39734841623091,1397348999902.63,1128596680712.4,406337011591.35,414466676831.16,852169.125,840980.75,861913.375,852696.875,802697,162.80507699999998,5234.290850769968,5165.568331754175,5294.1430997265525,5237.532457295543,4930.417495518276,Nigeria,Non-CFA comparison,8582.957151284847,6932.195859668431,2495.849755295715,2545.784716720843
NG,NGA,2012,8265.9055121162,6670.83826243627,2403.65387896924,2633.19734671361,1.37822146587332,1456457717425.82,1175405871115.18,423525315758.055,463971018239.281,886951.6875,875824.6875,881059.875,883112,836651.625,167.228794,5303.8215864906615,5237.284002060076,5268.589540865792,5280.860902459179,5003.035691329569,Nigeria,Non-CFA comparison,8709.371649393226,7028.728982612766,2532.6099987186117,2774.468482020393
NG,NGA,2013,8581.207822956,7004.13119554477,2495.34106573749,2872.79083379398,3.81449207685264,1553622896613.43,1268094051652.3,451780110046.799,520117180313.906,951913.5625,925641.25,936732,930997.6875,892467.4375,171.765816,5541.9267038559055,5388.972448394505,5453.541466015567,5420.156985718276,5195.8384868616695,Nigeria,Non-CFA comparison,9045.006351050839,7382.691627374215,2630.2096689995583,3028.0599040376346
NG,NGA,2014,8884.77428661657,7396.12835532947,2583.6155695814,3088.72131316169,3.53757268118461,1651652130353.35,1374917444199.77,480286163931.15,574183763411.508,1010802.75,984196.5625,999923.6875,989434.25,948779.625,176.404934,5730.014048246519,5579.189539562425,5668.343083306276,5608.880815091034,5378.418865540349,Nigeria,Non-CFA comparison,9362.84543125846,7794.098572094191,2722.634526374132,3254.918954883133
NG,NGA,2015,8892.05798706748,7307.83788188925,2585.73360671797,2585.73360671797,0.081979577825436,1695465395679.06,1393399173059.36,493026682800.63,493026682800.63,1010075.375,1001678.625,1011644.5,1003257.625,973947.8125,181.13744799999998,5576.2924019996135,5529.936719656115,5584.955022663233,5538.653856931893,5376.844066501369,Nigeria,Non-CFA comparison,9360.104243486197,7692.4964354105305,2721.8374126626213,2721.8374126626213
NG,NGA,2016,8534.69281513898,7072.49693372311,2481.81490350326,2070.4127339595,-4.01892534268501,1668051942154.18,1382274968965.5,485055087455.821,404649125252.16,990782.9375,977357.75,986923.4375,976771.4375,958200.4375,185.960241,5327.928874323195,5255.735014884176,5307.174437895033,5252.582123186214,5152.716690123025,Nigeria,Non-CFA comparison,8969.93859108937,7433.1747557022145,2608.3806132291525,2175.9980685987603
NG,NGA,2017,8396.78452274331,7036.67414372387,2441.71236404488,1876.34027111773,-1.61585537268604,1681494549555.68,1409126218211.61,488964081500.903,375745731053.427,966005.4375,966859.5625,966005.4375,966859.5625,966005.375,190.873244,5060.978779718335,5065.453608049958,5060.978779718335,5065.453608049958,5060.978452275899,Nigeria,Non-CFA comparison,8809.482745290796,7382.523546420211,2561.721440124437,1968.561560432362
NG,NGA,2018,8362.62330891339,7158.17107571781,2431.77857832568,2057.87944554011,-0.406836852099559,1713825609462.69,1466986668334.62,498365674277.734,421739251509.08,1014140.9375,1016549.375,1013038.625,1015577.4375,984634.9375,195.874683,5177.4988067242975,5189.7946147537605,5171.871165198006,5184.832577367847,5026.861677167334,Nigeria,Non-CFA comparison,8749.602466300814,7489.414384066266,2544.3087725519586,2153.1075126696187
NG,NGA,2019,8361.78664857198,7551.39380367192,2431.53528472982,3189.81286498516,-0.0100047593980293,1751674235981.34,1581908571405.64,509371727735.744,668219992691.462,1001537.3125,983498.25,995048.3125,981853.6875,1006236.5625,200.963599,4983.675240111519,4893.912404504659,4951.3858104223145,4885.729019512633,5007.058828101502,Nigeria,Non-CFA comparison,8716.375725244352,7871.617443543295,2534.646723438427,3325.0797458671213
NG,NGA,2020,7664.21099591193,7414.7749554048,2228.68631422888,2797.18458068686,-8.34242347930724,1640111883503.36,1586733523431.07,476930359891.946,598586817819.073,NA,NA,NA,NA,NA,NA,NA,NA,NA,NA,NA,Nigeria,Non-CFA comparison,NA,NA,NA,NA
NG,NGA,2021,7588.47885596359,7588.47885596359,2206.66406250067,2787.48779224428,-0.988127022973842,1658304866219.82,1658304866219.82,482220722020.13,609147716972.859,NA,NA,NA,NA,NA,NA,NA,NA,NA,NA,NA,Nigeria,Non-CFA comparison,NA,NA,NA,NA
ST,STP,1980,NA,NA,1405.76061531863,828.688007722406,-3.38207304585406,NA,NA,138529274.075959,81662231.0329968,283.3836975097656,250.92959594726562,223.45361328125,224.4798583984375,374.84405517578125,0.09579399999999999,2958.2614517586244,2619.470905769314,2332.6472772955512,2343.360319001582,3913.0222683652555,Sao Tome and Principe,Non-CFA comparison,NA,NA,1446.1163963918307,852.4775145937826
ST,STP,1981,NA,NA,1234.82085380117,829.888818772033,-12.1599481202361,NA,NA,124241500.205205,83499263.5007481,254.1210479736328,224.9252166748047,200.80014038085938,201.7710418701172,336.1830139160156,0.09777,2599.172015686129,2300.5545328301596,2053.8011698973037,2063.731634142551,3438.508887348017,Sao Tome and Principe,Non-CFA comparison,NA,NA,1270.7527892523779,854.03767516363
ST,STP,1982,NA,NA,1249.50268222753,783.429221364288,1.18898448962564,NA,NA,128084020.94978,80307762.6236105,262.1590576171875,232.006591796875,209.1067657470703,208.80523681640625,346.5804443359375,0.09947299999999999,2635.47955341839,2332.3574416864376,2102.145966715293,2099.1147026470126,3484.16599816973,Sao Tome and Principe,Non-CFA comparison,NA,NA,1287.6259985099475,807.3322672846954
ST,STP,1983,NA,NA,1179.55626040759,719.585065944304,-5.59794090999824,NA,NA,123122082.461344,75110289.1832665,249.2832489013672,221.21287536621094,200.8097381591797,199.35284423828125,333.15399169921875,0.10106599999999999,2466.5391813405818,2188.7961863159812,1986.9168479922002,1972.5015755870547,3296.400289901834,Sao Tome and Principe,Non-CFA comparison,NA,NA,1218.2344454252075,743.1805867776158
ST,STP,1984,NA,NA,1087.44153359985,735.13352186245,-7.80926946001769,NA,NA,115697254.525823,78213795.9250336,244.2805633544922,215.13133239746094,196.81838989257812,193.05783081054688,313.0632629394531,0.10282899999999999,2375.5999120334945,2092.127049737535,1914.0358254245218,1877.4648281180105,3044.5036219301282,Sao Tome and Principe,Non-CFA comparison,NA,NA,1125.1422704278268,760.6200189152244
ST,STP,1985,NA,NA,1163.80724250137,761.407990592529,7.02251169759136,NA,NA,126456967.355714,82733069.4418031,240.8470458984375,224.0738983154297,198.38255310058594,201.78729248046875,342.17779541015625,0.10492399999999999,2295.4428529072234,2135.582882042523,1890.7261741888028,1923.1757508336393,3261.19663194461,Sao Tome and Principe,Non-CFA comparison,NA,NA,1205.2244229700927,788.5047219111271
ST,STP,1986,NA,NA,1071.36164381493,1042.99511241999,-7.94337715992744,NA,NA,119081846.71003,115928906.745482,228.44268798828125,212.49728393554688,193.4128875732422,192.04620361328125,322.2215881347656,0.107429,2126.452708191282,1978.0253370649161,1800.3787391974438,1787.6569977685845,2999.391115385656,Sao Tome and Principe,Non-CFA comparison,NA,NA,1108.4702148398478,1079.1211567219466
ST,STP,1987,NA,NA,1014.69125831664,1017.85413731046,-5.28956639669342,NA,NA,115592613.456173,115952925.468271,219.66696166992188,204.68359375,186.898681640625,185.0242919921875,312.7801513671875,0.11025399999999999,1992.3718111807452,1856.473177843888,1695.1646347581495,1678.1639849092778,2836.905249398548,Sao Tome and Principe,Non-CFA comparison,NA,NA,1048.4210410159542,1051.6890586125767
ST,STP,1988,NA,NA,1008.24359402711,846.60177007008,-0.63543114584715,NA,NA,117902997.641936,99000764.3902251,220.2849578857422,198.7980194091797,187.07760620117188,180.19593811035156,319.0317687988281,0.113285,1944.5200854988939,1754.848562556205,1651.38902944937,1590.6425220492702,2816.187216302495,Sao Tome and Principe,Non-CFA comparison,NA,NA,1040.764422844472,873.9088528068596
ST,STP,1989,NA,NA,1013.50760361265,821.355129173615,0.522097002820658,NA,NA,121599628.773842,98545367.0431211,253.0297088623047,223.74789428710938,216.73040771484375,203.95167541503906,329.0344543457031,0.11631999999999999,2175.289794208259,1923.5547995796887,1863.2256509185331,1753.367223306732,2828.7006047601712,Sao Tome and Principe,Non-CFA comparison,NA,NA,1045.3888305866747,847.1919450061993
ST,STP,1990,3883.20429842266,1504.39524002616,967.490807502814,970.059625606155,-4.54035035808427,477556464.620019,185010526.618417,118982019.506696,119297932.757045,233.36676025390625,219.8834686279297,203.66094970703125,204.84034729003906,321.9515075683594,0.119209,1957.6270269350994,1844.520704207985,1708.4360216680893,1718.3295496987566,2700.731551882487,Sao Tome and Principe,Non-CFA comparison,4006.043709954945,1551.984553334203,998.0959449932136,1000.746023849248
ST,STP,1991,3844.8963771482,1539.92825538325,957.946483063679,855.105075821698,-0.986502855129885,483291939.918397,193564361.916908,120410999.081655,107484142.71556,223.38307189941406,216.5776824951172,202.11878967285156,201.4860382080078,325.818115234375,0.121956,1831.6693881351805,1775.8673824585687,1657.309108800318,1652.1207501722574,2671.6038180522073,Sao Tome and Principe,Non-CFA comparison,3962.8385640591446,1587.165550829053,987.3314890751992,881.3354219190528
ST,STP,1992,3798.88352929514,1556.1723028846,946.482495103288,740.471318576498,-1.19672530387369,486674968.938001,199361233.722547,121253872.447682,94861780.6228352,232.94952392578125,214.49732971191406,200.4109649658203,199.60891723632812,328.0988464355469,0.12457599999999999,1869.9390245776174,1721.8190479058092,1608.74458134649,1602.3063610673655,2633.724364528857,Sao Tome and Principe,Non-CFA comparison,3906.6511120761706,1600.318148941586,973.3325235011721,761.4771755621887
ST,STP,1993,3771.28612416062,1581.48569256943,939.606669438019,963.785698734091,-0.726460943635203,492028386.760864,206331693.852456,122587663.34157,125742228.756741,209.4589080810547,216.84226989746094,182.65492248535156,201.66610717773438,331.7079162597656,0.12706199999999998,1648.4779720219635,1706.586311387047,1437.5259517822133,1587.1472759576775,2610.5988907758865,Sao Tome and Principe,Non-CFA comparison,3872.348827823142,1623.8662531083726,964.7861936815887,989.6131711821081
ST,STP,1994,3788.48370442152,1622.61932710044,943.891404294867,989.500757799244,0.456013669997787,502853019.055278,215373508.524696,125284593.874866,131338414.584209,211.06573486328125,214.5818328857422,188.52059936523438,198.7612762451172,339.0055236816406,0.129427,1630.7705105061639,1657.9371606059185,1456.5786069771716,1535.7017951827456,2619.2797768753094,Sao Tome and Principe,Non-CFA comparison,3885.2250230267105,1664.0539340685948,967.9942660717317,1014.7682831573707
ST,STP,1995,3802.29132302174,1662.67844056238,947.331538535199,768.710751184259,0.364462927056991,512910088.019017,224287008.239663,127790287.890706,103695236.781001,212.07293701171875,206.58726501464844,192.41468811035156,191.47547912597656,345.7856140136719,0.131678,1610.5419053427206,1568.882159621565,1461.2515994346177,1454.1189805888348,2625.993818357447,Sao Tome and Principe,Non-CFA comparison,3895.1843741476705,1703.2990191198455,970.4756139272013,787.4909763286274
ST,STP,1996,3801.08164933857,1692.57951381916,947.030151309961,987.048712395264,-0.0318143345786694,520603744.85671,231819075.3717,129707143.583715,135188165.74708,215.88406372070312,218.00225830078125,195.74632263183594,201.5500946044922,350.972412109375,0.13380599999999998,1613.410936136669,1629.241276929146,1462.9113988299177,1506.285925926283,2622.9945750517545,Sao Tome and Principe,Non-CFA comparison,3890.735429328357,1732.5013480090581,969.3671702592935,1010.3296245839501
ST,STP,1997,3784.7902343178,1714.38768207392,942.971185295678,661.668232822488,-0.428599449412303,525790628.931897,238166165.569073,130999443.003646,91920274.2401657,232.97103881835938,220.83827209472656,209.68089294433594,202.47531127929688,354.46923828125,0.13583199999999998,1715.1410479000488,1625.819189106592,1543.6781682102594,1490.630420514289,2609.615100132885,Sao Tome and Principe,Non-CFA comparison,3870.889252399266,1753.387755234945,964.4225440518143,676.7203180411517
ST,STP,1998,3828.99823839083,1753.90494504665,953.9855008639,513.569380269738,1.16804370483166,538935331.051748,246863874.920261,134274413.232095,72285403.8423458,284.8247985839844,239.0884246826172,258.18646240234375,216.87905883789062,363.3309020996094,0.137848,2066.2236563750243,1734.4352089447593,1872.9793860073687,1573.3203154045807,2635.735753145562,Sao Tome and Principe,Non-CFA comparison,3909.6347502448207,1790.8411795619886,974.075889618239,524.3848575412469
ST,STP,1999,3878.13108525246,1801.54861390926,966.2268289095,542.692548018387,1.2831775781198,552408748.045531,256616187.662463,137631281.963527,77302211.9248351,269.280029296875,237.59950256347656,245.0559844970703,215.7613983154297,372.4141845703125,0.139959,1923.99223556095,1697.6364689907514,1750.9126565427755,1541.6043149453033,2660.8805762424176,Sao Tome and Principe,Non-CFA comparison,3946.932659175409,1833.5097254371854,983.3685719641252,552.3204075824713
ST,STP,2000,3852.89042721453,1830.36629942706,959.938180991352,529.089383412262,-0.65084592250922,554885573.546583,263605693.710886,138248376.950013,76198394.8202671,280.8841552734375,254.03646850585938,252.22862243652344,230.5110626220703,374.0839538574219,0.142262,1974.4144977115288,1785.6944827561779,1772.9866193117166,1620.327723651223,2629.5423504338605,Sao Tome and Principe,Non-CFA comparison,3900.4482823704366,1852.9592843548241,971.7871037242061,535.6201573172533
ST,STP,2001,3907.0192818698,1897.87411122439,973.424252100436,518.88050130005,1.4048895414449,571889947.383692,277801323.03047,142484974.901201,75951133.3777948,363.8316955566406,312.8329162597656,327.07843017578125,284.97113037109375,385.5477294921875,0.144755,2513.430938873549,2161.1199354755668,2259.5311400351025,1968.644470803038,2663.4501709245797,Sao Tome and Principe,Non-CFA comparison,3950.743997676709,1919.1138339295362,984.3181575848918,524.6874607287817
ST,STP,2002,3942.76040695115,1944.99838482036,982.32906557627,568.10257252271,0.9147926463327,591106525.73093,291598047.849038,147272738.169326,85171073.8777498,361.0216064453125,323.4332275390625,326.7829284667969,295.646484375,393.2705383300781,0.147447,2448.4839057106115,2193.555837277547,2216.273837153668,2005.1034227552952,2667.199321315986,Sao Tome and Principe,Non-CFA comparison,4008.942370688654,1977.6465295939422,998.8181391912077,577.6385676056468
ST,STP,2003,4161.63833167542,2093.50493378321,1036.86196260207,663.696211810494,5.55138791437551,640118238.348323,322010367.88493,159483885.915675,102085769.123419,371.41949462890625,336.249267578125,339.2372741699219,308.6462097167969,420.6579895019531,0.150415,2469.29823906463,2235.4769642530664,2255.342048132978,2051.964296890582,2796.6492005581435,Sao Tome and Principe,Non-CFA comparison,4255.680871909869,2140.8128702917265,1060.2924303804475,678.6940738850448
ST,STP,2004,4202.56186898775,2170.94121914898,1047.05796134884,726.560882130444,0.983351604603726,662765019.548713,342368284.965889,165126275.794519,114582283.916382,398.64794921875,360.68719482421875,366.9545593261719,332.0303955078125,436.7785949707031,0.15373699999999998,2593.0514399184976,2346.131346547798,2386.898139850341,2159.7298991642383,2841.0766111651924,Sao Tome and Principe,Non-CFA comparison,4311.031303776665,2226.9738902534136,1074.0828544496057,745.3136454879568
ST,STP,2005,4371.49721644128,2329.01423017277,1089.14778798762,844.169181884274,4.01981821374629,706604438.568351,376459531.150897,176048759.302531,136450662.390592,438.48504638671875,378.64910888671875,403.3627624511719,357.808837890625,467.76263427734375,0.157472,2784.5270675848324,2404.548801607389,2561.488788172957,2272.206093087184,2970.4495673982915,Sao Tome and Principe,Non-CFA comparison,4487.175107754719,2390.644248824534,1117.9686503158086,866.5074577740297
ST,STP,2006,4644.18044669991,2550.59553998213,1157.0861446542,861.970707697664,6.23775372046612,769252760.83048,422475544.05156,191657434.828232,142775104.081626,456.90863037109375,394.6355895996094,424.662841796875,371.3788146972656,510.4022216796875,0.161681,2825.9883992002387,2440.8284807714535,2626.5475955546726,2296.984894312044,3156.847258983353,Sao Tome and Principe,Non-CFA comparison,4757.842670632171,2613.01911821154,1185.404808408112,883.0666811909006
ST,STP,2007,4698.08416961839,2650.1038762996,1170.51612474435,878.885791918745,1.16067244882319,797264883.584242,449722627.808042,198636586.369116,149146918.888611,452.1131896972656,398.491943359375,427.7437438964844,376.94970703125,527.00872802734375,0.1663,2718.66019060292,2396.2233515296152,2572.1211298646085,2266.684949075466,3169.024221451255,Sao Tome and Principe,Non-CFA comparison,4794.136401588948,2704.2851942756583,1194.4473022797115,896.8545934372279
ST,STP,2008,4873.1813112046,2801.83579340874,1214.14114724792,1081.8684584729,3.72699030635786,846924799.618182,486939448.043886,211009232.403659,188021165.00338,493.9669189453125,426.32257080078125,464.16693115234375,408.7515869140625,570.1505126953125,0.17112,2886.669699306408,2491.366122024201,2712.5229730735377,2388.683887997093,3331.8753663821444,Sao Tome and Principe,Non-CFA comparison,4949.303410578435,2845.6021975449157,1233.1067812275537,1098.7679114269517
ST,STP,2009,4919.19529822865,2845.73589383231,1225.60541902997,1128.28046213305,0.944228915067228,874893641.37586,506122665.925758,217977600.590737,200668065.03175,513.41748046875,454.4651184082031,494.3233642578125,436.57476806640625,583.9844970703125,0.175876,2919.201485528156,2584.0087243751454,2810.6356993439267,2482.287339184461,3320.433129422505,Sao Tome and Principe,Non-CFA comparison,4974.491353998613,2877.7244531701767,1239.382295428239,1140.9633209292342
ST,STP,2010,4882.04796466341,2858.56899092769,1216.3502521663,1045.20958234528,-0.755150615358019,887566084.071738,519693559.688637,221134908.544338,190021192.489536,567.82476806640625,482.81878662109375,547.85540771484375,471.3636169433594,622.94781494140625,0.180371,3148.0934743745183,2676.809390761784,3037.380774707928,2613.3004581854034,3453.702729049605,Sao Tome and Principe,Non-CFA comparison,4920.780414100593,2881.2478707144555,1226.000346753846,1053.501907122187
ST,STP,2011,4876.47315792145,2914.21285695222,1214.96130276731,1219.80189089671,-0.114189921572034,905312365.29496,541020702.680323,225556350.897449,226455001.243083,829.6336669921875,660.69061279296875,812.1173095703125,664.257080078125,650.34503173828125,0.184524,4496.0745864613145,3580.513173316039,4401.147328099935,3599.841105103537,3524.446856442963,Sao Tome and Principe,Non-CFA comparison,4906.20388293642,2931.9801363525776,1222.3686398379018,1227.2387399096215
ST,STP,2012,4919.55294386577,2652.87879478958,1225.6945255615,1192.0202911189,0.883420959148197,931955190.132987,502558706.006143,232194345.227845,225815131.929273,732.589111328125,603.97991943359375,709.25360107421875,601.7279052734375,670.780029296875,0.188404,3888.394680198536,3205.770150493587,3764.5357905045475,3193.81703824461,3560.3279617039716,Sao Tome and Principe,Non-CFA comparison,4946.578576532276,2667.4524214249323,1232.4278955215655,1198.5686712026975
ST,STP,2013,5072.11200195866,2945.73664283744,1263.70423995281,1382.5757842916,3.10107564312558,979668288.954311,568963141.090766,244081946.538405,267041747.584354,787.08258056640625,681.06353759765625,770.23187255859375,676.09161376953125,703.0760498046875,0.19208699999999998,4097.531746377455,3545.5993252935195,4009.8073922680546,3519.7156172439118,3660.1958997989846,Sao Tome and Principe,Non-CFA comparison,5100.1280094660815,2962.007533517448,1270.6843593705198,1390.2124952982454
ST,STP,2014,5223.09572886388,3233.3568807314,1301.32146445028,1489.67633417608,2.97674276212585,1027732877.28136,636217933.350876,256057120.595489,293119143.246825,875.89984130859375,768.0289306640625,859.7640380859375,765.60894775390625,749.1270751953125,0.19572699999999998,4475.109930201729,3923.9804966308307,4392.669575919202,3911.61642366105,3827.4079467590705,Sao Tome and Principe,Non-CFA comparison,5250.8487703861,3250.5373982683845,1308.236066539052,1497.591764277923
ST,STP,2015,5210.2037755431,3171.50905832741,1298.10946596396,1298.10946596396,-0.246825905363622,1043556924.4073,635224720.801456,259999643.047388,259999643.047388,871.104736328125,778.4322509765625,863.26678466796875,775.06890869140625,778.4281005859375,0.199432,4367.928598861391,3903.2464748714474,4328.627224657872,3886.3818679620435,3903.225663814922,Sao Tome and Principe,Non-CFA comparison,5232.645334787296,3185.1694853456615,1303.7007252967828,1303.7007252967828
ST,STP,2016,5388.5091334891,3319.54261733278,1342.533807689,1434.87018050521,3.42223386315462,1097580036.89126,676154316.181896,273459368.754364,292267272.196925,832.797119140625,782.476318359375,830.69207763671875,778.3428955078125,810.8477783203125,0.203227,4097.866519412406,3850.2576840644947,4087.5084395120666,3829.918738690295,3989.8624607966094,Sao Tome and Principe,Non-CFA comparison,5400.758938975923,3327.088999896155,1345.585816620646,1438.1320995582525
ST,STP,2017,5521.20249597413,3436.31010124694,1375.59403284199,1555.79477812888,2.46252459071385,1142723280.59177,711213101.655078,284706696.977306,322002845.229335,842.05718994140625,794.73809814453125,842.05718994140625,794.73809814453125,842.05718994140625,0.207089,4066.1608774073284,3837.664473460837,4066.1608774073284,3837.664473460837,4066.1608774073284,Sao Tome and Principe,Non-CFA comparison,5518.029835441622,3434.3354869407744,1374.8035722675081,1554.9007684103694
ST,STP,2018,5674.72379094011,3941.03280858409,1413.84348618541,1825.59971753966,2.78057714923384,1192753169.44633,828353862.937865,297171520.830854,383717327.830508,800.439697265625,773.27532958984375,803.40606689453125,772.27288818359375,866.85809326171875,0.211028,3793.049724518192,3664.3257273434983,3807.1064830000346,3659.575450573354,4107.787086366353,Sao Tome and Principe,Non-CFA comparison,5652.108580123633,3925.3267952018928,1408.208961990134,1818.3242405297306
ST,STP,2019,5702.08347071236,4655.48496449805,1420.66008316091,1935.2931816596,0.482132360625684,1216778995.98225,993443247.544168,303157496.465873,412976082.620705,813.9346923828125,784.53076171875,821.2059326171875,782.8875732421875,878.1412353515625,0.215056,3784.7569581077137,3648.030102479122,3818.5678735640367,3640.3893555268746,4083.3142779162754,Sao Tome and Principe,Non-CFA comparison,5657.963488497182,4619.463058664571,1409.66769802225,1920.3188128706245
ST,STP,2020,5742.94724858826,5144.53560286014,1430.84119299096,2167.22001796925,0.716646434339125,1248717734.99679,1118602098.8079,311114954.79799,471229484.607144,NA,NA,NA,NA,NA,NA,NA,NA,NA,NA,NA,Sao Tome and Principe,Non-CFA comparison,NA,NA,NA,NA
ST,STP,2021,5732.69456061536,5732.69456061536,1428.28676097975,2362.58827248102,-0.17852659147141,1272434617.36875,1272434617.36875,317023957.753826,524402455.54816,NA,NA,NA,NA,NA,NA,NA,NA,NA,NA,NA,Sao Tome and Principe,Non-CFA comparison,NA,NA,NA,NA
SN,SEN,1980,NA,NA,1012.16661480231,771.533969550579,1.44851388497118,NA,NA,5916759625.81974,4510108290.69571,12927.6435546875,12310.564453125,12233.3603515625,12034.734375,12678.7958984375,5.583165,2315.4686552676662,2204.943692891935,2191.1156757076856,2155.5398013492345,2270.8975820054575,Senegal,WAEMU,NA,NA,1059.750092612298,807.804944094561
SN,SEN,1981,NA,NA,1037.70140590886,682.972070210382,2.52278535303547,NA,NA,6223261363.46036,4095892780.58289,13294.0654296875,12521.7880859375,12626.1357421875,12308.1416015625,12528.380859375,5.740444,2315.8601372450457,2181.3274523603923,2199.505080475918,2144.109689348507,2182.475930324379,Senegal,WAEMU,NA,NA,1084.1080173346102,713.5149790822609
SN,SEN,1982,NA,NA,1091.73478914466,651.93712330983,5.2070261183153,NA,NA,6721768519.10687,4013951442.67081,15717.6455078125,14600.9326171875,15019.80859375,14385.24609375,14450.2177734375,5.909739,2659.617541115183,2470.656084335958,2541.5350142789725,2434.159290917924,2445.153292461393,Senegal,WAEMU,NA,NA,1137.405309964936,679.209596679449
SN,SEN,1983,NA,NA,1002.79157255651,564.369336303935,-8.14696183290356,NA,NA,6342159311.79994,3569356124.93159,16702.517578125,15566.302734375,16025.6826171875,15331.48828125,14764.931640625,6.0895719999999995,2742.806485927911,2556.222791088602,2631.6599290044524,2517.662699652784,2424.625514013957,Senegal,WAEMU,NA,NA,1041.4786641491291,586.1423635243315
SN,SEN,1984,NA,NA,1014.21873121746,536.231765402514,1.13953477209834,NA,NA,6591776709.80046,3485165431.71354,17709.8984375,16592.0625,16967.912109375,16273.1005859375,14173.6865234375,6.277424,2821.204754928136,2643.132358113774,2703.005581489318,2592.3214022085335,2257.882616091808,Senegal,WAEMU,NA,NA,1050.0767049988117,555.1903825061904
SN,SEN,1985,NA,NA,1020.46425733551,571.417166069201,0.6157967631448,NA,NA,6820055505.01507,3818944917.56713,19239.708984375,18417.423828125,18590.833984375,18132.740234375,14709.39453125,6.471327,2973.0701267877516,2846.004201012405,2872.800892981455,2802.01266824795,2273.0105481070577,Senegal,WAEMU,NA,NA,1053.8882527517262,590.1332010524472
SN,SEN,1986,NA,NA,1022.55326037551,783.940524706279,0.204711044505984,NA,NA,7033317655.08876,5392093445.51053,20050.375,19529.10546875,19553.38671875,19315.77734375,15379.3173828125,6.670662999999999,3005.7544504946513,2927.6108639800873,2931.250869478791,2895.630815670047,2305.5155661157673,Senegal,WAEMU,NA,NA,1054.3656087991196,808.329463729547
SN,SEN,1987,NA,NA,1055.32454152497,916.09484148409,3.20484833596085,NA,NA,7473312400.54532,6487353102.81483,20429.193359375,19953.22265625,19953.2421875,19755.572265625,15993.703125,6.875754,2971.1931752321275,2901.9686650002313,2901.9715055977863,2873.2226699246366,2326.1017082635594,Senegal,WAEMU,NA,NA,1086.9080540905506,943.5115192915322
SN,SEN,1988,NA,NA,1016.8279275159,880.487755138196,-3.64784599374907,NA,NA,7412287163.3226,6418419388.63499,21120.51171875,20606.0859375,20673.890625,20459.201171875,16802.470703125,7.086627,2980.333481464454,2907.7424192778876,2917.3103967515153,2887.015384311182,2371.011018799917,Senegal,WAEMU,NA,NA,1045.9541843140044,905.7086521747215
SN,SEN,1989,NA,NA,1027.27575950199,848.555548058968,1.02749262715633,NA,NA,7706835393.86617,6366039372.53683,21461.88671875,20421.125,21108.337890625,20400.853515625,16566.435546875,7.303516999999999,2938.5687359596755,2796.0672919635845,2890.160711698898,2793.291713516242,2268.281917721969,Senegal,WAEMU,NA,NA,1055.2224899135815,871.6402484634226
SN,SEN,1990,2923.34412469673,1513.07729101075,990.777522619822,957.314337438177,-3.55291522695565,22569745551.636,11681748026.0262,7649320651.26936,7390967360.42121,21646.51953125,20870.564453125,21356.72265625,21000.48828125,17213.21875,7.526307,2876.1143454884314,2773.0152986218873,2837.6098206265037,2790.2779253158287,2287.0736936455023,Senegal,WAEMU,2998.7808830593813,1552.1221797126,1016.3444902352986,982.0177891256908
SN,SEN,1991,2917.01427785027,1560.85968440626,988.63221583773,913.399575796737,-0.216527599094078,23170092355.1783,12398041146.3121,7852789724.13743,7255210469.51743,21193.431640625,20702.37890625,21064.08203125,20811.724609375,17144.953125,7.755496,2732.698416790493,2669.3816754273357,2716.0199723202745,2683.480799857933,2210.6842844094044,Senegal,WAEMU,2987.570666683124,1598.613569823529,1012.5451323986796,935.4927743522053
SN,SEN,1992,2874.00297966311,1572.89009404313,974.054860027128,951.204960087807,-1.47449734866765,23475991569.0652,12847987579.7314,7956464848.37129,7769817839.95644,21325.212890625,21009.9296875,21057.884765625,21137.478515625,17524.4609375,7.990095999999999,2668.9557785820098,2629.496527638717,2635.4983426513277,2645.4598938016516,2193.272889024112,Senegal,WAEMU,2938.136358945525,1607.989138019293,995.7908951746376,972.4310996959788
SN,SEN,1993,2834.02797281318,1587.77652666416,960.506561720788,877.52900343803,-1.39091737666223,23795315059.7957,13331428997.512,8064689718.09751,7367986241.21869,20917.69140625,20465.751953125,20669.6796875,20563.853515625,17135.6953125,8.226759999999999,2542.640286850474,2487.704996028206,2512.49333729196,2499.6296860033603,2082.9215040307486,Senegal,WAEMU,2892.428496734523,1620.4956747871581,980.2996219772439,895.6121536569307
SN,SEN,1994,2757.86087513844,1578.09460534737,934.692068072302,583.782776032181,-2.68759159773336,23784007300.3422,13609610967.8949,8060857301.03684,5034588195.55806,21843.947265625,20773.875,21679.263671875,20889.10546875,17627.4375,8.461068,2581.7009466919544,2455.2308290159117,2562.237257976771,2468.8497325337653,2083.358448366093,Senegal,WAEMU,2810.9935176436593,1608.4980014219127,952.6997420463753,595.0298704085654
SN,SEN,1995,2835.03272874496,1656.26724973061,960.84709282163,714.994396357297,2.79825042307988,25084655922.241,14654819908.6086,8501672122.84215,6326342633.4034,22101.66796875,20963.671875,22075.6171875,21186.013671875,18460.50390625,8.690164,2543.2969928703305,2412.3447929176023,2540.2992610381116,2437.9302475620716,2124.298679087069,Senegal,WAEMU,2886.557252802249,1686.3686241834562,978.3097445390156,727.9888657341105
SN,SEN,1996,2822.46837323856,1679.11494146933,956.588791201654,723.469950081149,-0.443182026754187,25591360254.7113,15224558681.9116,8673403962.06847,6559712165.96508,25493.09765625,22251.587890625,25499.3515625,22517.599609375,19424.314453125,8.912861,2860.2597590437013,2496.5707297157446,2860.961431183545,2526.416557980092,2179.357947254535,Senegal,WAEMU,2871.284568974126,1708.1561893438707,973.1335383855386,735.9827743263448
SN,SEN,1997,2840.60808859832,1719.04799845104,962.736689457399,650.776321407448,0.642689765162558,26370770987.462,15958773498.3803,8937561242.89432,6041478725.90443,25624.42578125,22704.056640625,25523.408203125,22886.876953125,20031.13671875,9.130877,2806.348807595371,2486.514344747498,2795.285513442466,2506.536552088589,2193.7801504444756,Senegal,WAEMU,2888.087418926134,1747.7810180095844,978.8283472545211,661.6537191229747
SN,SEN,1998,2938.69162551525,1798.39199954837,995.979085689636,684.588105785786,3.45290634461773,27926245460.0734,17090032848.8921,9464741444.3125,6505607909.05324,25446.1171875,23813.384765625,25329.5546875,23849.12890625,21212.705078125,9.347774,2722.1579370125983,2547.492565141712,2709.6883907869405,2551.316378236145,2269.2787692690263,Senegal,WAEMU,2987.4754631502,1828.2462593652883,1012.5128660911678,695.9526309743089
SN,SEN,1999,3050.17800998696,1893.0328371207,1033.76396461633,677.516338727268,3.79374220499105,29680937545.068,18420888625.311,10059440324.3535,6592834932.80876,27677.47265625,25961.966796875,27591.97265625,26027.205078125,23572.3125,9.568722,2892.4941759463804,2713.2115236365944,2883.558813418344,2720.0293913988726,2463.4755299610547,Senegal,WAEMU,3101.870609791778,1925.1148298917035,1051.2835804356632,688.9984820134559
SN,SEN,2000,3093.28791602615,1963.27509878739,1048.37474052363,603.233162455158,1.41335705319622,30834698201.8069,19570436636.2383,10450471990.9721,6013185003.97525,27249.232421875,25436.431640625,27087.318359375,25504.59375,23280.765625,9.797734,2781.1769968316144,2596.1545435531316,2764.6513325810847,2603.1114694479356,2376.1377503206354,Senegal,WAEMU,3147.1254681752844,1997.4451884729979,1066.6213219273047,613.7322164467059
SN,SEN,2001,3149.33113703503,2043.85289540933,1067.36886550595,637.213530563724,1.81176865944212,32163936241.3328,20873751077.3476,10900976316.0181,6507824829.26254,28507.240234375,26551.373046875,28287.974609375,26688.5859375,24347.23828125,10.036104,2840.4687949003915,2645.585682140699,2818.6211112773444,2659.257610074587,2425.9651236426007,Senegal,WAEMU,3204.8229314216755,2079.865959673953,1086.1761014052963,648.4413502752203
SN,SEN,2002,3075.23157503112,2026.77782446969,1042.25509944289,669.430447319209,-2.35286664944574,32186031763.8327,21212690441.3542,10908464913.3606,7006402319.75856,28832.578125,26418.95703125,28650.27734375,26609.546875,24506.6640625,10.283699,2803.716651469476,2569.0130595275104,2785.9894911111264,2587.5462588899186,2383.059253533189,Senegal,WAEMU,3129.810758155475,2062.7490595897643,1060.753033841286,681.3114930491995
SN,SEN,2003,3170.03494688479,2130.50797474486,1074.38578467686,817.888034221442,3.08280432027999,33986502591.7025,22841550966.6433,11518679089.4187,8768721563.18211,29001.609375,27864.48046875,28955.44921875,28050.921875,26141.46484375,10.541466999999999,2751.192919827952,2643.320940885173,2746.81400783686,2661.007417183965,2479.8697224731627,Senegal,WAEMU,3224.0771224443906,2166.8284847491627,1092.7017168880482,831.8312397299267
SN,SEN,2004,3240.3020166984,2236.29400949837,1098.20064546027,918.102079522155,2.21660237161285,35564595805.8847,24544901105.2273,12053525217.1809,10076816666.6196,29770.888671875,28747.931640625,29717.091796875,28908.79296875,27679.384765625,10.810082999999999,2753.9926078157773,2659.3627117039714,2749.016061844761,2674.2433863597535,2560.5154711231175,Senegal,WAEMU,3289.946599474278,2270.5562117540912,1115.0261489371453,932.1682975625258
SN,SEN,2005,3301.82076160815,2350.20037042455,1119.0505307548,979.846101520171,1.8985497213755,37097514716.067,26405610456.2947,12573060904.8807,11009033437.939,32380.705078125,30249.123046875,32231.0625,30936.34375,29235.6875,11.090116,2919.7805575816337,2727.5749908184007,2906.2872290966116,2789.541944376416,2636.193120071963,Senegal,WAEMU,3345.0970860960338,2381.003990967696,1133.71770907362,992.688754377231
SN,SEN,2006,3301.03152414193,2422.09761798858,1118.7830430051,1017.20196747987,-0.0239030984175912,37962172824.5955,27854350284.0448,12866110160.1646,11697918243.0035,32757.1875,31092.50390625,32663.52734375,31557.306640625,29955.345703125,11.382268,2877.913918386037,2731.661555170727,2869.6853161206536,2772.497242256552,2631.7554377673237,Senegal,WAEMU,3335.2028633129617,2447.170483426045,1130.3643667645674,1027.7317528460496
SN,SEN,2007,3316.42037834774,2499.31582882192,1123.99862153285,1188.93877808175,0.466183194352098,39035408701.7631,29417807069.8791,13229850430.9674,13994218412.9619,34770.6328125,33036.515625,34756.66015625,33407.640625,31434.685546875,11.68708,2975.134320334934,2826.7553251111485,2973.938755980964,2858.510476954038,2689.6954198033213,Senegal,WAEMU,3340.048044658127,2517.1220758204017,1132.006491866865,1197.4093112190471
SN,SEN,2008,3359.70567090311,2580.71949180217,1138.66883930214,1398.79218010021,1.30518111750766,40480955880.7791,31094983347.2252,13719774159.3291,16853989627.548,35091.83984375,33272.4140625,34899.0859375,33871.57421875,32592.275390625,12.004700999999999,2923.174833238246,2771.6153915453624,2907.118297865145,2821.5258521432565,2714.9593638879473,Senegal,WAEMU,3372.091973034489,2590.233888143087,1142.8667952104015,1403.9491385539718
SN,SEN,2009,3371.46166688616,2605.72280250701,1142.65317233964,1308.69404336205,0.34991148435582897,41595034082.963,32147815840.6992,14097356679.2382,16145867494.9405,37461.67578125,36443.9609375,37588.80859375,36847.203125,33382.04296875,12.335084,3037.00208131943,2954.496372906743,3047.3086842173107,2987.187045098355,2706.2679888316934,Senegal,WAEMU,3372.0916763082437,2606.2097218550925,1142.866694644171,1308.9385929549
SN,SEN,2010,3403.56707165919,2662.50486626479,1153.53431121583,1275.88357492357,0.952269607225944,43005475623.6144,33641848599.7654,14575382431.8826,16121315909.0758,39352.828125,37791.4921875,39290.19140625,38264.17578125,34777.19921875,12.678148,3103.988699690207,2980.836963529689,3099.0481737750656,3018.120294955541,2743.0819721263706,Senegal,WAEMU,3392.094462346898,2653.5302001337577,1149.646023368918,1271.582877016091
SN,SEN,2011,3362.87940537332,2684.94989722318,1139.74447892639,1374.67591873844,-1.19544188286081,43579207837.654,34793989168.2758,14769831308.7257,17814283639.3119,40398.94921875,38527.54296875,40223.15234375,39150.25,35389.66796875,13.033809,3099.550501219559,2955.96958408321,3086.062742192248,3003.745873520166,2715.220697859697,Senegal,WAEMU,3343.5512088334267,2669.5181100379637,1133.1937815511722,1366.7749496184808
SN,SEN,2012,3405.10864460824,2764.26130708482,1154.05677992367,1326.83798848379,1.2557464643975,45323681588.5148,36793686306.646,15361066998.8901,17660870411.5235,42461.60546875,40090.09375,42100.34765625,40614.98828125,36807.38671875,13.401992,3168.3055376208254,2991.3533562771863,3141.350006495303,3030.5187677510926,2746.4116318492056,Senegal,WAEMU,3381.861561215288,2745.3893650023074,1146.1778964567432,1317.7795070705533
SN,SEN,2013,3385.42590686562,2768.76818711984,1147.3859217191,1379.83196553924,-0.578035528287558,46417063409.7225,37962162529.6039,15731635117.4164,18918667724.8817,41221.1171875,39444.40234375,40927.8046875,39665.85546875,38227.55859375,13.782423999999999,2990.846689051215,2861.935051755047,2969.565055283454,2878.0028439663447,2773.645520827831,Senegal,WAEMU,3367.844684630404,2754.3893969307505,1141.4273075198096,1372.666210594138
SN,SEN,2014,3484.01219749797,2853.80456250635,1180.7987108505,1398.89137601382,2.91207940579723,49306095988.2355,40387333256.6553,16710783797.4248,19797253440.2679,42370.90234375,40527.3359375,42010.765625,40725.25390625,39785.40234375,14.174738999999999,2989.18395208194,2859.1239625293983,2963.777013813094,2873.086686552042,2806.7820045046333,Senegal,WAEMU,3478.4482443193842,2849.247048334033,1178.9129801560935,1396.657352228348
SN,SEN,2015,3593.79477120389,2994.28032714875,1218.00613555438,1218.00613555438,3.15103873013858,52445436642.2476,43696523920.8699,17774766696.1759,17774766696.1759,44750.59765625,43040.23828125,44629.8984375,43035.4140625,42318.46875,14.578458999999999,3069.6384066553264,2952.3174075703064,3061.3591215299234,2951.986493394124,2902.808091719434,Senegal,WAEMU,3597.4609279518227,2997.334898075984,1219.2486665549427,1219.2486665549427
SN,SEN,2016,3710.05531589724,3101.12348494108,1257.40906915928,1266.43957151587,3.23503572393487,55778904558.0186,46623906157.9398,18904543055.8656,19040312333.1864,46485.66796875,45394.96484375,46473.734375,45264.49609375,45014.09375,14.993519,3100.384103875148,3027.6391315307637,3099.5881870693597,3018.937455159793,3002.236749758346,Senegal,WAEMU,3720.201012051847,3109.6039667498867,1260.847640628301,1269.9028382320655
SN,SEN,2017,3871.4514678592,3234.36158194088,1312.10932776049,1356.80518449031,4.3502357301897,59910719208.024,50051751949.2583,20304894471.3123,20996562943.5979,48342.3203125,47185.00390625,48342.3203125,47185.00390625,48342.31640625,15.419355,3135.171368225195,3060.1152840861373,3135.171368225195,3060.1152840861373,3135.1711148909926,Senegal,WAEMU,3885.4231715933643,3246.0340882779014,1316.8446067499128,1361.7017666172094
SN,SEN,2018,3998.28635303406,3380.21596529445,1355.09610863712,1452.55612562445,3.27615846996514,63630720168.7878,53794440219.2467,21565674310.7132,23116701556.1381,50598.65625,49572.66796875,50691.6328125,49479.65625,51418.24609375,15.854322999999999,3191.4737860456107,3126.7603144423133,3197.338215734598,3120.8936672981877,3243.1688249160816,Senegal,WAEMU,4013.4618279688016,3393.0455573061495,1360.2393688278712,1458.0692947997907
SN,SEN,2019,4070.61227058594,3647.95137357242,1379.60875249861,1431.18128932159,1.80892290260792,66566404953.1348,59654664271.8226,22560634320.127,23403995992.1354,52927.8671875,51997.69140625,53146.421875,51816.9765625,54101.0078125,16.296364,3247.8329023271694,3190.7541710684663,3261.2441569788202,3179.6648971819727,3319.820777966177,Senegal,WAEMU,4084.739697341984,3660.611917592329,1384.3968090137776,1436.1483329738708
SN,SEN,2020,4018.04129277358,3752.91947490817,1361.79143748646,1461.08720350553,-1.29147593329481,67459775215.4187,63008586953.5983,22863414676.2849,24530513037.7518,NA,NA,NA,NA,NA,NA,NA,NA,NA,NA,NA,Senegal,WAEMU,NA,NA,NA,NA
SN,SEN,2021,4173.67741399619,4173.67741399619,1414.5395109385,1598.10676952274,3.8734325976821,71874343647.3324,71874343647.3324,24359596784.117,27520784129.7508,NA,NA,NA,NA,NA,NA,NA,NA,NA,NA,NA,Senegal,WAEMU,NA,NA,NA,NA
SL,SLE,1980,NA,NA,1165.12783269719,336.386279506102,2.77392622981942,NA,NA,3812401964.96231,1100685844.92284,4204.70068359375,4263.36669921875,3837.590576171875,4029.522216796875,6863.37939453125,3.388495,1240.8755756150592,1258.1888712300743,1132.5354106090979,1189.177560184352,2025.49491574615,Sierra Leone,Non-CFA comparison,NA,NA,1125.1018416619502,324.83029926939247
SL,SLE,1981,NA,NA,1174.70023539592,333.887542728491,0.821575318184344,NA,NA,3922253603.97286,1114830471.91787,4518.2041015625,4519.20703125,4127.2890625,4292.30810546875,7135.560546875,3.4641059999999997,1304.291526172265,1304.581046668318,1191.4442174979636,1239.0810516389367,2059.856293911041,Sierra Leone,Non-CFA comparison,NA,NA,1132.2556538318574,321.82342916696837
SL,SLE,1982,NA,NA,1205.86429259504,380.074041189746,2.65293700129511,NA,NA,4109806182.32945,1295361885.92419,4852.47705078125,4785.19189453125,4470.12109375,4555.66357421875,7260.61669921875,3.54017,1370.690404918761,1351.6842113602595,1262.6854342446832,1286.8488163615732,2050.9231757849907,Sierra Leone,Non-CFA comparison,NA,NA,1160.9064486534405,365.90386504721243
SL,SLE,1983,NA,NA,1155.5985621559,285.814326139727,-4.1684400763676,NA,NA,4023385111.53585,995104305.347075,4776.634765625,4692.2255859375,4431.4541015625,4467.15673828125,7253.26025390625,3.619847,1319.5681379972689,1296.249699486608,1224.210333078304,1234.0733567692916,2003.747742351058,Sierra Leone,Non-CFA comparison,NA,NA,1111.479328141728,274.90231088415476
SL,SLE,1984,NA,NA,1176.83294082111,305.576232491583,1.83752207389294,NA,NA,4188063642.81064,1087471861.98928,5019.86474609375,4914.7177734375,4652.7919921875,4660.62890625,7569.57958984375,3.7075099999999996,1353.972004416374,1325.6114679225411,1254.9641112734694,1257.0779057237878,2041.6882462471444,Sierra Leone,Non-CFA comparison,NA,NA,1129.6162769110913,293.3159619230373
SL,SLE,1985,NA,NA,1089.92411667933,235.510529343624,-7.38497548183301,NA,NA,3965621323.24253,856890459.363958,5059.20654296875,5002.99072265625,4738.181640625,4761.763671875,7745.888671875,3.8053109999999997,1329.5119749657126,1314.738985238329,1245.149644963316,1251.3467813471752,2035.5468112527467,Sierra Leone,Non-CFA comparison,NA,NA,1042.128047679291,225.18276676044562
SL,SLE,1986,NA,NA,1076.77818848429,131.473041005587,-1.20613242645724,NA,NA,4014638262.38105,490181456.62441,5160.04443359375,5105.44873046875,4852.4228515625,4880.20556640625,7858.9677734375,3.9166849999999998,1317.4519864614465,1303.5127232516147,1238.9106735830173,1246.0040994887897,2006.5355711366885,Sierra Leone,Non-CFA comparison,NA,NA,1025.0092265221867,125.15212651117209
SL,SLE,1987,NA,NA,1124.08995764348,172.364214833661,4.39382684987255,NA,NA,4304947544.40648,660106336.104339,5555.1162109375,5491.0673828125,5219.912109375,5252.681640625,8176.080078125,4.038144,1375.660751805161,1359.7997948593463,1292.6513045039999,1300.7663026937623,2024.7123624429937,Sierra Leone,Non-CFA comparison,NA,NA,1066.0708346226584,163.46775550954573
SL,SLE,1988,NA,NA,1016.68318068952,268.160979625957,-9.55499835432438,NA,NA,4000157258.03699,1055083933.07498,5927.0693359375,5721.47607421875,5582.29443359375,5490.791015625,8377.6552734375,4.1566339999999995,1425.930052041508,1376.468573903488,1342.9843555130788,1320.9705294295818,2015.4902436532784,Sierra Leone,Non-CFA comparison,NA,NA,962.3549386443432,253.83132916561337
SL,SLE,1989,NA,NA,998.840220254123,231.275622974338,-1.75501678146151,NA,NA,4029358405.59328,932974420.276529,6335.720703125,6043.349609375,6006.51171875,5839.01806640625,8661.990234375,4.2544439999999994,1489.2006342368124,1420.479293974724,1411.8206089326832,1372.451503981778,2035.986426046506,Sierra Leone,Non-CFA comparison,NA,NA,947.0940046674209,219.29408878728435
SL,SLE,1990,2703.59918712824,1382.02162141179,992.259351903398,154.794072467618,-0.65885095706804,11346540769.3171,5800107037.34638,4164341831.33004,649644097.566129,6813.25537109375,6628.828125,6544.08203125,6506.13037109375,8977.4638671875,4.319762,1577.2293406659326,1534.5354964000333,1514.9172642497435,1506.1316737111326,2078.2311310640494,Sierra Leone,Non-CFA comparison,2626.6587764133997,1342.6913421031945,964.0211269347802,150.3888634526923
SL,SLE,1991,2734.96862548027,1445.33665212681,1003.7723819105599,183.686515027567,1.16028435358966,11613407020.4122,6137285329.81654,4262285540.81822,779981987.10656,7027.060546875,6873.943359375,6762.01123046875,6739.34033203125,8259.939453125,4.34866,1615.9139934773011,1580.7037936686245,1554.9643408472382,1549.7510341188436,1899.4217651241993,Sierra Leone,Non-CFA comparison,2670.5713991004586,1411.304937570778,980.1376839804032,179.3614555073425
SL,SLE,1992,2257.44939868809,1220.17057183004,828.516034463031,163.197571684381,-17.4597698249032,9405360421.41452,5083677184.67325,3451901036.4416,679940813.948366,6585.2744140625,6462.7587890625,6323.78955078125,6339.888671875,7463.162109375,4.3477239999999995,1514.6486791853624,1486.4694237864458,1454.505748474662,1458.2086332699594,1716.5675901632671,Sierra Leone,Non-CFA comparison,2163.2836908264007,1169.2732070097484,793.9558804656415,156.39005924671534
SL,SLE,1993,2293.56354039047,1269.07526559771,841.770438078312,184.951609154872,1.59977635482602,9534641800.66343,5275710858.87423,3499349141.24849,768867882.965994,7288.3359375,7171.234375,6996.77392578125,7028.48193359375,7467.2138671875,4.328957,1683.6240086237863,1656.5732519403634,1616.272447562138,1623.597077447004,1724.9452621468636,Sierra Leone,Non-CFA comparison,2202.5263361736856,1218.7025324747347,808.3584894117658,177.61042277989688
SL,SLE,1994,2240.29005098829,1266.06583859706,822.218309819245,218.507275126222,-2.3227387628037,9348965613.22947,5283425681.37859,3431203339.79824,911853802.365613,7900.70458984375,8020.9404296875,7613.3671875,7874.00732421875,7728.56640625,4.309775,1833.205814652447,1861.1042176650753,1766.5347233904322,1827.0112301033696,1793.2644758137026,Sierra Leone,Non-CFA comparison,2169.24679669576,1225.916824284003,796.1444251261934,211.57805276739805
SL,SLE,1995,2058.07683318146,1187.47720187909,755.343467472038,208.351997250955,-8.13346547365364,8601071481.61845,4962679785.07185,3156715557.04632,870740291.519248,7998.57666015625,7510.50927734375,7770.98876953125,7434.22021484375,6953.77734375,4.303957,1858.4239248106453,1745.024236381486,1805.5451691388298,1727.2989053663293,1615.6707289942722,Sierra Leone,Non-CFA comparison,1998.410179659892,1153.0505033093616,733.4449570584278,202.3115685215368
SL,SLE,1996,2084.1822265,1224.55526220614,764.924518087367,224.258711163044,1.26843628467385,8751918847.34105,5142164702.60865,3212078685.59765,941709422.502965,7079.376953125,6349.705078125,6911.8984375,6317.8837890625,5230.16796875,4.312666,1641.531468730711,1472.33870606372,1602.6973657361827,1464.9601404473474,1212.745890534996,Sierra Leone,Non-CFA comparison,2029.3523419947312,1192.3401215416752,744.8011706906238,218.3589970804521
SL,SLE,1997,1936.55653107258,1157.43929308216,710.743788352538,199.880001395777,-7.08314721958494,8237561501.12792,4923418040.01229,3023302224.4158,850232760.017239,5754.26416015625,5656.9287109375,5582.38916015625,5588.55517578125,4309.87451171875,4.335300999999999,1327.3044155772,1304.8525836931508,1287.6589561269795,1289.0812369847563,994.1350120138718,Sierra Leone,Non-CFA comparison,1900.1129335951348,1135.6577178867838,697.368469782329,196.11850711570872
SL,SLE,1998,1951.82091117813,1179.67308828891,716.346032939256,156.51811883387,0.788222799625672,8384602992.92535,5067621957.57517,3077268543.10996,672368187.114756,5144.8828125,4985.0009765625,4972.201171875,4885.5,4273.78271484375,4.381483,1174.233201977504,1137.7428547737147,1134.8215140569985,1115.033425897122,975.4192164716261,Sierra Leone,Non-CFA comparison,1913.6449902750621,1156.5997078101568,702.3349270349697,153.4567604426985
SL,SLE,1999,1903.3269610781,1166.6423031556,698.548063578049,155.020833269007,-2.48454916239004,8218647660.99457,5037611630.64494,3016360576.09675,669386623.951402,3922.14208984375,3658.311767578125,3792.873779296875,3585.62353515625,3926.67529296875,4.462378,878.9354218409444,819.8121646301871,849.9669412355643,803.5230397685382,879.951293451328,Sierra Leone,Non-CFA comparison,1841.7641134378507,1128.907419014019,675.9536229554623,150.00670583070325
SL,SLE,2000,1981.50608696758,1242.07432044948,727.240914632596,143.743743239644,4.10749847441832,8765412122.87674,5494453626.75787,3217030909.61881,635866403.776065,4767.4873046875,4257.28076171875,4597.77587890625,4159.9697265625,4076.175048828125,4.5845709999999995,1039.8982379567249,928.6104985000234,1002.880286706488,907.3847316493736,889.1071921076423,Sierra Leone,Non-CFA comparison,1911.9372614966028,1198.4662527328883,701.7081662861826,138.697034853657
SL,SLE,2001,1749.35086324104,1121.24260099529,642.036645844304,358.315716051546,-11.7160994484665,8209206785.54503,5261673093.57223,3012895640.5399,1681473893.76655,5438.703125,4904.21240234375,5234.0107421875,4801.02978515625,4816.8134765625,4.754072,1144.00941445565,1031.5814321583161,1100.9531917454133,1009.8773819909018,1013.1974182474519,Sierra Leone,Non-CFA comparison,1726.773760587772,1106.7718565415564,633.7505280820105,353.6912974322959
SL,SLE,2002,2089.26152736756,1359.91725651246,766.788693742901,388.995111216836,19.430674044243,10386627881.3085,6760740246.13004,3812040149.67774,1933863910.73227,6332.5107421875,5685.15185546875,6108.06591796875,5570.42724609375,6089.2861328125,4.9657659999999995,1275.2334165942375,1144.8690605777135,1230.0349871437259,1121.7659563688162,1226.2531365377467,Sierra Leone,Non-CFA comparison,2091.646662631405,1361.4697603813875,767.6640723058116,389.4391944228283
SL,SLE,2003,2196.28134548105,1457.80167857458,806.066489012144,413.817607346927,5.12237538056517,11371657370.8397,7548040799.73379,4173559981.29382,2142618045.93129,6391.55908203125,5836.44482421875,6195.560546875,5733.2529296875,6656.38916015625,5.20107,1228.8931089239811,1122.1623289474571,1191.208837196,1102.321816412296,1279.8114926652113,Sierra Leone,Non-CFA comparison,2186.4072913534524,1451.2476855212083,802.4425707198365,411.95716380115823
SL,SLE,2004,2260.83818961545,1541.00571321438,829.759768928304,417.749983329227,2.93937041660126,12108409526.3727,8253190495.3594,4443958500.36539,2237350687.46606,6308.5703125,5931.5478515625,6130.46630859375,5833.4091796875,7095.57373046875,5.433991,1160.9460362558568,1091.5637975039892,1128.170125529054,1073.5036513103353,1305.7757604804185,Sierra Leone,Non-CFA comparison,2228.2719140264862,1518.808274684187,817.8074826339223,411.732497802455
SL,SLE,2005,2296.65767887048,1614.50361925174,842.906030904902,462.633324427945,1.58434555022808,12635549111.7339,8882533936.08072,4637426225.10187,2545275312.60512,6269.3525390625,5844.560546875,6126.541015625,5867.029296875,7415.23583984375,5.645624,1110.4799999189638,1035.2373000531031,1085.1840320263977,1039.2171524130902,1313.4484053213162,Sierra Leone,Non-CFA comparison,2238.1138226233097,1573.3484794737874,821.4196030592667,450.8403876356485
SL,SLE,2006,2342.75461136539,1697.69680421278,859.824260714965,580.26796974773,2.0071311854182,13176743657.9679,9548637953.60345,4836052320.36646,3263697466.73514,6375.02880859375,6135.541015625,6254.64111328125,6132.8759765625,7728.44921875,5.829237,1093.6300597477423,1052.5461592357628,1072.9776664220806,1052.0889743481866,1325.8080292069099,Sierra Leone,Non-CFA comparison,2260.4576993469127,1638.0596557668612,829.6201235884662,559.8841609519633
SL,SLE,2007,2377.80530113361,1769.77972125467,872.68836234614,631.889926264998,1.49613150255581,13670839663.6831,10175086579.955,5017392581.4315,3632957611.35152,6720.7197265625,6460.86328125,6622.5439453125,6468.505859375,8351.2568359375,5.9896329999999995,1122.0586848246796,1078.6743163145388,1105.6677337847746,1079.9502839948625,1394.2852318226344,Sierra Leone,Non-CFA comparison,2282.4169133038868,1698.782977179904,837.6794674116929,606.5409368740155
SL,SLE,2008,2404.65198784353,1824.24498367556,882.54147817868,705.359014080005,1.12905319443597,14174754975.085,10753417038.6619,5202336667.33238,4157895298.19572,7237.556640625,6866.2060546875,7138.93017578125,6930.43359375,8802.4013671875,6.133603,1179.9845279560807,1119.4408987160564,1163.9048330616197,1129.912319683879,1435.1110378659166,Sierra Leone,Non-CFA comparison,2310.999746003287,1753.1974336555365,848.169773513607,677.8879066994914
SL,SLE,2009,2376.58254518958,1814.0708691735,872.23959352481,652.845806767943,-1.1672975048301,14391742583.4471,10985371002.627,5281974205.57014,3953403098.37107,7768.08642578125,7307.8056640625,7702.88232421875,7348.673828125,9082.724609375,6.272734,1238.389261489687,1165.0112477370315,1227.9944158669489,1171.5264553103957,1447.9690370060327,Sierra Leone,Non-CFA comparison,2294.3333135833755,1751.2891512101423,842.0529557877219,630.2519919338314
SL,SLE,2010,2459.76814418708,1900.38515206703,902.769891411394,685.039673490948,3.5002192188053,15306433667.587,11825553291.1596,5617678842.06416,4262805966.78755,8106.5869140625,7551.62451171875,8021.54248046875,7616.0078125,9568.3740234375,6.415634,1263.5675467245326,1177.0659784705222,1250.31173543702,1187.1013546751576,1491.4151934847748,Sierra Leone,Non-CFA comparison,2385.802193140538,1843.240012001869,875.6233354434122,664.4403291689566
SL,SLE,2011,2590.52839483651,2042.70009101399,950.760763054593,761.146365577281,5.31595837430623,16546355080.4479,13047238199.0292,6072747634.58121,4861632884.67985,9623.7822265625,7988.57275390625,9467.451171875,8076.1181640625,10172.6396484375,6.5632399999999995,1466.315756632776,1217.169074101549,1442.496567529909,1230.5078229750093,1549.941743473879,Sierra Leone,Non-CFA comparison,2521.065065493248,1987.9264203395276,925.2667332874024,740.736722210349
SL,SLE,2012,2792.92626544926,2317.1913997528,1025.04366004502,937.504428180231,7.81299564274897,18296683399.0594,15180106235.0926,6715143020.4477,6141666509.36295,10974.0546875,9999.076171875,10715.9775390625,10058.1943359375,11717.126953125,6.712584,1634.8480238757534,1489.6016454877883,1596.40125755782,1498.408710555801,1745.5464174638262,Sierra Leone,Non-CFA comparison,2725.7287803116355,2261.44004083861,1000.3812273258255,914.9481793245269
SL,SLE,2013,3124.72832450941,2700.73807805259,1146.81973456475,1117.47183075115,11.8800866018127,20979585331.9007,18132893193.6871,7699806185.67422,7502762862.72657,13915.623046875,12713.8134765625,13698.0712890625,12755.9345703125,14144.361328125,6.863981,2027.339971785324,1852.2506802630282,1995.6452806414384,1858.3872202315974,2060.664405703483,Sierra Leone,Non-CFA comparison,3056.4748550295667,2641.745831418691,1121.7697405739061,1093.0628832927378
SL,SLE,2014,2812.52832195116,2762.04553745948,1032.23789355905,1117.7586465721,-9.99126868436694,19340027565.1401,18992888503.1033,7098065167.70102,7686138790.90872,14147.705078125,13149.8642578125,13933.35546875,13190.912109375,14789.23828125,7.017148,2016.1617053146094,1873.961366898988,1985.6151628482114,1879.8110157253345,2107.5853439673783,Sierra Leone,Non-CFA comparison,2756.109400163727,2706.63929321475,1011.5313468806729,1095.3365656401604
SL,SLE,2015,2628.17058146385,2560.04985807593,964.575980888989,964.575980888989,-6.55487587621558,18496157833.492,18016747683.9373,6788352974.78329,6788352974.78329,13173.517578125,12040.4091796875,13111.74609375,12035.4267578125,11758.8046875,7.171913999999999,1836.820349229648,1678.8278804915258,1828.207378637,1678.1331674937126,1639.562979631379,Sierra Leone,Non-CFA comparison,2578.9709460392305,2512.125449906023,946.5190149774928,946.5190149774928
SL,SLE,2016,2732.26093997048,2634.9252433025,1002.77862282013,844.416411175476,3.96056326178993,19686836254.0756,18985500633.4743,7225348888.80731,6084297211.10217,13517.5732421875,12337.9326171875,13514.84375,12312.3955078125,12504.7607421875,7.328834,1844.437088108081,1683.4782473156713,1844.0646561240164,1679.9937763377504,1706.2415033806878,Sierra Leone,Non-CFA comparison,2686.216696145062,2590.5213071375747,985.8797305011016,830.1862494227827
SL,SLE,2017,2753.42719846704,2501.4531554482,1010.54694071207,779.186007841728,0.774679247758442,20318362572.2206,18458970768.5457,7457128029.04966,5749846528.48046,12977.8291015625,12122.572265625,12977.8291015625,12122.572265625,12977.8291015625,7.488423,1733.0523531539952,1618.8418129725044,1733.0523531539952,1618.8418129725044,1733.0523531539952,Sierra Leone,Non-CFA comparison,2713.3032645485705,2465.0010781369724,995.8208863267553,767.8314283902579
SL,SLE,2018,2767.38003381598,2640.47566787646,1015.6678297205,845.914540460932,0.50674429876733,20906346810.405,19947639782.9398,7672926606.69678,6390514688.52816,15149.11328125,13915.44140625,15204.4306640625,13919.919921875,13425.06640625,7.65015,1980.2374177303714,1818.9762823277974,1987.4683063812474,1819.561697728149,1754.8762320019869,Sierra Leone,Non-CFA comparison,2732.802207852787,2607.4834850218363,1002.977275830772,835.3450178791475
SL,SLE,2019,2852.66269917494,2704.05835866756,1046.96778078594,843.712517809977,3.08171137743476,22056762316.0564,20907754892.6924,8095145458.32686,6523577594.29408,14651.259765625,13621.970703125,14754.4794921875,13634.6767578125,14164.4775390625,7.813215,1875.1896326448204,1743.4526892098836,1888.4005485817938,1745.0789153776648,1812.887209562581,Sierra Leone,Non-CFA comparison,2823.0072148349177,2675.94772352897,1036.0837962768028,834.9415182218945
SL,SLE,2020,2752.62615440121,2719.07286815807,1010.25294614757,845.277557920549,-3.50677788869559,21780314099.0165,21514821775.5271,7993685031.06354,6688307703.1447,NA,NA,NA,NA,NA,NA,NA,NA,NA,NA,NA,Sierra Leone,Non-CFA comparison,NA,NA,NA,NA
SL,SLE,2021,2849.38865926436,2849.38865926436,1045.7661615758,885.396401885395,3.51527957069044,23064667140.0586,23064667140.0586,8465060863.02376,7166931485.49433,NA,NA,NA,NA,NA,NA,NA,NA,NA,NA,NA,Sierra Leone,Non-CFA comparison,NA,NA,NA,NA
SD,SDN,1980,NA,NA,747.91943359375,418.348785400391,-2.31869961272838,NA,NA,16003931008.687,8951800000,33552.80859375,30461.224609375,32646.701171875,30316.876953125,32064.1015625,14.507468,2312.795630067907,2099.692696849306,2250.3376310652557,2089.7428106079574,2210.179030724038,Sudan,Non-CFA comparison,NA,NA,1103.1512189919702,617.047716389931
SD,SDN,1981,NA,NA,773.544799804688,483.802581787109,3.4262257716873,NA,NA,17194233566.753,10753888154.2798,35642.546875,32661.330078125,34699.3125,32531.095703125,34297.375,15.027248,2371.86122668635,2173.473817569591,2309.092955676249,2164.807268977327,2282.345709606975,Sudan,Non-CFA comparison,NA,NA,1144.2037535251297,715.6259186166224
SD,SDN,1982,NA,NA,790.597045898438,378.945373535156,2.20442598047367,NA,NA,18218780590.62,8732542273.73424,38012.71875,35452.4375,37199.7734375,35423.05078125,34352.62109375,15.562125,2442.6431962215956,2278.1231676265293,2390.404487658337,2276.234818911299,2207.4505309364886,Sudan,Non-CFA comparison,NA,NA,1170.7129065355791,561.1407358400115
SD,SDN,1983,NA,NA,782.225158691406,346.221649169922,-1.05893172428505,NA,NA,18594543247.9579,8230153846.15385,33044.90234375,31134.91015625,32472.412109375,31190.513671875,33048.9921875,16.10762,2051.5074445355676,1932.9305109165723,2015.9658664268836,1936.3825116233807,2051.761351925362,Sudan,Non-CFA comparison,NA,NA,1154.3942089494228,510.9478523924608
SD,SDN,1984,NA,NA,726.964111328125,429.993377685547,-7.06459754963682,NA,NA,17663159912.4505,10447615384.6154,33761.48828125,31916.28515625,33109.4375,31885.748046875,31308.791015625,16.657958999999998,2026.7481917352543,1915.978131309484,1987.6046939484006,1914.1449469815002,1879.5094294340022,Sudan,Non-CFA comparison,NA,NA,1060.343581854806,627.1846019440558
SD,SDN,1985,NA,NA,669.103332519531,326.402770996094,-7.95923243778884,NA,NA,16553729141.1377,8075259600.3398,34182.9453125,33226.9921875,33671.30078125,33278.92578125,32921.6875,17.210186999999998,1986.204177357283,1930.6584052514945,1956.4750099025655,1933.6760130061343,1912.91863940816,Sudan,Non-CFA comparison,NA,NA,961.8564366056977,469.21393709085214
SD,SDN,1986,NA,NA,692.196655273438,400.333557128906,3.45138115933945,NA,NA,17449916752.4451,10092200000,37526.9609375,36729.46484375,37136.203125,36837.20703125,37434.20703125,17.757490999999998,2113.3031089527235,2068.392705013901,2091.297871135061,2074.4601267853664,2108.0797411779627,Sudan,Non-CFA comparison,NA,NA,982.6791832497676,568.3347945945742
SD,SDN,1987,NA,NA,776.530822753906,471.1572265625,12.1835557689147,NA,NA,19931449274.84,12093333333.3333,38299.58984375,37778.5703125,37931.4609375,37862.75390625,37356.0078125,18.303435,2092.4809929802796,2064.0153234898257,2072.368434531551,2068.6146565521717,2040.9288099474225,Sudan,Non-CFA comparison,NA,NA,1088.9458331094684,660.7138678249902
SD,SDN,1988,NA,NA,764.454162597656,553.07861328125,-1.55520909491457,NA,NA,19865457877.1765,14372555555.5556,39534.140625,38554.8828125,39252.12890625,38739.6484375,40570.53515625,18.867559999999997,2095.34993528575,2043.4482684830473,2080.4030254177014,2053.241035804312,2150.2799066890475,Sudan,Non-CFA comparison,NA,NA,1052.8896093176065,761.76016165077
SD,SDN,1989,NA,NA,823.076843261719,814.267517089844,7.668564257363,NA,NA,21639720128.4311,21408111111.1111,38726.16015625,37839.68359375,38623.88671875,38187.44140625,38918.46484375,19.476647,1988.3381444583351,1942.82329980874,1983.0870641517506,1960.678416888184,1998.21174783062,Sudan,Non-CFA comparison,NA,NA,1111.0598312138172,1099.1682044199445
SD,SDN,1990,2460.18872070313,1467.99328613281,764.450439453125,1257.1875,-7.12283677545001,65832468679.7624,39282199947.6431,20456015800.8977,33641222222.2222,40938.07421875,39876.40234375,41481.0859375,40891.2890625,41301.546875,20.147589999999997,2031.9092367250876,1979.2145037570253,2058.860932622711,2029.5871150097855,2049.9497396462807,Sudan,Non-CFA comparison,3267.510837760864,1949.7220237082006,1015.3083222806155,1669.7392701669135
SD,SDN,1991,2591.869140625,1598.86901855469,805.367309570313,1617.55676269531,5.35245970415686,70777086386.0803,43660879338.9877,21992448809.6895,44171194366.2039,45086.015625,43365.42578125,45749.87109375,44427.6484375,44563.4609375,20.891441,2158.1094202644995,2075.750819737614,2189.8858529552845,2126.5956923459707,2133.096560333009,Sudan,Non-CFA comparison,3387.850861320687,2089.8931451874337,1052.7013818572639,2114.320135514056
SD,SDN,1992,2709.7900390625,1709.70544433594,842.008605957031,252.610092163086,4.54963665240291,75432705020.8956,47593246916.681,23439081607.5571,7031933491.84899,46589.73828125,43710.125,47146,44780.79296875,47423.296875,21.696244,2147.3642295528202,2014.6401838032425,2173.002847866202,2063.9882630721704,2185.7837179098833,Sudan,Non-CFA comparison,3476.763306169289,2193.616872887353,1080.3290010730475,324.1083337673097
SD,SDN,1993,2777.27490234375,1793.81896972656,862.978149414063,312.693908691406,2.49041697350873,78879036120.1912,50947318273.8448,24509954458.5396,8881005435.80602,43495.18359375,41854.7734375,44020.265625,42876.1328125,47420.73046875,22.527834,1930.7308280836055,1857.913789559174,1954.0389735204903,1903.2514538459402,2104.9840152741717,Sudan,Non-CFA comparison,3501.403469156919,2261.527596210306,1087.985398797754,394.2236717389706
SD,SDN,1994,2736.47192382813,1805.20349121094,850.299438476563,439.420806884766,-1.46917150041169,79672740052.0811,52558737453.4486,24756580788.9443,12793794737.042,45976.48828125,44290.99609375,46499.5390625,45283.67578125,50008.62109375,23.338464,1969.9877541748251,1897.7682547467564,1992.3992882522175,1940.3023172926034,2142.755456989372,Sudan,Non-CFA comparison,3413.7953574014596,2252.0221319384427,1060.7630728802162,548.1849506909281
SD,SDN,1995,2824.63208007813,1902.43005371094,877.693298339844,462.585235595703,3.22166623716427,84450787779.4826,56878813964.0924,26241255779.4056,13830363899.9163,45340.81640625,43710.23828125,46124.23828125,44922.1796875,52803.3515625,24.094746999999998,1881.7718404036366,1814.0982464455842,1914.2860591667554,1864.397235111039,2191.488109939482,Sudan,Non-CFA comparison,3504.94602742592,2360.6313012580044,1089.0861721604963,573.9991335006049
SD,SDN,1996,2924.29077148438,2005.60961914063,908.66015625,294.826965332031,3.52820988912499,89449534427.2469,61348495374.2324,27794508186.0374,9018300724.66086,46401.64453125,43886.5625,47379.85546875,45272.78125,56124.2265625,24.782383,1872.3641116857084,1770.8774212713927,1911.8361405660626,1826.813073222216,2264.6823980768922,Sudan,Non-CFA comparison,3609.40004951287,2475.4881471338895,1121.5430003659212,363.8996590707544
SD,SDN,1997,3380.18676757813,2358.26098632813,1050.31994628906,373.09375,15.5899602143833,105830121020.512,73834691685.0222,32884421186.4108,11681175864.3383,51436.66796875,48194.62890625,52094.609375,49299.86328125,61086.18359375,25.413916999999998,2023.956715084495,1896.3872789169022,2049.845735114347,1939.8766148976565,2403.6508655375715,Sudan,Non-CFA comparison,4164.258544659291,2905.285780425828,1293.953277112332,459.63697230687825
SD,SDN,1998,3441.17919921875,2427.79565429688,1069.27197265625,350.702880859375,1.8044093130267,110389816288.017,77881417319.3581,34301247872.5417,11250221536.7484,54795.78515625,51026.61328125,55042.56640625,51671.09375,67144.765625,26.015521,2106.2728344456373,1961.3911741859793,2115.7587582524293,1986.164096040975,2580.950257540489,Sudan,Non-CFA comparison,4243.229120340007,2993.6520325446527,1318.491675509466,432.4426766909031
SD,SDN,1999,3459.22998046875,2475.06665039063,1074.88098144531,324.659606933594,0.524555771446217,113816421735.368,81435239642.8928,35365991403.813904,10682028339.6898,60234.54296875,56747.15625,60432.0625,57390.6484375,67547.8359375,26.62652,2262.201105091841,2131.226921505326,2269.6192555392145,2155.3942624683964,2536.8630950458414,Sudan,Non-CFA comparison,4274.551151835388,3058.4259468714954,1328.2243193558115,401.1800392875149
SD,SDN,2000,3575.85205078125,2616.46459960938,1111.11865234375,362.116882324219,3.37132975440942,121039060983.618,88564739249.0336,37610270337.133,12257299147.2936,61781.14453125,58339.90234375,61601.44921875,58757.65625,69302.5390625,27.275015,2265.1186271116626,2138.9503303206247,2258.5303516331705,2154.266688762591,2540.879961477565,Sudan,Non-CFA comparison,4437.726651428716,3247.1013947759,1378.927576653322,449.39660518220063
SD,SDN,2001,3701.548828125,2769.4228515625,1150.17626953125,451.293304443359,3.51515858633522,128907036334.483,96445600317.7709,40055073506.847,15716361792.1926,62932.78515625,60113.2265625,62678.171875,60540.83984375,77639.390625,27.971082,2249.9231583622686,2149.1205296420067,2240.820425716817,2164.4082214534997,2775.702084924709,Sudan,Non-CFA comparison,4608.582404301807,3448.0468191316627,1432.0173065470617,561.8789359736817
SD,SDN,2002,3814.31323242188,2898.138671875,1185.21533203125,506.262634277344,3.04640852451755,136649800780.219,103827359884.418,42460970095.8851,18137128388.3606,66977.375,63643.21875,66882.0859375,64147.53515625,83176.890625,28.704777999999997,2333.3179932623066,2217.1646389322364,2329.9983695223145,2234.733714235658,2897.6670930881264,Sudan,Non-CFA comparison,4760.524564245681,3617.0758709375145,1479.2300465060243,631.8505019742915
SD,SDN,2003,3946.92260742188,3058.10375976563,1226.42077636719,580.320251464844,3.47662601258492,145243444604.311,112535655148.557,45131259048.7124,21355298459.5955,67640.109375,64775.47265625,67417.5234375,65090.44921875,87850.15625,29.460518999999998,2295.957833431244,2198.721368630675,2288.4024357310204,2209.4128490658973,2981.962274663254,Sudan,Non-CFA comparison,4930.104748131254,3819.8802658078434,1531.9234209252188,724.8785555880908
SD,SDN,2004,4041.05712890625,3215.236328125,1255.67114257813,705.113342285156,2.38501078452138,152710248170.58,121502742732.612,47451406763.008,26646007250.7319,71975.6640625,69027.765625,71671.859375,69187.265625,90722.5390625,30.214192999999998,2382.1805885234135,2284.613910588312,2372.125556191423,2289.8928865980306,3002.6464404493613,Sudan,Non-CFA comparison,5054.2554014459365,4021.3797116014985,1570.5005512809166,881.9036553692466
SD,SDN,2005,4152.32275390625,3407.35180664063,1290.24438476563,905.543640136719,2.75337218040758,161328474716.694,132384431093.173,50129334265.0222,35182711987.974,90054.3828125,84758.28125,90230.4375,86312.28125,102801.4453125,30.949516,2909.7186144203356,2738.597955780633,2915.407061616085,2788.808757138561,3321.584909841563,Sudan,Non-CFA comparison,5212.6332029455325,4277.431385136136,1619.7130276616347,1136.7774535787248
SD,SDN,2006,4299.97412109375,3637.32666015625,1336.1240234375,1132.474609375,3.55587752590014,171865501665.239,145380169265.989,53403487491.79,45263831634.1497,110404.171875,104472.9375,110312.609375,105564.125,108857.296875,31.661823,3486.980894151294,3299.6501022698535,3484.089004445512,3334.1139264154185,3438.124737005826,Sudan,Non-CFA comparison,5428.161911752176,4591.65504355163,1686.6839124136977,1429.6028259064456
SD,SDN,2007,4415.78515625,3836.48901367188,1372.10961914063,1444.37219238281,2.69329211251048,181722459503.926,157882741887.181,56466323951.3765,59440139774.8128,107841.578125,104193.4140625,107831.6640625,104986.7265625,111383.6953125,32.360621,3332.4940867173095,3219.7594126052154,3332.1877247813013,3244.27416156507,3441.9517262199633,Sudan,Non-CFA comparison,5615.543023847596,4878.853897370542,1744.9085402711062,1836.8046699354995
SD,SDN,2008,4446.40966796875,3937.52685546875,1381.62561035156,1527.58239746094,0.693530743818769,188712858640.32,167115045790.856,58638439292.8844,64833083257.1431,103937.578125,100061.609375,104162.28125,101439.9609375,110595,33.060837,3143.8277901131178,3026.5903242256086,3150.624445775526,3068.2816934580333,3345.1966143506893,Sudan,Non-CFA comparison,5708.0484272167705,5054.773591813661,1773.6525936377352,1961.0236503432475
SD,SDN,2009,4188.0546875,3731.61474609375,1301.34729003906,1178.22180175781,-5.81042185394722,183489844612.545,163492001090.788,57015500648.426,51621044076.9231,122365.46875,117111,122516.7265625,117865.5234375,120039.609375,33.783788,3622.0174229722256,3466.485167382651,3626.494653663467,3488.8190583453816,3553.171994064135,Sudan,Non-CFA comparison,5431.298722705252,4839.3626283348685,1687.6586085736153,1527.9827139846811
SD,SDN,2010,4219.8369140625,3805.62744140625,1311.22314453125,1305.63598632813,0.758886048751407,190569326775.598,171863473858.078,59215296613.7581,58962978034.4828,141242.984375,136882.78125,140886.890625,137669.40625,130058.6640625,34.545013,4088.6649651861476,3962.4469456705665,4078.3568564585576,3985.2179604042994,3764.904186387193,Sudan,Non-CFA comparison,5516.551022157612,4975.058884999638,1714.1489167700734,1706.8448645389944
SD,SDN,2011,4467.6259765625,4112.21875,1388.21813964844,1332.6572265625,5.87200118550977,184445320301.139,169772374359.292,57312394053.386,55018567210.5263,162298.84375,156313.984375,162113.78125,157395.921875,135000.890625,35.349681,4591.239274549606,4421.934794121622,4586.004078792112,4452.54150596154,3819.012981333552,Sudan,Non-CFA comparison,5217.736485405314,4802.656475437275,1621.2987623109245,1556.4091571441988
SD,SDN,2012,4145.931640625,3710.376953125,1288.25854492188,1019.22210693359,-7.20056369222739,153080968306.52,136998908640.888,47566600027.2224,37632919966.6667,139387.40625,133768.03125,138360.1875,134250.4375,135933.75,36.193782999999996,3851.1422320789184,3695.8842144243395,3822.761149338825,3709.212642955836,3755.720975616172,Sudan,Non-CFA comparison,4229.482403276828,3785.1503016661186,1314.2201804995739,1039.7619935630025
SD,SDN,2013,4130.48583984375,3724.9599609375,1283.45922851563,1138.62780761719,-0.372546263586997,156073922642.547,140750771539.855,48496595854.7667,43024018082.1918,142009.015625,135578.140625,140771.765625,135589.28125,145173.03125,37.07255,3830.570479370855,3657.103183487513,3797.1967297906403,3657.403692219715,3915.9170666706227,Sudan,Non-CFA comparison,4209.959191977541,3796.630432485896,1308.153764841283,1160.5357085550306
SD,SDN,2014,4207.50048828125,4260.57177734375,1307.3896484375,1275.43835449219,1.86452924090501,163349120543.47,165409530125.751,50757206252.6521,49516748617.9775,164254.09375,158793.3125,163113.859375,158827.203125,155397.671875,37.977655,4325.019376525486,4181.230054883589,4294.995553964562,4182.1224381810835,4091.8185147292534,Sudan,Non-CFA comparison,4301.190280007283,4355.443487117649,1336.501852277401,1303.8390237095339
SD,SDN,2015,4159.1943359375,4217.01025390625,1292.37963867188,1292.37963867188,-1.14810293147822,166469377694.971,168783439920.87,51726758676.7677,51726758676.7677,161233.15625,157643.4375,160751.6875,157258.703125,161628.609375,38.90295,4144.496914758392,4052.2232247168918,4132.1207646206785,4042.3336308686107,4154.6620339845695,Sudan,Non-CFA comparison,4279.093942618002,4338.576892520233,1329.6358933388778,1329.6358933388778
SD,SDN,2016,4174.56103515625,4470.35498046875,1297.15454101563,1033.21594238281,0.369473161527822,172241940059.519,184446367323.917,53520457581.1072,42630376000,167317.46875,163218.75,166806.640625,162688.4375,167406.796875,39.847439,4198.951625222388,4096.091344791317,4186.132027832454,4082.782773066043,4201.1933784502435,Sudan,Non-CFA comparison,4322.5347571149805,4628.813593865267,1343.1341868948516,1069.8397957268974
SD,SDN,2017,4061.01831054688,4252.42138671875,1261.87353515625,966.505676269531,-2.71987452387332,173463576844.394,181639236414.642,53900054790.1369,41283617976.1905,175231.5625,169533.703125,175231.5625,169533.703125,175231.5625,40.813396999999995,4293.481439440095,4153.873864628324,4293.481439440095,4153.873864628324,4293.481439440095,Sudan,Non-CFA comparison,4250.1626817388915,4450.480718736596,1320.646129753348,1011.5212408364466
SD,SDN,2018,3816.65991210938,4199.25048828125,1185.94445800781,731.027465820313,-6.01716755998106,168813138819.997,185735342775.64,52455031754.9093,32333780383.2924,179207.6875,167959.296875,179283.09375,167924.296875,180168.609375,41.801533,4287.108023047863,4018.017637654581,4288.9119341627975,4017.1803477877233,4310.095741584406,Sudan,Non-CFA comparison,4038.443729324401,4443.266297808744,1254.859044401776,773.5070477748365
SD,SDN,2019,3625.52319335938,3914.2255859375,1126.55297851563,709.975280761719,-5.00795943799888,165135964859.046,178285831253.721,51312429477.3951,32338079165.2893,181135.734375,170039.953125,181252.390625,169980.359375,182462.5625,42.813238,4230.8347332897365,3971.667667953543,4233.559503838509,3970.275721144941,4261.825804906417,Sudan,Non-CFA comparison,3857.123931131908,4164.268800545313,1198.517838744061,755.3289747738609
SD,SDN,2020,3401.24975585938,3348.57836914063,1056.86474609375,577.795227050781,-6.18595807947966,159141858245.694,156677404687.453,49449890489.355,27034593750,NA,NA,NA,NA,NA,NA,NA,NA,NA,NA,NA,Sudan,Non-CFA comparison,NA,NA,NA,NA
SD,SDN,2021,3248.9755859375,3248.9755859375,1009.54888916016,712.122009277344,-4.47700779563793,156168260027.791,156168260027.791,48525909156.8784,34229513774.9936,NA,NA,NA,NA,NA,NA,NA,NA,NA,NA,NA,Sudan,Non-CFA comparison,NA,NA,NA,NA
TZ,TZA,1980,NA,NA,536.933166503906,611.211791992188,-0.457883680216497,NA,NA,10022700328.2642,11409228086.7463,32245.68359375,32249.87109375,32848.515625,33691.28125,21657.869140625,18.538259,1739.4127244500144,1739.6386086606083,1771.9309901215643,1817.391873206648,1168.2795639345097,Tanzania,Non-CFA comparison,NA,NA,540.6494929358901,615.4422638472307
TZ,TZA,1981,NA,NA,515.711853027344,683.913269042969,-3.95231796044236,NA,NA,9924596037.39251,13161540377.5792,28639.126953125,28630.56640625,29393.73046875,30159.37109375,21548.744140625,19.12068,1497.809018984942,1497.3613075607143,1537.2743264753137,1577.316868110862,1126.9862860852752,Tanzania,Non-CFA comparison,NA,NA,519.0503704571443,688.3406017766732
TZ,TZA,1982,NA,NA,498.374603271484,701.959838867188,-3.36181308289295,NA,NA,9888107299.54427,13927383239.8322,28941.66015625,28702.90234375,29845.208984375,30318.408203125,21676.365234375,19.723322,1467.3826324110107,1455.2772775169417,1513.1938212221553,1537.185683178777,1099.0220224754735,Tanzania,Non-CFA comparison,NA,NA,501.3408643606929,706.13780172692
TZ,TZA,1983,NA,NA,480.399017333984,685.276489257813,-3.60684190525168,NA,NA,9849382580.7354,14049883809.0089,30606.212890625,30259.71484375,31441.888671875,31772.01171875,21161.251953125,20.344547,1504.3939238669213,1487.3624290454834,1545.470079617649,1561.6966904571532,1040.1436784571808,Tanzania,Non-CFA comparison,NA,NA,484.12887152195617,690.5970336429167
TZ,TZA,1984,NA,NA,486.725524902344,609.331420898438,1.31693001082563,NA,NA,10309641477.2411,12906635133.1557,32498.345703125,31710.59375,33150.98828125,33033.75,21877.046875,20.981776,1548.8844082181126,1511.3398289067618,1579.9896196227621,1574.4019953315678,1042.6689749714228,Tanzania,Non-CFA comparison,NA,NA,491.36171681754206,615.135493447061
TZ,TZA,1985,NA,NA,476.979888916016,700.450073242188,-2.00228811171158,NA,NA,10437986617.413,15328295175.4067,37141.828125,36385.23828125,38199.125,38135.7734375,22881.37890625,21.633796,1716.8428566581658,1681.8702682252342,1765.7153187540457,1762.7869578459554,1057.668238447381,Tanzania,Non-CFA comparison,NA,NA,482.4852105202896,708.5347007712701
TZ,TZA,1986,NA,NA,486.831359863281,479.281768798828,2.06538325839534,NA,NA,11011628451.3937,10840864521.2338,25189.291015625,24619.490234375,26137.732421875,26005.267578125,23314.18359375,22.296286,1129.7527765666894,1104.1969157722053,1172.290865926056,1166.3497489279157,1045.6532354200158,Tanzania,Non-CFA comparison,NA,NA,493.8772516370529,486.2184007342658
TZ,TZA,1987,NA,NA,493.825897216797,334.822784423828,1.43674931403181,NA,NA,11539803390.9647,7824193222.11908,20855.337890625,20424.125,21658.630859375,21599.65234375,24463.7109375,22.9712,907.8906583297781,889.1187661071255,942.8602275621213,940.292729319757,1064.9731375592046,Tanzania,Non-CFA comparison,NA,NA,502.35962383178503,340.60881547847214
TZ,TZA,1988,NA,NA,513.868591308594,307.50634765625,4.05865766192876,NA,NA,12377066378.3137,7406614407.46127,27297.107421875,26233.349609375,28379.251953125,27775.947265625,25456.943359375,23.670807999999997,1153.1971118972788,1108.2574624987453,1198.9135289815626,1173.4262415387343,1075.4573041771537,Tanzania,Non-CFA comparison,NA,NA,522.8831385187063,312.9007851130925
TZ,TZA,1989,NA,NA,519.22265625,259.502227783203,1.04190402239107,NA,NA,12842994037.8272,6418799006.80247,26265.81640625,25434.779296875,27423.466796875,27018.287109375,26473.296875,24.411738,1075.9502828618756,1041.907761621684,1123.372157970686,1106.774417674604,1084.4494920845045,Tanzania,Non-CFA comparison,NA,NA,526.0991264869056,262.9390421444991
TZ,TZA,1990,1794.20458984375,925.357360839844,541.544799804688,243.611557006836,4.29914682952561,45548129428.1548,23491355567.8617,13747792168.7767,6184384225.02712,26849.095703125,25741.6328125,27564.6796875,26886.30859375,27655.189453125,24.523557999999998,1094.8287235940643,1049.66957945091,1124.0081756285122,1096.3461579983623,1127.6989029538456,Tanzania,Non-CFA comparison,1857.321414297012,957.9097603969906,560.5953332210889,252.18136067478954
TZ,TZA,1991,1785.66394042969,952.097473144531,538.966979980469,276.452453613281,-0.476012505289418,46491881301.4301,24788987575.1693,14032644802.1466,7197768158.58347,27257.3046875,26262.115234375,28041.599609375,27424.31640625,29231.97265625,25.355594,1075.001622423044,1035.7523169985684,1105.9334523724824,1081.5884023955423,1152.8806091567012,Tanzania,Non-CFA comparison,1833.5946419330621,977.6535929376886,553.433881381229,283.87298513233293
TZ,TZA,1992,1751.91845703125,955.3916015625,528.781555175781,250.329925537109,-1.88980012132932,46763543653.4223,25502040902.7438,14114640651.4198,6681997469.31292,25942.44140625,24590.615234375,26671.181640625,25738.69921875,30263.123046875,26.239196999999997,988.6903706028047,937.1710283045248,1016.4633331052396,980.9255679108626,1153.3555332076285,Tanzania,Non-CFA comparison,1782.2017820675803,971.9063012005971,537.9219741907423,254.6570868503682
TZ,TZA,1993,1718.39306640625,959.321350097656,518.66259765625,224.491546630859,-1.91363289102119,47327418840.9974,26421314765.6775,14284835102.5474,6182872707.82523,24757.51953125,23687.478515625,25340.62109375,24718.923828125,31524.548828125,27.143203,912.1075184549885,872.6854570414921,933.5899338685268,910.6855896161186,1161.4159474150858,Tanzania,Non-CFA comparison,1743.619529390006,973.4044565660693,526.276692641889,227.78714464262856
TZ,TZA,1994,1679.66235351563,957.721008300781,506.972503662109,228.890029907227,-2.2538960665397,48069352690.1593,27408503035.153,14508773000.5317,6550480483.9385,24556.640625,23563.970703125,25032.25,24432.494140625,32480.79296875,28.025638999999998,876.2205430891336,840.8004792727475,893.1910526643122,871.7907962999524,1158.9670789932748,Tanzania,Non-CFA comparison,1715.1920314879994,977.9795934413128,517.6964207856848,233.73170845233895
TZ,TZA,1995,1685.85107421875,981.404174804688,508.840423583984,258.418334960938,0.368447209863618,49785386216.9528,28982148611.615,15026723409.8503,7631431840.49992,26638.462890625,24716.4140625,27117.498046875,25547.63671875,33638.69140625,28.859135,923.0513281366542,856.4502734576072,939.6504104116427,885.253030582864,1165.6167590002265,Tanzania,Non-CFA comparison,1725.1170631743744,1004.2625536633375,520.6920931569952,264.4373034915953
TZ,TZA,1996,1730.55456542969,1025.87158203125,522.333251953125,313.658386230469,2.65168980698766,52047816781.4102,30853910834.607,15709592840.2077,9433528150.36609,28383.330078125,27345.52734375,28800.568359375,28161.580078125,35050.62109375,29.630526,957.9084110125146,922.8836283145969,971.9897770081773,950.4245749172661,1182.9226755458205,Tanzania,Non-CFA comparison,1756.560676020743,1041.287989103096,530.1827190043032,318.371943527634
TZ,TZA,1997,1755.8037109375,1058.78796386719,529.954223632813,363.597686767578,1.45902793566377,53882647114.4695,32492413241.2375,16263399690.2487,11158197941.9152,31517.931640625,30464.044921875,31866.125,31241.65625,36213.41796875,30.556856999999997,1031.4520122480203,996.9626431761291,1042.8469459408082,1022.4106572871681,1185.1159289304526,Tanzania,Non-CFA comparison,1763.3569811996535,1063.3427790442422,532.2340478357673,365.1618339515481
TZ,TZA,1998,1773.72424316406,1081.615234375,535.363159179688,386.378448486328,1.02063893946291,55880891332.3396,34076111627.8463,16866529754.0874,12172790056.3733,33906.1015625,32854.6328125,34172.79296875,33451.66796875,37559.3671875,31.060195999999998,1091.625486281542,1057.772874726869,1100.2117619846958,1076.9947481577387,1209.244371397399,Tanzania,Non-CFA comparison,1799.115863027381,1097.099053330066,543.0271513446793,391.9096343234055
TZ,TZA,1999,1810.97155761719,1119.95593261719,546.605529785156,392.621765136719,2.09994947542917,58598861751.0546,36239191742.8155,17686894781.2905,12704334195.8151,36161.88671875,35054.265625,36486.546875,35722.4375,39377.4140625,31.793239,1137.4080734193203,1102.569814450173,1147.6196833861438,1123.5859768801788,1238.546788595525,Tanzania,Non-CFA comparison,1843.1233681807194,1139.8395659786504,556.3099368796775,399.59232199698494
TZ,TZA,2000,1839.93664550781,1163.64367675781,555.348083496094,401.698150634766,1.59942658531416,61247990089.9863,38735486575.7509,18486481203.1543,13371767081.7428,38667.6796875,37372.23046875,38881.2109375,38080.55078125,41320.2109375,32.58318,1186.737442063666,1146.9792226771606,1193.2908616500906,1168.718055795966,1268.14543385575,Tanzania,Non-CFA comparison,1879.742557048953,1188.8184816752355,567.3627068676017,410.388644746854
TZ,TZA,2001,1899.74536132813,1228.52233886719,573.400146484375,396.638732910156,3.25057961835962,64966238148.1991,42012196526.7003,19608760036.0732,13563990022.3641,42011.8671875,40438.84375,42269.5625,41303.68359375,43798.53125,33.441856,1256.26601548371,1209.2284516146472,1263.9717873314207,1235.0894517861088,1309.6919994512266,Tanzania,Non-CFA comparison,1942.6624571375194,1256.2758635974124,586.3538206752999,405.5991994691951
TZ,TZA,2002,1982.64428710938,1302.05554199219,598.421569824219,402.649047851563,4.36368727532306,69574420093.5316,45691379981.6238,20999647619.2893,14129651895.6911,46123.99609375,44727.41015625,46533.37890625,45796.078125,46936.0703125,34.352788,1342.656557999019,1302.002334024534,1354.573576568225,1333.1109581266012,1366.2958101828592,Tanzania,Non-CFA comparison,2025.2918072772318,1330.0632246100026,611.2938379059452,411.3101939700236
TZ,TZA,2003,2059.83740234375,1379.45776367188,621.720703125,422.18359375,3.89344253690891,74216974922.1865,49702556051.3793,22400909970.0774,15211487708.7684,49445.62890625,47666.4609375,49858.49609375,48790.58984375,50168.19140625,35.326782,1399.66411053942,1349.3009620151645,1411.3511979027696,1381.1218311294247,1420.1177850348781,Tanzania,Non-CFA comparison,2100.869955326995,1406.9369820149286,634.1055907689922,430.5936416390375
TZ,TZA,2004,2155.24145507813,1482.162109375,650.516540527344,450.385284423828,4.63163110389122,79786079165.5657,54868980890.2991,24081832736.0715,16673062473.3981,52620.9375,50850.35546875,53085.57421875,52028.96484375,54095.49609375,36.338767,1448.066124533064,1399.341795739795,1460.8523789139572,1431.7757353668605,1488.6442375370084,Tanzania,Non-CFA comparison,2195.618777201926,1509.9296266793835,662.7036282235855,458.82301051651257
TZ,TZA,2005,2253.09326171875,1598.03747558594,680.051208496094,483.334869384766,4.54018649750061,85751141168.8186,60820175034.8265,25882267435.0187,18395383647.4975,59614.65625,56338.671875,60563.2734375,58602.12109375,58082.2734375,37.37732,1594.9419661441752,1507.2956508117759,1620.3214526215363,1567.8524060513168,1553.9443019858033,Tanzania,Non-CFA comparison,2294.2025048563837,1627.194647310896,692.459155311796,492.1536281225487
TZ,TZA,2006,2334.1044921875,1706.54846191406,704.502746582031,475.746734619141,3.59554927104524,91352595553.1122,66791196428.0246,27572954444.2321,18619859795.2852,66071.4296875,61397.73828125,67051.5234375,63395.2265625,60789.2421875,38.404663,1720.4012358473242,1598.7052999592784,1745.9214116134804,1650.7169080613987,1582.860971530983,Tanzania,Non-CFA comparison,2378.684993359067,1739.142885540347,717.9585053052568,484.83330774924906
TZ,TZA,2007,2423.61596679688,1820.00134277344,731.52001953125,543.198303222656,3.83493311688827,97535828141.9214,73244007996.3247,29439239572.2798,21860434823.4808,72605.84375,66884.140625,73627.90625,68716.6171875,65934.671875,39.539930999999996,1836.266324035821,1691.5593662770937,1862.1151931195836,1737.9043273368384,1667.54645765568,Tanzania,Non-CFA comparison,2466.7677882877797,1852.4060650567326,744.5445358081128,552.8698273014387
TZ,TZA,2008,2493.25927734375,1908.37353515625,752.540466308594,675.977233886719,2.87353898673082,103082121917,78900413702.286,31113277454.4947,27947821397.9272,79838.9453125,73702.15625,80976.3515625,76157.4375,69604.984375,40.677319,1962.738628681502,1811.8734976117773,1990.7003104727723,1872.2334552087862,1711.1497533797644,Tanzania,Non-CFA comparison,2534.142476720258,1939.6660262267037,764.8802384074206,687.061539083419
TZ,TZA,2009,2560.81103515625,1972.16784667969,772.929565429688,693.823547363281,2.70936589724377,108513627413.436,83570043783.4841,32752668789.9028,29400573553.6075,85677.2578125,81561.6015625,86964.09375,83614.5703125,73351.375,41.860414,2046.7369914807819,1948.4184165617664,2077.4781097482696,1997.4616188100767,1752.2849869568897,Tanzania,Non-CFA comparison,2592.273153663411,1996.3979282069236,782.4258209654305,702.3478925365501
TZ,TZA,2010,2654.80346679688,2069.40185546875,801.29931640625,736.530151367188,3.67041498018565,115389618835.616,89945449520.1172,34828049320.6343,32012892919.37,98450.6953125,92945.296875,99422.328125,95140.7734375,78015.6953125,43.094401,2284.5356479719953,2156.783589473723,2307.082261684064,2207.7293390735376,1810.3441166869916,Tanzania,Non-CFA comparison,2677.6011769049996,2087.172519699652,808.1803787140307,742.8550386248552
TZ,TZA,2011,2779.70776367188,2211.466796875,838.999267578125,775.392761230469,4.70485004341454,124242489748.378,98844247428.6534,37500111399.4432,34657140096.4836,115991.65625,105279.703125,116590.3125,107684.8515625,84182.4609375,44.380917,2613.547986176131,2372.1840430877082,2627.037032605703,2426.377345076038,1896.816619122584,Tanzania,Non-CFA comparison,2799.4574728678544,2227.1790244589447,844.9602652293822,780.901847892949
TZ,TZA,2012,2822.4853515625,2083.48486328125,851.910705566406,861.969909667969,1.53892032694513,129833592573.948,95839768784.7191,39187673997.6272,39650394362.9287,108956.28125,101980.234375,109715.59375,104713.1796875,88510.2890625,45.749461,2381.586118577441,2229.102423195762,2398.18330865144,2288.8396365478493,1934.6739202566782,Tanzania,Non-CFA comparison,2837.92616865908,2094.8830147904714,856.5712719025738,866.6854974079083
TZ,TZA,2013,2924.86328125,2176.21655273438,882.8115234375,963.05712890625,3.62722794168234,138638368792.753,103152549535.165,41845219654.6812,45648857242.315,113287.7421875,106399.203125,113441.0390625,107952.640625,94512.6875,47.134353,2403.506889921667,2257.360000783293,2406.759228507921,2290.3176505891574,2005.176298908781,Tanzania,Non-CFA comparison,2941.3444752864857,2188.479165825507,887.7860199901587,968.4837986916889
TZ,TZA,2014,3027.56909179688,2221.1796875,913.811218261719,1022.74841308594,3.51147946313948,147972144106.593,108559934988.865,44662433111.6494,49986726460.6805,114265.0546875,108682.765625,114285.453125,109936.3359375,100875.71875,48.565871,2352.7850388496067,2237.842406347453,2353.2050547389545,2263.6541602949937,2077.0906950273784,Tanzania,Non-CFA comparison,3046.833940373333,2235.3132509219286,919.6259058475323,1029.2562540612212
TZ,TZA,2015,3111.44458007813,2317.27978515625,939.127319335938,939.127319335938,2.77038211960942,157088158594.028,116992999511.588,47413919817.124,47413919817.124,123523.9765625,116010.625,123529.1328125,116403.2109375,107090.3046875,50.04145,2468.4332001270946,2318.2906370618757,2468.5362397072827,2326.1358521285856,2140.032007216018,Tanzania,Non-CFA comparison,3139.1608075710838,2337.92185301561,947.4929247078971,947.4929247078971
TZ,TZA,2016,3214.24682617188,2434.69995117188,970.156127929688,953.0107421875,3.30400665890222,167875584975.536,127160946763.025,50669888784.2555,49774409374.4538,123972.6015625,122368.15625,123970.8515625,122259.7421875,114444.3125,51.561194,2404.3780204643826,2373.260717158722,2404.344080210788,2371.1580881447394,2219.5822792621907,Tanzania,Non-CFA comparison,3255.8513865201803,2466.2141602660517,982.7136428271134,965.346329537167
TZ,TZA,2017,3318.28833007813,2472.4931640625,1001.55895996094,986.674011230469,3.23688527604725,179169028787.742,133500817705.841,54078588995.4215,53274884532.7886,122195.53125,120632.53125,122195.53125,120632.53125,122195.53125,53.126048,2300.105802148129,2270.6852060593706,2300.105802148129,2270.6852060593706,2300.105802148129,Tanzania,Non-CFA comparison,3372.5269530257924,2512.906996316402,1017.9298297404223,1002.8015735856843
TZ,TZA,2018,3392.68872070313,2727.88012695313,1024.01525878906,1023.10626220703,2.24213027557943,189028119923.261,151987436389.558,57054358529.8857,57003712892.0858,126885.109375,125298.484375,126788.1171875,125040.2578125,130690.0859375,54.733588999999995,2318.2311208387964,2289.242979754169,2316.4590428648853,2284.525098701275,2387.7492473131992,Tanzania,Non-CFA comparison,3453.603598391127,2776.8585829363033,1042.401194080032,1041.4758822427268
TZ,TZA,2019,3484.63256835938,2981.87451171875,1051.7666015625,1063.32250976563,2.71005881950599,199991750878.748,171137212069.963,60363511324.6004,61026731925.9213,132986.65625,131421.703125,132853.90625,130906.890625,139809.578125,56.379874,2358.761146752474,2331.0038458936606,2356.4065831363864,2321.8727062958674,2479.778123040857,Tanzania,Non-CFA comparison,3547.2188334217985,3035.4309069573837,1070.6570810108658,1082.4205092391887
TZ,TZA,2020,3449.82153320313,3290.60986328125,1041.25964355469,1117.41528320313,-0.998987836780785,203975515772.129,194561908147.279,61565931105.4141,66068737786.063904,NA,NA,NA,NA,NA,NA,NA,NA,NA,NA,NA,Tanzania,Non-CFA comparison,NA,NA,NA,NA
TZ,TZA,2021,3493.0830078125,3493.0830078125,1054.31726074219,1159.85656738281,1.25401761079502,212790081675.953,212790081675.953,64226431583.1539,70655628147.8986,NA,NA,NA,NA,NA,NA,NA,NA,NA,NA,NA,Tanzania,Non-CFA comparison,NA,NA,NA,NA
TG,TGO,1980,NA,NA,867.454056803722,549.433466591605,11.3980264657862,NA,NA,2533741349.79365,1604836915.96662,6596.97998046875,5737.06640625,6160.71630859375,5673.30615234375,5042.8671875,2.720839,2424.6124009795326,2108.565191196539,2264.270803452079,2085.131149745998,1853.423590113197,Togo,WAEMU,NA,NA,931.2353100619515,589.8316350091351
TG,TGO,1981,NA,NA,813.046182654418,451.047897242509,-6.27213322971586,NA,NA,2449743109.32361,1359026709.45126,5966.65380859375,5061.103515625,5572.9072265625,5016.38134765625,4730.66259765625,2.8123069999999997,2121.622500172901,1799.6269666238431,1981.6141077636619,1783.724660094453,1682.1287994718396,Togo,WAEMU,NA,NA,871.0795476182402,483.2426578788377
TG,TGO,1982,NA,NA,758.250915974017,372.494829726432,-6.73950236153938,NA,NA,2361983449.79753,1160337039.38068,5841.96728515625,5114.14697265625,5498.728515625,5089.552734375,4555.271484375,2.9156199999999997,2003.6792466632314,1754.0512730246915,1885.955136686194,1745.6159356757742,1562.3680329998424,Togo,WAEMU,NA,NA,810.1136121296776,397.9726574041474
TG,TGO,1983,NA,NA,693.197485230724,335.532470799693,-8.57940681281325,NA,NA,2234105481.95261,1081387264.60786,5381.3037109375,4842.6806640625,5076.8427734375,4801.89501953125,4320.38671875,3.026973,1777.7838490589445,1599.8427022845926,1677.2012084143137,1586.3686327995824,1427.2960871306088,Togo,WAEMU,NA,NA,738.0658770172744,357.2503833393493
TG,TGO,1984,NA,NA,707.572089988551,304.296330488676,2.07366660498529,NA,NA,2358222441.68117,1014170069.21689,5189.30908203125,4945.29150390625,4883.19189453125,4876.6650390625,4574.47216796875,3.140846,1652.201057304704,1574.5093850211854,1554.737766363346,1552.659709856039,1456.4458645755794,Togo,WAEMU,NA,NA,750.8239632510381,322.89710135959865
TG,TGO,1985,NA,NA,723.385321562685,312.867204158294,2.23485801628915,NA,NA,2489234719.56146,1076604520.42427,5374.52197265625,5045.041015625,5100.458984375,4987.96728515625,4744.5126953125,3.2529939999999997,1652.1770321913446,1550.8915834535817,1567.9275720689925,1533.3465985969387,1458.5064390873456,Togo,WAEMU,NA,NA,765.2134370864073,330.9580406309603
TG,TGO,1986,NA,NA,712.728508104382,422.277296555811,-1.47318630066768,NA,NA,2528726535.78596,1498219578.86978,5586.16796875,5241.6005859375,5325.19677734375,5186.8134765625,4899.20458984375,3.3630419999999996,1661.0461507022512,1558.5890946165705,1583.4464087405838,1542.2981564198426,1456.7777000238923,Togo,WAEMU,NA,NA,751.9164303585743,445.49535178858315
TG,TGO,1987,NA,NA,694.906789602319,482.289598775121,-2.50049188427492,NA,NA,2541627142.2248,1763978065.8368,5541.75390625,5152.748046875,5285.013671875,5094.89111328125,4777.509765625,3.471739,1596.2472715402857,1484.1979903659233,1522.2957923608312,1467.5328742400422,1376.1143235781838,Togo,WAEMU,NA,NA,732.0905005315204,508.09639371991966
TG,TGO,1988,NA,NA,719.001834924917,516.536238879357,3.46737802581953,NA,NA,2710451415.19353,1947208354.22555,6360.00732421875,5872.787109375,6067.81884765625,5811.7392578125,5261.19140625,3.5774679999999996,1777.7957270949037,1641.6043719678278,1696.1210687716145,1624.5398303527804,1470.646671402791,Togo,WAEMU,NA,NA,757.6451879355819,544.2979096460263
TG,TGO,1989,NA,NA,726.293542036147,491.999321055752,1.01414304624012,NA,NA,2820496330.37214,1910635575.38044,6424.17041015625,5937.78857421875,6125.73828125,5874.08447265625,5476.89990234375,3.6785669999999997,1746.3785246146804,1614.1580605215972,1665.2512462733453,1596.8404198309424,1488.8677852934989,Togo,WAEMU,NA,NA,766.7377895719013,519.3967040373168
TG,TGO,1990,2237.59984450159,1110.16918289987,703.623952029279,575.094511928654,-3.12127104191437,8947626991.79903,4439301231.98185,2813624018.04055,2299665505.61434,7170.958984375,6647.6259765625,6829.04736328125,6572.77734375,5799.88623046875,3.7743119999999997,1899.9380507957478,1761.2815200657765,1809.3489259184855,1741.4504534203852,1536.6737647732223,Togo,WAEMU,2370.664373215312,1176.188198533097,745.4667282515464,609.2939602275435
TG,TGO,1991,2158.8791103229,1107.33545509982,678.86984140241,549.808011573,-3.51808811446465,8884996511.28052,4557305505.59063,2793929564.4821,2262767860.10937,6611.71044921875,6290.36181640625,6353.62890625,6216.0029296875,5813.0166015625,3.8629919999999998,1711.5516804639385,1628.3652196034188,1644.7429625145485,1609.116179812824,1504.796437984469,Togo,WAEMU,2300.0297467042437,1179.734647545382,723.2553327788669,585.755253986902
TG,TGO,1992,2015.13566927499,1057.16074093266,633.669030222095,564.71733648074,-6.65824410271924,8531312626.74897,4475613684.54511,2682711978.72178,2390796915.91958,6678.1240234375,6197.22021484375,6364.3564453125,6127.314453125,5622.38916015625,3.9459049999999998,1692.4188553544752,1570.5447077017186,1612.901589195001,1552.8286801443523,1424.8668328700894,Togo,WAEMU,2162.0674159030614,1134.242634970966,679.8724193111035,605.8931768300504
TG,TGO,1993,1721.57369094046,924.562840995028,541.357064850428,414.013995214907,-14.5678518231059,7243440390.6685,3890054699.03305,2277734406.57613,1741944426.20894,5510.73681640625,5181.2705078125,5264.45458984375,5117.77294921875,4704.33935546875,4.029053,1367.749894679035,1285.9772526726504,1306.6233156634448,1270.2173312733164,1167.6042373899647,Togo,WAEMU,1797.8022107598238,965.5009996227526,565.3274867757088,432.3458704089869
TG,TGO,1994,1972.24744911805,1081.80169503645,620.182624671753,328.600956079736,14.5607335600402,8328682642.77856,4568383650.03722,2618994013.03133,1387662121.46736,6139.04296875,5851.7109375,5871.10546875,5775.79736328125,5359.8583984375,4.120616,1489.8362207859213,1420.105862206039,1424.8125689824046,1401.6829918830704,1300.7420245995986,Togo,WAEMU,2021.2227110651804,1108.66522142253,635.5831295688145,336.76084388046837
TG,TGO,1995,2036.38159822696,1140.39964749633,640.349913996042,419.220334892756,3.251830754685,8982137117.67061,5030111257.96553,2824475891.85099,1849110468.19569,6261.69091796875,5899.12646484375,6000.28173828125,5832.931640625,5722.765625,4.226291,1481.6042998384992,1395.8164416136397,1419.7512046097277,1380.1538135033768,1354.0869819423226,Togo,WAEMU,2125.300202392739,1190.1951990446305,668.3107935187118,437.52559116153856
TG,TGO,1996,2135.45581609458,1217.77626455164,671.50427472391,452.068436882428,4.86520885642857,9775817762.26672,5574809250.44038,3074052559.0876,2069506014.46659,7462.73193359375,6897.9326171875,7144.9970703125,6814.423828125,6161.29296875,4.348805,1716.0419778752441,1586.167376368336,1642.9794093578582,1566.9646783714147,1416.7783951568306,Togo,WAEMU,2247.931963439777,1281.9175038752899,706.8729361485742,475.8792391166286
TG,TGO,1997,2366.40275146203,1372.74831188195,744.126640948867,448.001096915436,10.8148777243175,11181323992.7407,6486276956.09158,3516020702.28262,2116818622.95834,8169.79345703125,7472.50732421875,7798.703125,7347.94384765625,6395.96142578125,4.485951,1821.1954292481682,1665.7576786324125,1738.4726505037615,1637.9902160447696,1425.776034063067,Togo,WAEMU,2492.5203134721487,1445.909007051477,783.7849103306345,471.8773394890715
TG,TGO,1998,2247.34887088094,1318.33692291974,706.689579910124,461.158245854911,-5.03100668335236,10924167342.0005,6408321087.00056,3435156565.94966,2241650112.33333,7101.712890625,6641.126953125,6801.01318359375,6485.67529296875,6249.27587890625,4.632446,1533.0373825458516,1433.6113045084605,1468.1257339197803,1400.0541599338126,1349.0229306302222,Togo,WAEMU,2358.185576691126,1383.3558096523002,741.5427111184156,483.90204922698075
TG,TGO,1999,2238.93514971661,1331.98719334349,704.043845128067,445.291484100954,-0.374384292236613,11195278022.1383,6660294271.27246,3520408613.43467,2226577203.91399,7824.189453125,7230.0498046875,7510.05712890625,7071.77685546875,6413.09765625,4.780448,1636.7063198104029,1512.4209707306723,1570.9944191226953,1479.3125781242156,1341.5264963137347,Togo,WAEMU,2341.8888819914578,1393.2364228776173,736.418137679705,465.76747700508196
TG,TGO,2000,2160.98936671986,1314.73739642693,679.533421599502,409.889802792768,-3.48137743099034,11107565301.5467,6757798862.91807,3492826929.75804,2106848752.27753,7338.40576171875,6921.7470703125,7018.55224609375,6769.19482421875,6351.318359375,4.924402,1490.2125703219904,1405.6015472157837,1425.259807402757,1374.622710375544,1289.764393600482,Togo,WAEMU,2255.617088439713,1372.3085286128285,709.2895603888635,427.8384974008072
TG,TGO,2001,2122.08047449583,1320.13616908956,667.298334712527,396.692654520135,-1.80051289577126,11199029298.6557,6966862856.30218,3521588220.24187,2093498674.49678,7352.27587890625,6957.79736328125,7042.45751953125,6827.1533203125,6403.61767578125,5.062567,1452.2821878517857,1374.3615369991649,1391.084309507657,1348.5556478190808,1264.8953931436859,Togo,WAEMU,2212.1246590229225,1376.1522279709445,695.6131583526441,413.5251295433285
TG,TGO,2002,2147.97438337226,1357.0098170239,675.440797960321,445.238691488925,1.22021333251216,11627573882.1751,7345865960.24024,3656346110.13786,2410199032.43102,7667.71240234375,7268.68505859375,7374.736328125,7151.83349609375,6648.65966796875,5.197031,1475.402475441026,1398.6226094463839,1419.0287354693478,1376.1383174535133,1279.3188395391041,Togo,WAEMU,2237.3493408400104,1413.4735698594525,703.5451799571447,463.76460568178635
TG,TGO,2003,2234.9772223053,1439.85178331415,702.799255960869,538.16537776929,4.05045980094252,12408966779.4352,7994297556.20796,3902058836.57049,2987984050.99318,7884.31005859375,7689.95361328125,7578.673828125,7571.1318359375,7095.46142578125,5.330639,1479.055336254012,1442.595083493977,1421.7195777326133,1420.3047394388366,1331.071457996171,Togo,WAEMU,2327.8572755414875,1499.6884156304639,732.0058320532472,560.5301824027438
TG,TGO,2004,2157.02751991461,1427.00228439547,678.28759996017,560.266308533382,-3.48771797818526,12287524523.4137,8128929929.07705,3863870739.47391,3191561508.69088,7786.52294921875,7465.8310546875,7490.94482421875,7350.1025390625,7026.0205078125,5.467766,1424.0775755982881,1365.426218804444,1370.0192773828928,1344.2606247345807,1284.989245664957,Togo,WAEMU,2247.2659809168317,1486.7004054447557,706.663514765246,583.7048455787757
TG,TGO,2005,2004.25858232153,1367.51066289847,630.248678309054,551.259850017077,-7.08238240739422,11714151842.2525,7992595213.20694,3683570962.95413,3221910408.46516,7509.7041015625,7056.845703125,7288.2978515625,7087.9501953125,6698.1650390625,5.6116399999999995,1338.23696843748,1257.5371376504909,1298.7821477433515,1263.0799900407903,1193.6198756624624,Togo,WAEMU,2087.47386543907,1424.2886595018463,656.4161213039558,574.1477372862764
TG,TGO,2006,2000.54176015054,1407.06825596295,629.079905835563,552.50227125256,-0.185446239510938,12024592340.4005,8457420139.93231,3781190459.44883,3320907721.74508,13219.50390625,7128.7744140625,12911.2880859375,7123.85595703125,6875.6748046875,5.76288,2293.9058085974375,1237.0159389163925,2240.4228590457374,1236.162466862272,1193.096993983477,Togo,WAEMU,2086.5595570965384,1467.5683234654045,656.1286126813035,576.2583502944847
TG,TGO,2007,1920.26928670654,1387.20061733991,603.83784338967,607.587886721352,-4.01253675594127,11883286918.7747,8584474617.1117,3736756295.1134,3759962853.26476,7666.26123046875,7074.8818359375,7549.8134765625,7075.4140625,6794.87841796875,5.9203589999999995,1294.8980341342055,1195.0089236037038,1275.228998201376,1195.0988212876957,1147.7139170054975,Togo,WAEMU,2007.190259708018,1449.9922415366536,631.1705582572612,635.0903472685965
TG,TGO,2008,1941.15486668393,1429.30636492931,610.405413708475,718.948386717473,1.08763807878243,12362850408.795,9102983528.63815,3887557323.6915,4578847112.70688,7524.62158203125,7346.0078125,7396.216796875,7406.6728515625,7070.90283203125,6.083419999999999,1236.9064739950966,1207.5457246910455,1215.799138786242,1217.5179178098012,1162.3236324355792,Togo,WAEMU,2032.2204300862018,1496.3595360238403,639.0414148113234,752.6764735472613
TG,TGO,2009,1989.82990346963,1474.18338993482,625.711511370434,720.693768151415,2.50752980203251,13037096900.4961,9658650556.09528,4099577351.44505,4721888275.26937,7827.685546875,7674.5263671875,7736.46435546875,7700.001953125,7462.4833984375,6.2508349999999995,1252.2623852453314,1227.7601899886176,1237.6689443040411,1231.835739245237,1193.837847013639,Togo,WAEMU,2085.656860322837,1545.177653240772,655.8447553718904,755.401202442453
TG,TGO,2010,2049.78055930203,1537.05369658593,644.5632812645,704.986772286079,3.0128532960463,13800332095.7513,10348352347.0975,4339580301.80856,4746386893.22553,8331.79296875,8088.00390625,8218.3134765625,8140.73828125,7917.63916015625,6.421679,1297.4477498408125,1259.4843040659616,1279.7764379942535,1267.69623353176,1232.954677453708,Togo,WAEMU,2149.0224123241446,1611.4714465013744,675.770355666884,739.1193009220065
TG,TGO,2011,2111.47483429916,1615.98146436985,663.96334052788,783.988944671672,3.00979901078473,14603960793.0845,11176893782.796,4592285181.71423,5422439152.10906,9201.640625,8949.7109375,9076.279296875,9057.046875,8850.00390625,6.595943,1395.04550372858,1356.8508608246009,1376.0396802815003,1373.123884636359,1341.7344428613164,Togo,WAEMU,2214.0823219795107,1694.510365355795,696.2287548140167,822.0870241160453
TG,TGO,2012,2186.30951971437,1645.31290397424,687.495464571464,762.39162379069,3.54419025979273,15524406713.7785,11682932568.5144,4881723795.11932,5413541649.14901,10599.8427734375,9848.677734375,10365.2236328125,9895.2578125,9905.6708984375,6.773809,1564.8275251690002,1453.9349624967283,1530.1913048939673,1460.8114596233818,1462.3487167172118,Togo,WAEMU,2291.828233388113,1724.7212858399757,720.6763277676297,799.1872296884973
TG,TGO,2013,2254.98838359616,1715.36073848665,709.09186114976,826.542799987227,3.14131477096478,16428587079.3636,12497161169.3217,5166047627.07863,6021729629.82454,11352.611328125,10743.107421875,11143.9248046875,10755.6240234375,11042.3955078125,6.954721999999999,1632.3601904037287,1544.7213306117774,1602.3537396156885,1546.5210576982806,1587.755126346172,Togo,WAEMU,2362.2205286370327,1796.9318068100638,742.8115210181846,865.847639894814
TG,TGO,2014,2322.40408294543,1803.14811022135,730.291049611232,855.584809246574,2.98962512799103,17354048389.6056,13473934096.2236,5457063353.66745,6393314707.85456,12527.212890625,11904.9873046875,12314.197265625,11920.8037109375,12287.3193359375,7.138,1755.0032068681703,1667.8323486533343,1725.1607264815075,1670.0481522747968,1721.3952558051976,Togo,WAEMU,2431.220004147604,1887.634364839395,764.5087354535514,895.6731168190754
TG,TGO,2015,2388.42609861568,1879.66835517243,751.051987587248,751.051987587248,2.84283067512166,18302974936.7812,14404265141.0156,5755457836.01866,5755457836.01866,14189.87109375,13353.8203125,14123.21875,13324.9072265625,13649.6552734375,7.323157999999999,1937.671028503004,1823.505694196411,1928.5694436744368,1819.5575223916378,1863.9028781623313,Togo,WAEMU,2499.3281500660237,1966.9472024249103,785.9256670440076,785.9256670440076
TG,TGO,2016,2427.30036226403,1932.92614273869,763.276185353302,772.581357620609,1.62761006802251,19074427736.4754,15189492245.2958,5998044851.32381,6071167584.1951,15357.4453125,14874.8017578125,15334.5361328125,14817.6953125,15136.68359375,7.509951,2044.9461404608367,1980.6789362290779,2041.8956305856723,1973.0748326453795,2015.550247098816,Togo,WAEMU,2539.887109313416,2022.5820708145498,798.6796253828833,808.4164043407341
TG,TGO,2017,2462.27744935268,1985.52622129406,774.274897347436,792.765700965864,1.44098718199137,19838914128.2775,15997662738.6373,6238441246.41392,6387424239.8801,15794.7890625,15468.455078125,15794.7890625,15468.455078125,15794.7880859375,7.698474,2051.6779120771207,2009.288474329458,2051.6779120771207,2009.288474329458,2051.6777852256823,Togo,WAEMU,2576.993067493311,2078.0303653214,810.3477710535777,829.7000470327107
TG,TGO,2018,2517.34898693009,2067.0664295966,791.592405216309,851.120561233595,2.23660975297031,20790226431.5805,17071442753.291,6537585941.16754,7029215766.46367,16947.33984375,16485.822265625,16973.330078125,16474.908203125,16570.3359375,7.889093,2148.198765529827,2089.698050919795,2151.493217043455,2088.3146140025224,2100.4107744071466,Togo,WAEMU,2635.3126311960705,2163.9297132497995,828.686636241649,891.0042975109648
TG,TGO,2019,2577.51616831372,2214.69915550677,810.512262603518,826.255209019798,2.39010092347198,21813694603.5385,18743149552.5964,6859420393.24743,6992654019.28876,18065.919921875,17609.3515625,18116.091796875,17588.455078125,17448.564453125,8.082366,2235.2266553970703,2178.7372116654947,2241.4342281548497,2176.1517701778166,2158.8436422113277,Togo,WAEMU,2698.924374810359,2319.017667920062,848.6896526645081,865.1741358024074
TG,TGO,2020,2570.48315208534,2384.06645451827,808.300697079208,863.468665870276,-0.272860217710488,22285369193.2973,20669188622.0661,7007740719.48155,7486031561.86885,NA,NA,NA,NA,NA,NA,NA,NA,NA,NA,NA,Togo,WAEMU,NA,NA,NA,NA
TG,TGO,2021,2638.81095267963,2638.81095267963,829.786700130989,962.075187515872,2.65816955613427,23428363747.2408,23428363747.2408,7367160812.92227,8541668141.26198,NA,NA,NA,NA,NA,NA,NA,NA,NA,NA,NA,Togo,WAEMU,NA,NA,NA,NA
UG,UGA,1980,NA,NA,NA,93.7506991135184,NA,NA,NA,NA,1244610000,10303.10546875,10085.4140625,10221.1044921875,10009.7548828125,9396.361328125,12.442333999999999,828.0685495783991,810.5725230089467,821.4780677152294,804.4917362620631,755.1928221927656,Uganda,Non-CFA comparison,NA,NA,NA,100.03026763306629
UG,UGA,1981,NA,NA,NA,98.6467550654109,NA,NA,NA,NA,1337300000,10877.861328125,10140.3056640625,10798.4853515625,10082.6240234375,9759.001953125,12.825082,848.1708988780734,790.6620530038326,841.9817784839504,786.1644879492778,760.9309595934748,Uganda,Non-CFA comparison,NA,NA,NA,104.27223779154005
UG,UGA,1982,NA,NA,359.206285547545,156.952422909331,NA,NA,NA,4983495458.56727,2177500000,12287.3203125,11814.900390625,12191.3515625,11780.810546875,10519.5234375,13.221991,929.3093840783888,893.5795214673041,922.0511163938926,891.0012529032126,795.6081226722965,Uganda,Non-CFA comparison,NA,NA,376.90960904203234,164.6877539093772
UG,UGA,1983,NA,NA,370.539961015941,157.527216922525,3.15519965111979,NA,NA,5269775231.31336,2240333333.33333,13356.7861328125,13161.662109375,13288.5419921875,13129.07421875,11186.986328125,13.638729,979.3277755436376,965.0211621167192,974.3240731733507,962.6317979299978,820.2367191345322,Uganda,Non-CFA comparison,NA,NA,386.38316160643416,164.26261811737223
UG,UGA,1984,NA,NA,359.510382451245,247.516937638636,-2.97662323233796,NA,NA,5251611544.99425,3615647477.05434,13029.4638671875,12949.177734375,12940.298828125,12872.1064453125,10670.2080078125,14.082875,925.1991420208942,919.4981659906092,918.8676905905222,914.0254703185607,757.6725638630252,Uganda,Non-CFA comparison,NA,NA,372.90763036626043,256.74072070186946
UG,UGA,1985,NA,NA,337.997945432752,234.276502777526,-5.98381522998432,NA,NA,5077973310.83708,3519695443.52516,12669.4677734375,12675.1904296875,12642.44921875,12629.5419921875,10636.3740234375,14.559355,870.1943027996432,870.5873597894619,868.3385506260407,867.4520260126565,730.552556994283,Uganda,Non-CFA comparison,NA,NA,348.7773538619726,241.74803372300215
UG,UGA,1986,NA,NA,329.57852173859,253.643058810817,-2.49096889727608,NA,NA,5097781821.69487,3923244049.95796,12857.3486328125,12731.166015625,12764.3125,12704.966796875,10798.0966796875,15.070302,853.157994631594,844.785062411158,846.9845196201111,843.0465956737297,716.5149497128525,Uganda,Non-CFA comparison,NA,NA,338.2667329224637,260.32949107177546
UG,UGA,1987,NA,NA,332.185941474188,392.97074320479,0.79113763901934,NA,NA,5299750981.88925,6269522042.11556,13772.513671875,13629.5791015625,13610.5625,13593.333984375,11488.921875,15.612753999999999,882.1322408509735,872.9772531843198,871.759236070715,870.6557462171633,735.8677319196858,Uganda,Non-CFA comparison,NA,NA,339.4501048238671,401.56413417617165
UG,UGA,1988,NA,NA,348.37383295348,395.187660960924,4.8731416529707,NA,NA,5737885293.30513,6508931651.66667,14622.6083984375,14418.751953125,14455.6640625,14395.982421875,12386.474609375,16.180124,903.7389576518387,891.1397683432464,893.4210926010209,889.732515144816,765.5364451703214,Uganda,Non-CFA comparison,NA,NA,354.6255451012075,402.2794665644509
UG,UGA,1989,NA,NA,358.769886121704,310.186025249445,2.98416591168392,NA,NA,6102926184.3107,5276480799.33868,15053.76953125,14881.5927734375,14906.802734375,14881.94921875,13240.990234375,16.763042,898.0332764930137,887.7620645129625,889.2659658297702,887.7833282735915,789.8918486498453,Uganda,Non-CFA comparison,NA,NA,364.0703271107178,314.7686917051619
UG,UGA,1990,1080.03830980398,665.877554591671,369.839286985576,244.987168126806,3.08537625148307,18976161859.31,11699400048.7875,6498038178.89001,4304399310.30967,15557.37890625,15281.162109375,15515.70703125,15416.87109375,14059.830078125,17.354392,896.4519705588073,880.5357231399981,894.0507412331126,888.35558709,810.1597611788992,Uganda,Non-CFA comparison,1093.4501110329882,674.1463514704232,374.4319120422087,248.02939280786504
UG,UGA,1991,1103.22897278835,703.177573275327,377.780503685951,182.955897348348,2.14720744383359,20030116010.2769,12766822405.8071,6858945424.65226,3321729159.62277,15883.158203125,15493.041015625,15843.751953125,15618.5322265625,14833.92578125,17.953530999999998,884.6815817526369,862.9523081350961,882.4866792568549,869.9420869667645,826.2400182588038,Uganda,Non-CFA comparison,1115.6644344935214,711.1037046588275,382.0387992006843,185.01815378951196
UG,UGA,1992,1102.72992145701,718.876631284048,377.609612721367,152.113542415537,-0.0452355171633343,20714816861.9274,13504120522.723,7093408658.47848,2857457761.90922,16505.671875,16225.8125,16456.646484375,16363.912109375,15520.75390625,18.561674,889.2340138610343,874.1567436212919,886.5927978465197,881.5967842865358,836.1720988230911,Uganda,Non-CFA comparison,1115.9993900295522,727.5270820251988,382.1534985733765,153.94396873413572
UG,UGA,1993,1153.99369070318,770.127662001229,395.163949168597,165.616476211716,4.64880550066493,22439593108.7076,14975256378.1675,7684026612.97919,3220439044.18949,17293.9375,16957.74609375,17226.765625,17091.119140625,16616.09765625,19.175988,901.8537923574003,884.3218974558182,898.3508763668397,891.277108674922,866.505426278427,Uganda,Non-CFA comparison,1170.192279464693,780.9379301951743,400.71085844334016,167.9412317211238
UG,UGA,1994,1187.36780541734,809.319481696294,406.592301920177,198.441987998795,2.89205348201035,23876542912.9441,16274444402.8539,8176083687.44476,3990430446.71216,23174.16015625,22687.361328125,23070.833984375,22812.044921875,18411.220703125,19.793540999999998,1170.794056316149,1146.200234112987,1165.5738598957612,1152.499440189858,930.1630619364672,Uganda,Non-CFA comparison,1206.2795087015559,822.2098513274559,413.0682674436455,201.60265647830073
UG,UGA,1995,1288.50886674348,896.672380939996,441.226201168263,278.520835668767,8.51809025515809,26627895166.6682,18530332832.6031,9118233745.01833,5755818842.49246,23450.39453125,22779.92578125,23423.166015625,22957.3359375,20140.375,20.413152,1148.78851297683,1115.9435731066912,1147.4546417733527,1124.634546271933,986.6371935113206,Uganda,Non-CFA comparison,1304.4479934636356,907.764407603642,446.68426243131535,281.96619720915515
UG,UGA,1996,1367.94573764936,969.380449356499,468.427898950193,284.698259285733,6.16502322616066,29043608326.1892,20581449479.535,9945450357.95596,6044585326.938,23529.142578125,23196.767578125,23508.1953125,23372.42578125,21393.98828125,21.032821,1118.6869596867202,1102.8842768226384,1117.691027394756,1111.2359003697127,1017.1716043820276,Uganda,Non-CFA comparison,1380.8707983674278,978.5396585429505,472.8538486566286,287.3882360781751
UG,UGA,1997,1396.63106915218,1006.77500926624,478.250663988847,286.846637912964,2.09696413485794,30524832892.4193,22004120914.1733,10452668511.6708,6269333313.17108,24774.359375,24269.7109375,24646.55859375,24338.23828125,22570.51953125,21.655397999999998,1144.0269707811422,1120.7233844189795,1138.1254038254112,1123.8878307039197,1042.258356611594,Uganda,Non-CFA comparison,1409.5715485081041,1016.1032789225717,482.6818935246907,289.5044142421709
UG,UGA,1998,1422.20789184705,1036.73431787156,487.008977266219,292.453037058835,1.83132276374145,32022156984.4972,23342908774.7383,10965399652.3846,6584815846.52754,27130.138671875,26412.3828125,26908.755859375,26303.5859375,24673.421875,22.290779999999998,1217.1013608260905,1184.9016863698803,1207.169774201486,1180.0208847559395,1106.8891207485788,Uganda,Non-CFA comparison,1436.565117259118,1047.2001775953242,491.92534547398526,295.40535802370044
UG,UGA,1999,1487.75796178874,1099.86476367009,509.455395054388,257.921949601357,4.60903573362658,34601204977.308,25579863870.6738,11848547279.7459,5998563257.94659,28600.017578125,27618.482421875,28390.240234375,27538.236328125,26302.611328125,22.95241,1246.0572801777678,1203.2933544614705,1236.9176149421783,1199.7971597808248,1145.9629436788991,Uganda,Non-CFA comparison,1507.5194708228025,1114.4739864211995,516.2223609523313,261.34786098481993
UG,UGA,2000,1487.00498853512,1124.20958232447,509.19755319016,258.050338731086,-0.0506112736721605,35688342775.5911,26981198607.2246,12220817656.1968,6193246837.09687,30289.537109375,28883.916015625,29964.455078125,28799.412109375,27532.98046875,23.650171999999998,1280.7322124073771,1221.2983489348408,1266.986771940813,1217.7252710625107,1164.1767539259336,Uganda,Non-CFA comparison,1509.0098615600389,1140.8457666703061,516.7327178929947,261.8689977010261
UG,UGA,2001,1516.96423755695,1172.6831745569,519.456547890884,236.021188853993,2.01473762716464,37538305526.1714,29018837888.2364,12854303430.1863,5840503868.51573,32278.52734375,30904.419921875,31999.119140625,30903.615234375,29946.375,24.388968,1323.488855442756,1267.1475038170947,1312.0325198108014,1267.114509903617,1227.865607105639,Uganda,Non-CFA comparison,1539.1510426423702,1189.8345960450808,527.0540118871081,239.47318593044733
UG,UGA,2002,1598.5828380849,1254.98203506699,547.405338919875,241.984688408335,5.38039055287112,40816407789.0528,32043293153.7008,13976829355.9471,6178563591.12051,34145.73828125,32697.486328125,33961.5234375,32773.85546875,32059.673828125,25.167257,1356.7524772862614,1299.2073918951517,1349.4328538664345,1302.2418561049383,1273.8644433171642,Uganda,Non-CFA comparison,1621.8059754804747,1273.2135708591843,555.357675886057,245.50007937378754
UG,UGA,2003,1649.1482601448,1320.23991630988,564.720539196569,250.71543664681,3.163140555198,43458559445.72,34791125984.3477,14881585674.2548,6606884275.23087,35987.84375,33969.79296875,35849.2265625,34093.7578125,34034.1875,25.980552,1385.1839541361553,1307.5085151674223,1379.8485329526486,1312.2799628160326,1309.9870818757047,Uganda,Non-CFA comparison,1672.7342608317176,1339.1218933434402,572.7971320337921,254.30115092361663
UG,UGA,2004,1709.36159216857,1405.24288438896,585.339489080616,292.38185796262,3.65117760961586,46416884994.9654,38158688982.7834,15894609936.3319,7939487547.77384,38144.59765625,35955.40234375,38053.08203125,36105.54296875,36009.3046875,26.821296999999998,1422.1757305864069,1340.5542000355167,1418.7636798940036,1346.1520137803182,1342.5638844944747,Uganda,Non-CFA comparison,1730.5980764079159,1422.7011088532895,592.6115331533707,296.01430340128
UG,UGA,2005,1765.03788457066,1496.50947836066,604.404813057618,330.405402707025,3.25713954596638,49356264462.1979,41847327034.6383,16901146460.5212,9239221763.05793,42135.69921875,39597.07421875,42451.21875,40524.74609375,39612.90625,27.684585,1521.9913615735977,1430.293219809869,1533.3883007457039,1463.8018266753863,1430.8650915301782,Uganda,Non-CFA comparison,1782.8067302507118,1511.5750167336191,610.4894279802713,333.73163307515466
UG,UGA,2006,1898.97915280479,1659.72529096776,650.270540867444,346.518255310647,7.58857752601207,54679211422.7984,47790135007.3016,18723891904.5488,9977647682.96954,45081.1015625,42838.125,45373.5703125,43557.77734375,42405.359375,28.571475,1577.835990704015,1499.3319385855998,1588.072380319882,1524.5197296866893,1484.1851663241048,Uganda,Non-CFA comparison,1913.769289922848,1672.6520071960442,655.3351517395864,349.2171014261441
UG,UGA,2007,1999.0624896434,1794.53518881483,684.542241787248,401.389130865581,5.27037575377261,59279059602.2664,53214123604.0574,20299025448.8812,11902564494.8833,48118.31640625,46007.3984375,48514.6484375,46674.08203125,45824.8671875,29.486338,1631.8851261302777,1560.2954302938533,1645.3263351149267,1582.90534522293,1554.1050634195403,Uganda,Non-CFA comparison,2010.3906969480715,1804.7043889972842,688.4213783644886,403.66370672693574
UG,UGA,2008,2110.10049271503,1930.70869517816,722.565167003452,472.842681495852,5.5545038560267,64441525832.5968,58962980523.9542,22066817213.6558,14440404132.2047,51986.921875,49184.07421875,52451.62109375,50226.890625,50603.484375,30.431735999999997,1708.3127257347396,1616.209940134536,1723.5829429431828,1650.4773380329011,1662.8523714519606,Uganda,Non-CFA comparison,2117.576395661319,1937.5490285521078,725.1251526911183,474.51792208649226
UG,UGA,2009,2188.29916246327,2014.60879442098,749.342865535423,798.947089938247,3.70592159085399,68824527391.806,63361765399.2623,23567695614.7273,25127805566.6584,57533.6484375,55112.66796875,58178.89453125,55904.71875,54092.2421875,31.411095999999997,1831.6345420580042,1754.5604893490506,1852.1765216740607,1779.7761259269655,1722.0743328249357,Uganda,Non-CFA comparison,2191.089651625209,2017.1777960012062,750.298417308562,799.9658963398923
UG,UGA,2010,2244.60595194584,2091.55963145331,768.624091660131,823.488144282,2.57308463341826,72704586957.4991,67747293893.5972,24896350765.3932,26673441430.7857,63122.69140625,59635.6796875,63617.93359375,60535.13671875,58511.82421875,32.428167,1946.538988967523,1839.008652184997,1961.8109649475407,1866.74555853712,1804.3518839270193,Uganda,Non-CFA comparison,2242.01962933949,2089.1496547923043,767.7384529749461,822.5392890935124
UG,UGA,2011,2384.4653273154,2267.72270357093,816.516366587228,835.620060555838,6.23090993981926,79532751291.9507,75638854428.333,27234530259.5375,27871725241.4723,68782.4453125,64381.8046875,69218.0390625,65524.52734375,61946.6796875,33.476772,2054.6319493558103,1923.1783962772756,2067.643769910074,1957.3131884923075,1850.4376612984074,Uganda,Non-CFA comparison,2375.759266513232,2259.4428885895272,813.5351359305939,832.5690792849533
UG,UGA,2012,2405.09455932767,2031.94669538814,823.580468285493,795.222867553127,0.865151267915266,82584785315.0513,69771843672.1953,28279643267.7641,27305915910.7877,66465.2734375,63321.48828125,66567.4296875,64264.54296875,63950.49609375,34.558704,1923.2571174399366,1832.2877004082677,1926.213138302293,1859.5761857490374,1850.4888404886365,Uganda,Non-CFA comparison,2389.695670157402,2018.9369275015433,818.3074014512841,790.1313634558663
UG,UGA,2013,2420.88808087266,2044.88182485845,828.988669729986,818.285427416713,0.656669463732158,85547023791.0966,72260074930.0597,29294007439.7726,28915786516.6123,67684.171875,65324.78515625,67666.203125,65808.4375,66967.265625,35.694519,1896.2063020095607,1830.1068899751808,1895.7028983917671,1843.6566549615084,1876.1218108864277,Uganda,Non-CFA comparison,2396.643131431372,2024.402540066717,820.6864319917744,810.0903815684503
UG,UGA,2014,2470.50380909598,2134.00916281741,845.978664791099,896.054795546394,2.04948459267207,89915317733.6013,77668413711.6786,30789849487.5724,32612397257.4458,70358.921875,68944.59375,70311.078125,69357.6171875,70012.96875,36.911522999999995,1906.1506043790175,1867.8338943099154,1904.8544305527573,1879.0234471630988,1896.7781077470038,Uganda,Non-CFA comparison,2435.968782258086,2104.177974766271,834.1527789999997,883.5288984809922
UG,UGA,2015,2520.0201028843,2189.96485919003,862.934610355811,862.934610355811,2.00429943099081,94579998410.3165,82192547854.5883,32387183730.1002,32387183730.1002,75930.546875,73060.7421875,75801.6328125,73095.8046875,73999.734375,38.225453,1986.3871037708827,1911.3113502539786,1983.0146371973667,1912.2286055707436,1935.8759299726285,Uganda,Non-CFA comparison,2474.267562252735,2150.2046778775466,847.2674929477016,847.2674929477016
UG,UGA,2016,2554.22769062073,2165.29759404413,874.648370639216,752.696571725656,1.35743312909598,99101868411.0026,84011710476.5525,33935615078.9833,29203988696.2626,75388.7421875,73038.0859375,75291.546875,72866.625,75909.1015625,39.649166,1901.3954086070814,1842.1090102500516,1898.9440250773496,1837.784557687796,1914.51950244048,Uganda,Non-CFA comparison,2499.469179528331,2118.8771152601926,855.8973240189541,736.5599744585447
UG,UGA,2017,2543.84754394956,2157.95747503369,871.093880017151,765.218332297361,-0.406390812740796,102205149786.109,86701094761.929,34998276801.8745,30744473841.424,79337.5390625,77850.265625,79337.5390625,77850.265625,79337.5390625,41.166588,1927.2313523408839,1891.1031836060838,1927.2313523408839,1891.1031836060838,1927.2313523408839,Uganda,Non-CFA comparison,2482.720933445079,2106.103492519929,850.162194687461,746.8307512253384
UG,UGA,2018,2613.87976413963,2312.05752813495,895.07512785438,792.16570022814,2.75300382511665,108648084530.548,96102592476.7351,37204541496.6985,32927025619.6795,85139.546875,82568.625,85236.78125,82497.203125,85424.671875,42.729036,1992.5454642833506,1932.3774353346048,1994.8210685118195,1930.705928516618,1999.2183272049479,Uganda,Non-CFA comparison,2542.7225769977117,2249.116794414344,870.7086557416952,770.6007132873183
UG,UGA,2019,2689.41009144919,2441.37445233821,920.939101515671,822.171150036357,2.88958690241905,115643657676.452,104978215231.617,39600047064.28,35353061003.4359,92618.59375,89417.125,92851.2265625,89275.765625,91112.75,44.269594,2092.1491565971896,2019.8316027022972,2097.4040684109277,2016.6384544886498,2058.1338514195545,Uganda,Non-CFA comparison,2612.259278376305,2371.339010509493,894.5202222609043,798.5856162004986
UG,UGA,2020,2678.00907202293,2532.21950102069,917.0350317644,845.766463890124,-0.423922683361482,119056656372.302,112575267254.241,40768765796.4748,37600368241.6657,NA,NA,NA,NA,NA,NA,NA,NA,NA,NA,NA,Uganda,Non-CFA comparison,NA,NA,NA,NA
UG,UGA,2021,2684.92035939744,2684.92035939744,919.401675217265,882.791717542504,0.258075577364949,123267190675.87,123267190675.87,42210585952.7826,40529788748.6737,NA,NA,NA,NA,NA,NA,NA,NA,NA,NA,NA,Uganda,Non-CFA comparison,NA,NA,NA,NA
ZM,ZMB,1980,NA,NA,1062.93600223771,669.419722015371,-0.00253335058172866,NA,NA,6168040110.67307,3884530853.76162,9353.337890625,10032.5751953125,9437.67578125,9933.734375,14327.712890625,5.851825,1598.362543415943,1714.435273664626,1612.7747807307976,1697.5446762334827,2448.4178680368946,Zambia,Non-CFA comparison,NA,NA,1054.0370073734382,663.8152804914057
ZM,ZMB,1981,NA,NA,1094.46195855082,669.886829361684,2.96593174440794,NA,NA,6548482197.51558,4008126497.36464,10659.76953125,10802.810546875,10777.0625,10786.34765625,14209.8017578125,6.055365999999999,1760.3840182822973,1784.006209843468,1779.754105697327,1781.2874822512795,2346.646223830649,Zambia,Non-CFA comparison,NA,NA,1081.4345817437925,661.9131688100506
ZM,ZMB,1982,NA,NA,1030.04718157436,626.532533448195,-5.88551995555419,NA,NA,6364287627.82108,3871117092.86676,11187.861328125,10731.7021484375,11289.2822265625,10737.712890625,14561.939453125,6.265864,1785.525719697236,1712.7250365532193,1801.7119788368373,1713.6843204105612,2324.011413769115,Zambia,Non-CFA comparison,NA,NA,1015.7079100058795,617.8105833236662
ZM,ZMB,1983,NA,NA,977.759709968015,520.45583354177,-5.07622102576212,NA,NA,6239121864.17488,3321048451.15171,11245.4228515625,11235.51171875,11330.896484375,11201.568359375,14990.5615234375,6.481916,1734.891789952616,1733.3627462543482,1748.0782664223048,1728.1261218712184,2312.674450492339,Zambia,Non-CFA comparison,NA,NA,962.5428444575462,512.3559841182314
ZM,ZMB,1984,NA,NA,944.930593972368,413.269974271735,-3.35758526977152,NA,NA,6218106324.32923,2719518932.99541,12680.01171875,13421.4296875,12711.361328125,13304.365234375,14902.9248046875,6.70154,1892.1041609465885,2002.738129967142,1896.78213188685,1985.2698386303746,2223.805991561268,Zambia,Non-CFA comparison,NA,NA,927.8623009530988,405.80507360926146
ZM,ZMB,1985,NA,NA,931.808263595704,332.173737253298,-1.38870838349084,NA,NA,6318548040.45408,2252454500.14896,13693.4423828125,14997.54296875,13785.380859375,14939.6904296875,14899.73828125,6.9231489999999996,1977.9210851611747,2166.2892086751276,1991.2009490731748,2157.932817809858,2152.162012004942,Zambia,Non-CFA comparison,NA,NA,912.6696594936899,325.35115164341545
ZM,ZMB,1986,NA,NA,910.944542362099,238.23379616097,-2.23905733064601,NA,NA,6364287627.82108,1664413508.09853,11682.119140625,12819.2275390625,11640.2001953125,12851.8505859375,15294.8974609375,7.1469689999999995,1634.5557313351997,1793.6593175460116,1628.6904553961967,1798.2239164515056,2140.0537012176073,Zambia,Non-CFA comparison,NA,NA,890.4876497744822,232.88382922866046
ZM,ZMB,1987,NA,NA,908.680042753164,314.999602622841,-0.248588086719636,NA,NA,6534574435.21006,2265250972.34879,11884.734375,13841.23046875,11777.484375,13896.0244140625,15715.55078125,7.372837,1611.9621761609542,1877.3276106266828,1597.415536922897,1884.7594778051516,2131.547297363281,Zambia,Non-CFA comparison,NA,NA,886.3039336431906,307.2427848803371
ZM,ZMB,1988,NA,NA,939.599679398111,504.486020154114,3.40269789036691,NA,NA,6944994654.29038,3728878148.80792,13008.361328125,14088.0517578125,12949.9560546875,14182.1123046875,16021.48046875,7.598274999999999,1712.0150729112859,1854.111855363553,1704.328423844557,1866.4910528623275,2108.5681248375454,Zambia,Non-CFA comparison,NA,NA,914.0225451553649,490.7532497583886
ZM,ZMB,1989,NA,NA,905.747380200891,526.361769256072,-3.60284277862945,NA,NA,6873912509.77869,3994673161.02649,10935.4052734375,11383.3935546875,10963.494140625,11532.556640625,16174.4443359375,7.820205,1398.3527635704563,1455.6387658235942,1401.9445961614817,1474.7128292193108,2068.289045611656,Zambia,Non-CFA comparison,NA,NA,878.9939023054626,510.81437903820813
ZM,ZMB,1990,2425.11128678382,1521.62416937243,878.589205998477,422.336298804219,-2.99842702237687,18882326322.7063,11847622937.2184,6840844039.47996,3288381797.32415,10770.7177734375,11380.5869140625,10894.49609375,11631.970703125,16295.54296875,8.036845,1340.167413137556,1416.051561783573,1355.5687703010324,1447.330476464956,2027.6044851866623,Zambia,Non-CFA comparison,2349.470012511912,1474.1634232361578,851.1852647998014,409.1632720705887
ZM,ZMB,1991,2364.86234039956,1534.00129938977,856.761723583768,423.071256835592,-2.48437862264691,18875503499.2502,12243861471.2744,6838372211.04238,3376806697.1218,10806.013671875,11716.4169921875,10726.89453125,11964.0341796875,15976.865234375,8.246656,1310.3509679408235,1420.7476330026984,1300.7568802736528,1450.7740082389153,1937.375008048717,Zambia,Non-CFA comparison,2288.8675724136183,1484.7062216823888,829.2297157832678,409.4758769035352
ZM,ZMB,1992,2268.49812195378,1505.02647935462,821.850104215064,389.254665832226,-4.07483415840184,18548783223.817,12306119913.2093,6720005310.13323,3182810841.01704,9762.1943359375,10015.5146484375,10007.9921875,10233.0390625,15700.3173828125,8.451347,1155.1051371973604,1185.0790943073926,1184.1890041315307,1210.8175255968072,1857.7295882907777,Zambia,Non-CFA comparison,2194.7724101042118,1456.1134353150212,795.1401486808234,376.60397106130415
ZM,ZMB,1993,2365.62953630778,1606.66943649345,857.039669609389,390.916673784646,4.28174982443221,19809594852.308,13454122934.3107,7176782487.17512,3273505343.85539,9549.0419921875,9510.4453125,9701.6201171875,9710.4111328125,16767.51171875,8.656486,1103.1083504539256,1098.6496498117135,1120.7342237008759,1121.7497646056956,1936.9882558292131,Zambia,Non-CFA comparison,2288.4106613593553,1554.2245357193092,829.0641822992749,378.1563724420498
ZM,ZMB,1994,2110.5832556481,1464.05611720688,764.639411345433,426.386598390102,-10.7813280458849,18100929747.3339,12556139092.2617,6557753279.70008,3656806165.78848,9019.0576171875,9184.408203125,9128.5380859375,9376.1611328125,15321.2216796875,8.86974,1016.8344976501565,1035.4765983134794,1029.1776406002318,1057.0953751533302,1727.3586012315468,Zambia,Non-CFA comparison,2040.7508841672811,1415.6152370037566,739.3399670903634,412.2788453538074
ZM,ZMB,1995,2119.95642928697,1501.39106250692,768.035201563368,433.312782642118,0.444103477737357,18625434758.0416,13190866045.5039,6747775256.59298,3806983413.16416,9289.21875,9387.75,9379.017578125,9613.962890625,15765.201171875,9.096606999999999,1021.1740212586958,1032.0056698063356,1031.0457050771788,1056.8735013643,1733.0858826675708,Zambia,Non-CFA comparison,2047.5145027197068,1450.086394356039,741.7903462898839,418.50586852484236
ZM,ZMB,1996,2197.19564925242,1584.58166347442,796.018059633101,399.511304742449,3.64343431300713,19783666077.2382,14267657280.7519,7167388797.89361,3597220962.00017,10528.505859375,10447.9716796875,10582.9345703125,10697.1220703125,16745.546875,9.339732999999999,1127.2812466239668,1118.6584969492706,1133.1088983285176,1145.3348902278578,1792.936358566139,Zambia,Non-CFA comparison,2118.226086038884,1527.6301025684463,767.4083186204158,385.1524408674392
ZM,ZMB,1997,2223.45745445731,1631.17313845153,805.53240180321,465.871942164799,1.19524199921966,20538216584.6418,15067249043.7845,7440753543.99756,4303288479.7086,11358.8154296875,11251.595703125,11425.0302734375,11466.6826171875,17384.228515625,9.597609,1183.5047072335933,1172.3332033139711,1190.4038050974466,1194.7436718027895,1811.3082660092737,Zambia,Non-CFA comparison,2139.9305373496463,1569.8961109776924,775.2715852456126,448.3708890108568
ZM,ZMB,1998,2157.57339335667,1600.62825155996,781.663383813883,373.084763057408,-2.96313567721118,20458991205.7525,15177810137.6182,7412051123.98383,3537741941.89367,10937.1728515625,10912.4287109375,11019.0625,11037.11328125,17317.18359375,9.866475999999999,1108.5186698434682,1106.0107692896129,1116.81845676207,1118.6479631886807,1755.1538759887524,Zambia,Non-CFA comparison,2073.5864766460186,1538.321295021465,751.2359148275262,358.56185550886363
ZM,ZMB,1999,2198.18912998648,1653.83649536649,796.377985981253,349.515723095687,1.88247300207094,21410373117.0139,16108375734.0521,7756725565.34734,3404284890.5306,10949.6552734375,11252.98046875,11047.5380859375,11385.708984375,18122.447265625,10.140561,1079.787920356428,1109.699992806118,1089.4405236492833,1122.7888658600841,1787.1247227470947,Zambia,Non-CFA comparison,2111.3598268393534,1588.5093274476726,764.920753925482,335.70971966251176
ZM,ZMB,2000,2220.5653712714,1708.51552615927,804.48463418783,359.429500988221,1.01793976595019,22244804500.7749,17115278098.8344,8059030210.46366,3600632111.41414,13461.0419921875,13513.984375,13600.5791015625,13663.42578125,18828.76953125,10.415944,1292.3496893020451,1297.4325106778608,1305.7461811970668,1311.7798810410272,1807.687285113092,Zambia,Non-CFA comparison,2135.64939488681,1643.1806947919843,773.7205778433198,345.6846649150706
ZM,ZMB,2001,2268.96965564597,1785.06711385476,822.020935308251,396.548952993504,2.17981803196589,23427531453.9309,18431148187.9665,8487518230.93072,4094441301.21423,14295.365234375,14283.46875,14433.9892578125,14471.919921875,19829.849609375,10.692193,1336.9909460458673,1335.8783132702524,1349.9559218405898,1353.5034320718864,1854.6101449323821,Zambia,Non-CFA comparison,2191.0875957748704,1723.794939725321,793.8051839253856,382.93746673056035
ZM,ZMB,2002,2299.33289188114,1837.06585172035,833.021177549004,393.864625518616,1.3381949009155,24483179366.7729,19560983498.7598,8869967014.46174,4193850445.42632,15283.810546875,15131.18359375,15469.8955078125,15380.8984375,20723.3671875,10.971698,1393.0214399699116,1379.1104707539344,1409.9818923025862,1401.8703793615173,1888.8021879111145,Zambia,Non-CFA comparison,2231.4849868063175,1782.8583596413062,808.4406820586695,382.24260688056853
ZM,ZMB,2003,2383.87611741089,1942.21520871647,863.650190656785,446.290104839041,3.67685887625342,26183529803.8137,21332505255.3822,9485983915.84691,4901869764.05957,17306.875,16366.416015625,17430.177734375,16597.865234375,22162.62109375,11.256743,1537.4673651161797,1453.9210867321924,1548.4210427807582,1474.482026850484,1968.8306905247814,Zambia,Non-CFA comparison,2326.0307003378953,1895.0868164425713,842.6934785529802,435.4607513078668
ZM,ZMB,2004,2471.72073328685,2067.9372845653,895.475258534826,548.685974566277,3.68494886266848,28024859074.7115,23446682383.9838,10153075785.3691,6221110219.45542,18396.50390625,18058.513671875,18511.09375,18287.806640625,23721.185546875,11.550642,1592.6823726551304,1563.4207753885023,1602.6030198148294,1583.271877063197,2053.668146487009,Zambia,Non-CFA comparison,2426.2598628467144,2029.9029598513916,879.0053215543431,538.5943239739764
ZM,ZMB,2005,2564.47560965912,2212.81202553596,929.079255855905,710.982068171696,3.75264386154687,30052625499.5098,25931543608.2792,10887711636.03,8331870169.14977,21062.47265625,20284.173828125,21096.99609375,20885.212890625,25437.5546875,11.856247,1776.4873366968486,1710.8427167656848,1779.399171909121,1761.5365883171125,2145.498038924122,Zambia,Non-CFA comparison,2534.7502881400665,2187.162903090599,918.3101225902261,702.7409406323746
ZM,ZMB,2006,2673.46151928529,2377.99239778211,968.563565019492,1051.71714895686,4.24983217682681,32427893191.6314,28843984822.4952,11748243095.7729,12756858899.2812,24503.1875,24451.1484375,24579.72265625,25009.8046875,27448.060546875,12.173513999999999,2012.8278079772201,2008.5530305793382,2019.1148304630858,2054.4441553605643,2254.7360233762415,Zambia,Non-CFA comparison,2663.8071136757558,2369.404990415685,965.065887776767,1047.9191874491787
ZM,ZMB,2007,2796.3529332184,2554.68937629218,1013.08567432637,1118.73162626953,4.59671527144219,35136412295.8885,32099889161.7082,12729507610.1931,14056957976.2648,32965.0390625,33694.62109375,32948.09765625,34364.1171875,29740.642578125,12.502958,2636.5792048969533,2694.9319588012695,2635.224213042226,2748.4789749353713,2378.688513400189,Zambia,Non-CFA comparison,2810.247966592265,2567.3835872845607,1018.1196809741423,1124.2905859769185
ZM,ZMB,2008,2908.14362510668,2708.00819669101,1053.58612301068,1375.50211006997,3.99773185138027,37867880381.0486,35261852123.7694,13719086269.626,17910858637.9048,35393.59765625,35410.80859375,35336.92578125,36307.9765625,32052.650390625,12.84853,2754.680703259439,2756.020229065115,2750.269936035484,2825.8467359690176,2494.655060977793,Zambia,Non-CFA comparison,2947.2539178449674,2744.426959642029,1067.7553206184675,1394.0006084668676
ZM,ZMB,2009,3065.84420108998,2872.46418366268,1110.71918102486,1136.24168316848,5.42272309461708,41359430886.098,38750659226.177,14984033821.7868,15328342303.9575,39705.671875,40417.09765625,39735.7109375,41177.83984375,35008.015625,13.215138999999999,3004.559533955716,3058.3936844137625,3006.8326135275615,3115.9596462625177,2649.0841772455065,Zambia,Non-CFA comparison,3129.7007837827514,2932.2929729439097,1133.853667508666,1159.907762147451
ZM,ZMB,2010,3266.50749293828,3097.66400499243,1183.41712409199,1451.10616017155,6.54512358380669,45618717444.334,43260717842.1382,16527123087.7163,20265559483.8548,45006.21875,46988.75390625,44824.29296875,47823.73828125,38613.22265625,13.605984,3307.82534728837,3453.5358784965497,3294.454334853694,3514.9047861036734,2837.9588463612777,Zambia,Non-CFA comparison,3352.8422085704347,3179.5361395499363,1214.6951729265813,1489.4593058359324
ZM,ZMB,2011,3335.64339500657,3228.48714255039,1208.46424569634,1624.86817763443,2.11650829571791,48159338865.8523,46612238752.7655,17447560252.6576,23459515275.5776,51794.5390625,53234.61328125,51403.5390625,54185.234375,40762.0625,14.023202999999999,3693.4885034824074,3796.180749950636,3665.6061430830036,3863.9699058054002,2906.758356133046,Zambia,Non-CFA comparison,3434.260979168048,3323.936675006809,1244.1922328770113,1672.9070580792136
ZM,ZMB,2012,3474.55252844092,3323.63312219856,1258.78938578996,1710.05061343728,4.16438800509357,51818187350.1798,49567431316.5811,18773117888.8094,25503060420.026,50681.57421875,51260.37109375,50534.98046875,52391.546875,43858.953125,14.46515,3503.7019470071173,3543.7151425149414,3493.5676760178776,3621.915215189611,3032.042745840866,Zambia,Non-CFA comparison,3582.277912789,3426.679385736138,1297.8170215178825,1763.0691987311573
ZM,ZMB,2013,3535.22449043144,3477.28178777683,1280.77012176778,1820.71854827391,1.74618059430358,54438911322.4803,53546651818.13,19722575262.7917,28037239462.7142,51322.3515625,51710.05078125,50706.1171875,52246.6953125,46077.66015625,14.926544,3438.3278247463045,3464.3016348091023,3397.043360304971,3500.253998011864,3086.9610645471585,Zambia,Non-CFA comparison,3647.1209492619523,3587.344251832842,1321.3088885673535,1878.3476913821578
ZM,ZMB,2014,3585.57748507131,3441.31497643775,1299.01241762504,1707.48573136694,1.42432240940171,56993883582.1163,54700785564.6956,20648211567.0616,27141023558.0829,53353.97265625,53782.39453125,52669.3359375,54232.9765625,48239.5703125,15.399788,3464.591373352023,3492.4113586011704,3420.133831550149,3521.6703348448696,3132.4827531716674,Zambia,Non-CFA comparison,3700.9524794832437,3552.047960965151,1340.8114168235043,1762.4283891494415
ZM,ZMB,2015,3576.92544834125,3337.47306887696,1295.87788680068,1295.87788680068,-0.241301067013211,58658318773.7131,54731517891.6164,21251216798.7762,21251216798.7762,52037.515625,51722.6484375,51843.8125,51739.125,49650.38671875,15.879361,3277.0535051756806,3257.2247987497735,3264.8550845339432,3258.2624074104747,3126.724477058617,Zambia,Non-CFA comparison,3693.997433128014,3446.707829843808,1338.2916855896278,1338.2916855896278
ZM,ZMB,2016,3598.17166023389,3313.35121570029,1303.57513869133,1239.08527877713,0.593979723633794,60860997487.8084,56043424009.9189,22049221308.1088,20958412538.3093,54400.3984375,54719.50390625,54246.23046875,54486.52734375,51514.00390625,16.363457999999998,3324.5050305076106,3344.0061328265706,3315.083551945439,3329.7685210393797,3148.112330917463,Zambia,Non-CFA comparison,3719.3237204390666,3424.9132432716183,1347.467100664713,1280.8058381247595
ZM,ZMB,2017,3612.50597664593,3391.62768492775,1308.76829240086,1483.46577328065,0.398377780872721,63006872740.5941,59154463773.684,22826646593.6169,25873601260.8353,53331.15234375,54565.28515625,53331.15234375,54565.28515625,53331.15234375,16.853599,3164.3776705349405,3237.604333427537,3164.3776705349405,3237.604333427537,3164.3776705349405,Zambia,Non-CFA comparison,3738.4817771322373,3509.9009875388633,1354.407838564149,1535.1973937931773
ZM,ZMB,2018,3646.95966481655,3442.27307196302,1321.25045711573,1463.89997855593,0.9537337347912,65548881175.7971,61869932575.7693,23747586257.2512,26311507273.6735,55459.12109375,56671.4453125,55517.78125,56531.27734375,55482.79296875,17.351708,3196.1764855511633,3266.0442022479865,3199.5571415793765,3257.9661520208847,3197.540724449144,Zambia,Non-CFA comparison,3777.661609784875,3565.639335088471,1368.6022296624171,1516.3641108802374
ZM,ZMB,2019,3591.56418883108,3361.39750299612,1301.18132976178,1258.98619844462,-1.51894951073589,66493641150.1842,62232372185.4722,24089861649.0155,23308667781.2258,56783.71484375,57956.18359375,56811.10546875,57695.06640625,56282.2734375,17.86103,3179.1959838682315,3244.8399444908832,3180.729525046988,3230.220564337555,3151.1213763987857,Zambia,Non-CFA comparison,3722.8335180101144,3484.2543898908516,1348.7386589135956,1305.001323060641
ZM,ZMB,2020,3391.59541156095,3157.30009311643,1228.73500113195,951.644316655957,-5.56773502453288,64641756629.1277,60176229608.2428,23418945736.8993,18137764930.651,NA,NA,NA,NA,NA,NA,NA,NA,NA,NA,NA,Zambia,Non-CFA comparison,NA,NA,NA,NA
ZM,ZMB,2021,3503.03491418372,3503.03491418372,1269.10821808895,1127.16077872857,3.28575461102756,68672119764.9363,68672119764.9363,24879098747.8861,22096416932.0089,NA,NA,NA,NA,NA,NA,NA,NA,NA,NA,NA,Zambia,Non-CFA comparison,NA,NA,NA,NA
ZW,ZWE,1980,NA,NA,1547.24303557325,949.011610530352,8.02232255007959,NA,NA,10894607028.1111,6682278300.2622,23114.5546875,23582.5,23137.107421875,23230.087890625,13473.8583984375,7.408624,3119.952461820171,3183.1147052408114,3122.9965809946625,3135.546883014309,1818.6721850693868,Zimbabwe,Non-CFA comparison,NA,NA,1470.5304288773596,901.9594327181674
ZW,ZWE,1981,NA,NA,1634.85792339379,1068.92311090177,5.66264548013156,NA,NA,12259202844.388,8015464251.71692,28192.455078125,28733.197265625,28335.033203125,28450.337890625,15161.515625,7.675591,3673.0012162092794,3743.450799505211,3691.5767402308174,3706.598995520345,1975.2896715054255,Zimbabwe,Non-CFA comparison,NA,NA,1597.167285800924,1044.2797501478283
ZW,ZWE,1982,NA,NA,1613.8207054948,1095.88472887835,-1.28679181217906,NA,NA,12582146675.1074,8544060905.16113,29824.212890625,30347.955078125,30042.0625,30129.099609375,15560.916015625,7.958240999999999,3747.588555137373,3813.3998553354945,3774.96264563991,3785.8993726597378,1955.321033331989,Zimbabwe,Non-CFA comparison,NA,NA,1581.021066729118,1073.611732185684
ZW,ZWE,1983,NA,NA,1578.2877877611,959.205194217604,-2.20178843986304,NA,NA,12781612133.5556,7768031181.67262,34796.50390625,35488.3359375,35008.5234375,35152.4609375,15807.6025390625,8.254747,4215.332572427719,4299.1427765744975,4241.017130809702,4258.454067399037,1914.9711722312627,Zimbabwe,Non-CFA comparison,NA,NA,1548.3953819003295,941.0380695704689
ZW,ZWE,1984,NA,NA,1494.11174302875,757.359025240321,-5.33337743503436,NA,NA,12537820762.2848,6355369171.99585,33214.58984375,33903.171875,33276.65625,33413.64453125,15506.095703125,8.562249,3879.1899001944466,3959.6105970522467,3886.438744072965,3902.437844455353,1810.9839719827116,Zimbabwe,Non-CFA comparison,NA,NA,1464.3139626381806,742.2546543549305
ZW,ZWE,1985,NA,NA,1543.54602241645,649.27581323637,3.30860657633907,NA,NA,13408495653.6255,5640137575.00727,36118.03125,37189.05859375,36367.78125,36790.91796875,16582.91015625,8.877488999999999,4068.4963112880237,4189.141613551986,4096.6292664513585,4144.293275806932,1867.9730446582364,Zimbabwe,Non-CFA comparison,NA,NA,1510.3928209458218,635.3302803312142
ZW,ZWE,1986,NA,NA,1524.05510786515,692.529276865648,-1.26273621053356,NA,NA,13689943882.6971,6220698246.72927,37760.94140625,38681.9375,38064.86328125,38431.5859375,16935.919921875,9.200149,4104.383679682796,4204.490329450099,4137.418131081356,4177.2786438023995,1840.8310476140116,Zimbabwe,Non-CFA comparison,NA,NA,1488.0132792085324,676.1519021843309
ZW,ZWE,1987,NA,NA,1491.43889200127,726.43141011947,-2.14009425876756,NA,NA,13847479159.9862,6744657033.37727,37379.97265625,38907.71875,37649.63671875,38700.765625,17124,9.527203,3923.4991273147007,4083.8553298381485,3951.8037685089735,4062.1329917080593,1797.3795666996914,Zimbabwe,Non-CFA comparison,NA,NA,1453.4674195549524,707.9367400250912
ZW,ZWE,1988,NA,NA,1554.121523425,815.89246404532,4.20282934553336,NA,NA,14893292646.4049,7818774176.83792,44219.578125,45823.36328125,44615.734375,45647.421875,18417.416015625,9.849124999999999,4489.69610244565,4652.531395555443,4529.918584138185,4634.667736981712,1869.9545406952395,Zimbabwe,Non-CFA comparison,NA,NA,1512.1437332153773,793.8547004772425
ZW,ZWE,1989,NA,NA,1588.24428841402,840.417972601175,2.1956304236636,NA,NA,15667709079.858,8290553535.28012,49552.02734375,51686.2265625,50205.76171875,51695.89453125,19378.072265625,10.153851999999999,4880.121095299597,5090.307260978396,4944.5039891018705,5091.25940886769,1908.445412206619,Zimbabwe,Non-CFA comparison,NA,NA,1543.031066422674,816.4934386753048
ZW,ZWE,1990,6082.84245095319,2756.77305553483,1653.56521361694,866.928868406131,4.11277570329895,61663483204.0412,27946183117.1852,16762655222.26,8788301546.04498,55290.62890625,55114.98828125,55947.61328125,55053.31640625,20731.287109375,10.432421,5299.884744514241,5283.048707605838,5362.859999730647,5277.137148342652,1987.198092310021,Zimbabwe,Non-CFA comparison,5910.754867354491,2678.782146271244,1606.7847743356983,842.4028848188718
ZW,ZWE,1991,6254.27473513148,2930.32330543328,1700.16751573044,830.961354818769,2.81829236184525,65074577832.4918,30489474813.5451,17689930170.3523,8646000000,65961.0703125,64479.61328125,66713.90625,64363.57421875,21876.16796875,10.680995,6175.55483477897,6036.854551589061,6246.038524500761,6025.990482979349,2048.1395196561743,Zimbabwe,Non-CFA comparison,6092.557653335836,2854.553795179672,1656.206202732264,809.4751472124086
ZW,ZWE,1992,5532.03740345063,2650.99889602854,1503.8338876162,631.149149280088,-11.5478990333428,59207736717.911,28372845884.5246,16095082948.9899,6755000000,60167.47265625,57687.8359375,60956.859375,57671.90625,20337.765625,10.900502,5519.697409922039,5292.218279259066,5592.114874617701,5290.756907342433,1865.7641294868806,Zimbabwe,Non-CFA comparison,5431.652296188837,2602.8935075214517,1476.545112233354,619.6962305038795
ZW,ZWE,1993,5509.0831125663,2702.57555861021,1497.59397309998,604.70311652877,-0.4149337614747,59830229218.4065,29350748908.2677,16264301854.93,6567250000,61321.4921875,60193.09375,61908.94140625,60027.94140625,20766.974609375,11.092766,5528.061458025889,5426.337646534688,5581.019324328126,5411.449354133136,1872.1186951365423,Zimbabwe,Non-CFA comparison,5393.62582951867,2645.936000837636,1466.2079642651797,592.0299770138485
ZW,ZWE,1994,6010.74241746159,3011.63318948501,1633.9654774338,634.062003018813,9.10603987351351,65355691894.9376,32745933390.9825,17766348463.0284,6894250000,67541.4609375,67239.5625,68019.5546875,66810.125,21971.65234375,11.261744,5997.424638448539,5970.617206358092,6039.877543611362,5932.484790987967,1950.9990942566267,Zimbabwe,Non-CFA comparison,5803.336667476867,2907.714239551396,1577.584116903066,612.1831574221542
ZW,ZWE,1995,5964.5893804643,3051.16830439046,1621.41919547814,648.315259628165,-0.76784253577739,65458976650.2542,33485348622.1952,17794425481.2752,7115000000,66349.6796875,64223.921875,66577.765625,63551.83203125,22007.341796875,11.410713999999999,5814.682559522568,5628.38766049171,5834.671311979251,5569.487766606893,1928.6559804123565,Zimbabwe,Non-CFA comparison,5736.624075430706,2934.5533173642953,1559.4489075157965,623.5367918256475
ZW,ZWE,1996,6474.16018296527,3372.4697143022,1759.94136824269,766.913775859535,8.54326710519177,72241010019.1924,37631231161.2811,19638059365.7445,8557500000,74411.09375,73254.921875,74203.9609375,72070.3828125,24149.529296875,11.541217,6447.4217710316,6347.244131619742,6429.474546531791,6244.608589588082,2092.459512447864,Zimbabwe,Non-CFA comparison,6259.392750278623,3260.5947155556555,1701.5588014456794,741.4729313208477
ZW,ZWE,1997,6524.06265782805,3457.06927971344,1773.50690066801,750.583100340929,0.770794565665597,74177463756.6652,39306279637.3564,20164466643.9014,8534000000,64145.95703125,63096.64453125,63965.1484375,61974.41015625,24493.859375,11.653241999999999,5504.5589056890785,5414.5142211283355,5489.043172492256,5318.211889553998,2101.8922781316996,Zimbabwe,Non-CFA comparison,6365.392888662676,3372.9909356860867,1730.3739718012725,732.3283941069791
ZW,ZWE,1998,6582.34841934183,3527.15454598776,1789.35135307089,552.448328691252,0.893396715677412,76317702531.3297,40894877371.0822,20746271024.8557,6405250000,55145.48828125,55969.33203125,54891.91796875,54671.890625,24614.42578125,11.747072,4694.402850450734,4764.5346884100145,4672.817019317665,4654.0866204787035,2095.3668949377343,Zimbabwe,Non-CFA comparison,6496.742552640326,3481.282601407585,1766.0801793719918,545.2635346067514
ZW,ZWE,1999,6423.70886833195,3490.85723088472,1746.22663873399,582.299355588147,-2.41007526346858,75693503654.2171,41134369564.126404,20576588256.0031,6861500000,51630.2109375,51810.5703125,51478.44140625,50697.21875,23729,11.822719,4367.033584871636,4382.288906003771,4354.19647597562,4288.1183888410105,2007.0679172870473,Zimbabwe,Non-CFA comparison,6402.376953577016,3479.26475831206,1740.4277523641645,580.3656502366334
ZW,ZWE,2000,6170.33390832202,3429.12057152309,1677.34896793251,562.833757496076,-3.94437178277245,73377950206.1304,40779290438.184,19947126180.8466,6693250000,39882.62890625,42878.47265625,39853.2890625,42038.15234375,21790.65234375,11.881477,3356.706317425855,3608.850369045027,3354.2369406177363,3538.1251290348832,1834.0019800358154,Zimbabwe,Non-CFA comparison,6175.827315587986,3432.173494775439,1678.8423005697523,563.3348446493648
ZW,ZWE,2001,6217.41179425199,3533.08605903604,1690.14666163116,566.388746448872,0.762971447403842,74434238477.0172,42297756523.2596,20234268508.5287,6780750000,45106.6953125,44335.37109375,45238.22265625,43646.5625,21748.474609375,11.923914,3782.8766051566627,3718.1894379437827,3793.9071563456428,3660.4224502122374,1823.9375602151274,Zimbabwe,Non-CFA comparison,6242.43335510615,3547.3047292407173,1696.948544624584,568.6681403438502
ZW,ZWE,2002,5610.19146861437,3237.57082661378,1525.07935706564,524.936478570323,-9.76644857590099,67814047736.1709,39134632715.0306,18434630065.6726,6345250000,38900.38671875,39335.8203125,39115.53515625,38816.25,20456.798828125,11.95429,3254.0942806933745,3290.519161949392,3272.0918729803275,3247.0560777762626,1711.2516785292141,Zimbabwe,Non-CFA comparison,5672.779206140298,3273.689421540769,1542.093262391376,530.7927112358827
ZW,ZWE,2003,4601.6607468251,2707.98957173272,1250.91948331231,468.471932927213,-17.9767611752894,56289000591.5859,33125003122.0663,15301651166.8693,5730500000,27228.90234375,28165.544921875,27296.083984375,27842.6875,18930.34765625,11.982223999999999,2272.4414385634923,2350.610781594052,2278.0482141190987,2323.6660823566644,1579.8692843874394,Zimbabwe,Non-CFA comparison,4697.708922115453,2764.5120907492887,1277.0293033137507,478.25011450295045
ZW,ZWE,2004,4287.59829196083,2591.02005431794,1165.54447081543,469.719298949304,-6.82498063511001,53019994568.1653,32040284525.6099,14413001709.4786,5808500000,25505.19921875,25710.44921875,25570.123046875,25425.1953125,18240.802734375,12.019912,2121.9123084054195,2138.988140574573,2127.313664765183,2115.2563606538884,1517.548775263496,Zimbabwe,Non-CFA comparison,4411.013538881591,2665.600590554232,1199.0937795117468,483.23981074071094
ZW,ZWE,2005,4004.66443720945,2495.92081736268,1088.63148420699,461.271387547912,-6.59888906294871,49991956184.7225,31157657800.9315,13589857106.157,5758250000,21755.91015625,21581.513671875,21741.544921875,21571.02734375,17499.669921875,12.076699,1801.4782148871973,1787.037473723159,1800.288714811473,1786.1691629268892,1449.0441404455805,Zimbabwe,Non-CFA comparison,4139.538145707076,2579.9813178196705,1125.2956711231272,476.80661743743053
ZW,ZWE,2006,3819.2334285389,2453.75642369722,1038.22375658033,431.034994414964,-4.63037569259529,48261533161.8932,31006758091.4466,13119457397.7207,5446750000,16519.853515625,18039.26171875,16355.3203125,17829.294921875,16865.478515625,12.155491,1359.0445269240872,1484.0422092986619,1345.5088167561476,1466.768797893479,1387.4781788432076,Zimbabwe,Non-CFA comparison,3970.3483110549137,2550.843737323865,1079.302958450687,448.0896740411391
ZW,ZWE,2007,3631.53761566256,2396.37835055325,987.200362596937,413.521244592925,-4.91448916093475,46498418260.1251,30683367390.4281,12640170700.3122,5294750000,18695.630859375,18921.921875,18381.310546875,18717.369140625,16314.435546875,12.255922,1525.43650811216,1543.900318148239,1499.7901052956277,1527.210204228209,1331.147142326379,Zimbabwe,Non-CFA comparison,3793.9551394113882,2503.554395208137,1031.3520843484644,432.0156410917106
ZW,ZWE,2008,2954.09932377926,1986.90882459937,803.044944654991,340.917447588572,-18.6543102007687,38282613297.6547,25748647507.3981,10406779091.4808,4418000000,14817.7109375,14028.3759765625,14505.7119140625,13997.6767578125,15540.8837890625,12.379548999999999,1196.950788554575,1133.1895836078118,1171.7480106959067,1130.709750235045,1255.3675250255483,Zimbabwe,Non-CFA comparison,3092.4077523062197,2079.934213063667,840.6428288688709,356.87891376333664
ZW,ZWE,2009,3299.41379594873,2232.8525728967,896.915532877845,735.821693871697,11.6893318173098,43363502643.257,29345912466.541,11787972496.3516,9670750000,26465.283203125,25497.337890625,26136.494140625,25334.765625,24792.759765625,12.526968,2112.66470890043,2035.3957869633737,2086.4182091488537,2022.4180045003707,1979.1508819712,Zimbabwe,Non-CFA comparison,3461.61199128608,2342.618937522711,941.0076322021099,771.9944682544092
ZW,ZWE,2010,3885.39378454343,2661.36483256213,1056.20884563889,902.010759067388,17.7601242170416,51895448582.156,35546647131.6281,14107304144.8004,12047750000,28976.095703125,27993.345703125,28501.068359375,27934.52734375,29670.818359375,12.697723,2281.991480135848,2204.595713981554,2244.5810449145097,2199.9635165887616,2336.703860950109,Zimbabwe,Non-CFA comparison,4086.9885555194423,2799.450510270865,1111.0105445519957,948.8118460294023
ZW,ZWE,2011,4358.92582649309,3047.31708873749,1184.93421020563,1037.77565157218,12.187491621401,59261444795.7241,41429567883.8319,16109682999.8506,14109000000,31580.892578125,29494.23828125,30923.115234375,29628.08203125,33882.265625,12.894321999999999,2449.2092393942853,2287.381863214677,2398.1962940257736,2297.7619165435767,2627.6888094620253,Zimbabwe,Non-CFA comparison,4595.9333725126535,3213.0086315381227,1249.3625488684556,1094.2025489979235
ZW,ZWE,2012,5003.48706186748,3472.48572001016,1360.15230034275,1239.22709745709,14.7871576858869,69137618826.8468,47982415288.214,18794430788.9262,17123500000,36233.01953125,34897.953125,34892.265625,34632.95703125,39528.890625,13.11515,2762.684340724277,2660.8886002066315,2660.454941422706,2640.6832580069613,3013.986925425939,Zimbabwe,Non-CFA comparison,5271.584299596025,3658.548723286733,1433.0320879994663,1305.6274613710098
ZW,ZWE,2013,5031.68744400391,3783.94633704647,1367.81831689463,1362.99498323368,0.563614570952865,70513101756.2815,53027497449.6726,19168343271.8446,19100750000,38243.51953125,37219.421875,37278.37890625,37015.28515625,40315.31640625,13.350373,2864.603073730599,2787.8937820688607,2792.309915704228,2772.603069311247,3019.789514963365,Zimbabwe,Non-CFA comparison,5281.732709361865,3971.986209649169,1435.7908405888436,1430.7278156198333
ZW,ZWE,2014,5081.11240399225,3903.42797706084,1381.25404125871,1372.91526173161,0.982274048982148,72189188042.8709,55457402600.7471,19623972034.3634,19505500000,38674.859375,37861.2109375,37860.33203125,37724.59765625,41273.58203125,13.586706999999999,2846.5219258058632,2786.6363010183413,2786.5716123303464,2776.581378861707,3037.791425931979,Zimbabwe,Non-CFA comparison,5313.221816211309,4081.7397917499147,1444.3508669439477,1435.6311650792206
ZW,ZWE,2015,5102.71432347607,4045.89864738798,1387.12632595026,1387.12632595026,0.425141539219794,73474049879.0181,58256947220.4219,19973250000,19973250000,39798.64453125,40141.6171875,39455.90234375,39961.22265625,42008.19921875,13.814629,2880.9057797534774,2905.732552607819,2856.095689848059,2892.6743277904893,3040.8488869842254,Zimbabwe,Non-CFA comparison,5318.5684450170975,4217.047538549309,1445.8042991961638,1445.8042991961638
ZW,ZWE,2016,5070.40217016051,4275.4493505094,1378.34256192374,1408.13945253431,-0.633234613329265,74029362382.5815,62422817499.5463,20124206636.7998,20559250000,40963.19140625,41875.203125,40864.1640625,41680.89453125,42325.7265625,14.030330999999999,2919.616893304228,2984.6197587925762,2912.558802960529,2970.7705777753927,3016.73043654494,Zimbabwe,Non-CFA comparison,5276.380320790829,4449.133630528482,1434.3358425969996,1465.3431911192974
ZW,ZWE,2017,5234.3838655748,10756.4454416985,1422.91948946927,3445.44941020134,3.23409642689352,77534216789.9172,159329654489.141,21076969325.2127,51035657370.5179,44316.7421875,44672.17578125,44316.7421875,44672.17578125,44316.7421875,14.236595,3112.875107250013,3137.841301325914,3112.875107250013,3137.841301325914,3112.875107250013,Zimbabwe,Non-CFA comparison,5446.120844901271,11191.556301850336,1480.478255173565,3584.821888275806
ZW,ZWE,2018,5415.46976371689,3992.890718675,1472.14603844842,2270.89531874302,3.45954562738599,81418620220.053,60030923851.1648,22132908952.043,34141666666.6667,43420.8984375,44325.109375,43567.51171875,44342.453125,46457.09765625,14.438801999999999,3007.236918790077,3069.8606002769484,3017.391035540899,3071.061790652715,3217.5174682948077,Zimbabwe,Non-CFA comparison,5638.876426178086,4157.61112668245,1532.8771010256255,2364.5775228905213
ZW,ZWE,2019,4993.8438389475205,4165.55567835558,1357.53087818754,2184.32923855469,-7.78558358121073,76262826999.1003,63613733688.6577,20731353612.1651,33357695635.1284,40826.5703125,42296.0625,41081.72265625,42325.1171875,42694.0703125,14.645468,2787.6589749470622,2887.9966485195287,2805.080906683897,2889.9805173518525,2915.17282428257,Zimbabwe,Non-CFA comparison,5207.26459537519,4343.578074026565,1415.5473633321312,2277.680415206151
ZW,ZWE,2020,4527.71988082724,4178.58557943828,1230.81933361016,2059.67445384499,-9.33397144870511,70301399484.9779,64880430290.3533,19110793941.1996,31980334561.3123,NA,NA,NA,NA,NA,NA,NA,NA,NA,NA,NA,Zimbabwe,Non-CFA comparison,NA,NA,NA,NA
ZW,ZWE,2021,4827.0886936086,4827.0886936086,1312.20001358807,2613.60542083552,6.61191108683749,76254533781.5607,76254533781.5607,20729099176.6536,41287673690.0771,NA,NA,NA,NA,NA,NA,NA,NA,NA,NA,NA,Zimbabwe,Non-CFA comparison,NA,NA,NA,NA
