"COUNTRY.ID","INDICATOR.ID","COUNTERPART_COUNTRY.ID","TIME_PERIOD","OBS_VALUE"
"BWA","MG_CIF_USD","G001","2000","2081.583938"
"BWA","MG_CIF_USD","G001","2001","1812.534701"
"BWA","MG_CIF_USD","G001","2002","3375.038142"
"BWA","MG_CIF_USD","G001","2003","3966.735239"
"BWA","MG_CIF_USD","G001","2004","3238.544674"
"BWA","MG_CIF_USD","G001","2005","3165.723133"
"BWA","MG_CIF_USD","G001","2006","3055.952689"
"BWA","MG_CIF_USD","G001","2007","3991.517682"
"BWA","MG_CIF_USD","G001","2008","5216.206572"
"BWA","MG_CIF_USD","G001","2009","4734.178275"
"BWA","MG_CIF_USD","G001","2010","5153.476733"
"BWA","MG_CIF_USD","G001","2011","8376.490853"
"BWA","MG_CIF_USD","G001","2012","10363.863102"
"BWA","MG_CIF_USD","G001","2013","9552.196787"
"BWA","MG_CIF_USD","G001","2014","9220.14167"
"BWA","MG_CIF_USD","G001","2015","8110.704868"
"BWA","MG_CIF_USD","G001","2016","6155.943338"
"BWA","MG_CIF_USD","G001","2017","5372.565823"
"BWA","MG_CIF_USD","G001","2018","6275.831234"
"BWA","MG_CIF_USD","G001","2019","6422.252901"
"LCA","MG_CIF_USD","G163","1981","2.948"
"LCA","MG_CIF_USD","G163","1982","4.059"
"LCA","MG_CIF_USD","G163","1983","1.848"
"LCA","MG_CIF_USD","G163","1984","3.113"
"LCA","MG_CIF_USD","G163","1985","5.599"
"LCA","MG_CIF_USD","G163","1986","9.757"
"LCA","MG_CIF_USD","G163","1987","10.846"
"LCA","MG_CIF_USD","G163","1988","11.74786238500961"
"LCA","MG_CIF_USD","G163","1989","21.37751466937864"
"LCA","MG_CIF_USD","G163","1990","15.58858244126035"
"LCA","MG_CIF_USD","G163","1991","21.59877936774916"
"LCA","MG_CIF_USD","G163","1992","24.19229629629627"
"LCA","MG_CIF_USD","G163","1993","20.1978148148148"
"LCA","MG_CIF_USD","G163","1994","19.9009925925926"
"LCA","MG_CIF_USD","G163","1995","23.49953999999999"
"LCA","MG_CIF_USD","G163","1996","23.9284937037037"
"LCA","MG_CIF_USD","G163","1997","28.95473851851855"
"LCA","MG_CIF_USD","G163","1998","31.3637037037037"
"LCA","MG_CIF_USD","G163","1999","20.31814814814814"
"LCA","MG_CIF_USD","G163","2000","30.305929"
"LCA","MG_CIF_USD","G163","2001","17.711094"
"LCA","MG_CIF_USD","G163","2002","19.828246"
"LCA","MG_CIF_USD","G163","2003","28.319114"
"LCA","MG_CIF_USD","G163","2004","35.322767"
"LCA","MG_CIF_USD","G163","2005","35.674507"
"LCA","MG_CIF_USD","G163","2006","35.800882"
"LCA","MG_CIF_USD","G163","2007","33.547433"
"LCA","MG_CIF_USD","G163","2008","26.510226"
"LCA","MG_CIF_USD","G163","2009","27.95035"
"LCA","MG_CIF_USD","G163","2010","30.030844"
"LCA","MG_CIF_USD","G163","2011","35.372059"
"LCA","MG_CIF_USD","G163","2012","50.273499"
"LCA","MG_CIF_USD","G163","2013","29.412672"
"LCA","MG_CIF_USD","G163","2014","33.894439"
"LCA","MG_CIF_USD","G163","2015","27.178052"
"LCA","MG_CIF_USD","G163","2016","47.232772"
"LCA","MG_CIF_USD","G163","2017","49.318004"
"LCA","MG_CIF_USD","G163","2018","36.402735"
"LCA","MG_CIF_USD","G163","2019","38.281596"
"TCD","MG_CIF_USD","G163","1981","28.292"
"TCD","MG_CIF_USD","G163","1982","35.563"
"TCD","MG_CIF_USD","G163","1983","42.383"
"TCD","MG_CIF_USD","G163","1984","61.798"
"TCD","MG_CIF_USD","G163","1985","83.688"
"TCD","MG_CIF_USD","G163","1986","77.22"
"TCD","MG_CIF_USD","G163","1987","93.511"
"TCD","MG_CIF_USD","G163","1988","78.30265951284935"
"TCD","MG_CIF_USD","G163","1989","96.01746757319077"
"TCD","MG_CIF_USD","G163","1990","105.1597140512226"
"TCD","MG_CIF_USD","G163","1991","111.1967762212667"
"TCD","MG_CIF_USD","G163","1992","110.2755981090111"
"TCD","MG_CIF_USD","G163","1993","75.5669631168966"
"TCD","MG_CIF_USD","G163","1994","68.85157866339575"
"TCD","MG_CIF_USD","G163","1995","100.3946965962045"
"TCD","MG_CIF_USD","G163","1996","112.8987206019557"
"TCD","MG_CIF_USD","G163","1997","78.36604608894532"
"TCD","MG_CIF_USD","G163","1998","94.55256785418949"
"TCD","MG_CIF_USD","G163","1999","69.85359011869294"
"TCD","MG_CIF_USD","G163","2000","77.461294"
"TCD","MG_CIF_USD","G163","2001","145.897394"
"TCD","MG_CIF_USD","G163","2002","203.155712"
"TCD","MG_CIF_USD","G163","2003","152.751757"
"TCD","MG_CIF_USD","G163","2004","195.7349"
"TCD","MG_CIF_USD","G163","2005","211.827989"
"TCD","MG_CIF_USD","G163","2006","190.618798"
"TCD","MG_CIF_USD","G163","2007","257.047065"
"TCD","MG_CIF_USD","G163","2008","298.844336"
"TCD","MG_CIF_USD","G163","2009","352.059534"
"TCD","MG_CIF_USD","G163","2010","360.728262"
"TCD","MG_CIF_USD","G163","2011","353.317657"
"TCD","MG_CIF_USD","G163","2012","320.40257"
"TCD","MG_CIF_USD","G163","2013","361.819588"
"TCD","MG_CIF_USD","G163","2014","576.421452"
"TCD","MG_CIF_USD","G163","2015","332.996126"
"TCD","MG_CIF_USD","G163","2016","236.486812"
"TCD","MG_CIF_USD","G163","2017","180.706998"
"TCD","MG_CIF_USD","G163","2018","210.361831"
"TCD","MG_CIF_USD","G163","2019","199.345498"
"MLI","XG_FOB_USD","G163","1980","53.412"
"MLI","XG_FOB_USD","G163","1981","40.386"
"MLI","XG_FOB_USD","G163","1982","58.386"
"MLI","XG_FOB_USD","G163","1983","62.26363636363643"
"MLI","XG_FOB_USD","G163","1984","73.6454545454546"
"MLI","XG_FOB_USD","G163","1985","66.58939314253261"
"MLI","XG_FOB_USD","G163","1986","117.7516006501984"
"MLI","XG_FOB_USD","G163","1987","16.566"
"MLI","XG_FOB_USD","G163","1988","53.17108667864901"
"MLI","XG_FOB_USD","G163","1989","62.61608970183413"
"MLI","XG_FOB_USD","G163","1990","88.32858197349147"
"MLI","XG_FOB_USD","G163","1991","84.56182562115591"
"MLI","XG_FOB_USD","G163","1992","93.4760794840519"
"MLI","XG_FOB_USD","G163","1993","68.67158867297335"
"MLI","XG_FOB_USD","G163","1994","85.42375428838478"
"MLI","XG_FOB_USD","G163","1995","76.42429713077308"
"MLI","XG_FOB_USD","G163","1996","92.75253041369153"
"MLI","XG_FOB_USD","G163","1997","82.6475461859521"
"MLI","XG_FOB_USD","G163","1998","99.40608255981897"
"MLI","XG_FOB_USD","G163","1999","66.21297209886182"
"MLI","XG_FOB_USD","G163","2000","12.905433"
"MLI","XG_FOB_USD","G163","2001","90.804154"
"MLI","XG_FOB_USD","G163","2002","198.262274"
"MLI","XG_FOB_USD","G163","2003","117.014509"
"MLI","XG_FOB_USD","G163","2004","86.025042"
"MLI","XG_FOB_USD","G163","2005","61.537514"
"MLI","XG_FOB_USD","G163","2006","41.460622"
"MLI","XG_FOB_USD","G163","2007","57.027094"
"MLI","XG_FOB_USD","G163","2008","73.877988"
"MLI","XG_FOB_USD","G163","2009","67.084986"
"MLI","XG_FOB_USD","G163","2010","161.257873"
"MLI","XG_FOB_USD","G163","2011","63.717935"
"MLI","XG_FOB_USD","G163","2012","62.580529"
"MLI","XG_FOB_USD","G163","2013","69.149141"
"MLI","XG_FOB_USD","G163","2014","61.845014"
"MLI","XG_FOB_USD","G163","2015","59.254252"
"MLI","XG_FOB_USD","G163","2016","61.154445"
"MLI","XG_FOB_USD","G163","2017","37.344921"
"MLI","XG_FOB_USD","G163","2018","61.788468"
"MLI","XG_FOB_USD","G163","2019","55.398346"
"BTN","MG_CIF_USD","G163","2000","11.253737"
"BTN","MG_CIF_USD","G163","2001","8.091131"
"BTN","MG_CIF_USD","G163","2002","6.498702"
"BTN","MG_CIF_USD","G163","2003","9.078958"
"BTN","MG_CIF_USD","G163","2004","93.994045"
"BTN","MG_CIF_USD","G163","2005","13.296423"
"BTN","MG_CIF_USD","G163","2006","9.290687"
"BTN","MG_CIF_USD","G163","2007","12.767454"
"BTN","MG_CIF_USD","G163","2008","12.887223"
"BTN","MG_CIF_USD","G163","2009","16.57002"
"BTN","MG_CIF_USD","G163","2010","21.693903"
"BTN","MG_CIF_USD","G163","2011","44.763816"
"BTN","MG_CIF_USD","G163","2012","47.334334"
"BTN","MG_CIF_USD","G163","2013","51.913712"
"BTN","MG_CIF_USD","G163","2014","40.016293"
"BTN","MG_CIF_USD","G163","2015","103.532036"
"BTN","MG_CIF_USD","G163","2016","24.400807"
"BTN","MG_CIF_USD","G163","2017","18.709928"
"BTN","MG_CIF_USD","G163","2018","13.999785"
"BTN","MG_CIF_USD","G163","2019","30.979151"
"DMA","MG_CIF_USD","G163","1980","1.092"
"DMA","MG_CIF_USD","G163","1981","5.324"
"DMA","MG_CIF_USD","G163","1982","1.839"
"DMA","MG_CIF_USD","G163","1983","2.318"
"DMA","MG_CIF_USD","G163","1984","3.392284075330476"
"DMA","MG_CIF_USD","G163","1985","3.463794075356963"
"DMA","MG_CIF_USD","G163","1986","3.562529259918989"
"DMA","MG_CIF_USD","G163","1987","4.1257762962963"
"DMA","MG_CIF_USD","G163","1988","5.531669999999995"
"DMA","MG_CIF_USD","G163","1989","8.425064814814804"
"DMA","MG_CIF_USD","G163","1990","8.978646666666669"
"DMA","MG_CIF_USD","G163","1991","8.320592592592593"
"DMA","MG_CIF_USD","G163","1992","6.143763065428735"
"DMA","MG_CIF_USD","G163","1993","7.110727161640268"
"DMA","MG_CIF_USD","G163","1994","6.19064777777778"
"DMA","MG_CIF_USD","G163","1995","14.17773185185186"
"DMA","MG_CIF_USD","G163","1996","7.56820888888889"
"DMA","MG_CIF_USD","G163","1997","7.532222222222227"
"DMA","MG_CIF_USD","G163","1998","8.694814814814818"
"DMA","MG_CIF_USD","G163","1999","8.487037037037038"
"DMA","MG_CIF_USD","G163","2000","9.323332"
"DMA","MG_CIF_USD","G163","2001","6.877404"
"DMA","MG_CIF_USD","G163","2002","6.114375"
"DMA","MG_CIF_USD","G163","2003","7.17768"
"DMA","MG_CIF_USD","G163","2004","11.655653"
"DMA","MG_CIF_USD","G163","2005","8.732216"
"DMA","MG_CIF_USD","G163","2006","11.160051"
"DMA","MG_CIF_USD","G163","2007","10.918488"
"DMA","MG_CIF_USD","G163","2008","10.376648"
"DMA","MG_CIF_USD","G163","2009","14.910388"
"DMA","MG_CIF_USD","G163","2010","8.080537"
"DMA","MG_CIF_USD","G163","2011","10.314052"
"DMA","MG_CIF_USD","G163","2012","9.942897"
"DMA","MG_CIF_USD","G163","2013","12.362896"
"DMA","MG_CIF_USD","G163","2014","16.686117"
"DMA","MG_CIF_USD","G163","2015","15.204477"
"DMA","MG_CIF_USD","G163","2016","10.866832"
"DMA","MG_CIF_USD","G163","2017","10.084515"
"DMA","MG_CIF_USD","G163","2018","17.462014"
"DMA","MG_CIF_USD","G163","2019","18.828093"
"BWA","XG_FOB_USD","G163","2000","35.101223"
"BWA","XG_FOB_USD","G163","2001","22.00475"
"BWA","XG_FOB_USD","G163","2002","57.568111"
"BWA","XG_FOB_USD","G163","2003","58.973075"
"BWA","XG_FOB_USD","G163","2004","67.289072"
"BWA","XG_FOB_USD","G163","2005","62.70828"
"BWA","XG_FOB_USD","G163","2006","89.901015"
"BWA","XG_FOB_USD","G163","2007","135.81442"
"BWA","XG_FOB_USD","G163","2008","174.363463"
"BWA","XG_FOB_USD","G163","2009","197.144931"
"BWA","XG_FOB_USD","G163","2010","259.003366"
"BWA","XG_FOB_USD","G163","2011","166.178977"
"BWA","XG_FOB_USD","G163","2012","297.573957"
"BWA","XG_FOB_USD","G163","2013","1007.079666"
"BWA","XG_FOB_USD","G163","2014","2117.443695"
"BWA","XG_FOB_USD","G163","2015","1350.725822"
"BWA","XG_FOB_USD","G163","2016","1446.342475"
"BWA","XG_FOB_USD","G163","2017","1336.02025"
"BWA","XG_FOB_USD","G163","2018","1560.88154"
"BWA","XG_FOB_USD","G163","2019","1034.856402"
"BWA","MG_CIF_USD","G163","2000","208.179817"
"BWA","MG_CIF_USD","G163","2001","77.653286"
"BWA","MG_CIF_USD","G163","2002","146.998681"
"BWA","MG_CIF_USD","G163","2003","102.528443"
"BWA","MG_CIF_USD","G163","2004","94.274416"
"BWA","MG_CIF_USD","G163","2005","70.585855"
"BWA","MG_CIF_USD","G163","2006","79.283891"
"BWA","MG_CIF_USD","G163","2007","152.622409"
"BWA","MG_CIF_USD","G163","2008","234.703173"
"BWA","MG_CIF_USD","G163","2009","238.981509"
"BWA","MG_CIF_USD","G163","2010","215.209801"
"BWA","MG_CIF_USD","G163","2011","215.525676"
"BWA","MG_CIF_USD","G163","2012","244.059951"
"BWA","MG_CIF_USD","G163","2013","412.271604"
"BWA","MG_CIF_USD","G163","2014","435.370019"
"BWA","MG_CIF_USD","G163","2015","346.238299"
"BWA","MG_CIF_USD","G163","2016","320.497147"
"BWA","MG_CIF_USD","G163","2017","213.560265"
"BWA","MG_CIF_USD","G163","2018","289.956106"
"BWA","MG_CIF_USD","G163","2019","484.932019"
"KNA","MG_CIF_USD","G163","1986","1.991"
"KNA","MG_CIF_USD","G163","1987","7.513"
"KNA","MG_CIF_USD","G163","1988","4.7314346837291"
"KNA","MG_CIF_USD","G163","1989","7.377692817984382"
"KNA","MG_CIF_USD","G163","1990","10.40498602500748"
"KNA","MG_CIF_USD","G163","1991","5.156435006610245"
"KNA","MG_CIF_USD","G163","1992","9.834689203224202"
"KNA","MG_CIF_USD","G163","1993","17.56490922731004"
"KNA","MG_CIF_USD","G163","1994","4.395609509448525"
"KNA","MG_CIF_USD","G163","1995","6.993021302142979"
"KNA","MG_CIF_USD","G163","1996","4.783709579330928"
"KNA","MG_CIF_USD","G163","1997","6.899433705530071"
"KNA","MG_CIF_USD","G163","1998","13.93441718744559"
"KNA","MG_CIF_USD","G163","1999","2.487134444444445"
"KNA","MG_CIF_USD","G163","2000","4.146995"
"KNA","MG_CIF_USD","G163","2001","7.674109"
"KNA","MG_CIF_USD","G163","2002","6.482738"
"KNA","MG_CIF_USD","G163","2003","4.245242"
"KNA","MG_CIF_USD","G163","2004","4.285421"
"KNA","MG_CIF_USD","G163","2005","3.521749"
"KNA","MG_CIF_USD","G163","2006","4.33294"
"KNA","MG_CIF_USD","G163","2007","8.343858"
"KNA","MG_CIF_USD","G163","2008","4.323989"
"KNA","MG_CIF_USD","G163","2009","4.27413"
"KNA","MG_CIF_USD","G163","2010","10.947919"
"KNA","MG_CIF_USD","G163","2011","4.64537"
"KNA","MG_CIF_USD","G163","2012","3.701715"
"KNA","MG_CIF_USD","G163","2013","4.849891"
"KNA","MG_CIF_USD","G163","2014","7.254787"
"KNA","MG_CIF_USD","G163","2015","4.516595"
"KNA","MG_CIF_USD","G163","2016","7.613273"
"KNA","MG_CIF_USD","G163","2017","9.225665"
"KNA","MG_CIF_USD","G163","2018","7.592051"
"KNA","MG_CIF_USD","G163","2019","5.93222"
"NAM","MG_CIF_USD","G163","2000","66.325363"
"NAM","MG_CIF_USD","G163","2001","70.243338"
"NAM","MG_CIF_USD","G163","2002","95.540294"
"NAM","MG_CIF_USD","G163","2003","84.711477"
"NAM","MG_CIF_USD","G163","2004","104.730791"
"NAM","MG_CIF_USD","G163","2005","174.271574"
"NAM","MG_CIF_USD","G163","2006","129.852912"
"NAM","MG_CIF_USD","G163","2007","357.495643"
"NAM","MG_CIF_USD","G163","2008","351.280364"
"NAM","MG_CIF_USD","G163","2009","409.514809"
"NAM","MG_CIF_USD","G163","2010","380.159394"
"NAM","MG_CIF_USD","G163","2011","302.960761"
"NAM","MG_CIF_USD","G163","2012","398.799394"
"NAM","MG_CIF_USD","G163","2013","361.68359"
"NAM","MG_CIF_USD","G163","2014","593.807192"
"NAM","MG_CIF_USD","G163","2015","403.225889"
"NAM","MG_CIF_USD","G163","2016","351.474386"
"NAM","MG_CIF_USD","G163","2017","385.553239"
"NAM","MG_CIF_USD","G163","2018","305.268885"
"NAM","MG_CIF_USD","G163","2019","435.19263"
"BWA","XG_FOB_USD","G001","2000","2780.406754"
"BWA","XG_FOB_USD","G001","2001","2534.279802"
"BWA","XG_FOB_USD","G001","2002","2746.553389"
"BWA","XG_FOB_USD","G001","2003","3803.873869"
"BWA","XG_FOB_USD","G001","2004","3514.040844"
"BWA","XG_FOB_USD","G001","2005","4435.884912"
"BWA","XG_FOB_USD","G001","2006","4512.640503"
"BWA","XG_FOB_USD","G001","2007","5080.591985"
"BWA","XG_FOB_USD","G001","2008","4959.63063"
"BWA","XG_FOB_USD","G001","2009","3461.200939"
"BWA","XG_FOB_USD","G001","2010","4687.486155"
"BWA","XG_FOB_USD","G001","2011","5925.788165"
"BWA","XG_FOB_USD","G001","2012","6720.688099"
"BWA","XG_FOB_USD","G001","2013","7941.522527"
"BWA","XG_FOB_USD","G001","2014","8547.24122"
"BWA","XG_FOB_USD","G001","2015","6336.497465"
"BWA","XG_FOB_USD","G001","2016","7328.636267"
"BWA","XG_FOB_USD","G001","2017","5911.828375"
"BWA","XG_FOB_USD","G001","2018","6374.895696"
"BWA","XG_FOB_USD","G001","2019","5051.675864"
"CAF","XG_FOB_USD","G163","1980","84.208"
"CAF","XG_FOB_USD","G163","1981","56.204"
"CAF","XG_FOB_USD","G163","1982","78.369"
"CAF","XG_FOB_USD","G163","1983","61.55"
"CAF","XG_FOB_USD","G163","1984","65.448"
"CAF","XG_FOB_USD","G163","1985","81.891"
"CAF","XG_FOB_USD","G163","1986","99.38181818181816"
"CAF","XG_FOB_USD","G163","1987","72.94545454545461"
"CAF","XG_FOB_USD","G163","1988","86.78426517104832"
"CAF","XG_FOB_USD","G163","1989","101.772067588793"
"CAF","XG_FOB_USD","G163","1990","99.34935057803995"
"CAF","XG_FOB_USD","G163","1991","61.93419917285895"
"CAF","XG_FOB_USD","G163","1992","72.39316741343277"
"CAF","XG_FOB_USD","G163","1993","88.37174014151427"
"CAF","XG_FOB_USD","G163","1994","76.04749181067515"
"CAF","XG_FOB_USD","G163","1995","105.3220168597204"
"CAF","XG_FOB_USD","G163","1996","107.0606996976328"
"CAF","XG_FOB_USD","G163","1997","87.5099005316222"
"CAF","XG_FOB_USD","G163","1998","184.2654640987551"
"CAF","XG_FOB_USD","G163","1999","175.854874591789"
"CAF","XG_FOB_USD","G163","2000","68.280636"
"CAF","XG_FOB_USD","G163","2001","61.800154"
"CAF","XG_FOB_USD","G163","2002","50.32688"
"CAF","XG_FOB_USD","G163","2003","57.252408"
"CAF","XG_FOB_USD","G163","2004","51.270928"
"CAF","XG_FOB_USD","G163","2005","64.652175"
"CAF","XG_FOB_USD","G163","2006","49.365635"
"CAF","XG_FOB_USD","G163","2007","53.532449"
"CAF","XG_FOB_USD","G163","2008","65.103611"
"CAF","XG_FOB_USD","G163","2009","63.768007"
"CAF","XG_FOB_USD","G163","2010","60.768524"
"CAF","XG_FOB_USD","G163","2011","42.966418"
"CAF","XG_FOB_USD","G163","2012","71.340037"
"CAF","XG_FOB_USD","G163","2013","28.788543"
"CAF","XG_FOB_USD","G163","2014","11.5595"
"CAF","XG_FOB_USD","G163","2015","67.050602"
"CAF","XG_FOB_USD","G163","2016","50.877922"
"CAF","XG_FOB_USD","G163","2017","126.06022"
"CAF","XG_FOB_USD","G163","2018","21.719244"
"CAF","XG_FOB_USD","G163","2019","9.057029"
"TCD","XG_FOB_USD","G163","1981","42018181.81818182"
"TCD","XG_FOB_USD","G163","1982","27627272.72727273"
"TCD","XG_FOB_USD","G163","1983","39645454.54545457"
"TCD","XG_FOB_USD","G163","1984","71154545.45454542"
"TCD","XG_FOB_USD","G163","1985","38827272.72727273"
"TCD","XG_FOB_USD","G163","1986","37936363.63636368"
"TCD","XG_FOB_USD","G163","1987","43883636.36363627"
"TCD","XG_FOB_USD","G163","1988","45406135.44358097"
"TCD","XG_FOB_USD","G163","1989","44291854.69289996"
"TCD","XG_FOB_USD","G163","1990","64961320.61292043"
"TCD","XG_FOB_USD","G163","1991","53966112.94081157"
"TCD","XG_FOB_USD","G163","1992","52419261.22693656"
"TCD","XG_FOB_USD","G163","1993","43436664.16255169"
"TCD","XG_FOB_USD","G163","1994","45746652.72443014"
"TCD","XG_FOB_USD","G163","1995","90299538.36752102"
"TCD","XG_FOB_USD","G163","1996","76740859.95488791"
"TCD","XG_FOB_USD","G163","1997","42894136.57413961"
"TCD","XG_FOB_USD","G163","1998","82956323.81352989"
"TCD","XG_FOB_USD","G163","1999","58175010.88727278"
"TCD","XG_FOB_USD","G163","2000","56624315"
"TCD","XG_FOB_USD","G163","2001","52177469"
"TCD","XG_FOB_USD","G163","2002","42533197"
"TCD","XG_FOB_USD","G163","2003","43512901"
"TCD","XG_FOB_USD","G163","2004","72834544"
"TCD","XG_FOB_USD","G163","2005","78961947"
"TCD","XG_FOB_USD","G163","2006","38326219"
"TCD","XG_FOB_USD","G163","2007","35980355"
"TCD","XG_FOB_USD","G163","2008","86642706"
"TCD","XG_FOB_USD","G163","2009","148902976"
"TCD","XG_FOB_USD","G163","2010","272828412"
"TCD","XG_FOB_USD","G163","2011","278088496"
"TCD","XG_FOB_USD","G163","2012","21608773"
"TCD","XG_FOB_USD","G163","2013","61025731"
"TCD","XG_FOB_USD","G163","2014","18700550"
"TCD","XG_FOB_USD","G163","2015","115373380"
"TCD","XG_FOB_USD","G163","2016","119852435"
"TCD","XG_FOB_USD","G163","2017","221116801"
"TCD","XG_FOB_USD","G163","2018","426627789"
"TCD","XG_FOB_USD","G163","2019","144707627"
"NER","MG_CIF_USD","G163","1980","349.776"
"NER","MG_CIF_USD","G163","1981","234.413"
"NER","MG_CIF_USD","G163","1982","193.305"
"NER","MG_CIF_USD","G163","1983","131.497"
"NER","MG_CIF_USD","G163","1984","107.0348205193163"
"NER","MG_CIF_USD","G163","1985","136.9915611460118"
"NER","MG_CIF_USD","G163","1986","152.9341528873655"
"NER","MG_CIF_USD","G163","1987","130.6529883959537"
"NER","MG_CIF_USD","G163","1988","180.5651221054107"
"NER","MG_CIF_USD","G163","1989","157.7200344968079"
"NER","MG_CIF_USD","G163","1990","155.4883402957396"
"NER","MG_CIF_USD","G163","1991","135.6542459792589"
"NER","MG_CIF_USD","G163","1992","116.7395435460327"
"NER","MG_CIF_USD","G163","1993","128.8305822909688"
"NER","MG_CIF_USD","G163","1994","79.6859254724966"
"NER","MG_CIF_USD","G163","1995","105.175128831078"
"NER","MG_CIF_USD","G163","1996","92.91911676517327"
"NER","MG_CIF_USD","G163","1997","118.0000240929199"
"NER","MG_CIF_USD","G163","1998","134.2347008924232"
"NER","MG_CIF_USD","G163","1999","98.42794451524135"
"NER","MG_CIF_USD","G163","2000","80.605213"
"NER","MG_CIF_USD","G163","2001","84.481742"
"NER","MG_CIF_USD","G163","2002","100.579293"
"NER","MG_CIF_USD","G163","2003","120.958299"
"NER","MG_CIF_USD","G163","2004","128.599546"
"NER","MG_CIF_USD","G163","2005","161.807654"
"NER","MG_CIF_USD","G163","2006","196.53949"
"NER","MG_CIF_USD","G163","2007","277.342193"
"NER","MG_CIF_USD","G163","2008","327.303577"
"NER","MG_CIF_USD","G163","2009","383.62568"
"NER","MG_CIF_USD","G163","2010","438.535179"
"NER","MG_CIF_USD","G163","2011","490.535376"
"NER","MG_CIF_USD","G163","2012","367.867418"
"NER","MG_CIF_USD","G163","2013","295.296979"
"NER","MG_CIF_USD","G163","2014","485.4355"
"NER","MG_CIF_USD","G163","2015","916.811839"
"NER","MG_CIF_USD","G163","2016","310.025634"
"NER","MG_CIF_USD","G163","2017","407.148684"
"NER","MG_CIF_USD","G163","2018","713.524411"
"NER","MG_CIF_USD","G163","2019","728.601593"
"LCA","XG_FOB_USD","G163","1981","0.181818181818182"
"LCA","XG_FOB_USD","G163","1982","0.0818181818181819"
"LCA","XG_FOB_USD","G163","1983","0.0454545454545455"
"LCA","XG_FOB_USD","G163","1984","0.2818181818181821"
"LCA","XG_FOB_USD","G163","1985","0.1636363636363637"
"LCA","XG_FOB_USD","G163","1986","1.827272727272727"
"LCA","XG_FOB_USD","G163","1987","3.272727272727271"
"LCA","XG_FOB_USD","G163","1988","7.088331828193395"
"LCA","XG_FOB_USD","G163","1989","7.933266849683176"
"LCA","XG_FOB_USD","G163","1990","10.28747060062072"
"LCA","XG_FOB_USD","G163","1991","11.28238568163552"
"LCA","XG_FOB_USD","G163","1992","11.60470370370371"
"LCA","XG_FOB_USD","G163","1993","5.571296296296301"
"LCA","XG_FOB_USD","G163","1994","2.752908888888889"
"LCA","XG_FOB_USD","G163","1995","2.867646666666671"
"LCA","XG_FOB_USD","G163","1996","1.974601851851847"
"LCA","XG_FOB_USD","G163","1997","1.469675185185185"
"LCA","XG_FOB_USD","G163","1998","0.8818518518518513"
"LCA","XG_FOB_USD","G163","1999","0.5237037037037031"
"LCA","XG_FOB_USD","G163","2000","0.532555"
"LCA","XG_FOB_USD","G163","2001","1.03139"
"LCA","XG_FOB_USD","G163","2002","1.523876"
"LCA","XG_FOB_USD","G163","2003","1.831665"
"LCA","XG_FOB_USD","G163","2004","1.176658"
"LCA","XG_FOB_USD","G163","2005","1.374717"
"LCA","XG_FOB_USD","G163","2006","2.729906"
"LCA","XG_FOB_USD","G163","2007","0.827245"
"LCA","XG_FOB_USD","G163","2008","2.971085"
"LCA","XG_FOB_USD","G163","2009","4.872618"
"LCA","XG_FOB_USD","G163","2010","2.616599"
"LCA","XG_FOB_USD","G163","2011","2.028207"
"LCA","XG_FOB_USD","G163","2012","0.831317"
"LCA","XG_FOB_USD","G163","2013","2.707365"
"LCA","XG_FOB_USD","G163","2014","2.325584"
"LCA","XG_FOB_USD","G163","2015","2.571037"
"LCA","XG_FOB_USD","G163","2016","3.390311"
"LCA","XG_FOB_USD","G163","2017","9.013144"
"LCA","XG_FOB_USD","G163","2018","6.625211"
"LCA","XG_FOB_USD","G163","2019","6.596756"
"GNQ","XG_FOB_USD","G163","1981","25.72727272727272"
"GNQ","XG_FOB_USD","G163","1982","22.63636363636364"
"GNQ","XG_FOB_USD","G163","1983","27.49090909090904"
"GNQ","XG_FOB_USD","G163","1984","25.85454545454547"
"GNQ","XG_FOB_USD","G163","1985","25.59090909090912"
"GNQ","XG_FOB_USD","G163","1986","34.92727272727271"
"GNQ","XG_FOB_USD","G163","1987","34.87272727272723"
"GNQ","XG_FOB_USD","G163","1988","43.3454545454546"
"GNQ","XG_FOB_USD","G163","1989","32.29662200219511"
"GNQ","XG_FOB_USD","G163","1990","32.44385949910862"
"GNQ","XG_FOB_USD","G163","1991","35.12710927214418"
"GNQ","XG_FOB_USD","G163","1992","33.92919199588727"
"GNQ","XG_FOB_USD","G163","1993","31.65438172892754"
"GNQ","XG_FOB_USD","G163","1994","31.88539118372561"
"GNQ","XG_FOB_USD","G163","1995","32.74426023325434"
"GNQ","XG_FOB_USD","G163","1996","32.48790263128589"
"GNQ","XG_FOB_USD","G163","1997","106.7712009055985"
"GNQ","XG_FOB_USD","G163","1998","209.103245743294"
"GNQ","XG_FOB_USD","G163","1999","300.9510909090904"
"GNQ","XG_FOB_USD","G163","2000","631.172297"
"GNQ","XG_FOB_USD","G163","2001","632.750481"
"GNQ","XG_FOB_USD","G163","2002","659.099334"
"GNQ","XG_FOB_USD","G163","2003","1024.797677"
"GNQ","XG_FOB_USD","G163","2004","983.949069"
"GNQ","XG_FOB_USD","G163","2005","1899.017988"
"GNQ","XG_FOB_USD","G163","2006","2027.666955"
"GNQ","XG_FOB_USD","G163","2007","2958.627683"
"GNQ","XG_FOB_USD","G163","2008","5606.268568"
"GNQ","XG_FOB_USD","G163","2009","1896.406159"
"GNQ","XG_FOB_USD","G163","2010","2961.647736"
"GNQ","XG_FOB_USD","G163","2011","4837.768776"
"GNQ","XG_FOB_USD","G163","2012","5911.358455"
"GNQ","XG_FOB_USD","G163","2013","3288.036569"
"GNQ","XG_FOB_USD","G163","2014","2711.269205"
"GNQ","XG_FOB_USD","G163","2015","1965.509337"
"GNQ","XG_FOB_USD","G163","2016","1201.966257"
"GNQ","XG_FOB_USD","G163","2017","1205.695209"
"GNQ","XG_FOB_USD","G163","2018","1524.070395"
"GNQ","XG_FOB_USD","G163","2019","933.238023"
"COG","XG_FOB_USD","G163","1980","602.8116883522464"
"COG","XG_FOB_USD","G163","1981","484.6089797961049"
"COG","XG_FOB_USD","G163","1982","459.3594132789701"
"COG","XG_FOB_USD","G163","1983","156.9631569459364"
"COG","XG_FOB_USD","G163","1984","213.7828838210696"
"COG","XG_FOB_USD","G163","1985","372.9742994744181"
"COG","XG_FOB_USD","G163","1986","321.4499759965635"
"COG","XG_FOB_USD","G163","1987","348.8167922527161"
"COG","XG_FOB_USD","G163","1988","346.6436496356493"
"COG","XG_FOB_USD","G163","1989","436.3740094590378"
"COG","XG_FOB_USD","G163","1990","644.8393976665665"
"COG","XG_FOB_USD","G163","1991","521.0473306758817"
"COG","XG_FOB_USD","G163","1992","510.9718067540162"
"COG","XG_FOB_USD","G163","1993","405.5445485450669"
"COG","XG_FOB_USD","G163","1994","322.4901815457185"
"COG","XG_FOB_USD","G163","1995","403.7598048275241"
"COG","XG_FOB_USD","G163","1996","986.8641473427786"
"COG","XG_FOB_USD","G163","1997","688.0758199110971"
"COG","XG_FOB_USD","G163","1998","511.9415599486363"
"COG","XG_FOB_USD","G163","1999","273.680114197668"
"COG","XG_FOB_USD","G163","2000","169.340644"
"COG","XG_FOB_USD","G163","2001","128.758528"
"COG","XG_FOB_USD","G163","2002","440.003842"
"COG","XG_FOB_USD","G163","2003","201.548557"
"COG","XG_FOB_USD","G163","2004","506.944202"
"COG","XG_FOB_USD","G163","2005","437.727203"
"COG","XG_FOB_USD","G163","2006","557.360416"
"COG","XG_FOB_USD","G163","2007","533.552363"
"COG","XG_FOB_USD","G163","2008","1620.039382"
"COG","XG_FOB_USD","G163","2009","1852.456854"
"COG","XG_FOB_USD","G163","2010","1434.537284"
"COG","XG_FOB_USD","G163","2011","2593.923708"
"COG","XG_FOB_USD","G163","2012","2878.492055"
"COG","XG_FOB_USD","G163","2013","1321.920797"
"COG","XG_FOB_USD","G163","2014","1149.054392"
"COG","XG_FOB_USD","G163","2015","1934.667053"
"COG","XG_FOB_USD","G163","2016","2875.186624"
"COG","XG_FOB_USD","G163","2017","1513.295048"
"COG","XG_FOB_USD","G163","2018","1269.689632"
"COG","XG_FOB_USD","G163","2019","587.610293"
"NAM","XG_FOB_USD","G163","2000","282.278223"
"NAM","XG_FOB_USD","G163","2001","271.175774"
"NAM","XG_FOB_USD","G163","2002","303.614432"
"NAM","XG_FOB_USD","G163","2003","250.08386"
"NAM","XG_FOB_USD","G163","2004","580.886415"
"NAM","XG_FOB_USD","G163","2005","511.087662"
"NAM","XG_FOB_USD","G163","2006","667.068203"
"NAM","XG_FOB_USD","G163","2007","1120.310069"
"NAM","XG_FOB_USD","G163","2008","644.238835"
"NAM","XG_FOB_USD","G163","2009","845.263581"
"NAM","XG_FOB_USD","G163","2010","1281.788573"
"NAM","XG_FOB_USD","G163","2011","1183.907949"
"NAM","XG_FOB_USD","G163","2012","1192.15876"
"NAM","XG_FOB_USD","G163","2013","862.963745"
"NAM","XG_FOB_USD","G163","2014","684.470555"
"NAM","XG_FOB_USD","G163","2015","666.126001"
"NAM","XG_FOB_USD","G163","2016","826.601913"
"NAM","XG_FOB_USD","G163","2017","1013.573789"
"NAM","XG_FOB_USD","G163","2018","1298.294361"
"NAM","XG_FOB_USD","G163","2019","1098.48685"
"GAB","XG_FOB_USD","G163","1980","988.879"
"GAB","XG_FOB_USD","G163","1981","837.644"
"GAB","XG_FOB_USD","G163","1982","694.801"
"GAB","XG_FOB_USD","G163","1983","746.584"
"GAB","XG_FOB_USD","G163","1984","1007.442"
"GAB","XG_FOB_USD","G163","1985","938.1927272727271"
"GAB","XG_FOB_USD","G163","1986","681.0827272727268"
"GAB","XG_FOB_USD","G163","1987","767.6445454545448"
"GAB","XG_FOB_USD","G163","1988","710.6780264939922"
"GAB","XG_FOB_USD","G163","1989","765.8809460382126"
"GAB","XG_FOB_USD","G163","1990","1131.88608554171"
"GAB","XG_FOB_USD","G163","1991","1241.193667837551"
"GAB","XG_FOB_USD","G163","1992","910.4181601783021"
"GAB","XG_FOB_USD","G163","1993","488.9996028091862"
"GAB","XG_FOB_USD","G163","1994","662.666213"
"GAB","XG_FOB_USD","G163","1995","516.3855029143996"
"GAB","XG_FOB_USD","G163","1996","355.109"
"GAB","XG_FOB_USD","G163","1997","380.3735534340586"
"GAB","XG_FOB_USD","G163","1998","497.811187236887"
"GAB","XG_FOB_USD","G163","1999","973.1314615957556"
"GAB","XG_FOB_USD","G163","2000","234.172908"
"GAB","XG_FOB_USD","G163","2001","475.179327"
"GAB","XG_FOB_USD","G163","2002","259.621329"
"GAB","XG_FOB_USD","G163","2003","236.060225"
"GAB","XG_FOB_USD","G163","2004","378.69945"
"GAB","XG_FOB_USD","G163","2005","494.16586"
"GAB","XG_FOB_USD","G163","2006","650.297973"
"GAB","XG_FOB_USD","G163","2007","977.89712"
"GAB","XG_FOB_USD","G163","2008","1547.334617"
"GAB","XG_FOB_USD","G163","2009","847.055663"
"GAB","XG_FOB_USD","G163","2010","1223.51254"
"GAB","XG_FOB_USD","G163","2011","602.204462"
"GAB","XG_FOB_USD","G163","2012","1456.975077"
"GAB","XG_FOB_USD","G163","2013","1983.621812"
"GAB","XG_FOB_USD","G163","2014","1764.157332"
"GAB","XG_FOB_USD","G163","2015","2075.716269"
"GAB","XG_FOB_USD","G163","2016","1815.801"
"GAB","XG_FOB_USD","G163","2017","906.898632"
"GAB","XG_FOB_USD","G163","2018","1872.530058"
"GAB","XG_FOB_USD","G163","2019","771.753737"
"BTN","XG_FOB_USD","G163","2000","0.078672"
"BTN","XG_FOB_USD","G163","2001","0.081136"
"BTN","XG_FOB_USD","G163","2002","0.097306"
"BTN","XG_FOB_USD","G163","2003","0.090707"
"BTN","XG_FOB_USD","G163","2004","0.335622"
"BTN","XG_FOB_USD","G163","2005","0.03247"
"BTN","XG_FOB_USD","G163","2006","0.059174"
"BTN","XG_FOB_USD","G163","2007","0.356686"
"BTN","XG_FOB_USD","G163","2008","0.316463"
"BTN","XG_FOB_USD","G163","2009","0.060171"
"BTN","XG_FOB_USD","G163","2010","0.363221"
"BTN","XG_FOB_USD","G163","2011","4.496267"
"BTN","XG_FOB_USD","G163","2012","6.258108"
"BTN","XG_FOB_USD","G163","2013","13.924374"
"BTN","XG_FOB_USD","G163","2014","24.25236"
"BTN","XG_FOB_USD","G163","2015","62.403904"
"BTN","XG_FOB_USD","G163","2016","4.123269"
"BTN","XG_FOB_USD","G163","2017","17.324142"
"BTN","XG_FOB_USD","G163","2018","30.836666"
"BTN","XG_FOB_USD","G163","2019","9.520947"
"NER","XG_FOB_USD","G163","1980","358.819"
"NER","XG_FOB_USD","G163","1981","212.025"
"NER","XG_FOB_USD","G163","1982","232.126"
"NER","XG_FOB_USD","G163","1983","182.135"
"NER","XG_FOB_USD","G163","1984","168.6178210571525"
"NER","XG_FOB_USD","G163","1985","152.1873965313029"
"NER","XG_FOB_USD","G163","1986","211.7954076069017"
"NER","XG_FOB_USD","G163","1987","226.2553329839575"
"NER","XG_FOB_USD","G163","1988","175.290623549645"
"NER","XG_FOB_USD","G163","1989","153.4192059534677"
"NER","XG_FOB_USD","G163","1990","181.8744185468991"
"NER","XG_FOB_USD","G163","1991","151.7828832367159"
"NER","XG_FOB_USD","G163","1992","143.7558696268638"
"NER","XG_FOB_USD","G163","1993","107.782603385975"
"NER","XG_FOB_USD","G163","1994","96.43290198900297"
"NER","XG_FOB_USD","G163","1995","111.2614948143306"
"NER","XG_FOB_USD","G163","1996","98.44738685567692"
"NER","XG_FOB_USD","G163","1997","101.5437896989992"
"NER","XG_FOB_USD","G163","1998","104.7814459840139"
"NER","XG_FOB_USD","G163","1999","76.51951668173595"
"NER","XG_FOB_USD","G163","2000","66.912341"
"NER","XG_FOB_USD","G163","2001","62.040759"
"NER","XG_FOB_USD","G163","2002","70.764309"
"NER","XG_FOB_USD","G163","2003","84.933513"
"NER","XG_FOB_USD","G163","2004","104.198793"
"NER","XG_FOB_USD","G163","2005","120.573411"
"NER","XG_FOB_USD","G163","2006","127.98409"
"NER","XG_FOB_USD","G163","2007","229.112969"
"NER","XG_FOB_USD","G163","2008","286.472651"
"NER","XG_FOB_USD","G163","2009","316.921965"
"NER","XG_FOB_USD","G163","2010","75.46248"
"NER","XG_FOB_USD","G163","2011","525.135862"
"NER","XG_FOB_USD","G163","2012","550.290521"
"NER","XG_FOB_USD","G163","2013","553.87479"
"NER","XG_FOB_USD","G163","2014","406.214916"
"NER","XG_FOB_USD","G163","2015","328.513307"
"NER","XG_FOB_USD","G163","2016","284.996344"
"NER","XG_FOB_USD","G163","2017","267.951948"
"NER","XG_FOB_USD","G163","2018","191.062953"
"NER","XG_FOB_USD","G163","2019","159.495626"
"SWZ","XG_FOB_USD","G163","2000","38.386883"
"SWZ","XG_FOB_USD","G163","2001","4.422997"
"SWZ","XG_FOB_USD","G163","2002","34.435767"
"SWZ","XG_FOB_USD","G163","2003","44.704117"
"SWZ","XG_FOB_USD","G163","2004","52.61305"
"SWZ","XG_FOB_USD","G163","2005","17.914247"
"SWZ","XG_FOB_USD","G163","2006","0.681408"
"SWZ","XG_FOB_USD","G163","2007","153.546901"
"SWZ","XG_FOB_USD","G163","2008","58.550017"
"SWZ","XG_FOB_USD","G163","2009","144.965366"
"SWZ","XG_FOB_USD","G163","2010","100.332398"
"SWZ","XG_FOB_USD","G163","2011","280.98282"
"SWZ","XG_FOB_USD","G163","2012","247.712774"
"SWZ","XG_FOB_USD","G163","2013","344.136587"
"SWZ","XG_FOB_USD","G163","2014","205.40455"
"SWZ","XG_FOB_USD","G163","2015","165.534416"
"SWZ","XG_FOB_USD","G163","2016","96.592011"
"SWZ","XG_FOB_USD","G163","2017","67.022638"
"SWZ","XG_FOB_USD","G163","2018","60.633462"
"SWZ","XG_FOB_USD","G163","2019","104.089879"
"CAF","MG_CIF_USD","G163","1980","59.376"
"CAF","MG_CIF_USD","G163","1981","65.594"
"CAF","MG_CIF_USD","G163","1982","77.997"
"CAF","MG_CIF_USD","G163","1983","47.254"
"CAF","MG_CIF_USD","G163","1984","50.153"
"CAF","MG_CIF_USD","G163","1985","70.443"
"CAF","MG_CIF_USD","G163","1986","140.8516417642573"
"CAF","MG_CIF_USD","G163","1987","82.83"
"CAF","MG_CIF_USD","G163","1988","88.75465549043444"
"CAF","MG_CIF_USD","G163","1989","105.9244883138607"
"CAF","MG_CIF_USD","G163","1990","113.1864567919679"
"CAF","MG_CIF_USD","G163","1991","98.83313693114032"
"CAF","MG_CIF_USD","G163","1992","97.47996473099245"
"CAF","MG_CIF_USD","G163","1993","79.04863329954053"
"CAF","MG_CIF_USD","G163","1994","64.85408437791844"
"CAF","MG_CIF_USD","G163","1995","90.98546920078352"
"CAF","MG_CIF_USD","G163","1996","71.28995554247379"
"CAF","MG_CIF_USD","G163","1997","68.32417741731662"
"CAF","MG_CIF_USD","G163","1998","76.50406717598232"
"CAF","MG_CIF_USD","G163","1999","72.97360914964235"
"CAF","MG_CIF_USD","G163","2000","35.768384"
"CAF","MG_CIF_USD","G163","2001","34.600062"
"CAF","MG_CIF_USD","G163","2002","28.805613"
"CAF","MG_CIF_USD","G163","2003","51.131235"
"CAF","MG_CIF_USD","G163","2004","41.722133"
"CAF","MG_CIF_USD","G163","2005","37.289965"
"CAF","MG_CIF_USD","G163","2006","50.463777"
"CAF","MG_CIF_USD","G163","2007","71.887807"
"CAF","MG_CIF_USD","G163","2008","86.658596"
"CAF","MG_CIF_USD","G163","2009","80.244974"
"CAF","MG_CIF_USD","G163","2010","84.700387"
"CAF","MG_CIF_USD","G163","2011","98.662483"
"CAF","MG_CIF_USD","G163","2012","83.189466"
"CAF","MG_CIF_USD","G163","2013","51.940188"
"CAF","MG_CIF_USD","G163","2014","116.007281"
"CAF","MG_CIF_USD","G163","2015","145.785797"
"CAF","MG_CIF_USD","G163","2016","149.498464"
"CAF","MG_CIF_USD","G163","2017","193.557532"
"CAF","MG_CIF_USD","G163","2018","116.924478"
"CAF","MG_CIF_USD","G163","2019","116.179048"
"DMA","XG_FOB_USD","G163","1980","0.005"
"DMA","XG_FOB_USD","G163","1981","0.245454545454545"
"DMA","XG_FOB_USD","G163","1982","0.064"
"DMA","XG_FOB_USD","G163","1983","0.112"
"DMA","XG_FOB_USD","G163","1984","0.1005992592965183"
"DMA","XG_FOB_USD","G163","1985","0.0612781481708437"
"DMA","XG_FOB_USD","G163","1986","0.9463814816567378"
"DMA","XG_FOB_USD","G163","1987","0.1550274074074074"
"DMA","XG_FOB_USD","G163","1988","5.160072222222225"
"DMA","XG_FOB_USD","G163","1989","2.661984814814818"
"DMA","XG_FOB_USD","G163","1990","4.016401481481481"
"DMA","XG_FOB_USD","G163","1991","6.141714919975482"
"DMA","XG_FOB_USD","G163","1992","7.32222222222222"
"DMA","XG_FOB_USD","G163","1993","4.263400212167321"
"DMA","XG_FOB_USD","G163","1994","2.586331481481483"
"DMA","XG_FOB_USD","G163","1995","3.61275592592593"
"DMA","XG_FOB_USD","G163","1996","4.12623185185185"
"DMA","XG_FOB_USD","G163","1997","3.48222222222222"
"DMA","XG_FOB_USD","G163","1998","3.74962962962964"
"DMA","XG_FOB_USD","G163","1999","3.231481481481482"
"DMA","XG_FOB_USD","G163","2000","4.03331"
"DMA","XG_FOB_USD","G163","2001","3.301971"
"DMA","XG_FOB_USD","G163","2002","2.847107"
"DMA","XG_FOB_USD","G163","2003","3.676297"
"DMA","XG_FOB_USD","G163","2004","4.000016"
"DMA","XG_FOB_USD","G163","2005","4.725385"
"DMA","XG_FOB_USD","G163","2006","3.851789"
"DMA","XG_FOB_USD","G163","2007","4.461062"
"DMA","XG_FOB_USD","G163","2008","6.113561"
"DMA","XG_FOB_USD","G163","2009","5.838384"
"DMA","XG_FOB_USD","G163","2010","8.674034"
"DMA","XG_FOB_USD","G163","2011","9.521325"
"DMA","XG_FOB_USD","G163","2012","5.225722"
"DMA","XG_FOB_USD","G163","2013","5.788651"
"DMA","XG_FOB_USD","G163","2014","4.846583"
"DMA","XG_FOB_USD","G163","2015","3.798422"
"DMA","XG_FOB_USD","G163","2016","2.844973"
"DMA","XG_FOB_USD","G163","2017","1.68298"
"DMA","XG_FOB_USD","G163","2018","1.18063"
"DMA","XG_FOB_USD","G163","2019","2.198908"
"CMR","XG_FOB_USD","G163","1980","790.697"
"CMR","XG_FOB_USD","G163","1981","528.101"
"CMR","XG_FOB_USD","G163","1982","463.337"
"CMR","XG_FOB_USD","G163","1983","652.603"
"CMR","XG_FOB_USD","G163","1984","743.771"
"CMR","XG_FOB_USD","G163","1985","889.7896268583298"
"CMR","XG_FOB_USD","G163","1986","554.498"
"CMR","XG_FOB_USD","G163","1987","555.197"
"CMR","XG_FOB_USD","G163","1988","1063.582682948325"
"CMR","XG_FOB_USD","G163","1989","850.23"
"CMR","XG_FOB_USD","G163","1990","1367.453434399548"
"CMR","XG_FOB_USD","G163","1991","1537.773944175797"
"CMR","XG_FOB_USD","G163","1992","1360.439295354534"
"CMR","XG_FOB_USD","G163","1993","1002.562204879714"
"CMR","XG_FOB_USD","G163","1994","993.0971380815543"
"CMR","XG_FOB_USD","G163","1995","1234.512992883376"
"CMR","XG_FOB_USD","G163","1996","1340.127034921652"
"CMR","XG_FOB_USD","G163","1997","1361.176279399145"
"CMR","XG_FOB_USD","G163","1998","1263.804995835141"
"CMR","XG_FOB_USD","G163","1999","1097.326542972523"
"CMR","XG_FOB_USD","G163","2000","1143.406148"
"CMR","XG_FOB_USD","G163","2001","1168.129444"
"CMR","XG_FOB_USD","G163","2002","1243.204128"
"CMR","XG_FOB_USD","G163","2003","1400.763346"
"CMR","XG_FOB_USD","G163","2004","1263.959796"
"CMR","XG_FOB_USD","G163","2005","1886.060803"
"CMR","XG_FOB_USD","G163","2006","2582.804857"
"CMR","XG_FOB_USD","G163","2007","2624.689667"
"CMR","XG_FOB_USD","G163","2008","1225.934738"
"CMR","XG_FOB_USD","G163","2009","1078.522368"
"CMR","XG_FOB_USD","G163","2010","2460.530047"
"CMR","XG_FOB_USD","G163","2011","2214.70423"
"CMR","XG_FOB_USD","G163","2012","2217.631895"
"CMR","XG_FOB_USD","G163","2013","2779.672226"
"CMR","XG_FOB_USD","G163","2014","2425.605643"
"CMR","XG_FOB_USD","G163","2015","1787.131672"
"CMR","XG_FOB_USD","G163","2016","1129.997871"
"CMR","XG_FOB_USD","G163","2017","1760.17487"
"CMR","XG_FOB_USD","G163","2018","1639.591505"
"CMR","XG_FOB_USD","G163","2019","1674.588284"
"SYC","XG_FOB_USD","G163","1980","0.3"
"SYC","XG_FOB_USD","G163","1983","0.1"
"SYC","XG_FOB_USD","G163","1984","0.2999999999999998"
"SYC","XG_FOB_USD","G163","1985","0.3"
"SYC","XG_FOB_USD","G163","1986","0.5"
"SYC","XG_FOB_USD","G163","1987","3.9"
"SYC","XG_FOB_USD","G163","1988","30.58479642310084"
"SYC","XG_FOB_USD","G163","1989","53.3293632260077"
"SYC","XG_FOB_USD","G163","1990","10.41803294047106"
"SYC","XG_FOB_USD","G163","1991","6.484779831011298"
"SYC","XG_FOB_USD","G163","1992","11.20659640308604"
"SYC","XG_FOB_USD","G163","1993","5.152914838593464"
"SYC","XG_FOB_USD","G163","1994","9.11813523256025"
"SYC","XG_FOB_USD","G163","1995","8.693871765391459"
"SYC","XG_FOB_USD","G163","1996","24.14495018427292"
"SYC","XG_FOB_USD","G163","1997","58.81016842932481"
"SYC","XG_FOB_USD","G163","1998","57.48555338950975"
"SYC","XG_FOB_USD","G163","1999","53.5508727051521"
"SYC","XG_FOB_USD","G163","2000","56.512136"
"SYC","XG_FOB_USD","G163","2001","82.782166"
"SYC","XG_FOB_USD","G163","2002","91.842509"
"SYC","XG_FOB_USD","G163","2003","119.891499"
"SYC","XG_FOB_USD","G163","2004","304.120684"
"SYC","XG_FOB_USD","G163","2005","288.717936"
"SYC","XG_FOB_USD","G163","2006","354.547098"
"SYC","XG_FOB_USD","G163","2007","369.079093"
"SYC","XG_FOB_USD","G163","2008","263.782753"
"SYC","XG_FOB_USD","G163","2009","85.618543"
"SYC","XG_FOB_USD","G163","2010","447.570863"
"SYC","XG_FOB_USD","G163","2011","944.302387"
"SYC","XG_FOB_USD","G163","2012","855.252307"
"SYC","XG_FOB_USD","G163","2013","824.473126"
"SYC","XG_FOB_USD","G163","2014","620.133402"
"SYC","XG_FOB_USD","G163","2015","182.196854"
"SYC","XG_FOB_USD","G163","2016","199.018825"
"SYC","XG_FOB_USD","G163","2017","210.502441"
"SYC","XG_FOB_USD","G163","2018","223.109236"
"SYC","XG_FOB_USD","G163","2019","171.35462"
"SYC","MG_CIF_USD","G163","1980","8.3"
"SYC","MG_CIF_USD","G163","1981","11.4"
"SYC","MG_CIF_USD","G163","1982","16"
"SYC","MG_CIF_USD","G163","1983","17.2"
"SYC","MG_CIF_USD","G163","1984","10.8"
"SYC","MG_CIF_USD","G163","1985","30.3"
"SYC","MG_CIF_USD","G163","1986","32.77084939518808"
"SYC","MG_CIF_USD","G163","1987","25.5"
"SYC","MG_CIF_USD","G163","1988","34.77933540471126"
"SYC","MG_CIF_USD","G163","1989","34.61030929052407"
"SYC","MG_CIF_USD","G163","1990","38.76782401768816"
"SYC","MG_CIF_USD","G163","1991","34.29559945613556"
"SYC","MG_CIF_USD","G163","1992","30.08291491751426"
"SYC","MG_CIF_USD","G163","1993","36.66868237201344"
"SYC","MG_CIF_USD","G163","1994","31.60689826818068"
"SYC","MG_CIF_USD","G163","1995","43.93135201255785"
"SYC","MG_CIF_USD","G163","1996","63.1792863155142"
"SYC","MG_CIF_USD","G163","1997","87.43934040828235"
"SYC","MG_CIF_USD","G163","1998","111.8735381170393"
"SYC","MG_CIF_USD","G163","1999","191.143485517306"
"SYC","MG_CIF_USD","G163","2000","99.460667"
"SYC","MG_CIF_USD","G163","2001","119.478962"
"SYC","MG_CIF_USD","G163","2002","162.181925"
"SYC","MG_CIF_USD","G163","2003","132.295744"
"SYC","MG_CIF_USD","G163","2004","443.55347"
"SYC","MG_CIF_USD","G163","2005","737.949571"
"SYC","MG_CIF_USD","G163","2006","560.670969"
"SYC","MG_CIF_USD","G163","2007","765.491536"
"SYC","MG_CIF_USD","G163","2008","665.583568"
"SYC","MG_CIF_USD","G163","2009","379.971372"
"SYC","MG_CIF_USD","G163","2010","633.286175"
"SYC","MG_CIF_USD","G163","2011","1040.671993"
"SYC","MG_CIF_USD","G163","2012","769.653537"
"SYC","MG_CIF_USD","G163","2013","818.760623"
"SYC","MG_CIF_USD","G163","2014","690.413111"
"SYC","MG_CIF_USD","G163","2015","252.739222"
"SYC","MG_CIF_USD","G163","2016","273.856923"
"SYC","MG_CIF_USD","G163","2017","373.40474"
"SYC","MG_CIF_USD","G163","2018","663.702141"
"SYC","MG_CIF_USD","G163","2019","280.735273"
"SEN","MG_CIF_USD","G163","1980","488.315"
"SEN","MG_CIF_USD","G163","1981","498.866"
"SEN","MG_CIF_USD","G163","1982","469.742"
"SEN","MG_CIF_USD","G163","1983","529.062406790524"
"SEN","MG_CIF_USD","G163","1984","433.0625141835454"
"SEN","MG_CIF_USD","G163","1985","409.8831257391788"
"SEN","MG_CIF_USD","G163","1986","488.9877095187163"
"SEN","MG_CIF_USD","G163","1987","554.0746539855954"
"SEN","MG_CIF_USD","G163","1988","543.1593397607555"
"SEN","MG_CIF_USD","G163","1989","630.2061349212466"
"SEN","MG_CIF_USD","G163","1990","719.9016725509729"
"SEN","MG_CIF_USD","G163","1991","597.0060775063729"
"SEN","MG_CIF_USD","G163","1992","628.4426898992197"
"SEN","MG_CIF_USD","G163","1993","564.6228489106338"
"SEN","MG_CIF_USD","G163","1994","528.4581014743218"
"SEN","MG_CIF_USD","G163","1995","622.7185760202242"
"SEN","MG_CIF_USD","G163","1996","685.2711535614306"
"SEN","MG_CIF_USD","G163","1997","616.182590753184"
"SEN","MG_CIF_USD","G163","1998","818.0557289686037"
"SEN","MG_CIF_USD","G163","1999","837.346965793568"
"SEN","MG_CIF_USD","G163","2000","663.071518"
"SEN","MG_CIF_USD","G163","2001","805.041269"
"SEN","MG_CIF_USD","G163","2002","889.655571"
"SEN","MG_CIF_USD","G163","2003","985.150709"
"SEN","MG_CIF_USD","G163","2004","1152.147786"
"SEN","MG_CIF_USD","G163","2005","1177.954871"
"SEN","MG_CIF_USD","G163","2006","1471.474176"
"SEN","MG_CIF_USD","G163","2007","1822.818906"
"SEN","MG_CIF_USD","G163","2008","1997.804417"
"SEN","MG_CIF_USD","G163","2009","1668.916921"
"SEN","MG_CIF_USD","G163","2010","1633.900499"
"SEN","MG_CIF_USD","G163","2011","1843.779495"
"SEN","MG_CIF_USD","G163","2012","1835.937188"
"SEN","MG_CIF_USD","G163","2013","2273.702197"
"SEN","MG_CIF_USD","G163","2014","2392.172652"
"SEN","MG_CIF_USD","G163","2015","1979.296221"
"SEN","MG_CIF_USD","G163","2016","1962.119432"
"SEN","MG_CIF_USD","G163","2017","1960.439165"
"SEN","MG_CIF_USD","G163","2018","2090.209925"
"SEN","MG_CIF_USD","G163","2019","3249.639817"
"SEN","XG_FOB_USD","G163","1980","215.404"
"SEN","XG_FOB_USD","G163","1981","167.176"
"SEN","XG_FOB_USD","G163","1982","236.497"
"SEN","XG_FOB_USD","G163","1983","272.0168825288764"
"SEN","XG_FOB_USD","G163","1984","259.3770723530874"
"SEN","XG_FOB_USD","G163","1985","200.8172086088351"
"SEN","XG_FOB_USD","G163","1986","268.7132699899292"
"SEN","XG_FOB_USD","G163","1987","283.3509938512516"
"SEN","XG_FOB_USD","G163","1988","320.258362316233"
"SEN","XG_FOB_USD","G163","1989","367.6929075503809"
"SEN","XG_FOB_USD","G163","1990","401.839580186492"
"SEN","XG_FOB_USD","G163","1991","328.4935901715371"
"SEN","XG_FOB_USD","G163","1992","293.3212695682305"
"SEN","XG_FOB_USD","G163","1993","281.2068457084531"
"SEN","XG_FOB_USD","G163","1994","152.7060277789534"
"SEN","XG_FOB_USD","G163","1995","196.1488004759493"
"SEN","XG_FOB_USD","G163","1996","283.5984962923843"
"SEN","XG_FOB_USD","G163","1997","293.7058343644003"
"SEN","XG_FOB_USD","G163","1998","339.4452574481483"
"SEN","XG_FOB_USD","G163","1999","355.4748019513394"
"SEN","XG_FOB_USD","G163","2000","305.205437"
"SEN","XG_FOB_USD","G163","2001","303.328781"
"SEN","XG_FOB_USD","G163","2002","302.709084"
"SEN","XG_FOB_USD","G163","2003","332.6824"
"SEN","XG_FOB_USD","G163","2004","354.940531"
"SEN","XG_FOB_USD","G163","2005","362.501922"
"SEN","XG_FOB_USD","G163","2006","312.256275"
"SEN","XG_FOB_USD","G163","2007","370.53445"
"SEN","XG_FOB_USD","G163","2008","354.334284"
"SEN","XG_FOB_USD","G163","2009","299.585165"
"SEN","XG_FOB_USD","G163","2010","268.702746"
"SEN","XG_FOB_USD","G163","2011","350.402394"
"SEN","XG_FOB_USD","G163","2012","293.263975"
"SEN","XG_FOB_USD","G163","2013","321.771885"
"SEN","XG_FOB_USD","G163","2014","364.613772"
"SEN","XG_FOB_USD","G163","2015","320.135076"
"SEN","XG_FOB_USD","G163","2016","322.358105"
"SEN","XG_FOB_USD","G163","2017","296.674429"
"SEN","XG_FOB_USD","G163","2018","392.073984"
"SEN","XG_FOB_USD","G163","2019","474.543875"
"ECU","MG_CIF_USD","G163","1980","340.59"
"ECU","MG_CIF_USD","G163","1981","368.35"
"ECU","MG_CIF_USD","G163","1982","355.14"
"ECU","MG_CIF_USD","G163","1983","314.98"
"ECU","MG_CIF_USD","G163","1984","286.43"
"ECU","MG_CIF_USD","G163","1985","365.59"
"ECU","MG_CIF_USD","G163","1986","378.69"
"ECU","MG_CIF_USD","G163","1987","415.73"
"ECU","MG_CIF_USD","G163","1988","323.7712"
"ECU","MG_CIF_USD","G163","1989","354.9262"
"ECU","MG_CIF_USD","G163","1990","391.9488"
"ECU","MG_CIF_USD","G163","1991","485.3754"
"ECU","MG_CIF_USD","G163","1992","513.5242"
"ECU","MG_CIF_USD","G163","1993","570.062"
"ECU","MG_CIF_USD","G163","1994","550.2129"
"ECU","MG_CIF_USD","G163","1995","563.6472"
"ECU","MG_CIF_USD","G163","1996","589.558798"
"ECU","MG_CIF_USD","G163","1997","669.038892"
"ECU","MG_CIF_USD","G163","1998","701.208307"
"ECU","MG_CIF_USD","G163","1999","439.5952895015942"
"ECU","MG_CIF_USD","G163","2000","339.973305"
"ECU","MG_CIF_USD","G163","2001","550.859295"
"ECU","MG_CIF_USD","G163","2002","752.987042"
"ECU","MG_CIF_USD","G163","2003","686.330847"
"ECU","MG_CIF_USD","G163","2004","709.542519"
"ECU","MG_CIF_USD","G163","2005","961.419533"
"ECU","MG_CIF_USD","G163","2006","1098.854544"
"ECU","MG_CIF_USD","G163","2007","1136.939859"
"ECU","MG_CIF_USD","G163","2008","1443.897972"
"ECU","MG_CIF_USD","G163","2009","1332.601942"
"ECU","MG_CIF_USD","G163","2010","1716.939497"
"ECU","MG_CIF_USD","G163","2011","2111.673804"
"ECU","MG_CIF_USD","G163","2012","2322.593906"
"ECU","MG_CIF_USD","G163","2013","2497.127717"
"ECU","MG_CIF_USD","G163","2014","2751.738676"
"ECU","MG_CIF_USD","G163","2015","2241.386422"
"ECU","MG_CIF_USD","G163","2016","1672.867369"
"ECU","MG_CIF_USD","G163","2017","2285.967023"
"ECU","MG_CIF_USD","G163","2018","2504.595535"
"ECU","MG_CIF_USD","G163","2019","2479.095936"
"ECU","XG_FOB_USD","G163","1980","197.94"
"ECU","XG_FOB_USD","G163","1981","106.65"
"ECU","XG_FOB_USD","G163","1982","92.22"
"ECU","XG_FOB_USD","G163","1983","56.67"
"ECU","XG_FOB_USD","G163","1984","84"
"ECU","XG_FOB_USD","G163","1985","125.44"
"ECU","XG_FOB_USD","G163","1986","166.42"
"ECU","XG_FOB_USD","G163","1987","144.77"
"ECU","XG_FOB_USD","G163","1988","197.6323"
"ECU","XG_FOB_USD","G163","1989","201.6253"
"ECU","XG_FOB_USD","G163","1990","264.5224"
"ECU","XG_FOB_USD","G163","1991","474.5061"
"ECU","XG_FOB_USD","G163","1992","469.1162"
"ECU","XG_FOB_USD","G163","1993","447.126"
"ECU","XG_FOB_USD","G163","1994","706.4022"
"ECU","XG_FOB_USD","G163","1995","741.0676"
"ECU","XG_FOB_USD","G163","1996","835.388241"
"ECU","XG_FOB_USD","G163","1997","944.195084"
"ECU","XG_FOB_USD","G163","1998","811.102376"
"ECU","XG_FOB_USD","G163","1999","951.2199051454286"
"ECU","XG_FOB_USD","G163","2000","575.903308"
"ECU","XG_FOB_USD","G163","2001","627.775183"
"ECU","XG_FOB_USD","G163","2002","741.010021"
"ECU","XG_FOB_USD","G163","2003","1013.19237"
"ECU","XG_FOB_USD","G163","2004","956.216473"
"ECU","XG_FOB_USD","G163","2005","1195.709508"
"ECU","XG_FOB_USD","G163","2006","1388.88429"
"ECU","XG_FOB_USD","G163","2007","1668.969314"
"ECU","XG_FOB_USD","G163","2008","1854.032966"
"ECU","XG_FOB_USD","G163","2009","1897.628465"
"ECU","XG_FOB_USD","G163","2010","2071.377521"
"ECU","XG_FOB_USD","G163","2011","2406.697201"
"ECU","XG_FOB_USD","G163","2012","2155.79225"
"ECU","XG_FOB_USD","G163","2013","2725.649608"
"ECU","XG_FOB_USD","G163","2014","2676.46353"
"ECU","XG_FOB_USD","G163","2015","2469.051668"
"ECU","XG_FOB_USD","G163","2016","2588.846958"
"ECU","XG_FOB_USD","G163","2017","2839.575942"
"ECU","XG_FOB_USD","G163","2018","2935.887278"
"ECU","XG_FOB_USD","G163","2019","2770.239247"
"MUS","MG_CIF_USD","G163","1980","122.74"
"MUS","MG_CIF_USD","G163","1981","107.271"
"MUS","MG_CIF_USD","G163","1982","94.216"
"MUS","MG_CIF_USD","G163","1983","99.165"
"MUS","MG_CIF_USD","G163","1984","107.037"
"MUS","MG_CIF_USD","G163","1985","127.302"
"MUS","MG_CIF_USD","G163","1986","189.857"
"MUS","MG_CIF_USD","G163","1987","244.913"
"MUS","MG_CIF_USD","G163","1988","302.9530668323698"
"MUS","MG_CIF_USD","G163","1989","369.9072991280738"
"MUS","MG_CIF_USD","G163","1990","471.7445455694681"
"MUS","MG_CIF_USD","G163","1991","407.3520572311757"
"MUS","MG_CIF_USD","G163","1992","411.8045497259836"
"MUS","MG_CIF_USD","G163","1993","435.4594919261508"
"MUS","MG_CIF_USD","G163","1994","570.1999402387855"
"MUS","MG_CIF_USD","G163","1995","499.7608272405789"
"MUS","MG_CIF_USD","G163","1996","546.9112736376441"
"MUS","MG_CIF_USD","G163","1997","650.7843805588237"
"MUS","MG_CIF_USD","G163","1998","531.3871362775746"
"MUS","MG_CIF_USD","G163","1999","618.7235295273764"
"MUS","MG_CIF_USD","G163","2000","465.2703"
"MUS","MG_CIF_USD","G163","2001","469.940046"
"MUS","MG_CIF_USD","G163","2002","499.389525"
"MUS","MG_CIF_USD","G163","2003","578.331858"
"MUS","MG_CIF_USD","G163","2004","615.517651"
"MUS","MG_CIF_USD","G163","2005","762.690833"
"MUS","MG_CIF_USD","G163","2006","1019.317915"
"MUS","MG_CIF_USD","G163","2007","873.94736"
"MUS","MG_CIF_USD","G163","2008","852.659379"
"MUS","MG_CIF_USD","G163","2009","840.075909"
"MUS","MG_CIF_USD","G163","2010","812.82235"
"MUS","MG_CIF_USD","G163","2011","997.255814"
"MUS","MG_CIF_USD","G163","2012","1006.539609"
"MUS","MG_CIF_USD","G163","2013","996.161168"
"MUS","MG_CIF_USD","G163","2014","969.873353"
"MUS","MG_CIF_USD","G163","2015","801.886038"
"MUS","MG_CIF_USD","G163","2016","896.011563"
"MUS","MG_CIF_USD","G163","2017","1013.766376"
"MUS","MG_CIF_USD","G163","2018","1084.995063"
"MUS","MG_CIF_USD","G163","2019","1086.880456"
"MLI","MG_CIF_USD","G163","1980","95.764"
"MLI","MG_CIF_USD","G163","1981","127.779"
"MLI","MG_CIF_USD","G163","1982","169.408"
"MLI","MG_CIF_USD","G163","1983","153.868"
"MLI","MG_CIF_USD","G163","1984","170.841"
"MLI","MG_CIF_USD","G163","1985","171.0324916735773"
"MLI","MG_CIF_USD","G163","1986","218.6905217107775"
"MLI","MG_CIF_USD","G163","1987","147.823"
"MLI","MG_CIF_USD","G163","1988","233.7319468926521"
"MLI","MG_CIF_USD","G163","1989","242.560689155571"
"MLI","MG_CIF_USD","G163","1990","274.1139500815871"
"MLI","MG_CIF_USD","G163","1991","223.173792782466"
"MLI","MG_CIF_USD","G163","1992","260.3442663931159"
"MLI","MG_CIF_USD","G163","1993","225.1711209374356"
"MLI","MG_CIF_USD","G163","1994","184.0772742550195"
"MLI","MG_CIF_USD","G163","1995","289.915288651861"
"MLI","MG_CIF_USD","G163","1996","337.350956195957"
"MLI","MG_CIF_USD","G163","1997","336.8806179076107"
"MLI","MG_CIF_USD","G163","1998","373.6953452815128"
"MLI","MG_CIF_USD","G163","1999","359.4194197494035"
"MLI","MG_CIF_USD","G163","2000","39.443536"
"MLI","MG_CIF_USD","G163","2001","325.414013"
"MLI","MG_CIF_USD","G163","2002","285.40572"
"MLI","MG_CIF_USD","G163","2003","373.464351"
"MLI","MG_CIF_USD","G163","2004","389.739537"
"MLI","MG_CIF_USD","G163","2005","309.644733"
"MLI","MG_CIF_USD","G163","2006","442.233986"
"MLI","MG_CIF_USD","G163","2007","517.023576"
"MLI","MG_CIF_USD","G163","2008","753.688949"
"MLI","MG_CIF_USD","G163","2009","845.378566"
"MLI","MG_CIF_USD","G163","2010","1053.447614"
"MLI","MG_CIF_USD","G163","2011","649.332054"
"MLI","MG_CIF_USD","G163","2012","584.51222"
"MLI","MG_CIF_USD","G163","2013","645.056518"
"MLI","MG_CIF_USD","G163","2014","720.94218"
"MLI","MG_CIF_USD","G163","2015","773.653384"
"MLI","MG_CIF_USD","G163","2016","794.364103"
"MLI","MG_CIF_USD","G163","2017","910.105942"
"MLI","MG_CIF_USD","G163","2018","835.682226"
"MLI","MG_CIF_USD","G163","2019","920.124256"
"LAO","XG_FOB_USD","G001","1981","15.10272727272727"
"LAO","XG_FOB_USD","G001","1982","24.21"
"LAO","XG_FOB_USD","G001","1983","24.00272727272724"
"LAO","XG_FOB_USD","G001","1984","11.38181818181818"
"LAO","XG_FOB_USD","G001","1985","16.55476004405344"
"LAO","XG_FOB_USD","G001","1986","14.11865685358533"
"LAO","XG_FOB_USD","G001","1987","23.25220100390353"
"LAO","XG_FOB_USD","G001","1988","55.86256327664403"
"LAO","XG_FOB_USD","G001","1989","95.3512937257536"
"LAO","XG_FOB_USD","G001","1990","64.41722501134622"
"LAO","XG_FOB_USD","G001","1991","82.10696221360479"
"LAO","XG_FOB_USD","G001","1992","103.4486104033214"
"LAO","XG_FOB_USD","G001","1993","240.5"
"LAO","XG_FOB_USD","G001","1994","300.4"
"LAO","XG_FOB_USD","G001","1995","311.2"
"LAO","XG_FOB_USD","G001","1996","320.7"
"LAO","XG_FOB_USD","G001","1997","192.11"
"LAO","XG_FOB_USD","G001","1998","370.7992794959049"
"LAO","XG_FOB_USD","G001","1999","462.5287082874826"
"LAO","XG_FOB_USD","G001","2000","927.060848"
"LAO","XG_FOB_USD","G001","2001","913.854689"
"LAO","XG_FOB_USD","G001","2002","885.863794"
"LAO","XG_FOB_USD","G001","2003","953.647419"
"LAO","XG_FOB_USD","G001","2004","1080.675751"
"LAO","XG_FOB_USD","G001","2005","1111.73743"
"LAO","XG_FOB_USD","G001","2006","1247.122141"
"LAO","XG_FOB_USD","G001","2007","1209.417725"
"LAO","XG_FOB_USD","G001","2008","1446.316455"
"LAO","XG_FOB_USD","G001","2009","1401.542321"
"LAO","XG_FOB_USD","G001","2010","1911.580358"
"LAO","XG_FOB_USD","G001","2011","2612.700598"
"LAO","XG_FOB_USD","G001","2012","2909.31644"
"LAO","XG_FOB_USD","G001","2013","3320.922617"
"LAO","XG_FOB_USD","G001","2014","2912.739723"
"LAO","XG_FOB_USD","G001","2015","2850.861863"
"LAO","XG_FOB_USD","G001","2016","3611.481184"
"LAO","XG_FOB_USD","G001","2017","4909.733653"
"LAO","XG_FOB_USD","G001","2018","5814.806367"
"LAO","XG_FOB_USD","G001","2019","5809.346166"
"LAO","MG_CIF_USD","G001","1981","72.1215"
"LAO","MG_CIF_USD","G001","1982","76.098"
"LAO","MG_CIF_USD","G001","1983","26.12425728373939"
"LAO","MG_CIF_USD","G001","1984","40.49062934963312"
"LAO","MG_CIF_USD","G001","1985","54.01131577990462"
"LAO","MG_CIF_USD","G001","1986","60.09710431210167"
"LAO","MG_CIF_USD","G001","1987","79.81640870786522"
"LAO","MG_CIF_USD","G001","1988","102.0219848005419"
"LAO","MG_CIF_USD","G001","1989","128.7379105615088"
"LAO","MG_CIF_USD","G001","1990","148.5959077861955"
"LAO","MG_CIF_USD","G001","1991","154.2744501102654"
"LAO","MG_CIF_USD","G001","1992","258.3635820578564"
"LAO","MG_CIF_USD","G001","1993","431.9"
"LAO","MG_CIF_USD","G001","1994","564.1"
"LAO","MG_CIF_USD","G001","1995","588.8"
"LAO","MG_CIF_USD","G001","1996","689.6"
"LAO","MG_CIF_USD","G001","1997","408.51"
"LAO","MG_CIF_USD","G001","1998","644.57084577991"
"LAO","MG_CIF_USD","G001","1999","808.877443306851"
"LAO","MG_CIF_USD","G001","2000","1071.371698"
"LAO","MG_CIF_USD","G001","2001","881.829254"
"LAO","MG_CIF_USD","G001","2002","1077.817223"
"LAO","MG_CIF_USD","G001","2003","1030.558583"
"LAO","MG_CIF_USD","G001","2004","1745.658866"
"LAO","MG_CIF_USD","G001","2005","1485.43999"
"LAO","MG_CIF_USD","G001","2006","1431.397266"
"LAO","MG_CIF_USD","G001","2007","2278.348948"
"LAO","MG_CIF_USD","G001","2008","3501.30887"
"LAO","MG_CIF_USD","G001","2009","3674.194084"
"LAO","MG_CIF_USD","G001","2010","5330.87014"
"LAO","MG_CIF_USD","G001","2011","8438.102322"
"LAO","MG_CIF_USD","G001","2012","10156.179858"
"LAO","MG_CIF_USD","G001","2013","8139.408944"
"LAO","MG_CIF_USD","G001","2014","9271.461314"
"LAO","MG_CIF_USD","G001","2015","6777.332639"
"LAO","MG_CIF_USD","G001","2016","4107.068451"
"LAO","MG_CIF_USD","G001","2017","5159.709476"
"LAO","MG_CIF_USD","G001","2018","5848.036262"
"LAO","MG_CIF_USD","G001","2019","5797.444592"
"MAR","MG_CIF_USD","G001","1980","4232.17"
"MAR","MG_CIF_USD","G001","1981","4355.56"
"MAR","MG_CIF_USD","G001","1982","4316.02"
"MAR","MG_CIF_USD","G001","1983","3592.91"
"MAR","MG_CIF_USD","G001","1984","3907.12"
"MAR","MG_CIF_USD","G001","1985","3865.38"
"MAR","MG_CIF_USD","G001","1986","3901.14"
"MAR","MG_CIF_USD","G001","1987","4244.35"
"MAR","MG_CIF_USD","G001","1988","4702.533148986192"
"MAR","MG_CIF_USD","G001","1989","5488.893483518821"
"MAR","MG_CIF_USD","G001","1990","7919.206927830987"
"MAR","MG_CIF_USD","G001","1991","7519.73670295927"
"MAR","MG_CIF_USD","G001","1992","8020.260575735321"
"MAR","MG_CIF_USD","G001","1993","6858.40460607656"
"MAR","MG_CIF_USD","G001","1994","8063.127566158462"
"MAR","MG_CIF_USD","G001","1995","9501.817582516024"
"MAR","MG_CIF_USD","G001","1996","9305.336095980414"
"MAR","MG_CIF_USD","G001","1997","8946.334493998181"
"MAR","MG_CIF_USD","G001","1998","8427.165316925832"
"MAR","MG_CIF_USD","G001","1999","11940.72323599944"
"MAR","MG_CIF_USD","G001","2000","11347.518003"
"MAR","MG_CIF_USD","G001","2001","11309.636259"
"MAR","MG_CIF_USD","G001","2002","11591.933171"
"MAR","MG_CIF_USD","G001","2003","13918.916056"
"MAR","MG_CIF_USD","G001","2004","17480.939748"
"MAR","MG_CIF_USD","G001","2005","20133.226113"
"MAR","MG_CIF_USD","G001","2006","22759.756432"
"MAR","MG_CIF_USD","G001","2007","30641.688754"
"MAR","MG_CIF_USD","G001","2008","40622.306163"
"MAR","MG_CIF_USD","G001","2009","32393.01409"
"MAR","MG_CIF_USD","G001","2010","35138.80906"
"MAR","MG_CIF_USD","G001","2011","43625.511952"
"MAR","MG_CIF_USD","G001","2012","42892.19876"
"MAR","MG_CIF_USD","G001","2013","44741.933809"
"MAR","MG_CIF_USD","G001","2014","45611.267387"
"MAR","MG_CIF_USD","G001","2015","37030.049236"
"MAR","MG_CIF_USD","G001","2016","41686.266633"
"MAR","MG_CIF_USD","G001","2017","44567.330368"
"MAR","MG_CIF_USD","G001","2018","50733.294807"
"MAR","MG_CIF_USD","G001","2019","51046.572688"
"MAR","XG_FOB_USD","G001","1980","2404.63"
"MAR","XG_FOB_USD","G001","1981","2285.07"
"MAR","XG_FOB_USD","G001","1982","2067.64"
"MAR","XG_FOB_USD","G001","1983","2049.82"
"MAR","XG_FOB_USD","G001","1984","2168.6"
"MAR","XG_FOB_USD","G001","1985","2171.54"
"MAR","XG_FOB_USD","G001","1986","2440.17"
"MAR","XG_FOB_USD","G001","1987","2945.32"
"MAR","XG_FOB_USD","G001","1988","3463.759707156041"
"MAR","XG_FOB_USD","G001","1989","3308.96541893011"
"MAR","XG_FOB_USD","G001","1990","4585.924872769772"
"MAR","XG_FOB_USD","G001","1991","4723.993640334003"
"MAR","XG_FOB_USD","G001","1992","4401.224566490491"
"MAR","XG_FOB_USD","G001","1993","3799.438721568416"
"MAR","XG_FOB_USD","G001","1994","4225.807601343745"
"MAR","XG_FOB_USD","G001","1995","4948.686877596956"
"MAR","XG_FOB_USD","G001","1996","5125.088155703611"
"MAR","XG_FOB_USD","G001","1997","5127.33411193045"
"MAR","XG_FOB_USD","G001","1998","4634.222504769724"
"MAR","XG_FOB_USD","G001","1999","8184.103336981017"
"MAR","XG_FOB_USD","G001","2000","7209.341982"
"MAR","XG_FOB_USD","G001","2001","7052.21143"
"MAR","XG_FOB_USD","G001","2002","7678.373942"
"MAR","XG_FOB_USD","G001","2003","8572.306365"
"MAR","XG_FOB_USD","G001","2004","9678.422297"
"MAR","XG_FOB_USD","G001","2005","10535.465412"
"MAR","XG_FOB_USD","G001","2006","11906.24747"
"MAR","XG_FOB_USD","G001","2007","14081.487453"
"MAR","XG_FOB_USD","G001","2008","18913.59451"
"MAR","XG_FOB_USD","G001","2009","13460.194061"
"MAR","XG_FOB_USD","G001","2010","16598.805476"
"MAR","XG_FOB_USD","G001","2011","20789.299852"
"MAR","XG_FOB_USD","G001","2012","19506.780018"
"MAR","XG_FOB_USD","G001","2013","21752.745317"
"MAR","XG_FOB_USD","G001","2014","23599.356975"
"MAR","XG_FOB_USD","G001","2015","21140.045521"
"MAR","XG_FOB_USD","G001","2016","22825.542596"
"MAR","XG_FOB_USD","G001","2017","24585.299072"
"MAR","XG_FOB_USD","G001","2018","27642.729036"
"MAR","XG_FOB_USD","G001","2019","29579.706987"
"ECU","MG_CIF_USD","G001","1980","2253.26"
"ECU","MG_CIF_USD","G001","1981","2246.04"
"ECU","MG_CIF_USD","G001","1982","1988.19"
"ECU","MG_CIF_USD","G001","1983","1465.18"
"ECU","MG_CIF_USD","G001","1984","1767.33"
"ECU","MG_CIF_USD","G001","1985","1857.23"
"ECU","MG_CIF_USD","G001","1986","1811.31"
"ECU","MG_CIF_USD","G001","1987","2228.96"
"ECU","MG_CIF_USD","G001","1988","1713.5265"
"ECU","MG_CIF_USD","G001","1989","1871.1181"
"ECU","MG_CIF_USD","G001","1990","1861.7496"
"ECU","MG_CIF_USD","G001","1991","2398.7791"
"ECU","MG_CIF_USD","G001","1992","2501.1579"
"ECU","MG_CIF_USD","G001","1993","2552.728"
"ECU","MG_CIF_USD","G001","1994","3622.035"
"ECU","MG_CIF_USD","G001","1995","4193.023"
"ECU","MG_CIF_USD","G001","1996","3733.044668"
"ECU","MG_CIF_USD","G001","1997","4510.7097205"
"ECU","MG_CIF_USD","G001","1998","5575.998799"
"ECU","MG_CIF_USD","G001","1999","3391.743221941918"
"ECU","MG_CIF_USD","G001","2000","3361.053966"
"ECU","MG_CIF_USD","G001","2001","5084.380133"
"ECU","MG_CIF_USD","G001","2002","5881.881808"
"ECU","MG_CIF_USD","G001","2003","6087.501317"
"ECU","MG_CIF_USD","G001","2004","7272.916869"
"ECU","MG_CIF_USD","G001","2005","10286.879003"
"ECU","MG_CIF_USD","G001","2006","12113.557475"
"ECU","MG_CIF_USD","G001","2007","13524.730934"
"ECU","MG_CIF_USD","G001","2008","18634.292327"
"ECU","MG_CIF_USD","G001","2009","15138.924327"
"ECU","MG_CIF_USD","G001","2010","20082.832543"
"ECU","MG_CIF_USD","G001","2011","24277.584066"
"ECU","MG_CIF_USD","G001","2012","25191.286043"
"ECU","MG_CIF_USD","G001","2013","27027.878962"
"ECU","MG_CIF_USD","G001","2014","27514.243561"
"ECU","MG_CIF_USD","G001","2015","21491.205057"
"ECU","MG_CIF_USD","G001","2016","16324.492635"
"ECU","MG_CIF_USD","G001","2017","19987.433286"
"ECU","MG_CIF_USD","G001","2018","23178.555441"
"ECU","MG_CIF_USD","G001","2019","22537.158796"
"ECU","XG_FOB_USD","G001","1980","2483.2"
"ECU","XG_FOB_USD","G001","1981","2540.27"
"ECU","XG_FOB_USD","G001","1982","2139.89"
"ECU","XG_FOB_USD","G001","1983","2227.46"
"ECU","XG_FOB_USD","G001","1984","2580.07"
"ECU","XG_FOB_USD","G001","1985","2905.61"
"ECU","XG_FOB_USD","G001","1986","2171.08"
"ECU","XG_FOB_USD","G001","1987","1998.57"
"ECU","XG_FOB_USD","G001","1988","2192.9045"
"ECU","XG_FOB_USD","G001","1989","2353.9013"
"ECU","XG_FOB_USD","G001","1990","2714.4309"
"ECU","XG_FOB_USD","G001","1991","2851.4153"
"ECU","XG_FOB_USD","G001","1992","3007.9185"
"ECU","XG_FOB_USD","G001","1993","3020.135"
"ECU","XG_FOB_USD","G001","1994","3843.3654"
"ECU","XG_FOB_USD","G001","1995","4357.8143"
"ECU","XG_FOB_USD","G001","1996","4892.329613"
"ECU","XG_FOB_USD","G001","1997","5214.387392"
"ECU","XG_FOB_USD","G001","1998","4203.221386"
"ECU","XG_FOB_USD","G001","1999","5001.681142045121"
"ECU","XG_FOB_USD","G001","2000","4927.310865"
"ECU","XG_FOB_USD","G001","2001","4675.756022"
"ECU","XG_FOB_USD","G001","2002","5037.994315"
"ECU","XG_FOB_USD","G001","2003","6222.583457"
"ECU","XG_FOB_USD","G001","2004","7745.974934"
"ECU","XG_FOB_USD","G001","2005","10078.63384"
"ECU","XG_FOB_USD","G001","2006","12716.343845"
"ECU","XG_FOB_USD","G001","2007","14274.006654"
"ECU","XG_FOB_USD","G001","2008","18413.058831"
"ECU","XG_FOB_USD","G001","2009","13651.756904"
"ECU","XG_FOB_USD","G001","2010","17309.934715"
"ECU","XG_FOB_USD","G001","2011","21787.002866"
"ECU","XG_FOB_USD","G001","2012","23567.395234"
"ECU","XG_FOB_USD","G001","2013","24958.350051"
"ECU","XG_FOB_USD","G001","2014","25720.785836"
"ECU","XG_FOB_USD","G001","2015","18330.132769"
"ECU","XG_FOB_USD","G001","2016","16797.318514"
"ECU","XG_FOB_USD","G001","2017","19065.673158"
"ECU","XG_FOB_USD","G001","2018","21651.963487"
"ECU","XG_FOB_USD","G001","2019","22233.832357"
"BTN","MG_CIF_USD","G001","2000","176.169141"
"BTN","MG_CIF_USD","G001","2001","187.186297"
"BTN","MG_CIF_USD","G001","2002","201.066573"
"BTN","MG_CIF_USD","G001","2003","245.890628"
"BTN","MG_CIF_USD","G001","2004","1286.844637"
"BTN","MG_CIF_USD","G001","2005","387.039889"
"BTN","MG_CIF_USD","G001","2006","418.917067"
"BTN","MG_CIF_USD","G001","2007","499.817741"
"BTN","MG_CIF_USD","G001","2008","543.364902"
"BTN","MG_CIF_USD","G001","2009","529.942428"
"BTN","MG_CIF_USD","G001","2010","854.318877"
"BTN","MG_CIF_USD","G001","2011","1051.792848"
"BTN","MG_CIF_USD","G001","2012","519.098941"
"BTN","MG_CIF_USD","G001","2013","574.571254"
"BTN","MG_CIF_USD","G001","2014","586.607542"
"BTN","MG_CIF_USD","G001","2015","920.069196"
"BTN","MG_CIF_USD","G001","2016","1000.108454"
"BTN","MG_CIF_USD","G001","2017","1025.907111"
"BTN","MG_CIF_USD","G001","2018","1043.363207"
"BTN","MG_CIF_USD","G001","2019","979.333933"
"GRD","XG_FOB_USD","G001","1980","17.903"
"GRD","XG_FOB_USD","G001","1981","19.332"
"GRD","XG_FOB_USD","G001","1982","18.84"
"GRD","XG_FOB_USD","G001","1983","18.783"
"GRD","XG_FOB_USD","G001","1984","17.723"
"GRD","XG_FOB_USD","G001","1985","21.85"
"GRD","XG_FOB_USD","G001","1986","26.431"
"GRD","XG_FOB_USD","G001","1987","29.799"
"GRD","XG_FOB_USD","G001","1988","28.51822222222223"
"GRD","XG_FOB_USD","G001","1989","25.04185185185185"
"GRD","XG_FOB_USD","G001","1990","21.31814814814814"
"GRD","XG_FOB_USD","G001","1991","27.45228677217228"
"GRD","XG_FOB_USD","G001","1992","58.32964609572246"
"GRD","XG_FOB_USD","G001","1993","22.4106351851852"
"GRD","XG_FOB_USD","G001","1994","23.33826185185184"
"GRD","XG_FOB_USD","G001","1995","21.90321777777777"
"GRD","XG_FOB_USD","G001","1996","19.67024777777778"
"GRD","XG_FOB_USD","G001","1997","25.89643666666668"
"GRD","XG_FOB_USD","G001","1998","41.9897037037037"
"GRD","XG_FOB_USD","G001","1999","69.40274074074072"
"GRD","XG_FOB_USD","G001","2000","127.947167"
"GRD","XG_FOB_USD","G001","2001","136.980184"
"GRD","XG_FOB_USD","G001","2002","66.705158"
"GRD","XG_FOB_USD","G001","2003","69.951643"
"GRD","XG_FOB_USD","G001","2004","54.797942"
"GRD","XG_FOB_USD","G001","2005","53.020226"
"GRD","XG_FOB_USD","G001","2006","39.608533"
"GRD","XG_FOB_USD","G001","2007","55.431386"
"GRD","XG_FOB_USD","G001","2008","55.522355"
"GRD","XG_FOB_USD","G001","2009","35.255885"
"GRD","XG_FOB_USD","G001","2010","43.173975"
"GRD","XG_FOB_USD","G001","2011","52.301026"
"GRD","XG_FOB_USD","G001","2012","57.985255"
"GRD","XG_FOB_USD","G001","2013","67.907024"
"GRD","XG_FOB_USD","G001","2014","51.913935"
"GRD","XG_FOB_USD","G001","2015","44.111745"
"GRD","XG_FOB_USD","G001","2016","35.10504"
"GRD","XG_FOB_USD","G001","2017","30.518155"
"GRD","XG_FOB_USD","G001","2018","37.746085"
"GRD","XG_FOB_USD","G001","2019","34.48119"
"GRD","MG_CIF_USD","G001","1980","56.086"
"GRD","MG_CIF_USD","G001","1981","60.741"
"GRD","MG_CIF_USD","G001","1982","63.978"
"GRD","MG_CIF_USD","G001","1983","57.215"
"GRD","MG_CIF_USD","G001","1984","55.963"
"GRD","MG_CIF_USD","G001","1985","69.258"
"GRD","MG_CIF_USD","G001","1986","83.498"
"GRD","MG_CIF_USD","G001","1987","88.672"
"GRD","MG_CIF_USD","G001","1988","92.152925925926"
"GRD","MG_CIF_USD","G001","1989","100.8135555555556"
"GRD","MG_CIF_USD","G001","1990","108.8853333333333"
"GRD","MG_CIF_USD","G001","1991","117.129"
"GRD","MG_CIF_USD","G001","1992","102.2389306891097"
"GRD","MG_CIF_USD","G001","1993","126.3755362962964"
"GRD","MG_CIF_USD","G001","1994","119.4486929629629"
"GRD","MG_CIF_USD","G001","1995","129.7829737037036"
"GRD","MG_CIF_USD","G001","1996","154.1232092592594"
"GRD","MG_CIF_USD","G001","1997","172.5040470370371"
"GRD","MG_CIF_USD","G001","1998","203.2874814814815"
"GRD","MG_CIF_USD","G001","1999","204.8849259259261"
"GRD","MG_CIF_USD","G001","2000","245.639247"
"GRD","MG_CIF_USD","G001","2001","212.15413"
"GRD","MG_CIF_USD","G001","2002","198.821778"
"GRD","MG_CIF_USD","G001","2003","253.596806"
"GRD","MG_CIF_USD","G001","2004","250.481592"
"GRD","MG_CIF_USD","G001","2005","333.97185"
"GRD","MG_CIF_USD","G001","2006","298.906541"
"GRD","MG_CIF_USD","G001","2007","365.125248"
"GRD","MG_CIF_USD","G001","2008","363.304239"
"GRD","MG_CIF_USD","G001","2009","281.828242"
"GRD","MG_CIF_USD","G001","2010","317.068884"
"GRD","MG_CIF_USD","G001","2011","334.656182"
"GRD","MG_CIF_USD","G001","2012","331.155187"
"GRD","MG_CIF_USD","G001","2013","458.500865"
"GRD","MG_CIF_USD","G001","2014","315.044037"
"GRD","MG_CIF_USD","G001","2015","347.158864"
"GRD","MG_CIF_USD","G001","2016","383.701225"
"GRD","MG_CIF_USD","G001","2017","405.455584"
"GRD","MG_CIF_USD","G001","2018","514.805693"
"GRD","MG_CIF_USD","G001","2019","479.834584"
"GRD","XG_FOB_USD","G163","1980","5.607"
"GRD","XG_FOB_USD","G163","1981","6.658"
"GRD","XG_FOB_USD","G163","1982","4.284"
"GRD","XG_FOB_USD","G163","1983","3.799"
"GRD","XG_FOB_USD","G163","1984","4.175"
"GRD","XG_FOB_USD","G163","1985","6.375"
"GRD","XG_FOB_USD","G163","1986","9.891"
"GRD","XG_FOB_USD","G163","1987","13.614"
"GRD","XG_FOB_USD","G163","1988","10.67811111111111"
"GRD","XG_FOB_USD","G163","1989","9.450259259259256"
"GRD","XG_FOB_USD","G163","1990","6.857148148148148"
"GRD","XG_FOB_USD","G163","1991","4.589086616350793"
"GRD","XG_FOB_USD","G163","1992","30.53506049606387"
"GRD","XG_FOB_USD","G163","1993","3.411348148148156"
"GRD","XG_FOB_USD","G163","1994","4.20659851851851"
"GRD","XG_FOB_USD","G163","1995","5.163938888888885"
"GRD","XG_FOB_USD","G163","1996","5.854311851851854"
"GRD","XG_FOB_USD","G163","1997","7.868218888888887"
"GRD","XG_FOB_USD","G163","1998","11.24933333333333"
"GRD","XG_FOB_USD","G163","1999","21.56033333333333"
"GRD","XG_FOB_USD","G163","2000","22.288102"
"GRD","XG_FOB_USD","G163","2001","20.333935"
"GRD","XG_FOB_USD","G163","2002","13.18062"
"GRD","XG_FOB_USD","G163","2003","10.475597"
"GRD","XG_FOB_USD","G163","2004","10.929153"
"GRD","XG_FOB_USD","G163","2005","6.411096"
"GRD","XG_FOB_USD","G163","2006","2.471622"
"GRD","XG_FOB_USD","G163","2007","7.314842"
"GRD","XG_FOB_USD","G163","2008","3.750246"
"GRD","XG_FOB_USD","G163","2009","4.123177"
"GRD","XG_FOB_USD","G163","2010","4.662948"
"GRD","XG_FOB_USD","G163","2011","7.348634"
"GRD","XG_FOB_USD","G163","2012","8.90724"
"GRD","XG_FOB_USD","G163","2013","7.613011"
"GRD","XG_FOB_USD","G163","2014","6.306256"
"GRD","XG_FOB_USD","G163","2015","6.481335"
"GRD","XG_FOB_USD","G163","2016","5.331878"
"GRD","XG_FOB_USD","G163","2017","4.818636"
"GRD","XG_FOB_USD","G163","2018","3.83142"
"GRD","XG_FOB_USD","G163","2019","0.658713"
"MUS","XG_FOB_USD","G001","1980","429.136"
"MUS","XG_FOB_USD","G001","1981","317.299"
"MUS","XG_FOB_USD","G001","1982","358.652"
"MUS","XG_FOB_USD","G001","1983","358.514"
"MUS","XG_FOB_USD","G001","1984","365.891"
"MUS","XG_FOB_USD","G001","1985","425.266"
"MUS","XG_FOB_USD","G001","1986","646.134"
"MUS","XG_FOB_USD","G001","1987","860.742"
"MUS","XG_FOB_USD","G001","1988","980.7463688980103"
"MUS","XG_FOB_USD","G001","1989","966.3754418100377"
"MUS","XG_FOB_USD","G001","1990","1179.313622594446"
"MUS","XG_FOB_USD","G001","1991","1171.328829560284"
"MUS","XG_FOB_USD","G001","1992","1271.652963586667"
"MUS","XG_FOB_USD","G001","1993","1275.383506086378"
"MUS","XG_FOB_USD","G001","1994","1314.67249183851"
"MUS","XG_FOB_USD","G001","1995","1510.728264276792"
"MUS","XG_FOB_USD","G001","1996","1766.931257219905"
"MUS","XG_FOB_USD","G001","1997","1595.323910850496"
"MUS","XG_FOB_USD","G001","1998","1704.132893191879"
"MUS","XG_FOB_USD","G001","1999","1554.840051894304"
"MUS","XG_FOB_USD","G001","2000","1486.320812"
"MUS","XG_FOB_USD","G001","2001","1522.639927"
"MUS","XG_FOB_USD","G001","2002","1741.334075"
"MUS","XG_FOB_USD","G001","2003","1809.321493"
"MUS","XG_FOB_USD","G001","2004","1916.573912"
"MUS","XG_FOB_USD","G001","2005","2003.359991"
"MUS","XG_FOB_USD","G001","2006","2111.33623"
"MUS","XG_FOB_USD","G001","2007","2049.299166"
"MUS","XG_FOB_USD","G001","2008","2033.49881"
"MUS","XG_FOB_USD","G001","2009","1713.571797"
"MUS","XG_FOB_USD","G001","2010","1955.622166"
"MUS","XG_FOB_USD","G001","2011","2171.767276"
"MUS","XG_FOB_USD","G001","2012","2234.714437"
"MUS","XG_FOB_USD","G001","2013","2273.929474"
"MUS","XG_FOB_USD","G001","2014","2574.252205"
"MUS","XG_FOB_USD","G001","2015","2403.148166"
"MUS","XG_FOB_USD","G001","2016","2193.194949"
"MUS","XG_FOB_USD","G001","2017","2085.070898"
"MUS","XG_FOB_USD","G001","2018","2001.258586"
"MUS","XG_FOB_USD","G001","2019","1888.274627"
"MUS","MG_CIF_USD","G001","1980","613.659"
"MUS","MG_CIF_USD","G001","1981","553.856"
"MUS","MG_CIF_USD","G001","1982","462.856"
"MUS","MG_CIF_USD","G001","1983","439.831"
"MUS","MG_CIF_USD","G001","1984","471.503"
"MUS","MG_CIF_USD","G001","1985","522.116"
"MUS","MG_CIF_USD","G001","1986","675.678"
"MUS","MG_CIF_USD","G001","1987","993.083"
"MUS","MG_CIF_USD","G001","1988","1298.06198593884"
"MUS","MG_CIF_USD","G001","1989","1323.561234816707"
"MUS","MG_CIF_USD","G001","1990","1619.433539882147"
"MUS","MG_CIF_USD","G001","1991","1556.958851117274"
"MUS","MG_CIF_USD","G001","1992","1623.958213414654"
"MUS","MG_CIF_USD","G001","1993","1717.585962168574"
"MUS","MG_CIF_USD","G001","1994","1922.455183728617"
"MUS","MG_CIF_USD","G001","1995","1975.058930442428"
"MUS","MG_CIF_USD","G001","1996","2292.948915574939"
"MUS","MG_CIF_USD","G001","1997","2264.297765912651"
"MUS","MG_CIF_USD","G001","1998","2184.444602803763"
"MUS","MG_CIF_USD","G001","1999","2248.461160527905"
"MUS","MG_CIF_USD","G001","2000","2088.148876"
"MUS","MG_CIF_USD","G001","2001","1996.2742"
"MUS","MG_CIF_USD","G001","2002","2165.877291"
"MUS","MG_CIF_USD","G001","2003","2387.603301"
"MUS","MG_CIF_USD","G001","2004","2773.959529"
"MUS","MG_CIF_USD","G001","2005","3161.383537"
"MUS","MG_CIF_USD","G001","2006","3638.441721"
"MUS","MG_CIF_USD","G001","2007","3865.887483"
"MUS","MG_CIF_USD","G001","2008","4566.222125"
"MUS","MG_CIF_USD","G001","2009","3614.749547"
"MUS","MG_CIF_USD","G001","2010","4235.457056"
"MUS","MG_CIF_USD","G001","2011","5119.465284"
"MUS","MG_CIF_USD","G001","2012","5298.144079"
"MUS","MG_CIF_USD","G001","2013","5174.019108"
"MUS","MG_CIF_USD","G001","2014","5392.497318"
"MUS","MG_CIF_USD","G001","2015","4690.031108"
"MUS","MG_CIF_USD","G001","2016","4654.32098"
"MUS","MG_CIF_USD","G001","2017","5251.14097"
"MUS","MG_CIF_USD","G001","2018","5680.556624"
"MUS","MG_CIF_USD","G001","2019","5610.560801"
"PAN","XG_FOB_USD","G001","1980","349.937"
"PAN","XG_FOB_USD","G001","1981","316.254"
"PAN","XG_FOB_USD","G001","1982","307.665"
"PAN","XG_FOB_USD","G001","1983","298.664"
"PAN","XG_FOB_USD","G001","1984","251.498"
"PAN","XG_FOB_USD","G001","1985","300.63"
"PAN","XG_FOB_USD","G001","1986","331.513"
"PAN","XG_FOB_USD","G001","1987","336.597"
"PAN","XG_FOB_USD","G001","1988","286.858"
"PAN","XG_FOB_USD","G001","1989","296.859566"
"PAN","XG_FOB_USD","G001","1990","321.371672"
"PAN","XG_FOB_USD","G001","1991","341.727214"
"PAN","XG_FOB_USD","G001","1992","474.184879"
"PAN","XG_FOB_USD","G001","1993","507.426591"
"PAN","XG_FOB_USD","G001","1994","532.328936"
"PAN","XG_FOB_USD","G001","1995","2061.38217169308"
"PAN","XG_FOB_USD","G001","1996","3027.077793221453"
"PAN","XG_FOB_USD","G001","1997","650.98636"
"PAN","XG_FOB_USD","G001","1998","705.4578189999999"
"PAN","XG_FOB_USD","G001","1999","709.812991"
"PAN","XG_FOB_USD","G001","2000","724.844709"
"PAN","XG_FOB_USD","G001","2001","783.189393"
"PAN","XG_FOB_USD","G001","2002","717.834035"
"PAN","XG_FOB_USD","G001","2003","768.222931"
"PAN","XG_FOB_USD","G001","2004","863.159417"
"PAN","XG_FOB_USD","G001","2005","930.572196"
"PAN","XG_FOB_USD","G001","2006","945.401293"
"PAN","XG_FOB_USD","G001","2007","1037.156559"
"PAN","XG_FOB_USD","G001","2008","1113.237524"
"PAN","XG_FOB_USD","G001","2009","801.523741"
"PAN","XG_FOB_USD","G001","2010","711.02631"
"PAN","XG_FOB_USD","G001","2011","769.242276"
"PAN","XG_FOB_USD","G001","2012","802.934253"
"PAN","XG_FOB_USD","G001","2013","824.967135"
"PAN","XG_FOB_USD","G001","2014","809.176358"
"PAN","XG_FOB_USD","G001","2015","693.660487"
"PAN","XG_FOB_USD","G001","2016","636.060874"
"PAN","XG_FOB_USD","G001","2017","660.015862"
"PAN","XG_FOB_USD","G001","2018","672.295198"
"PAN","XG_FOB_USD","G001","2019","713.388062"
"KNA","XG_FOB_USD","G001","1981","7.967272727272725"
"KNA","XG_FOB_USD","G001","1982","9.348181818181809"
"KNA","XG_FOB_USD","G001","1983","3.250000000000005"
"KNA","XG_FOB_USD","G001","1984","2.891139393998396"
"KNA","XG_FOB_USD","G001","1985","6.880342424289345"
"KNA","XG_FOB_USD","G001","1986","6.16021203819334"
"KNA","XG_FOB_USD","G001","1987","8.089596465977603"
"KNA","XG_FOB_USD","G001","1988","28.27118014282853"
"KNA","XG_FOB_USD","G001","1989","31.32104672733155"
"KNA","XG_FOB_USD","G001","1990","23.73073513222838"
"KNA","XG_FOB_USD","G001","1991","28.44054739902131"
"KNA","XG_FOB_USD","G001","1992","39.05493934925158"
"KNA","XG_FOB_USD","G001","1993","62.02549858602492"
"KNA","XG_FOB_USD","G001","1994","36.8875066698333"
"KNA","XG_FOB_USD","G001","1995","39.26330327159748"
"KNA","XG_FOB_USD","G001","1996","38.02060924342168"
"KNA","XG_FOB_USD","G001","1997","51.47457759311842"
"KNA","XG_FOB_USD","G001","1998","50.61100994714814"
"KNA","XG_FOB_USD","G001","1999","28.12598629629636"
"KNA","XG_FOB_USD","G001","2000","52.544014"
"KNA","XG_FOB_USD","G001","2001","32.884895"
"KNA","XG_FOB_USD","G001","2002","40.386137"
"KNA","XG_FOB_USD","G001","2003","41.631495"
"KNA","XG_FOB_USD","G001","2004","42.557909"
"KNA","XG_FOB_USD","G001","2005","38.48135"
"KNA","XG_FOB_USD","G001","2006","45.126005"
"KNA","XG_FOB_USD","G001","2007","41.766794"
"KNA","XG_FOB_USD","G001","2008","59.994462"
"KNA","XG_FOB_USD","G001","2009","42.305434"
"KNA","XG_FOB_USD","G001","2010","32.831343"
"KNA","XG_FOB_USD","G001","2011","54.589617"
"KNA","XG_FOB_USD","G001","2012","54.934264"
"KNA","XG_FOB_USD","G001","2013","58.308228"
"KNA","XG_FOB_USD","G001","2014","68.37382"
"KNA","XG_FOB_USD","G001","2015","53.777527"
"KNA","XG_FOB_USD","G001","2016","47.864442"
"KNA","XG_FOB_USD","G001","2017","37.491035"
"KNA","XG_FOB_USD","G001","2018","54.241516"
"KNA","XG_FOB_USD","G001","2019","41.778701"
"KNA","MG_CIF_USD","G001","1981","8.3479"
"KNA","MG_CIF_USD","G001","1982","10.2278"
"KNA","MG_CIF_USD","G001","1983","10.2542"
"KNA","MG_CIF_USD","G001","1984","12.80091551867759"
"KNA","MG_CIF_USD","G001","1985","24.71821244456304"
"KNA","MG_CIF_USD","G001","1986","23.64020859818746"
"KNA","MG_CIF_USD","G001","1987","299.5689889356295"
"KNA","MG_CIF_USD","G001","1988","89.14897686400109"
"KNA","MG_CIF_USD","G001","1989","119.3277117616961"
"KNA","MG_CIF_USD","G001","1990","108.3735441923743"
"KNA","MG_CIF_USD","G001","1991","93.08614133394129"
"KNA","MG_CIF_USD","G001","1992","574.2853862879167"
"KNA","MG_CIF_USD","G001","1993","128.7424193094225"
"KNA","MG_CIF_USD","G001","1994","136.7845222493916"
"KNA","MG_CIF_USD","G001","1995","176.103534291152"
"KNA","MG_CIF_USD","G001","1996","132.6161651537833"
"KNA","MG_CIF_USD","G001","1997","167.6719313833333"
"KNA","MG_CIF_USD","G001","1998","176.8721861013357"
"KNA","MG_CIF_USD","G001","1999","153.5370774074072"
"KNA","MG_CIF_USD","G001","2000","195.975634"
"KNA","MG_CIF_USD","G001","2001","189.084846"
"KNA","MG_CIF_USD","G001","2002","201.318354"
"KNA","MG_CIF_USD","G001","2003","199.389775"
"KNA","MG_CIF_USD","G001","2004","182.720197"
"KNA","MG_CIF_USD","G001","2005","210.270212"
"KNA","MG_CIF_USD","G001","2006","249.551399"
"KNA","MG_CIF_USD","G001","2007","271.694481"
"KNA","MG_CIF_USD","G001","2008","324.810228"
"KNA","MG_CIF_USD","G001","2009","295.711575"
"KNA","MG_CIF_USD","G001","2010","271.907613"
"KNA","MG_CIF_USD","G001","2011","246.674444"
"KNA","MG_CIF_USD","G001","2012","224.300402"
"KNA","MG_CIF_USD","G001","2013","248.821747"
"KNA","MG_CIF_USD","G001","2014","268.112515"
"KNA","MG_CIF_USD","G001","2015","293.89279"
"KNA","MG_CIF_USD","G001","2016","330.774964"
"KNA","MG_CIF_USD","G001","2017","306.984185"
"KNA","MG_CIF_USD","G001","2018","298.547013"
"KNA","MG_CIF_USD","G001","2019","318.91885"
"MAR","XG_FOB_USD","G163","1980","1435.31"
"MAR","XG_FOB_USD","G163","1981","1234.01"
"MAR","XG_FOB_USD","G163","1982","1196.37"
"MAR","XG_FOB_USD","G163","1983","1149.72"
"MAR","XG_FOB_USD","G163","1984","1195.84"
"MAR","XG_FOB_USD","G163","1985","1196.08"
"MAR","XG_FOB_USD","G163","1986","1337.84"
"MAR","XG_FOB_USD","G163","1987","1637.42"
"MAR","XG_FOB_USD","G163","1988","1938.011243551405"
"MAR","XG_FOB_USD","G163","1989","2009.465408916172"
"MAR","XG_FOB_USD","G163","1990","2625.319991763062"
"MAR","XG_FOB_USD","G163","1991","2570.810314745797"
"MAR","XG_FOB_USD","G163","1992","2428.98935005783"
"MAR","XG_FOB_USD","G163","1993","2273.114"
"MAR","XG_FOB_USD","G163","1994","2411.076079178812"
"MAR","XG_FOB_USD","G163","1995","2700.098504305547"
"MAR","XG_FOB_USD","G163","1996","2736.328448919504"
"MAR","XG_FOB_USD","G163","1997","2675.782364145534"
"MAR","XG_FOB_USD","G163","1998","2520.611395851856"
"MAR","XG_FOB_USD","G163","1999","4859.553203590118"
"MAR","XG_FOB_USD","G163","2000","4633.102451"
"MAR","XG_FOB_USD","G163","2001","4503.812712"
"MAR","XG_FOB_USD","G163","2002","4991.364822"
"MAR","XG_FOB_USD","G163","2003","5836.792412"
"MAR","XG_FOB_USD","G163","2004","6346.225671"
"MAR","XG_FOB_USD","G163","2005","6843.021738"
"MAR","XG_FOB_USD","G163","2006","7926.011702"
"MAR","XG_FOB_USD","G163","2007","9380.375224"
"MAR","XG_FOB_USD","G163","2008","10557.977063"
"MAR","XG_FOB_USD","G163","2009","8112.617505"
"MAR","XG_FOB_USD","G163","2010","9205.129771"
"MAR","XG_FOB_USD","G163","2011","10882.357415"
"MAR","XG_FOB_USD","G163","2012","10127.129566"
"MAR","XG_FOB_USD","G163","2013","12187.040273"
"MAR","XG_FOB_USD","G163","2014","13703.195613"
"MAR","XG_FOB_USD","G163","2015","11856.481966"
"MAR","XG_FOB_USD","G163","2016","13481.648979"
"MAR","XG_FOB_USD","G163","2017","14742.700834"
"MAR","XG_FOB_USD","G163","2018","16186.479569"
"MAR","XG_FOB_USD","G163","2019","18200.85944"
"SYC","MG_CIF_USD","G001","1980","97.4"
"SYC","MG_CIF_USD","G001","1981","93.09999999999999"
"SYC","MG_CIF_USD","G001","1982","97.2"
"SYC","MG_CIF_USD","G001","1983","84.1"
"SYC","MG_CIF_USD","G001","1984","86.2"
"SYC","MG_CIF_USD","G001","1985","94.2"
"SYC","MG_CIF_USD","G001","1986","98.62815366210288"
"SYC","MG_CIF_USD","G001","1987","94.8"
"SYC","MG_CIF_USD","G001","1988","123.7058934740958"
"SYC","MG_CIF_USD","G001","1989","164.7443637211691"
"SYC","MG_CIF_USD","G001","1990","186.4565571773875"
"SYC","MG_CIF_USD","G001","1991","172.3665822720992"
"SYC","MG_CIF_USD","G001","1992","192.309413874083"
"SYC","MG_CIF_USD","G001","1993","238.4429319506454"
"SYC","MG_CIF_USD","G001","1994","206.2557791868509"
"SYC","MG_CIF_USD","G001","1995","240.3904912232636"
"SYC","MG_CIF_USD","G001","1996","380.281256923429"
"SYC","MG_CIF_USD","G001","1997","336.0112563891069"
"SYC","MG_CIF_USD","G001","1998","383.0343187170111"
"SYC","MG_CIF_USD","G001","1999","433.5355867167884"
"SYC","MG_CIF_USD","G001","2000","337.32263"
"SYC","MG_CIF_USD","G001","2001","468.354689"
"SYC","MG_CIF_USD","G001","2002","413.8557"
"SYC","MG_CIF_USD","G001","2003","368.668386"
"SYC","MG_CIF_USD","G001","2004","1360.801949"
"SYC","MG_CIF_USD","G001","2005","1825.667787"
"SYC","MG_CIF_USD","G001","2006","2163.457474"
"SYC","MG_CIF_USD","G001","2007","2457.750535"
"SYC","MG_CIF_USD","G001","2008","2595.706251"
"SYC","MG_CIF_USD","G001","2009","2084.163723"
"SYC","MG_CIF_USD","G001","2010","3550.933268"
"SYC","MG_CIF_USD","G001","2011","5146.961097"
"SYC","MG_CIF_USD","G001","2012","2985.795224"
"SYC","MG_CIF_USD","G001","2013","2889.625023"
"SYC","MG_CIF_USD","G001","2014","2776.482775"
"SYC","MG_CIF_USD","G001","2015","976.089679"
"SYC","MG_CIF_USD","G001","2016","1531.992708"
"SYC","MG_CIF_USD","G001","2017","3452.308194"
"SYC","MG_CIF_USD","G001","2018","1743.759548"
"SYC","MG_CIF_USD","G001","2019","1435.480529"
"SYC","XG_FOB_USD","G001","1980","15.9"
"SYC","XG_FOB_USD","G001","1981","16.8"
"SYC","XG_FOB_USD","G001","1982","14"
"SYC","XG_FOB_USD","G001","1983","19.2"
"SYC","XG_FOB_USD","G001","1984","25.2"
"SYC","XG_FOB_USD","G001","1985","27.3"
"SYC","XG_FOB_USD","G001","1986","17.7"
"SYC","XG_FOB_USD","G001","1987","20.6"
"SYC","XG_FOB_USD","G001","1988","73.37824603148434"
"SYC","XG_FOB_USD","G001","1989","117.0852123839679"
"SYC","XG_FOB_USD","G001","1990","13.64087766306283"
"SYC","XG_FOB_USD","G001","1991","16.48608750041357"
"SYC","XG_FOB_USD","G001","1992","18.14412363926045"
"SYC","XG_FOB_USD","G001","1993","15.27462908159071"
"SYC","XG_FOB_USD","G001","1994","23.83216674006496"
"SYC","XG_FOB_USD","G001","1995","24.576552555386"
"SYC","XG_FOB_USD","G001","1996","167.0629344833483"
"SYC","XG_FOB_USD","G001","1997","68.41823467896815"
"SYC","XG_FOB_USD","G001","1998","90.32358190424455"
"SYC","XG_FOB_USD","G001","1999","108.1124923960009"
"SYC","XG_FOB_USD","G001","2000","298.693425"
"SYC","XG_FOB_USD","G001","2001","153.777786"
"SYC","XG_FOB_USD","G001","2002","350.976188"
"SYC","XG_FOB_USD","G001","2003","389.822998"
"SYC","XG_FOB_USD","G001","2004","806.574824"
"SYC","XG_FOB_USD","G001","2005","779.785235"
"SYC","XG_FOB_USD","G001","2006","1080.643614"
"SYC","XG_FOB_USD","G001","2007","1043.232002"
"SYC","XG_FOB_USD","G001","2008","702.824662"
"SYC","XG_FOB_USD","G001","2009","332.802048"
"SYC","XG_FOB_USD","G001","2010","1253.835865"
"SYC","XG_FOB_USD","G001","2011","2807.723459"
"SYC","XG_FOB_USD","G001","2012","1969.408547"
"SYC","XG_FOB_USD","G001","2013","1759.696378"
"SYC","XG_FOB_USD","G001","2014","1654.864973"
"SYC","XG_FOB_USD","G001","2015","476.87867"
"SYC","XG_FOB_USD","G001","2016","484.943265"
"SYC","XG_FOB_USD","G001","2017","3161.594351"
"SYC","XG_FOB_USD","G001","2018","847.403666"
"SYC","XG_FOB_USD","G001","2019","814.839942"
"TCD","MG_CIF_USD","G001","1981","55.1639"
"TCD","MG_CIF_USD","G001","1982","63.51417813860226"
"TCD","MG_CIF_USD","G001","1983","83.71528071815307"
"TCD","MG_CIF_USD","G001","1984","114.0019922683116"
"TCD","MG_CIF_USD","G001","1985","145.5254349245979"
"TCD","MG_CIF_USD","G001","1986","106.2505289651914"
"TCD","MG_CIF_USD","G001","1987","126.685281891875"
"TCD","MG_CIF_USD","G001","1988","144.7301182832918"
"TCD","MG_CIF_USD","G001","1989","175.7192080171986"
"TCD","MG_CIF_USD","G001","1990","167.4900653181072"
"TCD","MG_CIF_USD","G001","1991","168.0421785108601"
"TCD","MG_CIF_USD","G001","1992","140.707727460651"
"TCD","MG_CIF_USD","G001","1993","114.096384185934"
"TCD","MG_CIF_USD","G001","1994","109.0733994757937"
"TCD","MG_CIF_USD","G001","1995","163.1674597935328"
"TCD","MG_CIF_USD","G001","1996","175.0601148263874"
"TCD","MG_CIF_USD","G001","1997","132.8252802398854"
"TCD","MG_CIF_USD","G001","1998","179.0198805506596"
"TCD","MG_CIF_USD","G001","1999","139.0975535059198"
"TCD","MG_CIF_USD","G001","2000","127.335746"
"TCD","MG_CIF_USD","G001","2001","344.2127"
"TCD","MG_CIF_USD","G001","2002","435.404575"
"TCD","MG_CIF_USD","G001","2003","331.269744"
"TCD","MG_CIF_USD","G001","2004","344.880837"
"TCD","MG_CIF_USD","G001","2005","398.397761"
"TCD","MG_CIF_USD","G001","2006","441.62213"
"TCD","MG_CIF_USD","G001","2007","636.066556"
"TCD","MG_CIF_USD","G001","2008","780.841892"
"TCD","MG_CIF_USD","G001","2009","944.775435"
"TCD","MG_CIF_USD","G001","2010","1233.634659"
"TCD","MG_CIF_USD","G001","2011","921.916091"
"TCD","MG_CIF_USD","G001","2012","854.48981"
"TCD","MG_CIF_USD","G001","2013","1250.003504"
"TCD","MG_CIF_USD","G001","2014","1387.116081"
"TCD","MG_CIF_USD","G001","2015","883.009094"
"TCD","MG_CIF_USD","G001","2016","629.750755"
"TCD","MG_CIF_USD","G001","2017","577.65526"
"TCD","MG_CIF_USD","G001","2018","852.632306"
"TCD","MG_CIF_USD","G001","2019","1029.410652"
"TCD","XG_FOB_USD","G001","1981","71254545.45454542"
"TCD","XG_FOB_USD","G001","1982","37700909.0909091"
"TCD","XG_FOB_USD","G001","1983","109636363.6363636"
"TCD","XG_FOB_USD","G001","1984","84667213.88697227"
"TCD","XG_FOB_USD","G001","1985","45668409.3602326"
"TCD","XG_FOB_USD","G001","1986","49676034.9951077"
"TCD","XG_FOB_USD","G001","1987","51958957.94298007"
"TCD","XG_FOB_USD","G001","1988","55933824.11814436"
"TCD","XG_FOB_USD","G001","1989","69345272.39061868"
"TCD","XG_FOB_USD","G001","1990","88821770.56914083"
"TCD","XG_FOB_USD","G001","1991","94136783.71605129"
"TCD","XG_FOB_USD","G001","1992","77171342.00175307"
"TCD","XG_FOB_USD","G001","1993","66790943.7128078"
"TCD","XG_FOB_USD","G001","1994","77665985.46547033"
"TCD","XG_FOB_USD","G001","1995","117940594.6652375"
"TCD","XG_FOB_USD","G001","1996","117082315.5600493"
"TCD","XG_FOB_USD","G001","1997","93308822.01711447"
"TCD","XG_FOB_USD","G001","1998","120690106.0924976"
"TCD","XG_FOB_USD","G001","1999","98120427.8125633"
"TCD","XG_FOB_USD","G001","2000","92005971"
"TCD","XG_FOB_USD","G001","2001","77467582"
"TCD","XG_FOB_USD","G001","2002","63211355"
"TCD","XG_FOB_USD","G001","2003","92880694"
"TCD","XG_FOB_USD","G001","2004","1109224574"
"TCD","XG_FOB_USD","G001","2005","2048110112"
"TCD","XG_FOB_USD","G001","2006","2364262336"
"TCD","XG_FOB_USD","G001","2007","2356802728"
"TCD","XG_FOB_USD","G001","2008","3708019599"
"TCD","XG_FOB_USD","G001","2009","2176002277"
"TCD","XG_FOB_USD","G001","2010","2750242343"
"TCD","XG_FOB_USD","G001","2011","3683923109"
"TCD","XG_FOB_USD","G001","2012","3106071552"
"TCD","XG_FOB_USD","G001","2013","2992025388"
"TCD","XG_FOB_USD","G001","2014","2973694429"
"TCD","XG_FOB_USD","G001","2015","2222549283"
"TCD","XG_FOB_USD","G001","2016","1568517508"
"TCD","XG_FOB_USD","G001","2017","1241902904"
"TCD","XG_FOB_USD","G001","2018","1649723227"
"TCD","XG_FOB_USD","G001","2019","1263378981"
"MLI","MG_CIF_USD","G001","1980","241.951"
"MLI","MG_CIF_USD","G001","1981","287.435"
"MLI","MG_CIF_USD","G001","1982","401.837"
"MLI","MG_CIF_USD","G001","1983","342.2391999999999"
"MLI","MG_CIF_USD","G001","1984","350.5469384183059"
"MLI","MG_CIF_USD","G001","1985","299.3521853927981"
"MLI","MG_CIF_USD","G001","1986","443.956541146943"
"MLI","MG_CIF_USD","G001","1987","374.148"
"MLI","MG_CIF_USD","G001","1988","521.0563659569032"
"MLI","MG_CIF_USD","G001","1989","564.2249309553788"
"MLI","MG_CIF_USD","G001","1990","714.1688215715264"
"MLI","MG_CIF_USD","G001","1991","667.0462229940251"
"MLI","MG_CIF_USD","G001","1992","737.7609990012003"
"MLI","MG_CIF_USD","G001","1993","737.2488720272685"
"MLI","MG_CIF_USD","G001","1994","712.3359993954678"
"MLI","MG_CIF_USD","G001","1995","990.2808612621445"
"MLI","MG_CIF_USD","G001","1996","1111.901812625567"
"MLI","MG_CIF_USD","G001","1997","1130.710561035227"
"MLI","MG_CIF_USD","G001","1998","1222.072054272959"
"MLI","MG_CIF_USD","G001","1999","1254.430461916369"
"MLI","MG_CIF_USD","G001","2000","707.446486"
"MLI","MG_CIF_USD","G001","2001","987.896504"
"MLI","MG_CIF_USD","G001","2002","927.094207"
"MLI","MG_CIF_USD","G001","2003","1265.467251"
"MLI","MG_CIF_USD","G001","2004","1364.273242"
"MLI","MG_CIF_USD","G001","2005","1521.825197"
"MLI","MG_CIF_USD","G001","2006","1817.250257"
"MLI","MG_CIF_USD","G001","2007","2171.844904"
"MLI","MG_CIF_USD","G001","2008","3408.633673"
"MLI","MG_CIF_USD","G001","2009","3373.87115"
"MLI","MG_CIF_USD","G001","2010","4701.809884"
"MLI","MG_CIF_USD","G001","2011","3351.529271"
"MLI","MG_CIF_USD","G001","2012","2749.273856"
"MLI","MG_CIF_USD","G001","2013","2951.009082"
"MLI","MG_CIF_USD","G001","2014","3131.611209"
"MLI","MG_CIF_USD","G001","2015","2947.198191"
"MLI","MG_CIF_USD","G001","2016","3796.115202"
"MLI","MG_CIF_USD","G001","2017","4336.688479"
"MLI","MG_CIF_USD","G001","2018","4619.421743"
"MLI","MG_CIF_USD","G001","2019","5048.656295"
"MLI","XG_FOB_USD","G001","1980","117.35"
"MLI","XG_FOB_USD","G001","1981","106.242"
"MLI","XG_FOB_USD","G001","1982","231.994"
"MLI","XG_FOB_USD","G001","1983","99.22828181818184"
"MLI","XG_FOB_USD","G001","1984","129.0884159677712"
"MLI","XG_FOB_USD","G001","1985","123.6125595072303"
"MLI","XG_FOB_USD","G001","1986","211.7209287103958"
"MLI","XG_FOB_USD","G001","1987","178.959"
"MLI","XG_FOB_USD","G001","1988","158.222574213439"
"MLI","XG_FOB_USD","G001","1989","191.7408072213921"
"MLI","XG_FOB_USD","G001","1990","252.2622810856734"
"MLI","XG_FOB_USD","G001","1991","266.6053468268625"
"MLI","XG_FOB_USD","G001","1992","216.2317898025483"
"MLI","XG_FOB_USD","G001","1993","219.7049922377014"
"MLI","XG_FOB_USD","G001","1994","174.8516246086174"
"MLI","XG_FOB_USD","G001","1995","241.0681250891341"
"MLI","XG_FOB_USD","G001","1996","291.7929292485874"
"MLI","XG_FOB_USD","G001","1997","284.4683428925495"
"MLI","XG_FOB_USD","G001","1998","294.382275404253"
"MLI","XG_FOB_USD","G001","1999","251.4518164137549"
"MLI","XG_FOB_USD","G001","2000","472.991991"
"MLI","XG_FOB_USD","G001","2001","713.113532"
"MLI","XG_FOB_USD","G001","2002","852.888579"
"MLI","XG_FOB_USD","G001","2003","1007.910933"
"MLI","XG_FOB_USD","G001","2004","988.255959"
"MLI","XG_FOB_USD","G001","2005","1075.303542"
"MLI","XG_FOB_USD","G001","2006","1526.281526"
"MLI","XG_FOB_USD","G001","2007","1441.037351"
"MLI","XG_FOB_USD","G001","2008","1242.247693"
"MLI","XG_FOB_USD","G001","2009","1095.565695"
"MLI","XG_FOB_USD","G001","2010","1995.743578"
"MLI","XG_FOB_USD","G001","2011","2375.264989"
"MLI","XG_FOB_USD","G001","2012","1817.546821"
"MLI","XG_FOB_USD","G001","2013","1585.972707"
"MLI","XG_FOB_USD","G001","2014","1817.843927"
"MLI","XG_FOB_USD","G001","2015","1872.849757"
"MLI","XG_FOB_USD","G001","2016","2843.268099"
"MLI","XG_FOB_USD","G001","2017","1903.150927"
"MLI","XG_FOB_USD","G001","2018","3634.085445"
"MLI","XG_FOB_USD","G001","2019","3643.595647"
"SEN","XG_FOB_USD","G001","1980","476.9"
"SEN","XG_FOB_USD","G001","1981","499.821"
"SEN","XG_FOB_USD","G001","1982","547.441"
"SEN","XG_FOB_USD","G001","1983","617.9661146707619"
"SEN","XG_FOB_USD","G001","1984","673.6719044183172"
"SEN","XG_FOB_USD","G001","1985","694.2945573613908"
"SEN","XG_FOB_USD","G001","1986","773.3930321285096"
"SEN","XG_FOB_USD","G001","1987","754.9643478295526"
"SEN","XG_FOB_USD","G001","1988","591.175503085056"
"SEN","XG_FOB_USD","G001","1989","790.5606196205158"
"SEN","XG_FOB_USD","G001","1990","860.9750330515906"
"SEN","XG_FOB_USD","G001","1991","651.4305423201101"
"SEN","XG_FOB_USD","G001","1992","741.368254592654"
"SEN","XG_FOB_USD","G001","1993","670.6535562114735"
"SEN","XG_FOB_USD","G001","1994","483.9283065302966"
"SEN","XG_FOB_USD","G001","1995","609.0046411733301"
"SEN","XG_FOB_USD","G001","1996","723.6928867736643"
"SEN","XG_FOB_USD","G001","1997","693.8622757727846"
"SEN","XG_FOB_USD","G001","1998","823.8748147786558"
"SEN","XG_FOB_USD","G001","1999","817.1523474251134"
"SEN","XG_FOB_USD","G001","2000","684.977325"
"SEN","XG_FOB_USD","G001","2001","766.3013"
"SEN","XG_FOB_USD","G001","2002","937.381099"
"SEN","XG_FOB_USD","G001","2003","1151.065298"
"SEN","XG_FOB_USD","G001","2004","1267.384581"
"SEN","XG_FOB_USD","G001","2005","1432.935324"
"SEN","XG_FOB_USD","G001","2006","1354.987722"
"SEN","XG_FOB_USD","G001","2007","1427.226064"
"SEN","XG_FOB_USD","G001","2008","2061.287859"
"SEN","XG_FOB_USD","G001","2009","1734.902953"
"SEN","XG_FOB_USD","G001","2010","1949.076882"
"SEN","XG_FOB_USD","G001","2011","2372.045733"
"SEN","XG_FOB_USD","G001","2012","2340.964476"
"SEN","XG_FOB_USD","G001","2013","2439.922765"
"SEN","XG_FOB_USD","G001","2014","2573.248733"
"SEN","XG_FOB_USD","G001","2015","2321.528142"
"SEN","XG_FOB_USD","G001","2016","2680.907518"
"SEN","XG_FOB_USD","G001","2017","2460.137267"
"SEN","XG_FOB_USD","G001","2018","3042.336562"
"SEN","XG_FOB_USD","G001","2019","4222.806405"
"SEN","MG_CIF_USD","G001","1980","1051.703"
"SEN","MG_CIF_USD","G001","1981","1075.829"
"SEN","MG_CIF_USD","G001","1982","991.83"
"SEN","MG_CIF_USD","G001","1983","1111.972127055795"
"SEN","MG_CIF_USD","G001","1984","1074.157192148306"
"SEN","MG_CIF_USD","G001","1985","931.0568106239957"
"SEN","MG_CIF_USD","G001","1986","1100.730063545941"
"SEN","MG_CIF_USD","G001","1987","1175.621938066454"
"SEN","MG_CIF_USD","G001","1988","1079.651615292523"
"SEN","MG_CIF_USD","G001","1989","1322.487954610466"
"SEN","MG_CIF_USD","G001","1990","1387.254055695075"
"SEN","MG_CIF_USD","G001","1991","1155.107614253679"
"SEN","MG_CIF_USD","G001","1992","1258.25909387416"
"SEN","MG_CIF_USD","G001","1993","1052.586190173848"
"SEN","MG_CIF_USD","G001","1994","884.0811513775559"
"SEN","MG_CIF_USD","G001","1995","1255.577171330429"
"SEN","MG_CIF_USD","G001","1996","1324.181289959156"
"SEN","MG_CIF_USD","G001","1997","1210.395171416073"
"SEN","MG_CIF_USD","G001","1998","1536.838614757864"
"SEN","MG_CIF_USD","G001","1999","1607.506188659217"
"SEN","MG_CIF_USD","G001","2000","1417.4396"
"SEN","MG_CIF_USD","G001","2001","1638.349419"
"SEN","MG_CIF_USD","G001","2002","1858.424878"
"SEN","MG_CIF_USD","G001","2003","2250.683211"
"SEN","MG_CIF_USD","G001","2004","2767.128454"
"SEN","MG_CIF_USD","G001","2005","3088.128208"
"SEN","MG_CIF_USD","G001","2006","3336.614764"
"SEN","MG_CIF_USD","G001","2007","4331.58107"
"SEN","MG_CIF_USD","G001","2008","5587.132373"
"SEN","MG_CIF_USD","G001","2009","4274.061181"
"SEN","MG_CIF_USD","G001","2010","4371.752909"
"SEN","MG_CIF_USD","G001","2011","5324.901754"
"SEN","MG_CIF_USD","G001","2012","5800.764007"
"SEN","MG_CIF_USD","G001","2013","6065.655638"
"SEN","MG_CIF_USD","G001","2014","6048.666602"
"SEN","MG_CIF_USD","G001","2015","5233.413841"
"SEN","MG_CIF_USD","G001","2016","5469.361905"
"SEN","MG_CIF_USD","G001","2017","5998.749152"
"SEN","MG_CIF_USD","G001","2018","7087.666713"
"SEN","MG_CIF_USD","G001","2019","8143.299984"
"LSO","MG_CIF_USD","G001","2000","302.619999"
"LSO","MG_CIF_USD","G001","2001","552.578587"
"LSO","MG_CIF_USD","G001","2002","685.640388"
"LSO","MG_CIF_USD","G001","2003","1052.053886"
"LSO","MG_CIF_USD","G001","2004","1177.931924"
"LSO","MG_CIF_USD","G001","2005","754.948718"
"LSO","MG_CIF_USD","G001","2006","799.606962"
"LSO","MG_CIF_USD","G001","2007","862.495062"
"LSO","MG_CIF_USD","G001","2008","722.806688"
"LSO","MG_CIF_USD","G001","2009","806.257352"
"LSO","MG_CIF_USD","G001","2010","1171.821341"
"LSO","MG_CIF_USD","G001","2011","1324.175812"
"LSO","MG_CIF_USD","G001","2012","1466.989426"
"LSO","MG_CIF_USD","G001","2013","1641.952434"
"LSO","MG_CIF_USD","G001","2014","1405.293374"
"LSO","MG_CIF_USD","G001","2015","1421.23514"
"LSO","MG_CIF_USD","G001","2016","1351.028063"
"LSO","MG_CIF_USD","G001","2017","1825.056258"
"LSO","MG_CIF_USD","G001","2018","1871.785995"
"LSO","MG_CIF_USD","G001","2019","2296.612552"
"BOL","XG_FOB_USD","G001","1980","990.693"
"BOL","XG_FOB_USD","G001","1981","963.657"
"BOL","XG_FOB_USD","G001","1982","898.536"
"BOL","XG_FOB_USD","G001","1983","786.72"
"BOL","XG_FOB_USD","G001","1984","781.506"
"BOL","XG_FOB_USD","G001","1985","672.505"
"BOL","XG_FOB_USD","G001","1986","640.34"
"BOL","XG_FOB_USD","G001","1987","569.793"
"BOL","XG_FOB_USD","G001","1988","600.301628"
"BOL","XG_FOB_USD","G001","1989","826.890211"
"BOL","XG_FOB_USD","G001","1990","922.94366"
"BOL","XG_FOB_USD","G001","1991","652.013506"
"BOL","XG_FOB_USD","G001","1992","797.8714429999999"
"BOL","XG_FOB_USD","G001","1993","803.851799"
"BOL","XG_FOB_USD","G001","1994","1122.709"
"BOL","XG_FOB_USD","G001","1995","1138.8428"
"BOL","XG_FOB_USD","G001","1996","1215.672768"
"BOL","XG_FOB_USD","G001","1997","1272.1"
"BOL","XG_FOB_USD","G001","1998","1324.876"
"BOL","XG_FOB_USD","G001","1999","1405.356"
"BOL","XG_FOB_USD","G001","2000","1474.889776"
"BOL","XG_FOB_USD","G001","2001","1352.883248"
"BOL","XG_FOB_USD","G001","2002","1374.526912"
"BOL","XG_FOB_USD","G001","2003","1676.281172"
"BOL","XG_FOB_USD","G001","2004","2272.45688"
"BOL","XG_FOB_USD","G001","2005","2956.741643"
"BOL","XG_FOB_USD","G001","2006","4088.3147"
"BOL","XG_FOB_USD","G001","2007","4795.410486"
"BOL","XG_FOB_USD","G001","2008","6932.929429"
"BOL","XG_FOB_USD","G001","2009","5399.575389"
"BOL","XG_FOB_USD","G001","2010","6966.051767"
"BOL","XG_FOB_USD","G001","2011","9145.763491"
"BOL","XG_FOB_USD","G001","2012","11814.578117"
"BOL","XG_FOB_USD","G001","2013","12251.725309"
"BOL","XG_FOB_USD","G001","2014","12899.06989"
"BOL","XG_FOB_USD","G001","2015","8737.099394"
"BOL","XG_FOB_USD","G001","2016","7126.324163"
"BOL","XG_FOB_USD","G001","2017","8223.138282"
"BOL","XG_FOB_USD","G001","2018","9014.703207"
"BOL","XG_FOB_USD","G001","2019","8804.872204"
"BOL","XG_FOB_USD","G163","1980","182.024"
"BOL","XG_FOB_USD","G163","1981","161.666"
"BOL","XG_FOB_USD","G163","1982","99.237"
"BOL","XG_FOB_USD","G163","1983","122.264"
"BOL","XG_FOB_USD","G163","1984","140.277"
"BOL","XG_FOB_USD","G163","1985","77.628"
"BOL","XG_FOB_USD","G163","1986","61.296"
"BOL","XG_FOB_USD","G163","1987","61.686"
"BOL","XG_FOB_USD","G163","1988","93.036956"
"BOL","XG_FOB_USD","G163","1989","142.632524"
"BOL","XG_FOB_USD","G163","1990","153.787824"
"BOL","XG_FOB_USD","G163","1991","102.046916"
"BOL","XG_FOB_USD","G163","1992","189.0468059999999"
"BOL","XG_FOB_USD","G163","1993","117.318591"
"BOL","XG_FOB_USD","G163","1994","139.801"
"BOL","XG_FOB_USD","G163","1995","151.937164"
"BOL","XG_FOB_USD","G163","1996","128.292062"
"BOL","XG_FOB_USD","G163","1997","157.944"
"BOL","XG_FOB_USD","G163","1998","112.167"
"BOL","XG_FOB_USD","G163","1999","107.6"
"BOL","XG_FOB_USD","G163","2000","83.353002"
"BOL","XG_FOB_USD","G163","2001","66.709305"
"BOL","XG_FOB_USD","G163","2002","63.779076"
"BOL","XG_FOB_USD","G163","2003","77.59344"
"BOL","XG_FOB_USD","G163","2004","107.722559"
"BOL","XG_FOB_USD","G163","2005","103.857231"
"BOL","XG_FOB_USD","G163","2006","163.098699"
"BOL","XG_FOB_USD","G163","2007","285.303304"
"BOL","XG_FOB_USD","G163","2008","341.906059"
"BOL","XG_FOB_USD","G163","2009","415.505913"
"BOL","XG_FOB_USD","G163","2010","587.141041"
"BOL","XG_FOB_USD","G163","2011","641.162178"
"BOL","XG_FOB_USD","G163","2012","559.007355"
"BOL","XG_FOB_USD","G163","2013","740.307548"
"BOL","XG_FOB_USD","G163","2014","652.864026"
"BOL","XG_FOB_USD","G163","2015","651.318201"
"BOL","XG_FOB_USD","G163","2016","671.469437"
"BOL","XG_FOB_USD","G163","2017","729.293806"
"BOL","XG_FOB_USD","G163","2018","732.423399"
"BOL","XG_FOB_USD","G163","2019","762.807737"
"BOL","MG_CIF_USD","G163","1980","133.3"
"BOL","MG_CIF_USD","G163","1981","126.805"
"BOL","MG_CIF_USD","G163","1982","61.23"
"BOL","MG_CIF_USD","G163","1983","67.151"
"BOL","MG_CIF_USD","G163","1984","54.677"
"BOL","MG_CIF_USD","G163","1985","95.407"
"BOL","MG_CIF_USD","G163","1986","87.379"
"BOL","MG_CIF_USD","G163","1987","105.792"
"BOL","MG_CIF_USD","G163","1988","63.757974"
"BOL","MG_CIF_USD","G163","1989","76.709161"
"BOL","MG_CIF_USD","G163","1990","91.899498"
"BOL","MG_CIF_USD","G163","1991","150.089078"
"BOL","MG_CIF_USD","G163","1992","183.695235"
"BOL","MG_CIF_USD","G163","1993","158.19892"
"BOL","MG_CIF_USD","G163","1994","119.7383"
"BOL","MG_CIF_USD","G163","1995","209.189914"
"BOL","MG_CIF_USD","G163","1996","189.146115"
"BOL","MG_CIF_USD","G163","1997","174.71968"
"BOL","MG_CIF_USD","G163","1998","187.36199"
"BOL","MG_CIF_USD","G163","1999","180.44801"
"BOL","MG_CIF_USD","G163","2000","189.565746"
"BOL","MG_CIF_USD","G163","2001","132.806685"
"BOL","MG_CIF_USD","G163","2002","124.014963"
"BOL","MG_CIF_USD","G163","2003","119.267636"
"BOL","MG_CIF_USD","G163","2004","125.705992"
"BOL","MG_CIF_USD","G163","2005","160.793761"
"BOL","MG_CIF_USD","G163","2006","196.922489"
"BOL","MG_CIF_USD","G163","2007","236.98957"
"BOL","MG_CIF_USD","G163","2008","299.903272"
"BOL","MG_CIF_USD","G163","2009","277.54481"
"BOL","MG_CIF_USD","G163","2010","403.068051"
"BOL","MG_CIF_USD","G163","2011","466.479314"
"BOL","MG_CIF_USD","G163","2012","631.245646"
"BOL","MG_CIF_USD","G163","2013","917.428936"
"BOL","MG_CIF_USD","G163","2014","1070.744134"
"BOL","MG_CIF_USD","G163","2015","950.231998"
"BOL","MG_CIF_USD","G163","2016","726.027226"
"BOL","MG_CIF_USD","G163","2017","784.56278"
"BOL","MG_CIF_USD","G163","2018","1031.88101"
"BOL","MG_CIF_USD","G163","2019","865.862334"
"GNQ","MG_CIF_USD","G001","1981","48.2405"
"GNQ","MG_CIF_USD","G001","1982","44.0308"
"GNQ","MG_CIF_USD","G001","1983","25.27379949452401"
"GNQ","MG_CIF_USD","G001","1984","34.58890074046204"
"GNQ","MG_CIF_USD","G001","1985","24.98906182777457"
"GNQ","MG_CIF_USD","G001","1986","31.40967612773735"
"GNQ","MG_CIF_USD","G001","1987","51.87593836773728"
"GNQ","MG_CIF_USD","G001","1988","85.30904421661485"
"GNQ","MG_CIF_USD","G001","1989","96.24139719238579"
"GNQ","MG_CIF_USD","G001","1990","101.8139953188936"
"GNQ","MG_CIF_USD","G001","1991","85.6550158392705"
"GNQ","MG_CIF_USD","G001","1992","62.38532476952938"
"GNQ","MG_CIF_USD","G001","1993","64.3582017137609"
"GNQ","MG_CIF_USD","G001","1994","65.03003384912336"
"GNQ","MG_CIF_USD","G001","1995","139.0037379359156"
"GNQ","MG_CIF_USD","G001","1996","156.9765200592392"
"GNQ","MG_CIF_USD","G001","1997","201.4142612813542"
"GNQ","MG_CIF_USD","G001","1998","275.2300457387025"
"GNQ","MG_CIF_USD","G001","1999","426.5988115886651"
"GNQ","MG_CIF_USD","G001","2000","304.059262"
"GNQ","MG_CIF_USD","G001","2001","318.168881"
"GNQ","MG_CIF_USD","G001","2002","433.35641"
"GNQ","MG_CIF_USD","G001","2003","1188.704617"
"GNQ","MG_CIF_USD","G001","2004","766.470086"
"GNQ","MG_CIF_USD","G001","2005","1126.31568"
"GNQ","MG_CIF_USD","G001","2006","1588.162937"
"GNQ","MG_CIF_USD","G001","2007","1512.570515"
"GNQ","MG_CIF_USD","G001","2008","1787.977251"
"GNQ","MG_CIF_USD","G001","2009","2072.914176"
"GNQ","MG_CIF_USD","G001","2010","2603.195158"
"GNQ","MG_CIF_USD","G001","2011","2640.842554"
"GNQ","MG_CIF_USD","G001","2012","2774.438517"
"GNQ","MG_CIF_USD","G001","2013","3846.379655"
"GNQ","MG_CIF_USD","G001","2014","3059.479411"
"GNQ","MG_CIF_USD","G001","2015","3110.426991"
"GNQ","MG_CIF_USD","G001","2016","1593.911191"
"GNQ","MG_CIF_USD","G001","2017","908.850961"
"GNQ","MG_CIF_USD","G001","2018","1126.855366"
"GNQ","MG_CIF_USD","G001","2019","1034.564133"
"GNQ","XG_FOB_USD","G001","1981","26.32818181818181"
"GNQ","XG_FOB_USD","G001","1982","33.37909090909089"
"GNQ","XG_FOB_USD","G001","1983","29.64999999999995"
"GNQ","XG_FOB_USD","G001","1984","36.49929896047129"
"GNQ","XG_FOB_USD","G001","1985","26.63227994915075"
"GNQ","XG_FOB_USD","G001","1986","35.88272727272725"
"GNQ","XG_FOB_USD","G001","1987","35.7163636363636"
"GNQ","XG_FOB_USD","G001","1988","43.98759197090486"
"GNQ","XG_FOB_USD","G001","1989","33.66629229318777"
"GNQ","XG_FOB_USD","G001","1990","34.78654993868868"
"GNQ","XG_FOB_USD","G001","1991","37.15965940943281"
"GNQ","XG_FOB_USD","G001","1992","43.08701225249257"
"GNQ","XG_FOB_USD","G001","1993","57.20717990694971"
"GNQ","XG_FOB_USD","G001","1994","54.02837305854777"
"GNQ","XG_FOB_USD","G001","1995","123.8179691736114"
"GNQ","XG_FOB_USD","G001","1996","179.9617210387462"
"GNQ","XG_FOB_USD","G001","1997","354.5121844235053"
"GNQ","XG_FOB_USD","G001","1998","410.5972120171652"
"GNQ","XG_FOB_USD","G001","1999","625.8148304135701"
"GNQ","XG_FOB_USD","G001","2000","1119.366403"
"GNQ","XG_FOB_USD","G001","2001","1614.324997"
"GNQ","XG_FOB_USD","G001","2002","1780.013996"
"GNQ","XG_FOB_USD","G001","2003","2725.578558"
"GNQ","XG_FOB_USD","G001","2004","4148.090573"
"GNQ","XG_FOB_USD","G001","2005","6484.623447"
"GNQ","XG_FOB_USD","G001","2006","7997.309923"
"GNQ","XG_FOB_USD","G001","2007","9019.990301"
"GNQ","XG_FOB_USD","G001","2008","15307.203316"
"GNQ","XG_FOB_USD","G001","2009","8748.903599"
"GNQ","XG_FOB_USD","G001","2010","9104.597436"
"GNQ","XG_FOB_USD","G001","2011","12716.180931"
"GNQ","XG_FOB_USD","G001","2012","14765.568053"
"GNQ","XG_FOB_USD","G001","2013","13797.178594"
"GNQ","XG_FOB_USD","G001","2014","12489.206437"
"GNQ","XG_FOB_USD","G001","2015","6566.411463"
"GNQ","XG_FOB_USD","G001","2016","4361.708051"
"GNQ","XG_FOB_USD","G001","2017","4885.574492"
"GNQ","XG_FOB_USD","G001","2018","6002.878019"
"GNQ","XG_FOB_USD","G001","2019","4800.214738"
"BOL","MG_CIF_USD","G001","1980","802.081"
"BOL","MG_CIF_USD","G001","1981","905.185"
"BOL","MG_CIF_USD","G001","1982","488.806"
"BOL","MG_CIF_USD","G001","1983","530.738"
"BOL","MG_CIF_USD","G001","1984","409.044"
"BOL","MG_CIF_USD","G001","1985","683.314"
"BOL","MG_CIF_USD","G001","1986","666.569"
"BOL","MG_CIF_USD","G001","1987","757.494"
"BOL","MG_CIF_USD","G001","1988","590.592713"
"BOL","MG_CIF_USD","G001","1989","619.951005"
"BOL","MG_CIF_USD","G001","1990","700.289854"
"BOL","MG_CIF_USD","G001","1991","993.784545"
"BOL","MG_CIF_USD","G001","1992","1131.941713"
"BOL","MG_CIF_USD","G001","1993","1177.65159"
"BOL","MG_CIF_USD","G001","1994","1200.52373"
"BOL","MG_CIF_USD","G001","1995","1449.057781"
"BOL","MG_CIF_USD","G001","1996","1657.101409"
"BOL","MG_CIF_USD","G001","1997","1934.28045"
"BOL","MG_CIF_USD","G001","1998","2461.5982"
"BOL","MG_CIF_USD","G001","1999","2107.01465"
"BOL","MG_CIF_USD","G001","2000","2019.971168"
"BOL","MG_CIF_USD","G001","2001","1706.958724"
"BOL","MG_CIF_USD","G001","2002","1831.721499"
"BOL","MG_CIF_USD","G001","2003","1687.647838"
"BOL","MG_CIF_USD","G001","2004","1883.953232"
"BOL","MG_CIF_USD","G001","2005","2343.289041"
"BOL","MG_CIF_USD","G001","2006","2925.549191"
"BOL","MG_CIF_USD","G001","2007","3587.839024"
"BOL","MG_CIF_USD","G001","2008","5099.361019"
"BOL","MG_CIF_USD","G001","2009","4577.379815"
"BOL","MG_CIF_USD","G001","2010","5603.866336"
"BOL","MG_CIF_USD","G001","2011","7935.681034"
"BOL","MG_CIF_USD","G001","2012","8590.036222"
"BOL","MG_CIF_USD","G001","2013","9698.959479"
"BOL","MG_CIF_USD","G001","2014","10673.961421"
"BOL","MG_CIF_USD","G001","2015","9843.070745"
"BOL","MG_CIF_USD","G001","2016","8563.810791"
"BOL","MG_CIF_USD","G001","2017","9373.688708"
"BOL","MG_CIF_USD","G001","2018","10000.674019"
"BOL","MG_CIF_USD","G001","2019","9823.098066"
"LSO","MG_CIF_USD","G163","2001","1.387926"
"LSO","MG_CIF_USD","G163","2002","4.937231"
"LSO","MG_CIF_USD","G163","2003","3.904686"
"LSO","MG_CIF_USD","G163","2004","27.831259"
"LSO","MG_CIF_USD","G163","2005","1.347634"
"LSO","MG_CIF_USD","G163","2006","5.386613"
"LSO","MG_CIF_USD","G163","2007","6.634763"
"LSO","MG_CIF_USD","G163","2008","11.630997"
"LSO","MG_CIF_USD","G163","2009","9.545732"
"LSO","MG_CIF_USD","G163","2010","10.045198"
"LSO","MG_CIF_USD","G163","2011","2.591004"
"LSO","MG_CIF_USD","G163","2012","6.416224"
"LSO","MG_CIF_USD","G163","2013","18.735888"
"LSO","MG_CIF_USD","G163","2014","11.009441"
"LSO","MG_CIF_USD","G163","2015","12.982952"
"LSO","MG_CIF_USD","G163","2016","17.701521"
"LSO","MG_CIF_USD","G163","2017","10.598355"
"LSO","MG_CIF_USD","G163","2018","9.969038"
"LSO","MG_CIF_USD","G163","2019","15.434919"
"BTN","XG_FOB_USD","G001","2000","17.06694"
"BTN","XG_FOB_USD","G001","2001","25.148603"
"BTN","XG_FOB_USD","G001","2002","19.509377"
"BTN","XG_FOB_USD","G001","2003","19.547679"
"BTN","XG_FOB_USD","G001","2004","54.332651"
"BTN","XG_FOB_USD","G001","2005","258.666454"
"BTN","XG_FOB_USD","G001","2006","414.246781"
"BTN","XG_FOB_USD","G001","2007","675.448731"
"BTN","XG_FOB_USD","G001","2008","522.054078"
"BTN","XG_FOB_USD","G001","2009","496.221063"
"BTN","XG_FOB_USD","G001","2010","413.756674"
"BTN","XG_FOB_USD","G001","2011","453.224901"
"BTN","XG_FOB_USD","G001","2012","302.080155"
"BTN","XG_FOB_USD","G001","2013","274.976834"
"BTN","XG_FOB_USD","G001","2014","321.584268"
"BTN","XG_FOB_USD","G001","2015","612.893072"
"BTN","XG_FOB_USD","G001","2016","331.250618"
"BTN","XG_FOB_USD","G001","2017","389.883186"
"BTN","XG_FOB_USD","G001","2018","451.24178"
"BTN","XG_FOB_USD","G001","2019","444.479104"
"MAR","MG_CIF_USD","G163","1980","2156.67"
"MAR","MG_CIF_USD","G163","1981","2004.85"
"MAR","MG_CIF_USD","G163","1982","2002.02"
"MAR","MG_CIF_USD","G163","1983","1531.37"
"MAR","MG_CIF_USD","G163","1984","1592.98"
"MAR","MG_CIF_USD","G163","1985","1745.23"
"MAR","MG_CIF_USD","G163","1986","1910.27"
"MAR","MG_CIF_USD","G163","1987","2104.92"
"MAR","MG_CIF_USD","G163","1988","2367.921526589233"
"MAR","MG_CIF_USD","G163","1989","2871.473003014781"
"MAR","MG_CIF_USD","G163","1990","3530.636920673836"
"MAR","MG_CIF_USD","G163","1991","3617.365733246812"
"MAR","MG_CIF_USD","G163","1992","3809.28096825908"
"MAR","MG_CIF_USD","G163","1993","3577.646"
"MAR","MG_CIF_USD","G163","1994","3713.617014109425"
"MAR","MG_CIF_USD","G163","1995","4254.536608717776"
"MAR","MG_CIF_USD","G163","1996","4109.502554294843"
"MAR","MG_CIF_USD","G163","1997","3732.905932966006"
"MAR","MG_CIF_USD","G163","1998","4209.522026283223"
"MAR","MG_CIF_USD","G163","1999","6937.890232920723"
"MAR","MG_CIF_USD","G163","2000","5494.718921"
"MAR","MG_CIF_USD","G163","2001","5336.790007"
"MAR","MG_CIF_USD","G163","2002","5612.130149"
"MAR","MG_CIF_USD","G163","2003","7271.147456"
"MAR","MG_CIF_USD","G163","2004","8641.496949"
"MAR","MG_CIF_USD","G163","2005","9439.718652"
"MAR","MG_CIF_USD","G163","2006","10518.811517"
"MAR","MG_CIF_USD","G163","2007","14033.5152"
"MAR","MG_CIF_USD","G163","2008","18345.83141"
"MAR","MG_CIF_USD","G163","2009","15414.090183"
"MAR","MG_CIF_USD","G163","2010","15831.821038"
"MAR","MG_CIF_USD","G163","2011","18346.392067"
"MAR","MG_CIF_USD","G163","2012","17840.568567"
"MAR","MG_CIF_USD","G163","2013","19757.885546"
"MAR","MG_CIF_USD","G163","2014","20566.807821"
"MAR","MG_CIF_USD","G163","2015","17166.931403"
"MAR","MG_CIF_USD","G163","2016","20405.693041"
"MAR","MG_CIF_USD","G163","2017","21991.713976"
"MAR","MG_CIF_USD","G163","2018","23857.783524"
"MAR","MG_CIF_USD","G163","2019","23865.453233"
"CIV","XG_FOB_USD","G163","1980","1997.84"
"CIV","XG_FOB_USD","G163","1981","1388"
"CIV","XG_FOB_USD","G163","1982","1190.13"
"CIV","XG_FOB_USD","G163","1983","1061"
"CIV","XG_FOB_USD","G163","1984","1441.990593997643"
"CIV","XG_FOB_USD","G163","1985","1755.446302121159"
"CIV","XG_FOB_USD","G163","1986","1838.367236933769"
"CIV","XG_FOB_USD","G163","1987","1666.222921591326"
"CIV","XG_FOB_USD","G163","1988","1487.501556307557"
"CIV","XG_FOB_USD","G163","1989","1641.477657888998"
"CIV","XG_FOB_USD","G163","1990","1400.49125158968"
"CIV","XG_FOB_USD","G163","1991","1453.573050484539"
"CIV","XG_FOB_USD","G163","1992","1528.583994111932"
"CIV","XG_FOB_USD","G163","1993","1441.327652547305"
"CIV","XG_FOB_USD","G163","1994","1614.493639938297"
"CIV","XG_FOB_USD","G163","1995","2167.803604801793"
"CIV","XG_FOB_USD","G163","1996","3012.667135955159"
"CIV","XG_FOB_USD","G163","1997","2095.892054550572"
"CIV","XG_FOB_USD","G163","1998","2118.925942576904"
"CIV","XG_FOB_USD","G163","1999","1825.772396976232"
"CIV","XG_FOB_USD","G163","2000","1532.909145"
"CIV","XG_FOB_USD","G163","2001","1612.777023"
"CIV","XG_FOB_USD","G163","2002","2335.761126"
"CIV","XG_FOB_USD","G163","2003","2841.136127"
"CIV","XG_FOB_USD","G163","2004","3174.414553"
"CIV","XG_FOB_USD","G163","2005","2819.57777"
"CIV","XG_FOB_USD","G163","2006","3516.68992"
"CIV","XG_FOB_USD","G163","2007","3616.006593"
"CIV","XG_FOB_USD","G163","2008","4320.615931"
"CIV","XG_FOB_USD","G163","2009","4581.250064"
"CIV","XG_FOB_USD","G163","2010","3913.213622"
"CIV","XG_FOB_USD","G163","2011","3859.898309"
"CIV","XG_FOB_USD","G163","2012","3431.209469"
"CIV","XG_FOB_USD","G163","2013","4109.459789"
"CIV","XG_FOB_USD","G163","2014","4063.142649"
"CIV","XG_FOB_USD","G163","2015","4424.695692"
"CIV","XG_FOB_USD","G163","2016","3928.93588"
"CIV","XG_FOB_USD","G163","2017","4639.674205"
"CIV","XG_FOB_USD","G163","2018","3842.262185"
"CIV","XG_FOB_USD","G163","2019","4454.881891"
"BGD","MG_CIF_USD","G163","1980","211.76"
"BGD","MG_CIF_USD","G163","1981","255.72"
"BGD","MG_CIF_USD","G163","1982","225.3"
"BGD","MG_CIF_USD","G163","1983","218.09"
"BGD","MG_CIF_USD","G163","1984","254.97"
"BGD","MG_CIF_USD","G163","1985","226.22"
"BGD","MG_CIF_USD","G163","1986","248.95"
"BGD","MG_CIF_USD","G163","1987","217.04"
"BGD","MG_CIF_USD","G163","1988","203.39"
"BGD","MG_CIF_USD","G163","1989","298.0349054849711"
"BGD","MG_CIF_USD","G163","1990","384.066296215081"
"BGD","MG_CIF_USD","G163","1991","317.9710826663096"
"BGD","MG_CIF_USD","G163","1992","274.8099646760803"
"BGD","MG_CIF_USD","G163","1993","329.192166198787"
"BGD","MG_CIF_USD","G163","1994","298.9425538193272"
"BGD","MG_CIF_USD","G163","1995","506.6745793880583"
"BGD","MG_CIF_USD","G163","1996","552.7770109377387"
"BGD","MG_CIF_USD","G163","1997","585.3257783719312"
"BGD","MG_CIF_USD","G163","1998","397.7928341736504"
"BGD","MG_CIF_USD","G163","1999","485.842609909302"
"BGD","MG_CIF_USD","G163","2000","534.00186"
"BGD","MG_CIF_USD","G163","2001","527.102188"
"BGD","MG_CIF_USD","G163","2002","462.889537"
"BGD","MG_CIF_USD","G163","2003","524.057638"
"BGD","MG_CIF_USD","G163","2004","604.802656"
"BGD","MG_CIF_USD","G163","2005","709.901905"
"BGD","MG_CIF_USD","G163","2006","922.927764"
"BGD","MG_CIF_USD","G163","2007","1091.812629"
"BGD","MG_CIF_USD","G163","2008","1365.374715"
"BGD","MG_CIF_USD","G163","2009","1288.775651"
"BGD","MG_CIF_USD","G163","2010","1335.449343"
"BGD","MG_CIF_USD","G163","2011","1787.688246"
"BGD","MG_CIF_USD","G163","2012","1425.896136"
"BGD","MG_CIF_USD","G163","2013","1577.280385"
"BGD","MG_CIF_USD","G163","2014","1741.3247"
"BGD","MG_CIF_USD","G163","2015","1988.318697"
"BGD","MG_CIF_USD","G163","2016","2186.697619"
"BGD","MG_CIF_USD","G163","2017","2470.430278"
"BGD","MG_CIF_USD","G163","2018","3061.862642"
"BGD","MG_CIF_USD","G163","2019","2856.982417"
"BGD","XG_FOB_USD","G163","1980","97.67"
"BGD","XG_FOB_USD","G163","1981","72.56"
"BGD","XG_FOB_USD","G163","1982","83.88"
"BGD","XG_FOB_USD","G163","1983","102.86"
"BGD","XG_FOB_USD","G163","1984","166.57"
"BGD","XG_FOB_USD","G163","1985","123.25"
"BGD","XG_FOB_USD","G163","1986","135.22"
"BGD","XG_FOB_USD","G163","1987","192.89"
"BGD","XG_FOB_USD","G163","1988","301.26"
"BGD","XG_FOB_USD","G163","1989","239.2012736287573"
"BGD","XG_FOB_USD","G163","1990","381.9583277833066"
"BGD","XG_FOB_USD","G163","1991","532.2447008959622"
"BGD","XG_FOB_USD","G163","1992","577.4915900616135"
"BGD","XG_FOB_USD","G163","1993","670.0379197826001"
"BGD","XG_FOB_USD","G163","1994","794.0615945829252"
"BGD","XG_FOB_USD","G163","1995","1004.487443322613"
"BGD","XG_FOB_USD","G163","1996","1126.261497720263"
"BGD","XG_FOB_USD","G163","1997","1082.326110090058"
"BGD","XG_FOB_USD","G163","1998","1319.069047074778"
"BGD","XG_FOB_USD","G163","1999","1352.110726022313"
"BGD","XG_FOB_USD","G163","2000","1657.832331"
"BGD","XG_FOB_USD","G163","2001","1741.49289"
"BGD","XG_FOB_USD","G163","2002","1658.638638"
"BGD","XG_FOB_USD","G163","2003","2146.166495"
"BGD","XG_FOB_USD","G163","2004","2788.370614"
"BGD","XG_FOB_USD","G163","2005","2951.251699"
"BGD","XG_FOB_USD","G163","2006","3889.934234"
"BGD","XG_FOB_USD","G163","2007","4479.635166"
"BGD","XG_FOB_USD","G163","2008","4957.684199"
"BGD","XG_FOB_USD","G163","2009","5223.659305"
"BGD","XG_FOB_USD","G163","2010","5694.100941"
"BGD","XG_FOB_USD","G163","2011","8242.866711"
"BGD","XG_FOB_USD","G163","2012","7172.704373"
"BGD","XG_FOB_USD","G163","2013","8397.805599"
"BGD","XG_FOB_USD","G163","2014","9636.656019"
"BGD","XG_FOB_USD","G163","2015","9709.231026"
"BGD","XG_FOB_USD","G163","2016","9866.377981"
"BGD","XG_FOB_USD","G163","2017","10515.375757"
"BGD","XG_FOB_USD","G163","2018","11370.108834"
"BGD","XG_FOB_USD","G163","2019","12009.399414"
"NAM","MG_CIF_USD","G001","2000","1417.369044"
"NAM","MG_CIF_USD","G001","2001","1486.567932"
"NAM","MG_CIF_USD","G001","2002","1290.845188"
"NAM","MG_CIF_USD","G001","2003","1385.793437"
"NAM","MG_CIF_USD","G001","2004","2419.770511"
"NAM","MG_CIF_USD","G001","2005","2521.149291"
"NAM","MG_CIF_USD","G001","2006","2795.300306"
"NAM","MG_CIF_USD","G001","2007","4018.777289"
"NAM","MG_CIF_USD","G001","2008","4674.492331"
"NAM","MG_CIF_USD","G001","2009","6189.933409"
"NAM","MG_CIF_USD","G001","2010","5954.096566"
"NAM","MG_CIF_USD","G001","2011","6436.346379"
"NAM","MG_CIF_USD","G001","2012","6940.345547"
"NAM","MG_CIF_USD","G001","2013","7313.004745"
"NAM","MG_CIF_USD","G001","2014","8312.887353"
"NAM","MG_CIF_USD","G001","2015","7642.512243"
"NAM","MG_CIF_USD","G001","2016","6546.175827"
"NAM","MG_CIF_USD","G001","2017","6661.810515"
"NAM","MG_CIF_USD","G001","2018","6718.536969"
"NAM","MG_CIF_USD","G001","2019","6005.551874"
"NAM","XG_FOB_USD","G001","2000","1315.917378"
"NAM","XG_FOB_USD","G001","2001","1358.961542"
"NAM","XG_FOB_USD","G001","2002","1270.008934"
"NAM","XG_FOB_USD","G001","2003","1284.023147"
"NAM","XG_FOB_USD","G001","2004","2544.009866"
"NAM","XG_FOB_USD","G001","2005","2724.416246"
"NAM","XG_FOB_USD","G001","2006","3373.92918"
"NAM","XG_FOB_USD","G001","2007","4036.148001"
"NAM","XG_FOB_USD","G001","2008","4705.992755"
"NAM","XG_FOB_USD","G001","2009","5735.552236"
"NAM","XG_FOB_USD","G001","2010","5565.728698"
"NAM","XG_FOB_USD","G001","2011","5635.743801"
"NAM","XG_FOB_USD","G001","2012","5131.617723"
"NAM","XG_FOB_USD","G001","2013","6083.065178"
"NAM","XG_FOB_USD","G001","2014","5740.572329"
"NAM","XG_FOB_USD","G001","2015","4485.965309"
"NAM","XG_FOB_USD","G001","2016","4517.623266"
"NAM","XG_FOB_USD","G001","2017","5181.196483"
"NAM","XG_FOB_USD","G001","2018","4932.196367"
"NAM","XG_FOB_USD","G001","2019","4389.387919"
"COG","XG_FOB_USD","G001","1980","958.7896876376298"
"COG","XG_FOB_USD","G001","1981","894.6511778549188"
"COG","XG_FOB_USD","G001","1982","1004.449461089019"
"COG","XG_FOB_USD","G001","1983","639.0531647334529"
"COG","XG_FOB_USD","G001","1984","1180.562552746156"
"COG","XG_FOB_USD","G001","1985","1086.020330579984"
"COG","XG_FOB_USD","G001","1986","772.8725315263176"
"COG","XG_FOB_USD","G001","1987","512.2890396999806"
"COG","XG_FOB_USD","G001","1988","746.2191588804659"
"COG","XG_FOB_USD","G001","1989","906.5482088302638"
"COG","XG_FOB_USD","G001","1990","1204.757758273499"
"COG","XG_FOB_USD","G001","1991","1107.119678080126"
"COG","XG_FOB_USD","G001","1992","1184.272083902116"
"COG","XG_FOB_USD","G001","1993","1095.727796686807"
"COG","XG_FOB_USD","G001","1994","929.2810126719075"
"COG","XG_FOB_USD","G001","1995","838.6245970009914"
"COG","XG_FOB_USD","G001","1996","1848.042522302839"
"COG","XG_FOB_USD","G001","1997","2258.785751737071"
"COG","XG_FOB_USD","G001","1998","1566.939366489609"
"COG","XG_FOB_USD","G001","1999","1716.295541329539"
"COG","XG_FOB_USD","G001","2000","2175.532274"
"COG","XG_FOB_USD","G001","2001","1319.157158"
"COG","XG_FOB_USD","G001","2002","2403.57012"
"COG","XG_FOB_USD","G001","2003","1739.11942"
"COG","XG_FOB_USD","G001","2004","4021.221739"
"COG","XG_FOB_USD","G001","2005","5476.114033"
"COG","XG_FOB_USD","G001","2006","7399.373163"
"COG","XG_FOB_USD","G001","2007","6266.574258"
"COG","XG_FOB_USD","G001","2008","9171.412361"
"COG","XG_FOB_USD","G001","2009","7839.277721"
"COG","XG_FOB_USD","G001","2010","6584.118087"
"COG","XG_FOB_USD","G001","2011","13694.502883"
"COG","XG_FOB_USD","G001","2012","7476.40772"
"COG","XG_FOB_USD","G001","2013","10478.782805"
"COG","XG_FOB_USD","G001","2014","7935.286967"
"COG","XG_FOB_USD","G001","2015","7907.099085"
"COG","XG_FOB_USD","G001","2016","6886.383992"
"COG","XG_FOB_USD","G001","2017","7799.610215"
"COG","XG_FOB_USD","G001","2018","11138.679365"
"COG","XG_FOB_USD","G001","2019","5577.683641"
"COG","MG_CIF_USD","G001","1980","426.9074304575773"
"COG","MG_CIF_USD","G001","1981","435.7789659801792"
"COG","MG_CIF_USD","G001","1982","684.3937249913989"
"COG","MG_CIF_USD","G001","1983","626.962"
"COG","MG_CIF_USD","G001","1984","595.4055035761086"
"COG","MG_CIF_USD","G001","1985","569.7676159464457"
"COG","MG_CIF_USD","G001","1986","568.2275357314309"
"COG","MG_CIF_USD","G001","1987","504.438384272514"
"COG","MG_CIF_USD","G001","1988","518.3048907926746"
"COG","MG_CIF_USD","G001","1989","472.8042350156804"
"COG","MG_CIF_USD","G001","1990","597.892436216101"
"COG","MG_CIF_USD","G001","1991","544.7723872046062"
"COG","MG_CIF_USD","G001","1992","662.3441348960719"
"COG","MG_CIF_USD","G001","1993","561.5609813889217"
"COG","MG_CIF_USD","G001","1994","399.1214048157032"
"COG","MG_CIF_USD","G001","1995","462.958650060378"
"COG","MG_CIF_USD","G001","1996","1614.730460625032"
"COG","MG_CIF_USD","G001","1997","926.626223607721"
"COG","MG_CIF_USD","G001","1998","1119.317677178536"
"COG","MG_CIF_USD","G001","1999","757.6733373791983"
"COG","MG_CIF_USD","G001","2000","656.379224"
"COG","MG_CIF_USD","G001","2001","718.137863"
"COG","MG_CIF_USD","G001","2002","817.519525"
"COG","MG_CIF_USD","G001","2003","1038.139204"
"COG","MG_CIF_USD","G001","2004","2234.699085"
"COG","MG_CIF_USD","G001","2005","2650.386029"
"COG","MG_CIF_USD","G001","2006","2929.400306"
"COG","MG_CIF_USD","G001","2007","3928.781037"
"COG","MG_CIF_USD","G001","2008","3538.023641"
"COG","MG_CIF_USD","G001","2009","4220.537988"
"COG","MG_CIF_USD","G001","2010","4152.960969"
"COG","MG_CIF_USD","G001","2011","6999.025748"
"COG","MG_CIF_USD","G001","2012","7348.591062"
"COG","MG_CIF_USD","G001","2013","8371.653909"
"COG","MG_CIF_USD","G001","2014","10099.01647"
"COG","MG_CIF_USD","G001","2015","10549.862834"
"COG","MG_CIF_USD","G001","2016","11271.108777"
"COG","MG_CIF_USD","G001","2017","4096.405892"
"COG","MG_CIF_USD","G001","2018","3413.581332"
"COG","MG_CIF_USD","G001","2019","2243.605687"
"NER","MG_CIF_USD","G001","1980","617.615"
"NER","MG_CIF_USD","G001","1981","534.625"
"NER","MG_CIF_USD","G001","1982","466.236"
"NER","MG_CIF_USD","G001","1983","323.599"
"NER","MG_CIF_USD","G001","1984","311.4745550000516"
"NER","MG_CIF_USD","G001","1985","368.6486553837446"
"NER","MG_CIF_USD","G001","1986","368.3419736444896"
"NER","MG_CIF_USD","G001","1987","310.7342389683928"
"NER","MG_CIF_USD","G001","1988","386.7607483322154"
"NER","MG_CIF_USD","G001","1989","363.0689238678956"
"NER","MG_CIF_USD","G001","1990","388.7796170606208"
"NER","MG_CIF_USD","G001","1991","355.3085616486197"
"NER","MG_CIF_USD","G001","1992","306.3449633500693"
"NER","MG_CIF_USD","G001","1993","308.6354141649376"
"NER","MG_CIF_USD","G001","1994","225.2718699583223"
"NER","MG_CIF_USD","G001","1995","299.6583626000924"
"NER","MG_CIF_USD","G001","1996","289.415104373817"
"NER","MG_CIF_USD","G001","1997","294.4954937534852"
"NER","MG_CIF_USD","G001","1998","362.6042148222838"
"NER","MG_CIF_USD","G001","1999","315.3325868392812"
"NER","MG_CIF_USD","G001","2000","769.54374"
"NER","MG_CIF_USD","G001","2001","321.810299"
"NER","MG_CIF_USD","G001","2002","395.359092"
"NER","MG_CIF_USD","G001","2003","490.770071"
"NER","MG_CIF_USD","G001","2004","532.550225"
"NER","MG_CIF_USD","G001","2005","728.283285"
"NER","MG_CIF_USD","G001","2006","845.515642"
"NER","MG_CIF_USD","G001","2007","943.069755"
"NER","MG_CIF_USD","G001","2008","1191.994601"
"NER","MG_CIF_USD","G001","2009","1601.43718"
"NER","MG_CIF_USD","G001","2010","2260.561426"
"NER","MG_CIF_USD","G001","2011","1910.014633"
"NER","MG_CIF_USD","G001","2012","1678.749748"
"NER","MG_CIF_USD","G001","2013","1701.703277"
"NER","MG_CIF_USD","G001","2014","2058.704632"
"NER","MG_CIF_USD","G001","2015","2442.937659"
"NER","MG_CIF_USD","G001","2016","1493.941826"
"NER","MG_CIF_USD","G001","2017","1733.758074"
"NER","MG_CIF_USD","G001","2018","2562.595508"
"NER","MG_CIF_USD","G001","2019","2761.773251"
"NER","XG_FOB_USD","G001","1980","566.509"
"NER","XG_FOB_USD","G001","1981","464.338"
"NER","XG_FOB_USD","G001","1982","332.08"
"NER","XG_FOB_USD","G001","1983","298.893"
"NER","XG_FOB_USD","G001","1984","279.4889523865056"
"NER","XG_FOB_USD","G001","1985","209.0257943621018"
"NER","XG_FOB_USD","G001","1986","316.6131413718364"
"NER","XG_FOB_USD","G001","1987","312.3180728826318"
"NER","XG_FOB_USD","G001","1988","288.5395801279455"
"NER","XG_FOB_USD","G001","1989","243.5986779176162"
"NER","XG_FOB_USD","G001","1990","282.5888745219892"
"NER","XG_FOB_USD","G001","1991","277.7174097962062"
"NER","XG_FOB_USD","G001","1992","271.0133060283062"
"NER","XG_FOB_USD","G001","1993","220.8589853589607"
"NER","XG_FOB_USD","G001","1994","187.8874599156674"
"NER","XG_FOB_USD","G001","1995","192.7763266532368"
"NER","XG_FOB_USD","G001","1996","219.4261885144461"
"NER","XG_FOB_USD","G001","1997","192.2680978573833"
"NER","XG_FOB_USD","G001","1998","206.1371882289686"
"NER","XG_FOB_USD","G001","1999","178.6895486555284"
"NER","XG_FOB_USD","G001","2000","196.711882"
"NER","XG_FOB_USD","G001","2001","162.730859"
"NER","XG_FOB_USD","G001","2002","168.859899"
"NER","XG_FOB_USD","G001","2003","200.992684"
"NER","XG_FOB_USD","G001","2004","222.756782"
"NER","XG_FOB_USD","G001","2005","348.57597"
"NER","XG_FOB_USD","G001","2006","325.971348"
"NER","XG_FOB_USD","G001","2007","485.789184"
"NER","XG_FOB_USD","G001","2008","748.195792"
"NER","XG_FOB_USD","G001","2009","619.77342"
"NER","XG_FOB_USD","G001","2010","470.248377"
"NER","XG_FOB_USD","G001","2011","1075.447751"
"NER","XG_FOB_USD","G001","2012","1375.396962"
"NER","XG_FOB_USD","G001","2013","1335.430198"
"NER","XG_FOB_USD","G001","2014","983.969146"
"NER","XG_FOB_USD","G001","2015","787.733807"
"NER","XG_FOB_USD","G001","2016","664.804064"
"NER","XG_FOB_USD","G001","2017","871.112287"
"NER","XG_FOB_USD","G001","2018","889.257062"
"NER","XG_FOB_USD","G001","2019","696.337563"
"KNA","XG_FOB_USD","G163","1986","0.0363636363636364"
"KNA","XG_FOB_USD","G163","1987","0.6000000000000005"
"KNA","XG_FOB_USD","G163","1988","0.5242401975192528"
"KNA","XG_FOB_USD","G163","1989","0.1507632673481057"
"KNA","XG_FOB_USD","G163","1990","0.7196201141198103"
"KNA","XG_FOB_USD","G163","1991","0.3777380678364769"
"KNA","XG_FOB_USD","G163","1992","3.81746333833572"
"KNA","XG_FOB_USD","G163","1993","0.3315347373299428"
"KNA","XG_FOB_USD","G163","1994","0.2660058811773014"
"KNA","XG_FOB_USD","G163","1995","0.4144189140851362"
"KNA","XG_FOB_USD","G163","1996","6.349312073588116"
"KNA","XG_FOB_USD","G163","1997","1.108644616261695"
"KNA","XG_FOB_USD","G163","1998","2.71531219855409"
"KNA","XG_FOB_USD","G163","1999","0.1111422222222222"
"KNA","XG_FOB_USD","G163","2000","19.123837"
"KNA","XG_FOB_USD","G163","2001","0.054218"
"KNA","XG_FOB_USD","G163","2002","0.11187"
"KNA","XG_FOB_USD","G163","2003","0.175603"
"KNA","XG_FOB_USD","G163","2004","0.133056"
"KNA","XG_FOB_USD","G163","2005","0.580657"
"KNA","XG_FOB_USD","G163","2006","0.47142"
"KNA","XG_FOB_USD","G163","2007","2.1323"
"KNA","XG_FOB_USD","G163","2008","0.830271"
"KNA","XG_FOB_USD","G163","2009","0.322617"
"KNA","XG_FOB_USD","G163","2010","0.351568"
"KNA","XG_FOB_USD","G163","2011","0.754079"
"KNA","XG_FOB_USD","G163","2012","0.552985"
"KNA","XG_FOB_USD","G163","2013","2.079042"
"KNA","XG_FOB_USD","G163","2014","0.615422"
"KNA","XG_FOB_USD","G163","2015","0.774409"
"KNA","XG_FOB_USD","G163","2016","0.82605"
"KNA","XG_FOB_USD","G163","2017","0.492924"
"KNA","XG_FOB_USD","G163","2018","12.652509"
"KNA","XG_FOB_USD","G163","2019","3.297068"
"GAB","XG_FOB_USD","G001","1980","2189.292"
"GAB","XG_FOB_USD","G001","1981","1699.615"
"GAB","XG_FOB_USD","G001","1982","1564.892"
"GAB","XG_FOB_USD","G001","1983","1474.87"
"GAB","XG_FOB_USD","G001","1984","1795.248"
"GAB","XG_FOB_USD","G001","1985","1997.424531979957"
"GAB","XG_FOB_USD","G001","1986","1262.589114608766"
"GAB","XG_FOB_USD","G001","1987","1280.812022344794"
"GAB","XG_FOB_USD","G001","1988","1206.238046568586"
"GAB","XG_FOB_USD","G001","1989","1530.305603178688"
"GAB","XG_FOB_USD","G001","1990","2481.863139056041"
"GAB","XG_FOB_USD","G001","1991","2518.523486937967"
"GAB","XG_FOB_USD","G001","1992","2285.62994588494"
"GAB","XG_FOB_USD","G001","1993","2194.914723833771"
"GAB","XG_FOB_USD","G001","1994","2391.038361"
"GAB","XG_FOB_USD","G001","1995","2649.59164839841"
"GAB","XG_FOB_USD","G001","1996","3145.606"
"GAB","XG_FOB_USD","G001","1997","3478.65623288285"
"GAB","XG_FOB_USD","G001","1998","2498.954623350907"
"GAB","XG_FOB_USD","G001","1999","3362.620080342613"
"GAB","XG_FOB_USD","G001","2000","2599.672118"
"GAB","XG_FOB_USD","G001","2001","2518.766756"
"GAB","XG_FOB_USD","G001","2002","2409.764749"
"GAB","XG_FOB_USD","G001","2003","2799.569971"
"GAB","XG_FOB_USD","G001","2004","2448.443322"
"GAB","XG_FOB_USD","G001","2005","5068.600926"
"GAB","XG_FOB_USD","G001","2006","6015.410475"
"GAB","XG_FOB_USD","G001","2007","6302.030344"
"GAB","XG_FOB_USD","G001","2008","9566.0765"
"GAB","XG_FOB_USD","G001","2009","5356.408198"
"GAB","XG_FOB_USD","G001","2010","8686.312804"
"GAB","XG_FOB_USD","G001","2011","5204.402691"
"GAB","XG_FOB_USD","G001","2012","12128.955097"
"GAB","XG_FOB_USD","G001","2013","13039.39151"
"GAB","XG_FOB_USD","G001","2014","13913.9562"
"GAB","XG_FOB_USD","G001","2015","10653.601152"
"GAB","XG_FOB_USD","G001","2016","9503.953185"
"GAB","XG_FOB_USD","G001","2017","5771.229866"
"GAB","XG_FOB_USD","G001","2018","8583.928146"
"GAB","XG_FOB_USD","G001","2019","7713.6455"
"CIV","MG_CIF_USD","G163","1980","1691.35"
"CIV","MG_CIF_USD","G163","1981","1155.08"
"CIV","MG_CIF_USD","G163","1982","1040.28"
"CIV","MG_CIF_USD","G163","1983","987.35"
"CIV","MG_CIF_USD","G163","1984","784.1034693506892"
"CIV","MG_CIF_USD","G163","1985","891.8770399726406"
"CIV","MG_CIF_USD","G163","1986","1100.932584634672"
"CIV","MG_CIF_USD","G163","1987","1210.243385069703"
"CIV","MG_CIF_USD","G163","1988","1149.311237729653"
"CIV","MG_CIF_USD","G163","1989","1091.941270896545"
"CIV","MG_CIF_USD","G163","1990","991.2006280674534"
"CIV","MG_CIF_USD","G163","1991","991.8438409802324"
"CIV","MG_CIF_USD","G163","1992","1194.227177055119"
"CIV","MG_CIF_USD","G163","1993","960.582872497753"
"CIV","MG_CIF_USD","G163","1994","935.0929054857199"
"CIV","MG_CIF_USD","G163","1995","1522.579187999411"
"CIV","MG_CIF_USD","G163","1996","1302.127855487168"
"CIV","MG_CIF_USD","G163","1997","1305.794060988587"
"CIV","MG_CIF_USD","G163","1998","1507.615331189228"
"CIV","MG_CIF_USD","G163","1999","1386.237182540497"
"CIV","MG_CIF_USD","G163","2000","974.342846"
"CIV","MG_CIF_USD","G163","2001","1020.578997"
"CIV","MG_CIF_USD","G163","2002","1048.501677"
"CIV","MG_CIF_USD","G163","2003","1697.757908"
"CIV","MG_CIF_USD","G163","2004","2113.630508"
"CIV","MG_CIF_USD","G163","2005","2209.484224"
"CIV","MG_CIF_USD","G163","2006","2091.286396"
"CIV","MG_CIF_USD","G163","2007","2159.741599"
"CIV","MG_CIF_USD","G163","2008","1925.647836"
"CIV","MG_CIF_USD","G163","2009","1869.284957"
"CIV","MG_CIF_USD","G163","2010","1832.848563"
"CIV","MG_CIF_USD","G163","2011","1591.011123"
"CIV","MG_CIF_USD","G163","2012","2161.146695"
"CIV","MG_CIF_USD","G163","2013","2598.389457"
"CIV","MG_CIF_USD","G163","2014","2640.824968"
"CIV","MG_CIF_USD","G163","2015","2643.154872"
"CIV","MG_CIF_USD","G163","2016","2462.087963"
"CIV","MG_CIF_USD","G163","2017","3278.303252"
"CIV","MG_CIF_USD","G163","2018","2861.140519"
"CIV","MG_CIF_USD","G163","2019","2554.63214"
"CIV","XG_FOB_USD","G001","1980","3131.62"
"CIV","XG_FOB_USD","G001","1981","2526.52"
"CIV","XG_FOB_USD","G001","1982","2268.57"
"CIV","XG_FOB_USD","G001","1983","2088.81"
"CIV","XG_FOB_USD","G001","1984","2824.116036435018"
"CIV","XG_FOB_USD","G001","1985","3134.0026499291"
"CIV","XG_FOB_USD","G001","1986","3351.249321707407"
"CIV","XG_FOB_USD","G001","1987","3103.155063532444"
"CIV","XG_FOB_USD","G001","1988","2774.806423318453"
"CIV","XG_FOB_USD","G001","1989","2806.724511080607"
"CIV","XG_FOB_USD","G001","1990","2812.621952059355"
"CIV","XG_FOB_USD","G001","1991","2777.17438502038"
"CIV","XG_FOB_USD","G001","1992","2989.601568594623"
"CIV","XG_FOB_USD","G001","1993","2662.273706029918"
"CIV","XG_FOB_USD","G001","1994","2828.678914465945"
"CIV","XG_FOB_USD","G001","1995","3728.190956395246"
"CIV","XG_FOB_USD","G001","1996","4995.892590478983"
"CIV","XG_FOB_USD","G001","1997","4150.068711389203"
"CIV","XG_FOB_USD","G001","1998","4692.093149529244"
"CIV","XG_FOB_USD","G001","1999","4209.437086083574"
"CIV","XG_FOB_USD","G001","2000","3580.705129"
"CIV","XG_FOB_USD","G001","2001","3648.55028"
"CIV","XG_FOB_USD","G001","2002","4979.558914"
"CIV","XG_FOB_USD","G001","2003","5499.965755"
"CIV","XG_FOB_USD","G001","2004","6583.216558"
"CIV","XG_FOB_USD","G001","2005","7242.876391"
"CIV","XG_FOB_USD","G001","2006","8131.977878"
"CIV","XG_FOB_USD","G001","2007","8060.756505"
"CIV","XG_FOB_USD","G001","2008","9858.191792"
"CIV","XG_FOB_USD","G001","2009","10305.862858"
"CIV","XG_FOB_USD","G001","2010","10272.419538"
"CIV","XG_FOB_USD","G001","2011","11076.310021"
"CIV","XG_FOB_USD","G001","2012","10861.723947"
"CIV","XG_FOB_USD","G001","2013","13750.094933"
"CIV","XG_FOB_USD","G001","2014","12801.806659"
"CIV","XG_FOB_USD","G001","2015","12602.099972"
"CIV","XG_FOB_USD","G001","2016","10827.227624"
"CIV","XG_FOB_USD","G001","2017","12448.538506"
"CIV","XG_FOB_USD","G001","2018","11748.88202"
"CIV","XG_FOB_USD","G001","2019","12661.853657"
"CIV","MG_CIF_USD","G001","1980","2975.41"
"CIV","MG_CIF_USD","G001","1981","2394.46"
"CIV","MG_CIF_USD","G001","1982","2182.07"
"CIV","MG_CIF_USD","G001","1983","1844.75"
"CIV","MG_CIF_USD","G001","1984","1577.034950395924"
"CIV","MG_CIF_USD","G001","1985","1759.503562818634"
"CIV","MG_CIF_USD","G001","1986","2047.489505264513"
"CIV","MG_CIF_USD","G001","1987","2242.331394663692"
"CIV","MG_CIF_USD","G001","1988","2081.544640496452"
"CIV","MG_CIF_USD","G001","1989","2111.044033766229"
"CIV","MG_CIF_USD","G001","1990","2097.580012028779"
"CIV","MG_CIF_USD","G001","1991","2103.330463736357"
"CIV","MG_CIF_USD","G001","1992","2409.557079920531"
"CIV","MG_CIF_USD","G001","1993","2087.938455161792"
"CIV","MG_CIF_USD","G001","1994","1960.569916891109"
"CIV","MG_CIF_USD","G001","1995","3037.715634957573"
"CIV","MG_CIF_USD","G001","1996","2908.835862353059"
"CIV","MG_CIF_USD","G001","1997","2756.123716949121"
"CIV","MG_CIF_USD","G001","1998","3279.391050817484"
"CIV","MG_CIF_USD","G001","1999","3046.881979492235"
"CIV","MG_CIF_USD","G001","2000","2493.152157"
"CIV","MG_CIF_USD","G001","2001","2549.400611"
"CIV","MG_CIF_USD","G001","2002","2586.845807"
"CIV","MG_CIF_USD","G001","2003","3553.950617"
"CIV","MG_CIF_USD","G001","2004","4710.697893"
"CIV","MG_CIF_USD","G001","2005","5863.561778"
"CIV","MG_CIF_USD","G001","2006","5814.91349"
"CIV","MG_CIF_USD","G001","2007","6683.335507"
"CIV","MG_CIF_USD","G001","2008","7903.374573"
"CIV","MG_CIF_USD","G001","2009","7000.638802"
"CIV","MG_CIF_USD","G001","2010","7871.818145"
"CIV","MG_CIF_USD","G001","2011","6702.404556"
"CIV","MG_CIF_USD","G001","2012","9969.730914"
"CIV","MG_CIF_USD","G001","2013","12721.280043"
"CIV","MG_CIF_USD","G001","2014","11069.565669"
"CIV","MG_CIF_USD","G001","2015","10260.938058"
"CIV","MG_CIF_USD","G001","2016","8710.799442"
"CIV","MG_CIF_USD","G001","2017","9725.927109"
"CIV","MG_CIF_USD","G001","2018","11057.323375"
"CIV","MG_CIF_USD","G001","2019","10409.363094"
"GAB","MG_CIF_USD","G001","1980","673.621"
"GAB","MG_CIF_USD","G001","1981","839.475"
"GAB","MG_CIF_USD","G001","1982","798.543"
"GAB","MG_CIF_USD","G001","1983","685.62"
"GAB","MG_CIF_USD","G001","1984","791.405"
"GAB","MG_CIF_USD","G001","1985","957.0312414105705"
"GAB","MG_CIF_USD","G001","1986","900.9802692295399"
"GAB","MG_CIF_USD","G001","1987","787.2169877766512"
"GAB","MG_CIF_USD","G001","1988","928.231359295047"
"GAB","MG_CIF_USD","G001","1989","819.4799164387154"
"GAB","MG_CIF_USD","G001","1990","846.4580272846247"
"GAB","MG_CIF_USD","G001","1991","1086.068296072592"
"GAB","MG_CIF_USD","G001","1992","968.7191467842964"
"GAB","MG_CIF_USD","G001","1993","917.6951292908855"
"GAB","MG_CIF_USD","G001","1994","707.514483"
"GAB","MG_CIF_USD","G001","1995","929.8230705623943"
"GAB","MG_CIF_USD","G001","1996","898.13"
"GAB","MG_CIF_USD","G001","1997","1232.924621622605"
"GAB","MG_CIF_USD","G001","1998","1094.55718684"
"GAB","MG_CIF_USD","G001","1999","1564.278417960527"
"GAB","MG_CIF_USD","G001","2000","947.489632"
"GAB","MG_CIF_USD","G001","2001","1001.065589"
"GAB","MG_CIF_USD","G001","2002","744.375702"
"GAB","MG_CIF_USD","G001","2003","833.582792"
"GAB","MG_CIF_USD","G001","2004","966.557124"
"GAB","MG_CIF_USD","G001","2005","1451.027275"
"GAB","MG_CIF_USD","G001","2006","1725.73532"
"GAB","MG_CIF_USD","G001","2007","2110.233066"
"GAB","MG_CIF_USD","G001","2008","2563.071461"
"GAB","MG_CIF_USD","G001","2009","2500.862228"
"GAB","MG_CIF_USD","G001","2010","2985.676682"
"GAB","MG_CIF_USD","G001","2011","2827.492925"
"GAB","MG_CIF_USD","G001","2012","5463.48606"
"GAB","MG_CIF_USD","G001","2013","6457.659081"
"GAB","MG_CIF_USD","G001","2014","9515.903793"
"GAB","MG_CIF_USD","G001","2015","6080.314494"
"GAB","MG_CIF_USD","G001","2016","6129.265207"
"GAB","MG_CIF_USD","G001","2017","3811.981042"
"GAB","MG_CIF_USD","G001","2018","3461.956072"
"GAB","MG_CIF_USD","G001","2019","3842.555754"
"PAN","XG_FOB_USD","G163","1980","44.723"
"PAN","XG_FOB_USD","G163","1981","56.048"
"PAN","XG_FOB_USD","G163","1982","41.796"
"PAN","XG_FOB_USD","G163","1983","42.188"
"PAN","XG_FOB_USD","G163","1984","42.36"
"PAN","XG_FOB_USD","G163","1985","42.916"
"PAN","XG_FOB_USD","G163","1986","47.192"
"PAN","XG_FOB_USD","G163","1987","48.747"
"PAN","XG_FOB_USD","G163","1988","60.732"
"PAN","XG_FOB_USD","G163","1989","76.039208"
"PAN","XG_FOB_USD","G163","1990","94.521717"
"PAN","XG_FOB_USD","G163","1991","91.851663"
"PAN","XG_FOB_USD","G163","1992","185.093649"
"PAN","XG_FOB_USD","G163","1993","142.608752"
"PAN","XG_FOB_USD","G163","1994","123.841782"
"PAN","XG_FOB_USD","G163","1995","511.6534895574466"
"PAN","XG_FOB_USD","G163","1996","587.3009874231929"
"PAN","XG_FOB_USD","G163","1997","91.73317099999999"
"PAN","XG_FOB_USD","G163","1998","139.324799"
"PAN","XG_FOB_USD","G163","1999","151.346611"
"PAN","XG_FOB_USD","G163","2000","69.051028"
"PAN","XG_FOB_USD","G163","2001","93.754429"
"PAN","XG_FOB_USD","G163","2002","81.335418"
"PAN","XG_FOB_USD","G163","2003","107.880261"
"PAN","XG_FOB_USD","G163","2004","129.327615"
"PAN","XG_FOB_USD","G163","2005","171.229924"
"PAN","XG_FOB_USD","G163","2006","200.241959"
"PAN","XG_FOB_USD","G163","2007","206.052676"
"PAN","XG_FOB_USD","G163","2008","219.227714"
"PAN","XG_FOB_USD","G163","2009","133.490922"
"PAN","XG_FOB_USD","G163","2010","98.077332"
"PAN","XG_FOB_USD","G163","2011","94.991294"
"PAN","XG_FOB_USD","G163","2012","113.281042"
"PAN","XG_FOB_USD","G163","2013","160.329043"
"PAN","XG_FOB_USD","G163","2014","185.827496"
"PAN","XG_FOB_USD","G163","2015","174.564987"
"PAN","XG_FOB_USD","G163","2016","159.349508"
"PAN","XG_FOB_USD","G163","2017","163.071017"
"PAN","XG_FOB_USD","G163","2018","171.725036"
"PAN","XG_FOB_USD","G163","2019","198.004854"
"PAN","MG_CIF_USD","G163","1980","86.113"
"PAN","MG_CIF_USD","G163","1981","96.634"
"PAN","MG_CIF_USD","G163","1982","105.348"
"PAN","MG_CIF_USD","G163","1983","107.945"
"PAN","MG_CIF_USD","G163","1984","99.441"
"PAN","MG_CIF_USD","G163","1985","100.357"
"PAN","MG_CIF_USD","G163","1986","100.239"
"PAN","MG_CIF_USD","G163","1987","107.018"
"PAN","MG_CIF_USD","G163","1988","54.06"
"PAN","MG_CIF_USD","G163","1989","74.927151"
"PAN","MG_CIF_USD","G163","1990","90.662356"
"PAN","MG_CIF_USD","G163","1991","103.890596"
"PAN","MG_CIF_USD","G163","1992","109.647883"
"PAN","MG_CIF_USD","G163","1993","137.705953"
"PAN","MG_CIF_USD","G163","1994","176.182308"
"PAN","MG_CIF_USD","G163","1995","174.217449"
"PAN","MG_CIF_USD","G163","1996","162.133623"
"PAN","MG_CIF_USD","G163","1997","195.4255990000001"
"PAN","MG_CIF_USD","G163","1998","188.37146"
"PAN","MG_CIF_USD","G163","1999","249.62236"
"PAN","MG_CIF_USD","G163","2000","261.959037"
"PAN","MG_CIF_USD","G163","2001","197.89941"
"PAN","MG_CIF_USD","G163","2002","155.936116"
"PAN","MG_CIF_USD","G163","2003","167.33242"
"PAN","MG_CIF_USD","G163","2004","166.27799"
"PAN","MG_CIF_USD","G163","2005","217.272438"
"PAN","MG_CIF_USD","G163","2006","219.98609"
"PAN","MG_CIF_USD","G163","2007","376.239783"
"PAN","MG_CIF_USD","G163","2008","444.744555"
"PAN","MG_CIF_USD","G163","2009","399.708058"
"PAN","MG_CIF_USD","G163","2010","506.960139"
"PAN","MG_CIF_USD","G163","2011","708.461477"
"PAN","MG_CIF_USD","G163","2012","914.116464"
"PAN","MG_CIF_USD","G163","2013","1237.027969"
"PAN","MG_CIF_USD","G163","2014","1335.173317"
"PAN","MG_CIF_USD","G163","2015","1258.323164"
"PAN","MG_CIF_USD","G163","2016","1132.961784"
"PAN","MG_CIF_USD","G163","2017","1176.305379"
"PAN","MG_CIF_USD","G163","2018","1128.862354"
"PAN","MG_CIF_USD","G163","2019","1258.760733"
"COG","MG_CIF_USD","G163","1980","265.1464001949974"
"COG","MG_CIF_USD","G163","1981","320.9769486618052"
"COG","MG_CIF_USD","G163","1982","503.0279514936991"
"COG","MG_CIF_USD","G163","1983","474.987"
"COG","MG_CIF_USD","G163","1984","414.9166120654742"
"COG","MG_CIF_USD","G163","1985","398.8576177607885"
"COG","MG_CIF_USD","G163","1986","418.3652396553611"
"COG","MG_CIF_USD","G163","1987","358.2848943205528"
"COG","MG_CIF_USD","G163","1988","366.9913392358773"
"COG","MG_CIF_USD","G163","1989","355.3852121883398"
"COG","MG_CIF_USD","G163","1990","370.5989170171749"
"COG","MG_CIF_USD","G163","1991","335.7593537129454"
"COG","MG_CIF_USD","G163","1992","362.1496151706206"
"COG","MG_CIF_USD","G163","1993","347.1116657112044"
"COG","MG_CIF_USD","G163","1994","203.3809164010742"
"COG","MG_CIF_USD","G163","1995","249.6212297649047"
"COG","MG_CIF_USD","G163","1996","1246.47825641483"
"COG","MG_CIF_USD","G163","1997","462.2669595404996"
"COG","MG_CIF_USD","G163","1998","506.4742531471495"
"COG","MG_CIF_USD","G163","1999","319.1012626197"
"COG","MG_CIF_USD","G163","2000","292.892717"
"COG","MG_CIF_USD","G163","2001","346.333267"
"COG","MG_CIF_USD","G163","2002","372.007411"
"COG","MG_CIF_USD","G163","2003","624.695989"
"COG","MG_CIF_USD","G163","2004","509.859288"
"COG","MG_CIF_USD","G163","2005","585.283303"
"COG","MG_CIF_USD","G163","2006","683.193926"
"COG","MG_CIF_USD","G163","2007","842.051428"
"COG","MG_CIF_USD","G163","2008","1158.74047"
"COG","MG_CIF_USD","G163","2009","1106.867128"
"COG","MG_CIF_USD","G163","2010","1084.169898"
"COG","MG_CIF_USD","G163","2011","1150.180886"
"COG","MG_CIF_USD","G163","2012","1573.028562"
"COG","MG_CIF_USD","G163","2013","2187.002061"
"COG","MG_CIF_USD","G163","2014","2902.100401"
"COG","MG_CIF_USD","G163","2015","2179.266723"
"COG","MG_CIF_USD","G163","2016","1764.312181"
"COG","MG_CIF_USD","G163","2017","1092.986403"
"COG","MG_CIF_USD","G163","2018","968.18752"
"COG","MG_CIF_USD","G163","2019","799.651804"
"BRB","MG_CIF_USD","G163","1980","28.443"
"BRB","MG_CIF_USD","G163","1981","27.931"
"BRB","MG_CIF_USD","G163","1982","34.398"
"BRB","MG_CIF_USD","G163","1983","49.556"
"BRB","MG_CIF_USD","G163","1984","34.143"
"BRB","MG_CIF_USD","G163","1985","44.581"
"BRB","MG_CIF_USD","G163","1986","57.802"
"BRB","MG_CIF_USD","G163","1987","44.956"
"BRB","MG_CIF_USD","G163","1988","45.628"
"BRB","MG_CIF_USD","G163","1989","55.75711828170835"
"BRB","MG_CIF_USD","G163","1990","49.64965097200819"
"BRB","MG_CIF_USD","G163","1991","46.814173"
"BRB","MG_CIF_USD","G163","1992","37.697"
"BRB","MG_CIF_USD","G163","1993","40.961"
"BRB","MG_CIF_USD","G163","1994","39.181957"
"BRB","MG_CIF_USD","G163","1995","54.05719693571321"
"BRB","MG_CIF_USD","G163","1996","52.76157211753593"
"BRB","MG_CIF_USD","G163","1997","60.7895445"
"BRB","MG_CIF_USD","G163","1998","69.6116365"
"BRB","MG_CIF_USD","G163","1999","68.058449"
"BRB","MG_CIF_USD","G163","2000","73.400574"
"BRB","MG_CIF_USD","G163","2001","73.202852"
"BRB","MG_CIF_USD","G163","2002","79.2246"
"BRB","MG_CIF_USD","G163","2003","88.701987"
"BRB","MG_CIF_USD","G163","2004","99.834318"
"BRB","MG_CIF_USD","G163","2005","95.65231"
"BRB","MG_CIF_USD","G163","2006","99.204569"
"BRB","MG_CIF_USD","G163","2007","94.289344"
"BRB","MG_CIF_USD","G163","2008","110.826865"
"BRB","MG_CIF_USD","G163","2009","83.43342"
"BRB","MG_CIF_USD","G163","2010","90.862214"
"BRB","MG_CIF_USD","G163","2011","116.468186"
"BRB","MG_CIF_USD","G163","2012","105.124028"
"BRB","MG_CIF_USD","G163","2013","104.115591"
"BRB","MG_CIF_USD","G163","2014","110.574586"
"BRB","MG_CIF_USD","G163","2015","129.735509"
"BRB","MG_CIF_USD","G163","2016","141.518599"
"BRB","MG_CIF_USD","G163","2017","111.747718"
"BRB","MG_CIF_USD","G163","2018","108.915591"
"BRB","MG_CIF_USD","G163","2019","201.883261"
"BRB","XG_FOB_USD","G163","1980","16.841"
"BRB","XG_FOB_USD","G163","1981","7.821"
"BRB","XG_FOB_USD","G163","1982","3.449"
"BRB","XG_FOB_USD","G163","1983","3.216"
"BRB","XG_FOB_USD","G163","1984","4.128"
"BRB","XG_FOB_USD","G163","1985","4.177"
"BRB","XG_FOB_USD","G163","1986","16.796"
"BRB","XG_FOB_USD","G163","1987","2.238"
"BRB","XG_FOB_USD","G163","1988","4.924"
"BRB","XG_FOB_USD","G163","1989","4.790183463431607"
"BRB","XG_FOB_USD","G163","1990","3.000525033560382"
"BRB","XG_FOB_USD","G163","1991","13.667"
"BRB","XG_FOB_USD","G163","1992","5.77908392233878"
"BRB","XG_FOB_USD","G163","1993","2.118"
"BRB","XG_FOB_USD","G163","1994","11.10379858695754"
"BRB","XG_FOB_USD","G163","1995","8.669124306592741"
"BRB","XG_FOB_USD","G163","1996","5.117435986675281"
"BRB","XG_FOB_USD","G163","1997","7.530712"
"BRB","XG_FOB_USD","G163","1998","8.0132225"
"BRB","XG_FOB_USD","G163","1999","8.436494"
"BRB","XG_FOB_USD","G163","2000","7.931184"
"BRB","XG_FOB_USD","G163","2001","9.584971"
"BRB","XG_FOB_USD","G163","2002","11.307974"
"BRB","XG_FOB_USD","G163","2003","6.311986"
"BRB","XG_FOB_USD","G163","2004","8.106908"
"BRB","XG_FOB_USD","G163","2005","11.086663"
"BRB","XG_FOB_USD","G163","2006","11.169936"
"BRB","XG_FOB_USD","G163","2007","10.525244"
"BRB","XG_FOB_USD","G163","2008","11.296958"
"BRB","XG_FOB_USD","G163","2009","9.899926"
"BRB","XG_FOB_USD","G163","2010","10.310179"
"BRB","XG_FOB_USD","G163","2011","11.635688"
"BRB","XG_FOB_USD","G163","2012","13.033326"
"BRB","XG_FOB_USD","G163","2013","21.70339"
"BRB","XG_FOB_USD","G163","2014","20.665097"
"BRB","XG_FOB_USD","G163","2015","17.515331"
"BRB","XG_FOB_USD","G163","2016","18.274958"
"BRB","XG_FOB_USD","G163","2017","18.044928"
"BRB","XG_FOB_USD","G163","2018","15.401131"
"BRB","XG_FOB_USD","G163","2019","13.936764"
"GAB","MG_CIF_USD","G163","1980","505.766"
"GAB","MG_CIF_USD","G163","1981","573.018"
"GAB","MG_CIF_USD","G163","1982","529.24"
"GAB","MG_CIF_USD","G163","1983","487.193"
"GAB","MG_CIF_USD","G163","1984","534.548"
"GAB","MG_CIF_USD","G163","1985","608.883"
"GAB","MG_CIF_USD","G163","1986","654.83"
"GAB","MG_CIF_USD","G163","1987","517.869"
"GAB","MG_CIF_USD","G163","1988","603.0163441243064"
"GAB","MG_CIF_USD","G163","1989","548.778529729701"
"GAB","MG_CIF_USD","G163","1990","558.84852263014"
"GAB","MG_CIF_USD","G163","1991","569.8981997056051"
"GAB","MG_CIF_USD","G163","1992","600.3104955727043"
"GAB","MG_CIF_USD","G163","1993","560.0143789556041"
"GAB","MG_CIF_USD","G163","1994","430.138485"
"GAB","MG_CIF_USD","G163","1995","561.0135771667185"
"GAB","MG_CIF_USD","G163","1996","564.553"
"GAB","MG_CIF_USD","G163","1997","688.9886498279275"
"GAB","MG_CIF_USD","G163","1998","670.7790966374247"
"GAB","MG_CIF_USD","G163","1999","1273.542818134264"
"GAB","MG_CIF_USD","G163","2000","594.201263"
"GAB","MG_CIF_USD","G163","2001","598.723169"
"GAB","MG_CIF_USD","G163","2002","655.575847"
"GAB","MG_CIF_USD","G163","2003","479.750156"
"GAB","MG_CIF_USD","G163","2004","610.388482"
"GAB","MG_CIF_USD","G163","2005","893.575778"
"GAB","MG_CIF_USD","G163","2006","1101.919721"
"GAB","MG_CIF_USD","G163","2007","1313.145226"
"GAB","MG_CIF_USD","G163","2008","1514.261986"
"GAB","MG_CIF_USD","G163","2009","1548.368585"
"GAB","MG_CIF_USD","G163","2010","1633.617517"
"GAB","MG_CIF_USD","G163","2011","1483.263093"
"GAB","MG_CIF_USD","G163","2012","1841.691151"
"GAB","MG_CIF_USD","G163","2013","2028.398793"
"GAB","MG_CIF_USD","G163","2014","1764.197786"
"GAB","MG_CIF_USD","G163","2015","1417.544077"
"GAB","MG_CIF_USD","G163","2016","1194.118463"
"GAB","MG_CIF_USD","G163","2017","1032.198747"
"GAB","MG_CIF_USD","G163","2018","913.417044"
"GAB","MG_CIF_USD","G163","2019","915.861823"
"BGD","MG_CIF_USD","G001","1980","2610.56"
"BGD","MG_CIF_USD","G001","1981","2651.37"
"BGD","MG_CIF_USD","G001","1982","2418.48"
"BGD","MG_CIF_USD","G001","1983","2291.08"
"BGD","MG_CIF_USD","G001","1984","2692.78"
"BGD","MG_CIF_USD","G001","1985","2526.17"
"BGD","MG_CIF_USD","G001","1986","2550.35"
"BGD","MG_CIF_USD","G001","1987","2730.31"
"BGD","MG_CIF_USD","G001","1988","3034.05"
"BGD","MG_CIF_USD","G001","1989","3617.636758599323"
"BGD","MG_CIF_USD","G001","1990","3656.091237244867"
"BGD","MG_CIF_USD","G001","1991","3421.020534819196"
"BGD","MG_CIF_USD","G001","1992","3730.840747691127"
"BGD","MG_CIF_USD","G001","1993","4014.526982354017"
"BGD","MG_CIF_USD","G001","1994","4583.959903748675"
"BGD","MG_CIF_USD","G001","1995","6496.050749553386"
"BGD","MG_CIF_USD","G001","1996","6934.925230676266"
"BGD","MG_CIF_USD","G001","1997","6996.10112402082"
"BGD","MG_CIF_USD","G001","1998","7370.225603668355"
"BGD","MG_CIF_USD","G001","1999","8352.443081525247"
"BGD","MG_CIF_USD","G001","2000","8870.597438"
"BGD","MG_CIF_USD","G001","2001","8926.73888"
"BGD","MG_CIF_USD","G001","2002","7810.937837"
"BGD","MG_CIF_USD","G001","2003","9854.854933"
"BGD","MG_CIF_USD","G001","2004","11583.985602"
"BGD","MG_CIF_USD","G001","2005","13534.491574"
"BGD","MG_CIF_USD","G001","2006","15866.012541"
"BGD","MG_CIF_USD","G001","2007","18477.579595"
"BGD","MG_CIF_USD","G001","2008","23841.34023"
"BGD","MG_CIF_USD","G001","2009","21821.112852"
"BGD","MG_CIF_USD","G001","2010","27631.816693"
"BGD","MG_CIF_USD","G001","2011","36012.375001"
"BGD","MG_CIF_USD","G001","2012","34046.224295"
"BGD","MG_CIF_USD","G001","2013","37250.712747"
"BGD","MG_CIF_USD","G001","2014","41635.060877"
"BGD","MG_CIF_USD","G001","2015","39168.522998"
"BGD","MG_CIF_USD","G001","2016","40966.288551"
"BGD","MG_CIF_USD","G001","2017","47751.479297"
"BGD","MG_CIF_USD","G001","2018","55318.925399"
"BGD","MG_CIF_USD","G001","2019","55095.294473"
"BGD","XG_FOB_USD","G001","1980","790.17"
"BGD","XG_FOB_USD","G001","1981","791.35"
"BGD","XG_FOB_USD","G001","1982","768.06"
"BGD","XG_FOB_USD","G001","1983","724.46"
"BGD","XG_FOB_USD","G001","1984","931.44"
"BGD","XG_FOB_USD","G001","1985","998.89"
"BGD","XG_FOB_USD","G001","1986","888.91"
"BGD","XG_FOB_USD","G001","1987","1076.8"
"BGD","XG_FOB_USD","G001","1988","1291.13"
"BGD","XG_FOB_USD","G001","1989","1304.840247908274"
"BGD","XG_FOB_USD","G001","1990","1670.504965498273"
"BGD","XG_FOB_USD","G001","1991","1687.510929622039"
"BGD","XG_FOB_USD","G001","1992","2037.46681501871"
"BGD","XG_FOB_USD","G001","1993","2277.308414884131"
"BGD","XG_FOB_USD","G001","1994","2649.708023038422"
"BGD","XG_FOB_USD","G001","1995","3129.160835936328"
"BGD","XG_FOB_USD","G001","1996","3297.161477592411"
"BGD","XG_FOB_USD","G001","1997","3627.563896935494"
"BGD","XG_FOB_USD","G001","1998","3821.91423278295"
"BGD","XG_FOB_USD","G001","1999","4520.113779146196"
"BGD","XG_FOB_USD","G001","2000","5589.577566"
"BGD","XG_FOB_USD","G001","2001","5735.614032"
"BGD","XG_FOB_USD","G001","2002","5443.255632"
"BGD","XG_FOB_USD","G001","2003","6229.390315"
"BGD","XG_FOB_USD","G001","2004","7585.600645"
"BGD","XG_FOB_USD","G001","2005","8494.401616"
"BGD","XG_FOB_USD","G001","2006","10843.246613"
"BGD","XG_FOB_USD","G001","2007","12279.900818"
"BGD","XG_FOB_USD","G001","2008","13627.575917"
"BGD","XG_FOB_USD","G001","2009","14377.479196"
"BGD","XG_FOB_USD","G001","2010","16496.638896"
"BGD","XG_FOB_USD","G001","2011","23099.859726"
"BGD","XG_FOB_USD","G001","2012","22250.716483"
"BGD","XG_FOB_USD","G001","2013","25912.792542"
"BGD","XG_FOB_USD","G001","2014","28433.668588"
"BGD","XG_FOB_USD","G001","2015","29924.446174"
"BGD","XG_FOB_USD","G001","2016","30195.060276"
"BGD","XG_FOB_USD","G001","2017","31392.75403"
"BGD","XG_FOB_USD","G001","2018","33775.434143"
"BGD","XG_FOB_USD","G001","2019","35919.388107"
"BFA","MG_CIF_USD","G163","1980","191.392"
"BFA","MG_CIF_USD","G163","1981","161.778"
"BFA","MG_CIF_USD","G163","1982","160.468"
"BFA","MG_CIF_USD","G163","1983","117.4"
"BFA","MG_CIF_USD","G163","1984","93.87465528490503"
"BFA","MG_CIF_USD","G163","1985","121.276873979047"
"BFA","MG_CIF_USD","G163","1986","187.1300673419711"
"BFA","MG_CIF_USD","G163","1987","207.9754881912143"
"BFA","MG_CIF_USD","G163","1988","222.919758880746"
"BFA","MG_CIF_USD","G163","1989","177.4035842986765"
"BFA","MG_CIF_USD","G163","1990","228.9360959731147"
"BFA","MG_CIF_USD","G163","1991","158.7943059194692"
"BFA","MG_CIF_USD","G163","1992","194.3845407599573"
"BFA","MG_CIF_USD","G163","1993","180.1082652325268"
"BFA","MG_CIF_USD","G163","1994","145.3629824686219"
"BFA","MG_CIF_USD","G163","1995","204.4232750490456"
"BFA","MG_CIF_USD","G163","1996","256.5316773690063"
"BFA","MG_CIF_USD","G163","1997","233.6776820240957"
"BFA","MG_CIF_USD","G163","1998","288.1266908766174"
"BFA","MG_CIF_USD","G163","1999","245.5190499731471"
"BFA","MG_CIF_USD","G163","2000","178.39864"
"BFA","MG_CIF_USD","G163","2001","183.72855"
"BFA","MG_CIF_USD","G163","2002","189.866339"
"BFA","MG_CIF_USD","G163","2003","225.794269"
"BFA","MG_CIF_USD","G163","2004","277.309508"
"BFA","MG_CIF_USD","G163","2005","300.94007"
"BFA","MG_CIF_USD","G163","2006","318.935658"
"BFA","MG_CIF_USD","G163","2007","384.918602"
"BFA","MG_CIF_USD","G163","2008","451.461208"
"BFA","MG_CIF_USD","G163","2009","617.848382"
"BFA","MG_CIF_USD","G163","2010","564.515462"
"BFA","MG_CIF_USD","G163","2011","716.67612"
"BFA","MG_CIF_USD","G163","2012","777.151511"
"BFA","MG_CIF_USD","G163","2013","1216.473702"
"BFA","MG_CIF_USD","G163","2014","998.775905"
"BFA","MG_CIF_USD","G163","2015","919.048951"
"BFA","MG_CIF_USD","G163","2016","759.152179"
"BFA","MG_CIF_USD","G163","2017","1053.476865"
"BFA","MG_CIF_USD","G163","2018","931.139979"
"BFA","MG_CIF_USD","G163","2019","881.846208"
"BEN","MG_CIF_USD","G001","1980","329.884"
"BEN","MG_CIF_USD","G001","1981","541.065"
"BEN","MG_CIF_USD","G001","1982","474.241"
"BEN","MG_CIF_USD","G001","1983","316.8534085771701"
"BEN","MG_CIF_USD","G001","1984","300.5712660686981"
"BEN","MG_CIF_USD","G001","1985","339.1634600130187"
"BEN","MG_CIF_USD","G001","1986","383.0125455553937"
"BEN","MG_CIF_USD","G001","1987","346.6413414946932"
"BEN","MG_CIF_USD","G001","1988","326.5334140981178"
"BEN","MG_CIF_USD","G001","1989","207.3071648095589"
"BEN","MG_CIF_USD","G001","1990","265.1564668451091"
"BEN","MG_CIF_USD","G001","1991","241.2463407645479"
"BEN","MG_CIF_USD","G001","1992","441.8778577240087"
"BEN","MG_CIF_USD","G001","1993","345.2068871374478"
"BEN","MG_CIF_USD","G001","1994","351.75816544902"
"BEN","MG_CIF_USD","G001","1995","637.3904070354603"
"BEN","MG_CIF_USD","G001","1996","559.1936398692681"
"BEN","MG_CIF_USD","G001","1997","602.8696629608382"
"BEN","MG_CIF_USD","G001","1998","639.5209172422614"
"BEN","MG_CIF_USD","G001","1999","843.2285722665067"
"BEN","MG_CIF_USD","G001","2000","559.893238"
"BEN","MG_CIF_USD","G001","2001","617.329993"
"BEN","MG_CIF_USD","G001","2002","714.612522"
"BEN","MG_CIF_USD","G001","2003","885.957385"
"BEN","MG_CIF_USD","G001","2004","896.663607"
"BEN","MG_CIF_USD","G001","2005","887.751543"
"BEN","MG_CIF_USD","G001","2006","1002.682657"
"BEN","MG_CIF_USD","G001","2007","1586.170791"
"BEN","MG_CIF_USD","G001","2008","1708.081957"
"BEN","MG_CIF_USD","G001","2009","1542.435959"
"BEN","MG_CIF_USD","G001","2010","2118.148437"
"BEN","MG_CIF_USD","G001","2011","1905.666366"
"BEN","MG_CIF_USD","G001","2012","2356.644863"
"BEN","MG_CIF_USD","G001","2013","3024.054823"
"BEN","MG_CIF_USD","G001","2014","3882.813196"
"BEN","MG_CIF_USD","G001","2015","2545.507444"
"BEN","MG_CIF_USD","G001","2016","2557.840817"
"BEN","MG_CIF_USD","G001","2017","3228.681563"
"BEN","MG_CIF_USD","G001","2018","3348.840303"
"BEN","MG_CIF_USD","G001","2019","2941.206952"
"BEN","MG_CIF_USD","G163","1980","149.806"
"BEN","MG_CIF_USD","G163","1981","236.22"
"BEN","MG_CIF_USD","G163","1982","222.74"
"BEN","MG_CIF_USD","G163","1983","140.2019561432795"
"BEN","MG_CIF_USD","G163","1984","129.2902015082137"
"BEN","MG_CIF_USD","G163","1985","139.5958364980441"
"BEN","MG_CIF_USD","G163","1986","164.5083627009461"
"BEN","MG_CIF_USD","G163","1987","129.1827779587818"
"BEN","MG_CIF_USD","G163","1988","107.3057142017787"
"BEN","MG_CIF_USD","G163","1989","76.06253988613101"
"BEN","MG_CIF_USD","G163","1990","77.69016991795645"
"BEN","MG_CIF_USD","G163","1991","109.4234728692247"
"BEN","MG_CIF_USD","G163","1992","197.4265884769007"
"BEN","MG_CIF_USD","G163","1993","163.2072156702096"
"BEN","MG_CIF_USD","G163","1994","174.0793994651951"
"BEN","MG_CIF_USD","G163","1995","293.0623285766358"
"BEN","MG_CIF_USD","G163","1996","234.7833631364391"
"BEN","MG_CIF_USD","G163","1997","276.4709056933293"
"BEN","MG_CIF_USD","G163","1998","285.8874356699651"
"BEN","MG_CIF_USD","G163","1999","364.4556055822835"
"BEN","MG_CIF_USD","G163","2000","253.125577"
"BEN","MG_CIF_USD","G163","2001","248.89253"
"BEN","MG_CIF_USD","G163","2002","277.102106"
"BEN","MG_CIF_USD","G163","2003","345.320856"
"BEN","MG_CIF_USD","G163","2004","286.324618"
"BEN","MG_CIF_USD","G163","2005","325.333424"
"BEN","MG_CIF_USD","G163","2006","284.329717"
"BEN","MG_CIF_USD","G163","2007","465.005013"
"BEN","MG_CIF_USD","G163","2008","534.008792"
"BEN","MG_CIF_USD","G163","2009","530.564799"
"BEN","MG_CIF_USD","G163","2010","679.57024"
"BEN","MG_CIF_USD","G163","2011","651.352674"
"BEN","MG_CIF_USD","G163","2012","702.165256"
"BEN","MG_CIF_USD","G163","2013","793.019745"
"BEN","MG_CIF_USD","G163","2014","889.280215"
"BEN","MG_CIF_USD","G163","2015","739.459126"
"BEN","MG_CIF_USD","G163","2016","632.018614"
"BEN","MG_CIF_USD","G163","2017","679.931499"
"BEN","MG_CIF_USD","G163","2018","663.333283"
"BEN","MG_CIF_USD","G163","2019","601.348216"
"BFA","XG_FOB_USD","G001","1980","90.231"
"BFA","XG_FOB_USD","G001","1981","73.304"
"BFA","XG_FOB_USD","G001","1982","55.111"
"BFA","XG_FOB_USD","G001","1983","56.972"
"BFA","XG_FOB_USD","G001","1984","79.94013366367998"
"BFA","XG_FOB_USD","G001","1985","69.35163003698575"
"BFA","XG_FOB_USD","G001","1986","82.77395500829593"
"BFA","XG_FOB_USD","G001","1987","155.0333086089411"
"BFA","XG_FOB_USD","G001","1988","140.8340129792552"
"BFA","XG_FOB_USD","G001","1989","94.88504043144299"
"BFA","XG_FOB_USD","G001","1990","151.6250327118465"
"BFA","XG_FOB_USD","G001","1991","105.9591701695876"
"BFA","XG_FOB_USD","G001","1992","75.68188739756991"
"BFA","XG_FOB_USD","G001","1993","62.52461137493063"
"BFA","XG_FOB_USD","G001","1994","106.6646866154723"
"BFA","XG_FOB_USD","G001","1995","164.3133698254979"
"BFA","XG_FOB_USD","G001","1996","188.7026105348966"
"BFA","XG_FOB_USD","G001","1997","194.1225398604573"
"BFA","XG_FOB_USD","G001","1998","241.8753072511107"
"BFA","XG_FOB_USD","G001","1999","179.3019049129804"
"BFA","XG_FOB_USD","G001","2000","146.980267"
"BFA","XG_FOB_USD","G001","2001","164.493377"
"BFA","XG_FOB_USD","G001","2002","160.262615"
"BFA","XG_FOB_USD","G001","2003","310.361667"
"BFA","XG_FOB_USD","G001","2004","387.694141"
"BFA","XG_FOB_USD","G001","2005","280.066248"
"BFA","XG_FOB_USD","G001","2006","365.8413"
"BFA","XG_FOB_USD","G001","2007","415.731209"
"BFA","XG_FOB_USD","G001","2008","462.364639"
"BFA","XG_FOB_USD","G001","2009","983.302224"
"BFA","XG_FOB_USD","G001","2010","1357.917149"
"BFA","XG_FOB_USD","G001","2011","2426.984355"
"BFA","XG_FOB_USD","G001","2012","2269.841037"
"BFA","XG_FOB_USD","G001","2013","2501.358666"
"BFA","XG_FOB_USD","G001","2014","2603.577422"
"BFA","XG_FOB_USD","G001","2015","2216.983325"
"BFA","XG_FOB_USD","G001","2016","2520.012399"
"BFA","XG_FOB_USD","G001","2017","2909.370176"
"BFA","XG_FOB_USD","G001","2018","3254.98407"
"BFA","XG_FOB_USD","G001","2019","3239.480567"
"SWZ","MG_CIF_USD","G163","2000","8.206437"
"SWZ","MG_CIF_USD","G163","2001","50.863607"
"SWZ","MG_CIF_USD","G163","2002","27.195306"
"SWZ","MG_CIF_USD","G163","2003","18.19205"
"SWZ","MG_CIF_USD","G163","2004","47.296091"
"SWZ","MG_CIF_USD","G163","2005","13.089842"
"SWZ","MG_CIF_USD","G163","2006","45.221158"
"SWZ","MG_CIF_USD","G163","2007","23.255089"
"SWZ","MG_CIF_USD","G163","2008","9.725817"
"SWZ","MG_CIF_USD","G163","2009","21.829099"
"SWZ","MG_CIF_USD","G163","2010","22.818678"
"SWZ","MG_CIF_USD","G163","2011","45.583508"
"SWZ","MG_CIF_USD","G163","2012","39.843942"
"SWZ","MG_CIF_USD","G163","2013","27.935702"
"SWZ","MG_CIF_USD","G163","2014","25.631707"
"SWZ","MG_CIF_USD","G163","2015","54.614289"
"SWZ","MG_CIF_USD","G163","2016","73.033373"
"SWZ","MG_CIF_USD","G163","2017","53.894794"
"SWZ","MG_CIF_USD","G163","2018","65.613564"
"SWZ","MG_CIF_USD","G163","2019","70.088486"
"BFA","MG_CIF_USD","G001","1980","357.115"
"BFA","MG_CIF_USD","G001","1981","335.319"
"BFA","MG_CIF_USD","G001","1982","346.907"
"BFA","MG_CIF_USD","G001","1983","287.35"
"BFA","MG_CIF_USD","G001","1984","257.7373869964697"
"BFA","MG_CIF_USD","G001","1985","324.78207279124"
"BFA","MG_CIF_USD","G001","1986","403.2663924218925"
"BFA","MG_CIF_USD","G001","1987","434.464601371164"
"BFA","MG_CIF_USD","G001","1988","453.0982761008519"
"BFA","MG_CIF_USD","G001","1989","393.1260669499242"
"BFA","MG_CIF_USD","G001","1990","535.7856122969001"
"BFA","MG_CIF_USD","G001","1991","533.4905208671383"
"BFA","MG_CIF_USD","G001","1992","499.7032331047615"
"BFA","MG_CIF_USD","G001","1993","430.5029787974432"
"BFA","MG_CIF_USD","G001","1994","348.8754756130402"
"BFA","MG_CIF_USD","G001","1995","480.8469427670035"
"BFA","MG_CIF_USD","G001","1996","603.0655199427558"
"BFA","MG_CIF_USD","G001","1997","529.8712055988203"
"BFA","MG_CIF_USD","G001","1998","778.1502503756707"
"BFA","MG_CIF_USD","G001","1999","601.8925670621284"
"BFA","MG_CIF_USD","G001","2000","475.429318"
"BFA","MG_CIF_USD","G001","2001","533.200891"
"BFA","MG_CIF_USD","G001","2002","531.860371"
"BFA","MG_CIF_USD","G001","2003","715.057969"
"BFA","MG_CIF_USD","G001","2004","932.986032"
"BFA","MG_CIF_USD","G001","2005","1051.303284"
"BFA","MG_CIF_USD","G001","2006","1234.436807"
"BFA","MG_CIF_USD","G001","2007","1529.414981"
"BFA","MG_CIF_USD","G001","2008","1965.936286"
"BFA","MG_CIF_USD","G001","2009","2224.233974"
"BFA","MG_CIF_USD","G001","2010","2275.798826"
"BFA","MG_CIF_USD","G001","2011","2775.515394"
"BFA","MG_CIF_USD","G001","2012","3554.285102"
"BFA","MG_CIF_USD","G001","2013","4356.071296"
"BFA","MG_CIF_USD","G001","2014","3585.921941"
"BFA","MG_CIF_USD","G001","2015","3069.148481"
"BFA","MG_CIF_USD","G001","2016","3342.727106"
"BFA","MG_CIF_USD","G001","2017","3943.250651"
"BFA","MG_CIF_USD","G001","2018","4315.725756"
"BFA","MG_CIF_USD","G001","2019","4187.891126"
"CPV","MG_CIF_USD","G163","1980","47.2"
"CPV","MG_CIF_USD","G163","1981","48.9"
"CPV","MG_CIF_USD","G163","1982","53.3"
"CPV","MG_CIF_USD","G163","1983","53.9"
"CPV","MG_CIF_USD","G163","1984","47.8"
"CPV","MG_CIF_USD","G163","1985","48.9"
"CPV","MG_CIF_USD","G163","1986","55.88376888116222"
"CPV","MG_CIF_USD","G163","1987","60.34340735289044"
"CPV","MG_CIF_USD","G163","1988","66.20459985430327"
"CPV","MG_CIF_USD","G163","1989","63.66275994216323"
"CPV","MG_CIF_USD","G163","1990","102.0613572165956"
"CPV","MG_CIF_USD","G163","1991","102.1759816699696"
"CPV","MG_CIF_USD","G163","1992","116.4336787447993"
"CPV","MG_CIF_USD","G163","1993","112.4034682864011"
"CPV","MG_CIF_USD","G163","1994","174.5891348577122"
"CPV","MG_CIF_USD","G163","1995","196.7669133965916"
"CPV","MG_CIF_USD","G163","1996","204.1434253477869"
"CPV","MG_CIF_USD","G163","1997","151.7521661360141"
"CPV","MG_CIF_USD","G163","1998","164.3485113210914"
"CPV","MG_CIF_USD","G163","1999","181.1354625121711"
"CPV","MG_CIF_USD","G163","2000","166.829918"
"CPV","MG_CIF_USD","G163","2001","177.823366"
"CPV","MG_CIF_USD","G163","2002","198.624816"
"CPV","MG_CIF_USD","G163","2003","232.598955"
"CPV","MG_CIF_USD","G163","2004","256.397175"
"CPV","MG_CIF_USD","G163","2005","286.14758"
"CPV","MG_CIF_USD","G163","2006","366.505815"
"CPV","MG_CIF_USD","G163","2007","558.348169"
"CPV","MG_CIF_USD","G163","2008","632.427343"
"CPV","MG_CIF_USD","G163","2009","537.65517"
"CPV","MG_CIF_USD","G163","2010","555.722223"
"CPV","MG_CIF_USD","G163","2011","745.037574"
"CPV","MG_CIF_USD","G163","2012","530.623343"
"CPV","MG_CIF_USD","G163","2013","555.679644"
"CPV","MG_CIF_USD","G163","2014","588.658221"
"CPV","MG_CIF_USD","G163","2015","433.0696"
"CPV","MG_CIF_USD","G163","2016","501.939191"
"CPV","MG_CIF_USD","G163","2017","602.121407"
"CPV","MG_CIF_USD","G163","2018","626.065505"
"CPV","MG_CIF_USD","G163","2019","1132.138458"
"CPV","MG_CIF_USD","G001","1980","68.3"
"CPV","MG_CIF_USD","G001","1981","71"
"CPV","MG_CIF_USD","G001","1982","72"
"CPV","MG_CIF_USD","G001","1983","79.4"
"CPV","MG_CIF_USD","G001","1984","70.5"
"CPV","MG_CIF_USD","G001","1985","81.3"
"CPV","MG_CIF_USD","G001","1986","80.55782286046429"
"CPV","MG_CIF_USD","G001","1987","100.4836619556342"
"CPV","MG_CIF_USD","G001","1988","106.1810108578763"
"CPV","MG_CIF_USD","G001","1989","111.6506026800265"
"CPV","MG_CIF_USD","G001","1990","144.5057937152688"
"CPV","MG_CIF_USD","G001","1991","151.5224583099245"
"CPV","MG_CIF_USD","G001","1992","183.9735473388245"
"CPV","MG_CIF_USD","G001","1993","189.3341502300685"
"CPV","MG_CIF_USD","G001","1994","228.2133406566882"
"CPV","MG_CIF_USD","G001","1995","260.4909858812205"
"CPV","MG_CIF_USD","G001","1996","340.1506529877919"
"CPV","MG_CIF_USD","G001","1997","233.5730583479411"
"CPV","MG_CIF_USD","G001","1998","230.2165193693814"
"CPV","MG_CIF_USD","G001","1999","262.0788218111"
"CPV","MG_CIF_USD","G001","2000","234.298377"
"CPV","MG_CIF_USD","G001","2001","224.159176"
"CPV","MG_CIF_USD","G001","2002","269.137629"
"CPV","MG_CIF_USD","G001","2003","346.672849"
"CPV","MG_CIF_USD","G001","2004","420.671374"
"CPV","MG_CIF_USD","G001","2005","432.207379"
"CPV","MG_CIF_USD","G001","2006","534.521729"
"CPV","MG_CIF_USD","G001","2007","739.765896"
"CPV","MG_CIF_USD","G001","2008","818.692011"
"CPV","MG_CIF_USD","G001","2009","700.407042"
"CPV","MG_CIF_USD","G001","2010","735.130747"
"CPV","MG_CIF_USD","G001","2011","937.931222"
"CPV","MG_CIF_USD","G001","2012","746.631619"
"CPV","MG_CIF_USD","G001","2013","717.497636"
"CPV","MG_CIF_USD","G001","2014","756.145549"
"CPV","MG_CIF_USD","G001","2015","590.889488"
"CPV","MG_CIF_USD","G001","2016","656.661029"
"CPV","MG_CIF_USD","G001","2017","779.428385"
"CPV","MG_CIF_USD","G001","2018","796.649245"
"CPV","MG_CIF_USD","G001","2019","1374.769629"
"BEN","XG_FOB_USD","G001","1980","62.809"
"BEN","XG_FOB_USD","G001","1981","31.281"
"BEN","XG_FOB_USD","G001","1982","24.042"
"BEN","XG_FOB_USD","G001","1983","70.4607807844172"
"BEN","XG_FOB_USD","G001","1984","166.9951823987087"
"BEN","XG_FOB_USD","G001","1985","150.9678388685857"
"BEN","XG_FOB_USD","G001","1986","103.9922707731994"
"BEN","XG_FOB_USD","G001","1987","113.5573317066068"
"BEN","XG_FOB_USD","G001","1988","70.48770384131686"
"BEN","XG_FOB_USD","G001","1989","77.04463406638045"
"BEN","XG_FOB_USD","G001","1990","122.1390471555616"
"BEN","XG_FOB_USD","G001","1991","45.88348935240029"
"BEN","XG_FOB_USD","G001","1992","64.69888319019242"
"BEN","XG_FOB_USD","G001","1993","137.0843097803798"
"BEN","XG_FOB_USD","G001","1994","153.2742800373806"
"BEN","XG_FOB_USD","G001","1995","173.4632335936069"
"BEN","XG_FOB_USD","G001","1996","261.9148941401426"
"BEN","XG_FOB_USD","G001","1997","184.7850705294718"
"BEN","XG_FOB_USD","G001","1998","232.4015384148181"
"BEN","XG_FOB_USD","G001","1999","207.1157703133244"
"BEN","XG_FOB_USD","G001","2000","195.375273"
"BEN","XG_FOB_USD","G001","2001","589.023758"
"BEN","XG_FOB_USD","G001","2002","240.145356"
"BEN","XG_FOB_USD","G001","2003","271.392707"
"BEN","XG_FOB_USD","G001","2004","281.022748"
"BEN","XG_FOB_USD","G001","2005","295.440985"
"BEN","XG_FOB_USD","G001","2006","224.593046"
"BEN","XG_FOB_USD","G001","2007","274.387415"
"BEN","XG_FOB_USD","G001","2008","376.93631"
"BEN","XG_FOB_USD","G001","2009","425.3477"
"BEN","XG_FOB_USD","G001","2010","533.75938"
"BEN","XG_FOB_USD","G001","2011","361.130483"
"BEN","XG_FOB_USD","G001","2012","461.93295"
"BEN","XG_FOB_USD","G001","2013","594.671953"
"BEN","XG_FOB_USD","G001","2014","970.403875"
"BEN","XG_FOB_USD","G001","2015","624.940493"
"BEN","XG_FOB_USD","G001","2016","409.800945"
"BEN","XG_FOB_USD","G001","2017","733.603999"
"BEN","XG_FOB_USD","G001","2018","957.89404"
"BEN","XG_FOB_USD","G001","2019","853.494348"
"BFA","XG_FOB_USD","G163","1980","24.131"
"BFA","XG_FOB_USD","G163","1981","18.42"
"BFA","XG_FOB_USD","G163","1982","16.886"
"BFA","XG_FOB_USD","G163","1983","10.4"
"BFA","XG_FOB_USD","G163","1984","22.31122197938854"
"BFA","XG_FOB_USD","G163","1985","26.79955148587182"
"BFA","XG_FOB_USD","G163","1986","30.7301737030625"
"BFA","XG_FOB_USD","G163","1987","68.45782180414126"
"BFA","XG_FOB_USD","G163","1988","66.80945059895109"
"BFA","XG_FOB_USD","G163","1989","46.14944547992011"
"BFA","XG_FOB_USD","G163","1990","58.75919948946563"
"BFA","XG_FOB_USD","G163","1991","14.85222744419203"
"BFA","XG_FOB_USD","G163","1992","13.72614969578614"
"BFA","XG_FOB_USD","G163","1993","21.35912570809481"
"BFA","XG_FOB_USD","G163","1994","30.90877325381905"
"BFA","XG_FOB_USD","G163","1995","46.03723843567524"
"BFA","XG_FOB_USD","G163","1996","42.06031739670774"
"BFA","XG_FOB_USD","G163","1997","61.20288590090894"
"BFA","XG_FOB_USD","G163","1998","79.15073747929643"
"BFA","XG_FOB_USD","G163","1999","57.71557152545454"
"BFA","XG_FOB_USD","G163","2000","47.905814"
"BFA","XG_FOB_USD","G163","2001","51.128009"
"BFA","XG_FOB_USD","G163","2002","83.402702"
"BFA","XG_FOB_USD","G163","2003","15.867328"
"BFA","XG_FOB_USD","G163","2004","29.868356"
"BFA","XG_FOB_USD","G163","2005","75.584275"
"BFA","XG_FOB_USD","G163","2006","87.221767"
"BFA","XG_FOB_USD","G163","2007","86.784233"
"BFA","XG_FOB_USD","G163","2008","51.899345"
"BFA","XG_FOB_USD","G163","2009","176.979064"
"BFA","XG_FOB_USD","G163","2010","83.962378"
"BFA","XG_FOB_USD","G163","2011","168.346545"
"BFA","XG_FOB_USD","G163","2012","119.165214"
"BFA","XG_FOB_USD","G163","2013","113.279467"
"BFA","XG_FOB_USD","G163","2014","138.268223"
"BFA","XG_FOB_USD","G163","2015","95.429047"
"BFA","XG_FOB_USD","G163","2016","137.55083"
"BFA","XG_FOB_USD","G163","2017","125.367119"
"BFA","XG_FOB_USD","G163","2018","183.403009"
"BFA","XG_FOB_USD","G163","2019","149.483921"
"OMN","MG_CIF_USD","G163","1980","304.72"
"OMN","MG_CIF_USD","G163","1981","302.04"
"OMN","MG_CIF_USD","G163","1982","521.92"
"OMN","MG_CIF_USD","G163","1983","450.72"
"OMN","MG_CIF_USD","G163","1984","574.64"
"OMN","MG_CIF_USD","G163","1985","641.914031760738"
"OMN","MG_CIF_USD","G163","1986","562.8093651030164"
"OMN","MG_CIF_USD","G163","1987","393.1443433029914"
"OMN","MG_CIF_USD","G163","1988","402.3302990897267"
"OMN","MG_CIF_USD","G163","1989","377.0793237971397"
"OMN","MG_CIF_USD","G163","1990","442.7386215864764"
"OMN","MG_CIF_USD","G163","1991","528.2580676202864"
"OMN","MG_CIF_USD","G163","1992","565.638150845254"
"OMN","MG_CIF_USD","G163","1993","521.5341776432648"
"OMN","MG_CIF_USD","G163","1994","550.8184570977694"
"OMN","MG_CIF_USD","G163","1995","684.5076518434522"
"OMN","MG_CIF_USD","G163","1996","704.419"
"OMN","MG_CIF_USD","G163","1997","840.2384634621387"
"OMN","MG_CIF_USD","G163","1998","1183.536990790228"
"OMN","MG_CIF_USD","G163","1999","745.2999350512621"
"OMN","MG_CIF_USD","G163","2000","621.152488"
"OMN","MG_CIF_USD","G163","2001","820.278199"
"OMN","MG_CIF_USD","G163","2002","895.611039"
"OMN","MG_CIF_USD","G163","2003","904.340267"
"OMN","MG_CIF_USD","G163","2004","1708.66357"
"OMN","MG_CIF_USD","G163","2005","1369.78321"
"OMN","MG_CIF_USD","G163","2006","1512.263992"
"OMN","MG_CIF_USD","G163","2007","2347.415199"
"OMN","MG_CIF_USD","G163","2008","2880.346511"
"OMN","MG_CIF_USD","G163","2009","2297.810798"
"OMN","MG_CIF_USD","G163","2010","2165.110314"
"OMN","MG_CIF_USD","G163","2011","2416.955941"
"OMN","MG_CIF_USD","G163","2012","2930.269854"
"OMN","MG_CIF_USD","G163","2013","3446.118369"
"OMN","MG_CIF_USD","G163","2014","2810.994615"
"OMN","MG_CIF_USD","G163","2015","3244.114062"
"OMN","MG_CIF_USD","G163","2016","1657.729004"
"OMN","MG_CIF_USD","G163","2017","2270.874717"
"OMN","MG_CIF_USD","G163","2018","2452.469502"
"OMN","MG_CIF_USD","G163","2019","2249.238053"
"CPV","XG_FOB_USD","G163","1980","3.1"
"CPV","XG_FOB_USD","G163","1981","2.4"
"CPV","XG_FOB_USD","G163","1982","2.3"
"CPV","XG_FOB_USD","G163","1983","1.8"
"CPV","XG_FOB_USD","G163","1984","1.2"
"CPV","XG_FOB_USD","G163","1985","1.3"
"CPV","XG_FOB_USD","G163","1986","2.127272727272722"
"CPV","XG_FOB_USD","G163","1987","5.990909090909086"
"CPV","XG_FOB_USD","G163","1988","2.963636363636364"
"CPV","XG_FOB_USD","G163","1989","2.786680445467054"
"CPV","XG_FOB_USD","G163","1990","5.690007590907846"
"CPV","XG_FOB_USD","G163","1991","4.172842111180537"
"CPV","XG_FOB_USD","G163","1992","4.798531464619128"
"CPV","XG_FOB_USD","G163","1993","2.822973471743769"
"CPV","XG_FOB_USD","G163","1994","4.220243441385397"
"CPV","XG_FOB_USD","G163","1995","8.057349494177577"
"CPV","XG_FOB_USD","G163","1996","12.58171794455326"
"CPV","XG_FOB_USD","G163","1997","13.13509104568381"
"CPV","XG_FOB_USD","G163","1998","10.2855105315437"
"CPV","XG_FOB_USD","G163","1999","11.28008763388513"
"CPV","XG_FOB_USD","G163","2000","9.275735"
"CPV","XG_FOB_USD","G163","2001","7.822884"
"CPV","XG_FOB_USD","G163","2002","8.404505"
"CPV","XG_FOB_USD","G163","2003","9.516018"
"CPV","XG_FOB_USD","G163","2004","12.299792"
"CPV","XG_FOB_USD","G163","2005","13.62562"
"CPV","XG_FOB_USD","G163","2006","15.592683"
"CPV","XG_FOB_USD","G163","2007","15.26143"
"CPV","XG_FOB_USD","G163","2008","31.301921"
"CPV","XG_FOB_USD","G163","2009","36.01393"
"CPV","XG_FOB_USD","G163","2010","44.297762"
"CPV","XG_FOB_USD","G163","2011","194.569357"
"CPV","XG_FOB_USD","G163","2012","183.962482"
"CPV","XG_FOB_USD","G163","2013","63.973032"
"CPV","XG_FOB_USD","G163","2014","67.822875"
"CPV","XG_FOB_USD","G163","2015","57.358728"
"CPV","XG_FOB_USD","G163","2016","56.300714"
"CPV","XG_FOB_USD","G163","2017","48.042185"
"CPV","XG_FOB_USD","G163","2018","70.85949"
"CPV","XG_FOB_USD","G163","2019","190.901776"
"OMN","XG_FOB_USD","G163","1980","688.56"
"OMN","XG_FOB_USD","G163","1981","1081.8"
"OMN","XG_FOB_USD","G163","1982","714.3"
"OMN","XG_FOB_USD","G163","1983","736.717345935707"
"OMN","XG_FOB_USD","G163","1984","684.9469175661114"
"OMN","XG_FOB_USD","G163","1985","820.8219850356816"
"OMN","XG_FOB_USD","G163","1986","200.5330531571847"
"OMN","XG_FOB_USD","G163","1987","186.736020806242"
"OMN","XG_FOB_USD","G163","1988","226.4083224967491"
"OMN","XG_FOB_USD","G163","1989","183.0481144343304"
"OMN","XG_FOB_USD","G163","1990","236.5903771131339"
"OMN","XG_FOB_USD","G163","1991","101.2739908437823"
"OMN","XG_FOB_USD","G163","1992","39.17332639791935"
"OMN","XG_FOB_USD","G163","1993","27.25875440350294"
"OMN","XG_FOB_USD","G163","1994","24.47923308815646"
"OMN","XG_FOB_USD","G163","1995","23.2617689842998"
"OMN","XG_FOB_USD","G163","1996","69.27925447697344"
"OMN","XG_FOB_USD","G163","1997","46.39189657206628"
"OMN","XG_FOB_USD","G163","1998","94.22173273226086"
"OMN","XG_FOB_USD","G163","1999","40.52063839072707"
"OMN","XG_FOB_USD","G163","2000","56.06698"
"OMN","XG_FOB_USD","G163","2001","167.477439"
"OMN","XG_FOB_USD","G163","2002","216.520711"
"OMN","XG_FOB_USD","G163","2003","130.173279"
"OMN","XG_FOB_USD","G163","2004","273.08446"
"OMN","XG_FOB_USD","G163","2005","384.181848"
"OMN","XG_FOB_USD","G163","2006","197.166315"
"OMN","XG_FOB_USD","G163","2007","448.400504"
"OMN","XG_FOB_USD","G163","2008","306.828813"
"OMN","XG_FOB_USD","G163","2009","468.454256"
"OMN","XG_FOB_USD","G163","2010","483.01109"
"OMN","XG_FOB_USD","G163","2011","787.800343"
"OMN","XG_FOB_USD","G163","2012","493.763693"
"OMN","XG_FOB_USD","G163","2013","858.109834"
"OMN","XG_FOB_USD","G163","2014","555.615395"
"OMN","XG_FOB_USD","G163","2015","450.76417"
"OMN","XG_FOB_USD","G163","2016","421.928306"
"OMN","XG_FOB_USD","G163","2017","330.631652"
"OMN","XG_FOB_USD","G163","2018","501.423054"
"OMN","XG_FOB_USD","G163","2019","507.288363"
"TGO","XG_FOB_USD","G163","1980","180.367"
"TGO","XG_FOB_USD","G163","1981","118.016"
"TGO","XG_FOB_USD","G163","1982","96.433"
"TGO","XG_FOB_USD","G163","1983","80.02055644586939"
"TGO","XG_FOB_USD","G163","1984","114.9955892826931"
"TGO","XG_FOB_USD","G163","1985","123.0375421871304"
"TGO","XG_FOB_USD","G163","1986","110.2988578214505"
"TGO","XG_FOB_USD","G163","1987","112.7587569407376"
"TGO","XG_FOB_USD","G163","1988","115.106"
"TGO","XG_FOB_USD","G163","1989","91.086"
"TGO","XG_FOB_USD","G163","1990","102.993"
"TGO","XG_FOB_USD","G163","1991","68.248"
"TGO","XG_FOB_USD","G163","1992","56.42533740909671"
"TGO","XG_FOB_USD","G163","1993","28.30736036481696"
"TGO","XG_FOB_USD","G163","1994","69.27618129829787"
"TGO","XG_FOB_USD","G163","1995","53.55043232227867"
"TGO","XG_FOB_USD","G163","1996","30.03585378690268"
"TGO","XG_FOB_USD","G163","1997","44.19923713999538"
"TGO","XG_FOB_USD","G163","1998","28.89307861223256"
"TGO","XG_FOB_USD","G163","1999","41.31623008538246"
"TGO","XG_FOB_USD","G163","2000","31.789193"
"TGO","XG_FOB_USD","G163","2001","19.704576"
"TGO","XG_FOB_USD","G163","2002","20.530969"
"TGO","XG_FOB_USD","G163","2003","71.064362"
"TGO","XG_FOB_USD","G163","2004","49.103821"
"TGO","XG_FOB_USD","G163","2005","29.086982"
"TGO","XG_FOB_USD","G163","2006","17.487362"
"TGO","XG_FOB_USD","G163","2007","8.532628"
"TGO","XG_FOB_USD","G163","2008","23.114939"
"TGO","XG_FOB_USD","G163","2009","33.570292"
"TGO","XG_FOB_USD","G163","2010","140.559376"
"TGO","XG_FOB_USD","G163","2011","69.393876"
"TGO","XG_FOB_USD","G163","2012","118.505852"
"TGO","XG_FOB_USD","G163","2013","178.172336"
"TGO","XG_FOB_USD","G163","2014","91.515833"
"TGO","XG_FOB_USD","G163","2015","74.986732"
"TGO","XG_FOB_USD","G163","2016","60.862857"
"TGO","XG_FOB_USD","G163","2017","70.24566"
"TGO","XG_FOB_USD","G163","2018","87.663927"
"TGO","XG_FOB_USD","G163","2019","77.977717"
"CMR","XG_FOB_USD","G001","1980","1383.002"
"CMR","XG_FOB_USD","G001","1981","1113.374"
"CMR","XG_FOB_USD","G001","1982","999.638"
"CMR","XG_FOB_USD","G001","1983","1116.141"
"CMR","XG_FOB_USD","G001","1984","1030.176"
"CMR","XG_FOB_USD","G001","1985","1197.296673147755"
"CMR","XG_FOB_USD","G001","1986","790.55"
"CMR","XG_FOB_USD","G001","1987","808.026"
"CMR","XG_FOB_USD","G001","1988","1582.167583197753"
"CMR","XG_FOB_USD","G001","1989","1281.444"
"CMR","XG_FOB_USD","G001","1990","2025.796676935509"
"CMR","XG_FOB_USD","G001","1991","1908.521329170201"
"CMR","XG_FOB_USD","G001","1992","1840.374995694619"
"CMR","XG_FOB_USD","G001","1993","1354.067108004513"
"CMR","XG_FOB_USD","G001","1994","1359.655766478837"
"CMR","XG_FOB_USD","G001","1995","1652.354786378597"
"CMR","XG_FOB_USD","G001","1996","1768.873072105538"
"CMR","XG_FOB_USD","G001","1997","1858.087914557759"
"CMR","XG_FOB_USD","G001","1998","1671.029807009229"
"CMR","XG_FOB_USD","G001","1999","1600.606446919477"
"CMR","XG_FOB_USD","G001","2000","1820.487542"
"CMR","XG_FOB_USD","G001","2001","1736.780264"
"CMR","XG_FOB_USD","G001","2002","1788.860007"
"CMR","XG_FOB_USD","G001","2003","2220.265361"
"CMR","XG_FOB_USD","G001","2004","2049.096115"
"CMR","XG_FOB_USD","G001","2005","2803.050502"
"CMR","XG_FOB_USD","G001","2006","3486.43616"
"CMR","XG_FOB_USD","G001","2007","4125.510859"
"CMR","XG_FOB_USD","G001","2008","2134.214257"
"CMR","XG_FOB_USD","G001","2009","1757.157532"
"CMR","XG_FOB_USD","G001","2010","4193.137165"
"CMR","XG_FOB_USD","G001","2011","4382.418379"
"CMR","XG_FOB_USD","G001","2012","4240.099534"
"CMR","XG_FOB_USD","G001","2013","4419.259036"
"CMR","XG_FOB_USD","G001","2014","5157.61947"
"CMR","XG_FOB_USD","G001","2015","4004.905423"
"CMR","XG_FOB_USD","G001","2016","2158.09865"
"CMR","XG_FOB_USD","G001","2017","3266.06349"
"CMR","XG_FOB_USD","G001","2018","3806.317535"
"CMR","XG_FOB_USD","G001","2019","4077.876481"
"CMR","MG_CIF_USD","G163","1980","1027.985"
"CMR","MG_CIF_USD","G163","1981","845.521"
"CMR","MG_CIF_USD","G163","1982","770.72"
"CMR","MG_CIF_USD","G163","1983","803.927"
"CMR","MG_CIF_USD","G163","1984","687.365"
"CMR","MG_CIF_USD","G163","1985","723.2050393830262"
"CMR","MG_CIF_USD","G163","1986","1004.824"
"CMR","MG_CIF_USD","G163","1987","1155.728"
"CMR","MG_CIF_USD","G163","1988","774.3134410414744"
"CMR","MG_CIF_USD","G163","1989","792.913"
"CMR","MG_CIF_USD","G163","1990","987.5497564402169"
"CMR","MG_CIF_USD","G163","1991","867.982760606983"
"CMR","MG_CIF_USD","G163","1992","685.6656059725421"
"CMR","MG_CIF_USD","G163","1993","524.2325895386895"
"CMR","MG_CIF_USD","G163","1994","399.2348765184718"
"CMR","MG_CIF_USD","G163","1995","589.7286026746566"
"CMR","MG_CIF_USD","G163","1996","587.4473233183905"
"CMR","MG_CIF_USD","G163","1997","635.6421878261514"
"CMR","MG_CIF_USD","G163","1998","742.0470941392806"
"CMR","MG_CIF_USD","G163","1999","645.680624439979"
"CMR","MG_CIF_USD","G163","2000","623.478381"
"CMR","MG_CIF_USD","G163","2001","807.718958"
"CMR","MG_CIF_USD","G163","2002","799.143309"
"CMR","MG_CIF_USD","G163","2003","798.89601"
"CMR","MG_CIF_USD","G163","2004","1027.513747"
"CMR","MG_CIF_USD","G163","2005","879.036761"
"CMR","MG_CIF_USD","G163","2006","979.9734"
"CMR","MG_CIF_USD","G163","2007","1385.50801"
"CMR","MG_CIF_USD","G163","2008","1712.18581"
"CMR","MG_CIF_USD","G163","2009","1583.929192"
"CMR","MG_CIF_USD","G163","2010","1634.148948"
"CMR","MG_CIF_USD","G163","2011","1874.529102"
"CMR","MG_CIF_USD","G163","2012","1932.854187"
"CMR","MG_CIF_USD","G163","2013","1970.570208"
"CMR","MG_CIF_USD","G163","2014","1883.703463"
"CMR","MG_CIF_USD","G163","2015","1517.528701"
"CMR","MG_CIF_USD","G163","2016","1397.291784"
"CMR","MG_CIF_USD","G163","2017","1463.324022"
"CMR","MG_CIF_USD","G163","2018","1640.565962"
"CMR","MG_CIF_USD","G163","2019","1796.777054"
"TGO","MG_CIF_USD","G163","1980","259.199"
"TGO","MG_CIF_USD","G163","1981","229.929"
"TGO","MG_CIF_USD","G163","1982","205.149"
"TGO","MG_CIF_USD","G163","1983","152.0608383319418"
"TGO","MG_CIF_USD","G163","1984","157.2592561133894"
"TGO","MG_CIF_USD","G163","1985","173.8097821699158"
"TGO","MG_CIF_USD","G163","1986","194.5195161773534"
"TGO","MG_CIF_USD","G163","1987","249.4547924884061"
"TGO","MG_CIF_USD","G163","1988","275.456"
"TGO","MG_CIF_USD","G163","1989","270.174"
"TGO","MG_CIF_USD","G163","1990","302.537"
"TGO","MG_CIF_USD","G163","1991","230.336"
"TGO","MG_CIF_USD","G163","1992","346.2512926579634"
"TGO","MG_CIF_USD","G163","1993","136.6152049828409"
"TGO","MG_CIF_USD","G163","1994","174.8589043872813"
"TGO","MG_CIF_USD","G163","1995","190.2668286061617"
"TGO","MG_CIF_USD","G163","1996","195.6508855733171"
"TGO","MG_CIF_USD","G163","1997","172.8490902190359"
"TGO","MG_CIF_USD","G163","1998","225.5395656663359"
"TGO","MG_CIF_USD","G163","1999","155.5883353171196"
"TGO","MG_CIF_USD","G163","2000","143.564947"
"TGO","MG_CIF_USD","G163","2001","138.367591"
"TGO","MG_CIF_USD","G163","2002","162.053188"
"TGO","MG_CIF_USD","G163","2003","277.935592"
"TGO","MG_CIF_USD","G163","2004","216.083793"
"TGO","MG_CIF_USD","G163","2005","226.331833"
"TGO","MG_CIF_USD","G163","2006","288.539006"
"TGO","MG_CIF_USD","G163","2007","318.516829"
"TGO","MG_CIF_USD","G163","2008","392.60056"
"TGO","MG_CIF_USD","G163","2009","529.481115"
"TGO","MG_CIF_USD","G163","2010","490.42057"
"TGO","MG_CIF_USD","G163","2011","502.993193"
"TGO","MG_CIF_USD","G163","2012","565.767312"
"TGO","MG_CIF_USD","G163","2013","786.727727"
"TGO","MG_CIF_USD","G163","2014","744.869842"
"TGO","MG_CIF_USD","G163","2015","577.205715"
"TGO","MG_CIF_USD","G163","2016","487.832956"
"TGO","MG_CIF_USD","G163","2017","412.005767"
"TGO","MG_CIF_USD","G163","2018","392.010559"
"TGO","MG_CIF_USD","G163","2019","426.784668"
"OMN","MG_CIF_USD","G001","1980","1731.96"
"OMN","MG_CIF_USD","G001","1981","2288.21"
"OMN","MG_CIF_USD","G001","1982","2682.51"
"OMN","MG_CIF_USD","G001","1983","2492.3"
"OMN","MG_CIF_USD","G001","1984","2748.16"
"OMN","MG_CIF_USD","G001","1985","3152.722170268823"
"OMN","MG_CIF_USD","G001","1986","2560.792287839545"
"OMN","MG_CIF_USD","G001","1987","1958.765872561764"
"OMN","MG_CIF_USD","G001","1988","2201.492715214563"
"OMN","MG_CIF_USD","G001","1989","2257.511547464241"
"OMN","MG_CIF_USD","G001","1990","2726.418725617688"
"OMN","MG_CIF_USD","G001","1991","3193.974439531859"
"OMN","MG_CIF_USD","G001","1992","3770.182644993499"
"OMN","MG_CIF_USD","G001","1993","4115.553223118028"
"OMN","MG_CIF_USD","G001","1994","3915.010082119773"
"OMN","MG_CIF_USD","G001","1995","4253.439742264756"
"OMN","MG_CIF_USD","G001","1996","4605.180443788757"
"OMN","MG_CIF_USD","G001","1997","5021.046440926391"
"OMN","MG_CIF_USD","G001","1998","5681.5167651594"
"OMN","MG_CIF_USD","G001","1999","4674.333751865183"
"OMN","MG_CIF_USD","G001","2000","5039.439173"
"OMN","MG_CIF_USD","G001","2001","5797.877631"
"OMN","MG_CIF_USD","G001","2002","6004.848496"
"OMN","MG_CIF_USD","G001","2003","6363.594111"
"OMN","MG_CIF_USD","G001","2004","8612.939899"
"OMN","MG_CIF_USD","G001","2005","8823.477172"
"OMN","MG_CIF_USD","G001","2006","10893.419691"
"OMN","MG_CIF_USD","G001","2007","15970.991241"
"OMN","MG_CIF_USD","G001","2008","22923.559136"
"OMN","MG_CIF_USD","G001","2009","17844.364257"
"OMN","MG_CIF_USD","G001","2010","19773.879345"
"OMN","MG_CIF_USD","G001","2011","23618.722548"
"OMN","MG_CIF_USD","G001","2012","28117.165064"
"OMN","MG_CIF_USD","G001","2013","34332.982014"
"OMN","MG_CIF_USD","G001","2014","29304.089413"
"OMN","MG_CIF_USD","G001","2015","29007.301983"
"OMN","MG_CIF_USD","G001","2016","23177.613624"
"OMN","MG_CIF_USD","G001","2017","25878.659875"
"OMN","MG_CIF_USD","G001","2018","25268.179901"
"OMN","MG_CIF_USD","G001","2019","22115.018953"
"DMA","XG_FOB_USD","G001","1980","9.742"
"DMA","XG_FOB_USD","G001","1981","32.48363636363636"
"DMA","XG_FOB_USD","G001","1982","25.06"
"DMA","XG_FOB_USD","G001","1983","26.482"
"DMA","XG_FOB_USD","G001","1984","24.61400667577589"
"DMA","XG_FOB_USD","G001","1985","27.282517417512"
"DMA","XG_FOB_USD","G001","1986","42.71359482272469"
"DMA","XG_FOB_USD","G001","1987","47.03948999999998"
"DMA","XG_FOB_USD","G001","1988","54.47389481481476"
"DMA","XG_FOB_USD","G001","1989","43.85649814814811"
"DMA","XG_FOB_USD","G001","1990","52.55511851851854"
"DMA","XG_FOB_USD","G001","1991","51.66417833748389"
"DMA","XG_FOB_USD","G001","1992","52.55437037037032"
"DMA","XG_FOB_USD","G001","1993","47.63660280475991"
"DMA","XG_FOB_USD","G001","1994","47.07155185185181"
"DMA","XG_FOB_USD","G001","1995","45.00974888888887"
"DMA","XG_FOB_USD","G001","1996","51.16072851851856"
"DMA","XG_FOB_USD","G001","1997","51.35259259259258"
"DMA","XG_FOB_USD","G001","1998","61.10074074074084"
"DMA","XG_FOB_USD","G001","1999","54.66740740740742"
"DMA","XG_FOB_USD","G001","2000","56.288184"
"DMA","XG_FOB_USD","G001","2001","45.669609"
"DMA","XG_FOB_USD","G001","2002","41.957097"
"DMA","XG_FOB_USD","G001","2003","40.282936"
"DMA","XG_FOB_USD","G001","2004","42.098528"
"DMA","XG_FOB_USD","G001","2005","40.915584"
"DMA","XG_FOB_USD","G001","2006","43.658342"
"DMA","XG_FOB_USD","G001","2007","40.919653"
"DMA","XG_FOB_USD","G001","2008","41.546574"
"DMA","XG_FOB_USD","G001","2009","52.857942"
"DMA","XG_FOB_USD","G001","2010","44.399308"
"DMA","XG_FOB_USD","G001","2011","59.629414"
"DMA","XG_FOB_USD","G001","2012","47.735858"
"DMA","XG_FOB_USD","G001","2013","56.40785"
"DMA","XG_FOB_USD","G001","2014","36.537802"
"DMA","XG_FOB_USD","G001","2015","25.76091"
"DMA","XG_FOB_USD","G001","2016","18.68766"
"DMA","XG_FOB_USD","G001","2017","12.676632"
"DMA","XG_FOB_USD","G001","2018","15.916044"
"DMA","XG_FOB_USD","G001","2019","14.329879"
"CMR","MG_CIF_USD","G001","1980","1616.101"
"CMR","MG_CIF_USD","G001","1981","1436.16"
"CMR","MG_CIF_USD","G001","1982","1210.301"
"CMR","MG_CIF_USD","G001","1983","1268.085"
"CMR","MG_CIF_USD","G001","1984","1121.614"
"CMR","MG_CIF_USD","G001","1985","1144.343074323095"
"CMR","MG_CIF_USD","G001","1986","1525.229"
"CMR","MG_CIF_USD","G001","1987","1717.659"
"CMR","MG_CIF_USD","G001","1988","1280.556437657467"
"CMR","MG_CIF_USD","G001","1989","1273.33"
"CMR","MG_CIF_USD","G001","1990","1554.86362029466"
"CMR","MG_CIF_USD","G001","1991","1345.012953176556"
"CMR","MG_CIF_USD","G001","1992","1162.835824889012"
"CMR","MG_CIF_USD","G001","1993","881.0807146946513"
"CMR","MG_CIF_USD","G001","1994","717.429343602222"
"CMR","MG_CIF_USD","G001","1995","1199.461282294389"
"CMR","MG_CIF_USD","G001","1996","1226.51009745339"
"CMR","MG_CIF_USD","G001","1997","1360.235886025616"
"CMR","MG_CIF_USD","G001","1998","1494.667933911541"
"CMR","MG_CIF_USD","G001","1999","1317.573726958757"
"CMR","MG_CIF_USD","G001","2000","1450.355656"
"CMR","MG_CIF_USD","G001","2001","1807.875137"
"CMR","MG_CIF_USD","G001","2002","1805.192356"
"CMR","MG_CIF_USD","G001","2003","1819.445119"
"CMR","MG_CIF_USD","G001","2004","2350.008958"
"CMR","MG_CIF_USD","G001","2005","2791.054451"
"CMR","MG_CIF_USD","G001","2006","3144.655796"
"CMR","MG_CIF_USD","G001","2007","3256.660874"
"CMR","MG_CIF_USD","G001","2008","4137.1792"
"CMR","MG_CIF_USD","G001","2009","3770.911211"
"CMR","MG_CIF_USD","G001","2010","5140.997939"
"CMR","MG_CIF_USD","G001","2011","6662.442683"
"CMR","MG_CIF_USD","G001","2012","6483.233714"
"CMR","MG_CIF_USD","G001","2013","6742.44095"
"CMR","MG_CIF_USD","G001","2014","7601.137957"
"CMR","MG_CIF_USD","G001","2015","6049.904647"
"CMR","MG_CIF_USD","G001","2016","4893.816442"
"CMR","MG_CIF_USD","G001","2017","5169.039627"
"CMR","MG_CIF_USD","G001","2018","6133.465171"
"CMR","MG_CIF_USD","G001","2019","6533.599738"
"CPV","XG_FOB_USD","G001","1980","3.8"
"CPV","XG_FOB_USD","G001","1981","2.9"
"CPV","XG_FOB_USD","G001","1982","3.7"
"CPV","XG_FOB_USD","G001","1983","3.1"
"CPV","XG_FOB_USD","G001","1984","2.6"
"CPV","XG_FOB_USD","G001","1985","4.9"
"CPV","XG_FOB_USD","G001","1986","4.491267419804545"
"CPV","XG_FOB_USD","G001","1987","8.726042008390739"
"CPV","XG_FOB_USD","G001","1988","6.573251321650273"
"CPV","XG_FOB_USD","G001","1989","6.753179579304869"
"CPV","XG_FOB_USD","G001","1990","6.904667281370148"
"CPV","XG_FOB_USD","G001","1991","5.28708096493685"
"CPV","XG_FOB_USD","G001","1992","6.492516456111283"
"CPV","XG_FOB_USD","G001","1993","12.35681239786207"
"CPV","XG_FOB_USD","G001","1994","6.927401000682703"
"CPV","XG_FOB_USD","G001","1995","12.73990597605346"
"CPV","XG_FOB_USD","G001","1996","16.18717806353785"
"CPV","XG_FOB_USD","G001","1997","13.90264372339283"
"CPV","XG_FOB_USD","G001","1998","10.3542775641189"
"CPV","XG_FOB_USD","G001","1999","11.39477117818894"
"CPV","XG_FOB_USD","G001","2000","13.792409"
"CPV","XG_FOB_USD","G001","2001","9.723313"
"CPV","XG_FOB_USD","G001","2002","10.49474"
"CPV","XG_FOB_USD","G001","2003","12.348941"
"CPV","XG_FOB_USD","G001","2004","15.09953"
"CPV","XG_FOB_USD","G001","2005","17.810322"
"CPV","XG_FOB_USD","G001","2006","20.205518"
"CPV","XG_FOB_USD","G001","2007","19.312365"
"CPV","XG_FOB_USD","G001","2008","38.38488"
"CPV","XG_FOB_USD","G001","2009","37.175524"
"CPV","XG_FOB_USD","G001","2010","47.201572"
"CPV","XG_FOB_USD","G001","2011","491.433404"
"CPV","XG_FOB_USD","G001","2012","547.770611"
"CPV","XG_FOB_USD","G001","2013","359.868616"
"CPV","XG_FOB_USD","G001","2014","550.808044"
"CPV","XG_FOB_USD","G001","2015","2066.96198"
"CPV","XG_FOB_USD","G001","2016","1093.481555"
"CPV","XG_FOB_USD","G001","2017","430.375906"
"CPV","XG_FOB_USD","G001","2018","549.497152"
"CPV","XG_FOB_USD","G001","2019","653.218518"
"TGO","XG_FOB_USD","G001","1980","337.36"
"TGO","XG_FOB_USD","G001","1981","207.76"
"TGO","XG_FOB_USD","G001","1982","177.024"
"TGO","XG_FOB_USD","G001","1983","162.2288357624332"
"TGO","XG_FOB_USD","G001","1984","193.121586605101"
"TGO","XG_FOB_USD","G001","1985","190.045324407287"
"TGO","XG_FOB_USD","G001","1986","203.7281728151157"
"TGO","XG_FOB_USD","G001","1987","243.6052323284138"
"TGO","XG_FOB_USD","G001","1988","242.311"
"TGO","XG_FOB_USD","G001","1989","245.073"
"TGO","XG_FOB_USD","G001","1990","266.723"
"TGO","XG_FOB_USD","G001","1991","267.0579999999999"
"TGO","XG_FOB_USD","G001","1992","255.813078607821"
"TGO","XG_FOB_USD","G001","1993","195.9323741845419"
"TGO","XG_FOB_USD","G001","1994","275.8338654400875"
"TGO","XG_FOB_USD","G001","1995","221.8308127488568"
"TGO","XG_FOB_USD","G001","1996","238.6660541031146"
"TGO","XG_FOB_USD","G001","1997","236.3661338674276"
"TGO","XG_FOB_USD","G001","1998","252.6332988985522"
"TGO","XG_FOB_USD","G001","1999","237.2607080534509"
"TGO","XG_FOB_USD","G001","2000","192.432966"
"TGO","XG_FOB_USD","G001","2001","220.698591"
"TGO","XG_FOB_USD","G001","2002","249.202676"
"TGO","XG_FOB_USD","G001","2003","416.846107"
"TGO","XG_FOB_USD","G001","2004","407.862687"
"TGO","XG_FOB_USD","G001","2005","362.42254"
"TGO","XG_FOB_USD","G001","2006","387.77932"
"TGO","XG_FOB_USD","G001","2007","280.044442"
"TGO","XG_FOB_USD","G001","2008","687.061095"
"TGO","XG_FOB_USD","G001","2009","663.109841"
"TGO","XG_FOB_USD","G001","2010","742.274489"
"TGO","XG_FOB_USD","G001","2011","994.025105"
"TGO","XG_FOB_USD","G001","2012","1116.877857"
"TGO","XG_FOB_USD","G001","2013","1287.022267"
"TGO","XG_FOB_USD","G001","2014","959.094882"
"TGO","XG_FOB_USD","G001","2015","793.105077"
"TGO","XG_FOB_USD","G001","2016","849.571686"
"TGO","XG_FOB_USD","G001","2017","867.017325"
"TGO","XG_FOB_USD","G001","2018","1025.239058"
"TGO","XG_FOB_USD","G001","2019","1011.476476"
"DMA","MG_CIF_USD","G001","1980","47.675"
"DMA","MG_CIF_USD","G001","1981","37.2009"
"DMA","MG_CIF_USD","G001","1982","45.89"
"DMA","MG_CIF_USD","G001","1983","42.878"
"DMA","MG_CIF_USD","G001","1984","54.80490594621184"
"DMA","MG_CIF_USD","G001","1985","52.6387770565329"
"DMA","MG_CIF_USD","G001","1986","54.11266186187277"
"DMA","MG_CIF_USD","G001","1987","64.36024111111113"
"DMA","MG_CIF_USD","G001","1988","85.13481148148142"
"DMA","MG_CIF_USD","G001","1989","104.4211177777778"
"DMA","MG_CIF_USD","G001","1990","113.348132962963"
"DMA","MG_CIF_USD","G001","1991","120.4648580888888"
"DMA","MG_CIF_USD","G001","1992","106.9384307743177"
"DMA","MG_CIF_USD","G001","1993","94.20681753201067"
"DMA","MG_CIF_USD","G001","1994","96.34535037037044"
"DMA","MG_CIF_USD","G001","1995","117.2824929629627"
"DMA","MG_CIF_USD","G001","1996","129.9536129629629"
"DMA","MG_CIF_USD","G001","1997","134.497037037037"
"DMA","MG_CIF_USD","G001","1998","132.2192592592592"
"DMA","MG_CIF_USD","G001","1999","140.2248148148149"
"DMA","MG_CIF_USD","G001","2000","147.523343"
"DMA","MG_CIF_USD","G001","2001","131.170207"
"DMA","MG_CIF_USD","G001","2002","114.590773"
"DMA","MG_CIF_USD","G001","2003","125.845567"
"DMA","MG_CIF_USD","G001","2004","144.134702"
"DMA","MG_CIF_USD","G001","2005","165.691506"
"DMA","MG_CIF_USD","G001","2006","166.079226"
"DMA","MG_CIF_USD","G001","2007","194.371847"
"DMA","MG_CIF_USD","G001","2008","233.498417"
"DMA","MG_CIF_USD","G001","2009","223.4905"
"DMA","MG_CIF_USD","G001","2010","212.889261"
"DMA","MG_CIF_USD","G001","2011","189.924233"
"DMA","MG_CIF_USD","G001","2012","198.128557"
"DMA","MG_CIF_USD","G001","2013","191.583448"
"DMA","MG_CIF_USD","G001","2014","195.907076"
"DMA","MG_CIF_USD","G001","2015","217.23797"
"DMA","MG_CIF_USD","G001","2016","215.278644"
"DMA","MG_CIF_USD","G001","2017","200.14501"
"DMA","MG_CIF_USD","G001","2018","303.070277"
"DMA","MG_CIF_USD","G001","2019","292.757993"
"OMN","XG_FOB_USD","G001","1980","3294.08"
"OMN","XG_FOB_USD","G001","1981","4406.8"
"OMN","XG_FOB_USD","G001","1982","4094"
"OMN","XG_FOB_USD","G001","1983","4222.484690271289"
"OMN","XG_FOB_USD","G001","1984","3925.763237457177"
"OMN","XG_FOB_USD","G001","1985","4704.529198846531"
"OMN","XG_FOB_USD","G001","1986","2923.49703290928"
"OMN","XG_FOB_USD","G001","1987","3222.762028608584"
"OMN","XG_FOB_USD","G001","1988","4030.572171651493"
"OMN","XG_FOB_USD","G001","1989","4362.902470741219"
"OMN","XG_FOB_USD","G001","1990","4583.864759427835"
"OMN","XG_FOB_USD","G001","1991","4923.627240797065"
"OMN","XG_FOB_USD","G001","1992","5455.695947984397"
"OMN","XG_FOB_USD","G001","1993","5304.889202242458"
"OMN","XG_FOB_USD","G001","1994","5418.967763575651"
"OMN","XG_FOB_USD","G001","1995","5964.741632595607"
"OMN","XG_FOB_USD","G001","1996","7225.297261701519"
"OMN","XG_FOB_USD","G001","1997","7488.426991696399"
"OMN","XG_FOB_USD","G001","1998","5375.325910112653"
"OMN","XG_FOB_USD","G001","1999","7094.307651203918"
"OMN","XG_FOB_USD","G001","2000","10666.848714"
"OMN","XG_FOB_USD","G001","2001","10994.493479"
"OMN","XG_FOB_USD","G001","2002","11068.513416"
"OMN","XG_FOB_USD","G001","2003","11502.859884"
"OMN","XG_FOB_USD","G001","2004","13375.390063"
"OMN","XG_FOB_USD","G001","2005","18688.132209"
"OMN","XG_FOB_USD","G001","2006","21579.280222"
"OMN","XG_FOB_USD","G001","2007","24687.257382"
"OMN","XG_FOB_USD","G001","2008","37717.781099"
"OMN","XG_FOB_USD","G001","2009","27652.565736"
"OMN","XG_FOB_USD","G001","2010","36595.825455"
"OMN","XG_FOB_USD","G001","2011","47091.550621"
"OMN","XG_FOB_USD","G001","2012","52135.2219"
"OMN","XG_FOB_USD","G001","2013","56428.928281"
"OMN","XG_FOB_USD","G001","2014","53218.755026"
"OMN","XG_FOB_USD","G001","2015","32952.556613"
"OMN","XG_FOB_USD","G001","2016","11601.41911"
"OMN","XG_FOB_USD","G001","2017","27024.383629"
"OMN","XG_FOB_USD","G001","2018","21641.27831868781"
"OMN","XG_FOB_USD","G001","2019","12185.716638"
"TGO","MG_CIF_USD","G001","1980","550.684"
"TGO","MG_CIF_USD","G001","1981","433.333"
"TGO","MG_CIF_USD","G001","1982","390.503"
"TGO","MG_CIF_USD","G001","1983","306.3765409967128"
"TGO","MG_CIF_USD","G001","1984","299.240431703597"
"TGO","MG_CIF_USD","G001","1985","288.0417574402597"
"TGO","MG_CIF_USD","G001","1986","312.3088899343184"
"TGO","MG_CIF_USD","G001","1987","420.6858592650616"
"TGO","MG_CIF_USD","G001","1988","487.373"
"TGO","MG_CIF_USD","G001","1989","471.868"
"TGO","MG_CIF_USD","G001","1990","581.046"
"TGO","MG_CIF_USD","G001","1991","445.407"
"TGO","MG_CIF_USD","G001","1992","955.7207136526156"
"TGO","MG_CIF_USD","G001","1993","635.7280862335254"
"TGO","MG_CIF_USD","G001","1994","706.7988666809464"
"TGO","MG_CIF_USD","G001","1995","384.2853128378396"
"TGO","MG_CIF_USD","G001","1996","403.7964786717156"
"TGO","MG_CIF_USD","G001","1997","373.4506183203056"
"TGO","MG_CIF_USD","G001","1998","429.5852117503471"
"TGO","MG_CIF_USD","G001","1999","341.6721058637934"
"TGO","MG_CIF_USD","G001","2000","322.236486"
"TGO","MG_CIF_USD","G001","2001","351.765291"
"TGO","MG_CIF_USD","G001","2002","393.981711"
"TGO","MG_CIF_USD","G001","2003","561.948354"
"TGO","MG_CIF_USD","G001","2004","555.672335"
"TGO","MG_CIF_USD","G001","2005","595.255678"
"TGO","MG_CIF_USD","G001","2006","729.463396"
"TGO","MG_CIF_USD","G001","2007","770.203804"
"TGO","MG_CIF_USD","G001","2008","952.252847"
"TGO","MG_CIF_USD","G001","2009","1335.873417"
"TGO","MG_CIF_USD","G001","2010","1349.739375"
"TGO","MG_CIF_USD","G001","2011","1818.246613"
"TGO","MG_CIF_USD","G001","2012","1855.515499"
"TGO","MG_CIF_USD","G001","2013","2445.094413"
"TGO","MG_CIF_USD","G001","2014","1987.26533"
"TGO","MG_CIF_USD","G001","2015","1877.717369"
"TGO","MG_CIF_USD","G001","2016","1858.070199"
"TGO","MG_CIF_USD","G001","2017","1635.602256"
"TGO","MG_CIF_USD","G001","2018","1733.471674"
"TGO","MG_CIF_USD","G001","2019","1790.915687"
"CAF","XG_FOB_USD","G001","1980","115.996"
"CAF","XG_FOB_USD","G001","1981","85.371"
"CAF","XG_FOB_USD","G001","1982","107.315"
"CAF","XG_FOB_USD","G001","1983","75.337"
"CAF","XG_FOB_USD","G001","1984","85.926"
"CAF","XG_FOB_USD","G001","1985","92.328"
"CAF","XG_FOB_USD","G001","1986","124.6104052153471"
"CAF","XG_FOB_USD","G001","1987","86.16553252307525"
"CAF","XG_FOB_USD","G001","1988","97.58777029371535"
"CAF","XG_FOB_USD","G001","1989","124.8173189729385"
"CAF","XG_FOB_USD","G001","1990","283.4025857689595"
"CAF","XG_FOB_USD","G001","1991","109.0669720176059"
"CAF","XG_FOB_USD","G001","1992","107.1053112537046"
"CAF","XG_FOB_USD","G001","1993","109.7364833947077"
"CAF","XG_FOB_USD","G001","1994","143.2649291711433"
"CAF","XG_FOB_USD","G001","1995","187.3672561428394"
"CAF","XG_FOB_USD","G001","1996","122.4805794991966"
"CAF","XG_FOB_USD","G001","1997","98.40475996609981"
"CAF","XG_FOB_USD","G001","1998","231.219119433707"
"CAF","XG_FOB_USD","G001","1999","223.2094029124869"
"CAF","XG_FOB_USD","G001","2000","81.93324"
"CAF","XG_FOB_USD","G001","2001","74.130648"
"CAF","XG_FOB_USD","G001","2002","56.518072"
"CAF","XG_FOB_USD","G001","2003","65.512688"
"CAF","XG_FOB_USD","G001","2004","101.812773"
"CAF","XG_FOB_USD","G001","2005","110.233744"
"CAF","XG_FOB_USD","G001","2006","80.841793"
"CAF","XG_FOB_USD","G001","2007","109.62098"
"CAF","XG_FOB_USD","G001","2008","115.842031"
"CAF","XG_FOB_USD","G001","2009","83.376474"
"CAF","XG_FOB_USD","G001","2010","90.34338"
"CAF","XG_FOB_USD","G001","2011","104.27856"
"CAF","XG_FOB_USD","G001","2012","114.623294"
"CAF","XG_FOB_USD","G001","2013","53.301763"
"CAF","XG_FOB_USD","G001","2014","28.471507"
"CAF","XG_FOB_USD","G001","2015","190.455265"
"CAF","XG_FOB_USD","G001","2016","122.133636"
"CAF","XG_FOB_USD","G001","2017","200.032067"
"CAF","XG_FOB_USD","G001","2018","55.727277"
"CAF","XG_FOB_USD","G001","2019","124.766726"
"BRB","XG_FOB_USD","G001","1980","214.185"
"BRB","XG_FOB_USD","G001","1981","193.408"
"BRB","XG_FOB_USD","G001","1982","257.034"
"BRB","XG_FOB_USD","G001","1983","320.732"
"BRB","XG_FOB_USD","G001","1984","389.453"
"BRB","XG_FOB_USD","G001","1985","345.862"
"BRB","XG_FOB_USD","G001","1986","273.238"
"BRB","XG_FOB_USD","G001","1987","154.786"
"BRB","XG_FOB_USD","G001","1988","173.25"
"BRB","XG_FOB_USD","G001","1989","194.5045758464675"
"BRB","XG_FOB_USD","G001","1990","208.9778730174516"
"BRB","XG_FOB_USD","G001","1991","204.82"
"BRB","XG_FOB_USD","G001","1992","163.506572179244"
"BRB","XG_FOB_USD","G001","1993","134.098"
"BRB","XG_FOB_USD","G001","1994","146.7408998622963"
"BRB","XG_FOB_USD","G001","1995","239.1800863813705"
"BRB","XG_FOB_USD","G001","1996","278.3331964401135"
"BRB","XG_FOB_USD","G001","1997","282.94366"
"BRB","XG_FOB_USD","G001","1998","253.1365855"
"BRB","XG_FOB_USD","G001","1999","263.8092315"
"BRB","XG_FOB_USD","G001","2000","273.030117"
"BRB","XG_FOB_USD","G001","2001","259.340581"
"BRB","XG_FOB_USD","G001","2002","241.479872"
"BRB","XG_FOB_USD","G001","2003","193.014914"
"BRB","XG_FOB_USD","G001","2004","208.93671"
"BRB","XG_FOB_USD","G001","2005","259.956649"
"BRB","XG_FOB_USD","G001","2006","323.930748"
"BRB","XG_FOB_USD","G001","2007","314.230177"
"BRB","XG_FOB_USD","G001","2008","364.932972"
"BRB","XG_FOB_USD","G001","2009","322.725393"
"BRB","XG_FOB_USD","G001","2010","316.237296"
"BRB","XG_FOB_USD","G001","2011","377.497139"
"BRB","XG_FOB_USD","G001","2012","429.807805"
"BRB","XG_FOB_USD","G001","2013","339.48906"
"BRB","XG_FOB_USD","G001","2014","364.435617"
"BRB","XG_FOB_USD","G001","2015","407.183353"
"BRB","XG_FOB_USD","G001","2016","448.910239"
"BRB","XG_FOB_USD","G001","2017","483.912145"
"BRB","XG_FOB_USD","G001","2018","346.773696"
"BRB","XG_FOB_USD","G001","2019","386.858326"
"BRB","MG_CIF_USD","G001","1980","513.019"
"BRB","MG_CIF_USD","G001","1981","570.741"
"BRB","MG_CIF_USD","G001","1982","552.871"
"BRB","MG_CIF_USD","G001","1983","625.251"
"BRB","MG_CIF_USD","G001","1984","656.899"
"BRB","MG_CIF_USD","G001","1985","607.291"
"BRB","MG_CIF_USD","G001","1986","586.655"
"BRB","MG_CIF_USD","G001","1987","514.603"
"BRB","MG_CIF_USD","G001","1988","578.958"
"BRB","MG_CIF_USD","G001","1989","677.7743064684534"
"BRB","MG_CIF_USD","G001","1990","700.2898551537174"
"BRB","MG_CIF_USD","G001","1991","700.7863726105257"
"BRB","MG_CIF_USD","G001","1992","552.823"
"BRB","MG_CIF_USD","G001","1993","574.006"
"BRB","MG_CIF_USD","G001","1994","607.91488"
"BRB","MG_CIF_USD","G001","1995","764.4847679138359"
"BRB","MG_CIF_USD","G001","1996","828.9040103415702"
"BRB","MG_CIF_USD","G001","1997","995.500874"
"BRB","MG_CIF_USD","G001","1998","1021.882253"
"BRB","MG_CIF_USD","G001","1999","1108.162477"
"BRB","MG_CIF_USD","G001","2000","1156.117159"
"BRB","MG_CIF_USD","G001","2001","1068.630334"
"BRB","MG_CIF_USD","G001","2002","1070.7728"
"BRB","MG_CIF_USD","G001","2003","1202.094839"
"BRB","MG_CIF_USD","G001","2004","1476.176615"
"BRB","MG_CIF_USD","G001","2005","1599.506061"
"BRB","MG_CIF_USD","G001","2006","1620.750236"
"BRB","MG_CIF_USD","G001","2007","1298.605768"
"BRB","MG_CIF_USD","G001","2008","1744.196037"
"BRB","MG_CIF_USD","G001","2009","1340.649504"
"BRB","MG_CIF_USD","G001","2010","1195.80523"
"BRB","MG_CIF_USD","G001","2011","1775.32797"
"BRB","MG_CIF_USD","G001","2012","1767.744453"
"BRB","MG_CIF_USD","G001","2013","1768.718523"
"BRB","MG_CIF_USD","G001","2014","1740.44884"
"BRB","MG_CIF_USD","G001","2015","1617.848068"
"BRB","MG_CIF_USD","G001","2016","1621.220574"
"BRB","MG_CIF_USD","G001","2017","1599.861957"
"BRB","MG_CIF_USD","G001","2018","1599.321886"
"BRB","MG_CIF_USD","G001","2019","1381.983277"
"LSO","XG_FOB_USD","G001","2000","213.886559"
"LSO","XG_FOB_USD","G001","2001","299.336212"
"LSO","XG_FOB_USD","G001","2002","342.028312"
"LSO","XG_FOB_USD","G001","2003","420.1978"
"LSO","XG_FOB_USD","G001","2004","958.207682"
"LSO","XG_FOB_USD","G001","2005","403.069741"
"LSO","XG_FOB_USD","G001","2006","692.911371"
"LSO","XG_FOB_USD","G001","2007","536.292377"
"LSO","XG_FOB_USD","G001","2008","709.885265"
"LSO","XG_FOB_USD","G001","2009","601.839234"
"LSO","XG_FOB_USD","G001","2010","487.298418"
"LSO","XG_FOB_USD","G001","2011","751.369348"
"LSO","XG_FOB_USD","G001","2012","666.181593"
"LSO","XG_FOB_USD","G001","2013","358.575488"
"LSO","XG_FOB_USD","G001","2014","815.6674"
"LSO","XG_FOB_USD","G001","2015","538.483216"
"LSO","XG_FOB_USD","G001","2016","664.109379"
"LSO","XG_FOB_USD","G001","2017","1030.101021"
"LSO","XG_FOB_USD","G001","2018","1199.109045"
"LSO","XG_FOB_USD","G001","2019","1092.602497"
"LAO","XG_FOB_USD","G163","1981","0.0909090909090909"
"LAO","XG_FOB_USD","G163","1982","0.3636363636363639"
"LAO","XG_FOB_USD","G163","1984","0.727272727272728"
"LAO","XG_FOB_USD","G163","1985","0.7272727272727279"
"LAO","XG_FOB_USD","G163","1986","0.2727272727272729"
"LAO","XG_FOB_USD","G163","1987","2.209090909090908"
"LAO","XG_FOB_USD","G163","1988","0.6878868759474457"
"LAO","XG_FOB_USD","G163","1989","0.9944308124572001"
"LAO","XG_FOB_USD","G163","1990","5.466937880879021"
"LAO","XG_FOB_USD","G163","1991","20.76296821406989"
"LAO","XG_FOB_USD","G163","1992","26.36234878075923"
"LAO","XG_FOB_USD","G163","1993","29.5"
"LAO","XG_FOB_USD","G163","1994","30.6"
"LAO","XG_FOB_USD","G163","1995","33"
"LAO","XG_FOB_USD","G163","1996","16.8"
"LAO","XG_FOB_USD","G163","1997","64.92"
"LAO","XG_FOB_USD","G163","1998","82.25525897212374"
"LAO","XG_FOB_USD","G163","1999","83.05681546658753"
"LAO","XG_FOB_USD","G163","2000","28.476401"
"LAO","XG_FOB_USD","G163","2001","28.072186"
"LAO","XG_FOB_USD","G163","2002","27.212218"
"LAO","XG_FOB_USD","G163","2003","29.291959"
"LAO","XG_FOB_USD","G163","2004","33.193907"
"LAO","XG_FOB_USD","G163","2005","34.149595"
"LAO","XG_FOB_USD","G163","2006","38.309135"
"LAO","XG_FOB_USD","G163","2007","37.148601"
"LAO","XG_FOB_USD","G163","2008","44.428605"
"LAO","XG_FOB_USD","G163","2009","43.05321"
"LAO","XG_FOB_USD","G163","2010","58.72079"
"LAO","XG_FOB_USD","G163","2011","78.203032"
"LAO","XG_FOB_USD","G163","2012","89.199829"
"LAO","XG_FOB_USD","G163","2013","102.058013"
"LAO","XG_FOB_USD","G163","2014","89.479937"
"LAO","XG_FOB_USD","G163","2015","87.579039"
"LAO","XG_FOB_USD","G163","2016","107.878107"
"LAO","XG_FOB_USD","G163","2017","117.551569"
"LAO","XG_FOB_USD","G163","2018","132.316302"
"LAO","XG_FOB_USD","G163","2019","172.697207"
"SWZ","XG_FOB_USD","G001","2000","890.477456"
"SWZ","XG_FOB_USD","G001","2001","783.300537"
"SWZ","XG_FOB_USD","G001","2002","1089.192048"
"SWZ","XG_FOB_USD","G001","2003","1656.526584"
"SWZ","XG_FOB_USD","G001","2004","1565.767782"
"SWZ","XG_FOB_USD","G001","2005","1278.807135"
"SWZ","XG_FOB_USD","G001","2006","1463.30914"
"SWZ","XG_FOB_USD","G001","2007","1114.232221"
"SWZ","XG_FOB_USD","G001","2008","1129.567594"
"SWZ","XG_FOB_USD","G001","2009","1287.801642"
"SWZ","XG_FOB_USD","G001","2010","1528.742593"
"SWZ","XG_FOB_USD","G001","2011","2489.562352"
"SWZ","XG_FOB_USD","G001","2012","1844.422137"
"SWZ","XG_FOB_USD","G001","2013","2035.599124"
"SWZ","XG_FOB_USD","G001","2014","2012.846939"
"SWZ","XG_FOB_USD","G001","2015","1822.302254"
"SWZ","XG_FOB_USD","G001","2016","1717.112023"
"SWZ","XG_FOB_USD","G001","2017","1800.909725"
"SWZ","XG_FOB_USD","G001","2018","1842.743123"
"SWZ","XG_FOB_USD","G001","2019","2002.912018"
"SWZ","MG_CIF_USD","G001","2000","1084.342143"
"SWZ","MG_CIF_USD","G001","2001","948.503673"
"SWZ","MG_CIF_USD","G001","2002","1063.697196"
"SWZ","MG_CIF_USD","G001","2003","1457.91497"
"SWZ","MG_CIF_USD","G001","2004","1770.28984"
"SWZ","MG_CIF_USD","G001","2005","1656.541069"
"SWZ","MG_CIF_USD","G001","2006","1242.438347"
"SWZ","MG_CIF_USD","G001","2007","1270.083228"
"SWZ","MG_CIF_USD","G001","2008","1316.102404"
"SWZ","MG_CIF_USD","G001","2009","1449.202683"
"SWZ","MG_CIF_USD","G001","2010","2043.548688"
"SWZ","MG_CIF_USD","G001","2011","3101.074889"
"SWZ","MG_CIF_USD","G001","2012","1967.026287"
"SWZ","MG_CIF_USD","G001","2013","1917.126577"
"SWZ","MG_CIF_USD","G001","2014","1730.274279"
"SWZ","MG_CIF_USD","G001","2015","1508.512535"
"SWZ","MG_CIF_USD","G001","2016","1536.550103"
"SWZ","MG_CIF_USD","G001","2017","1611.790724"
"SWZ","MG_CIF_USD","G001","2018","1857.544765"
"SWZ","MG_CIF_USD","G001","2019","1832.435722"
"GNQ","MG_CIF_USD","G163","1981","44.286"
"GNQ","MG_CIF_USD","G163","1982","38.797"
"GNQ","MG_CIF_USD","G163","1983","11.30247463910692"
"GNQ","MG_CIF_USD","G163","1984","22.8426"
"GNQ","MG_CIF_USD","G163","1985","11.1751395995957"
"GNQ","MG_CIF_USD","G163","1986","14.04644631818148"
"GNQ","MG_CIF_USD","G163","1987","37.059"
"GNQ","MG_CIF_USD","G163","1988","47.366"
"GNQ","MG_CIF_USD","G163","1989","46.57997361433993"
"GNQ","MG_CIF_USD","G163","1990","50.62854609749141"
"GNQ","MG_CIF_USD","G163","1991","33.04824151701802"
"GNQ","MG_CIF_USD","G163","1992","40.45957839053359"
"GNQ","MG_CIF_USD","G163","1993","42.25331174314426"
"GNQ","MG_CIF_USD","G163","1994","46.33432459345309"
"GNQ","MG_CIF_USD","G163","1995","97.02419373282923"
"GNQ","MG_CIF_USD","G163","1996","81.47741852911699"
"GNQ","MG_CIF_USD","G163","1997","85.59339645088387"
"GNQ","MG_CIF_USD","G163","1998","102.7218187082647"
"GNQ","MG_CIF_USD","G163","1999","120.6858153575465"
"GNQ","MG_CIF_USD","G163","2000","87.434621"
"GNQ","MG_CIF_USD","G163","2001","135.825032"
"GNQ","MG_CIF_USD","G163","2002","159.131439"
"GNQ","MG_CIF_USD","G163","2003","381.245937"
"GNQ","MG_CIF_USD","G163","2004","281.903644"
"GNQ","MG_CIF_USD","G163","2005","523.82765"
"GNQ","MG_CIF_USD","G163","2006","432.300976"
"GNQ","MG_CIF_USD","G163","2007","547.107228"
"GNQ","MG_CIF_USD","G163","2008","641.014641"
"GNQ","MG_CIF_USD","G163","2009","717.669619"
"GNQ","MG_CIF_USD","G163","2010","886.608754"
"GNQ","MG_CIF_USD","G163","2011","1126.81811"
"GNQ","MG_CIF_USD","G163","2012","930.385823"
"GNQ","MG_CIF_USD","G163","2013","1066.083853"
"GNQ","MG_CIF_USD","G163","2014","974.313603"
"GNQ","MG_CIF_USD","G163","2015","894.904126"
"GNQ","MG_CIF_USD","G163","2016","479.174296"
"GNQ","MG_CIF_USD","G163","2017","364.837397"
"GNQ","MG_CIF_USD","G163","2018","426.123025"
"GNQ","MG_CIF_USD","G163","2019","430.471712"
"LAO","MG_CIF_USD","G163","1981","11.902"
"LAO","MG_CIF_USD","G163","1982","9.636"
"LAO","MG_CIF_USD","G163","1983","4.442220582824034"
"LAO","MG_CIF_USD","G163","1984","2.475"
"LAO","MG_CIF_USD","G163","1985","2.959"
"LAO","MG_CIF_USD","G163","1986","3.883"
"LAO","MG_CIF_USD","G163","1987","3.971"
"LAO","MG_CIF_USD","G163","1988","4.191"
"LAO","MG_CIF_USD","G163","1989","6.361930539026614"
"LAO","MG_CIF_USD","G163","1990","7.607978508478001"
"LAO","MG_CIF_USD","G163","1991","11.92741566018865"
"LAO","MG_CIF_USD","G163","1992","7.433047470007386"
"LAO","MG_CIF_USD","G163","1993","6.6"
"LAO","MG_CIF_USD","G163","1994","5.9"
"LAO","MG_CIF_USD","G163","1995","6.2"
"LAO","MG_CIF_USD","G163","1996","6.7"
"LAO","MG_CIF_USD","G163","1997","2.63"
"LAO","MG_CIF_USD","G163","1998","26.99523462083597"
"LAO","MG_CIF_USD","G163","1999","25.65847821154507"
"LAO","MG_CIF_USD","G163","2000","10.683329"
"LAO","MG_CIF_USD","G163","2001","8.793091"
"LAO","MG_CIF_USD","G163","2002","10.747554"
"LAO","MG_CIF_USD","G163","2003","10.276353"
"LAO","MG_CIF_USD","G163","2004","17.406457"
"LAO","MG_CIF_USD","G163","2005","14.811647"
"LAO","MG_CIF_USD","G163","2006","14.273371"
"LAO","MG_CIF_USD","G163","2007","22.718863"
"LAO","MG_CIF_USD","G163","2008","34.913771"
"LAO","MG_CIF_USD","G163","2009","36.637721"
"LAO","MG_CIF_USD","G163","2010","53.159783"
"LAO","MG_CIF_USD","G163","2011","83.698901"
"LAO","MG_CIF_USD","G163","2012","100.749039"
"LAO","MG_CIF_USD","G163","2013","80.728977"
"LAO","MG_CIF_USD","G163","2014","91.956362"
"LAO","MG_CIF_USD","G163","2015","67.219515"
"LAO","MG_CIF_USD","G163","2016","30.223427"
"LAO","MG_CIF_USD","G163","2017","173.62225"
"LAO","MG_CIF_USD","G163","2018","87.507807"
"LAO","MG_CIF_USD","G163","2019","94.889837"
"LCA","MG_CIF_USD","G001","1981","32.38069999999999"
"LCA","MG_CIF_USD","G001","1982","26.983"
"LCA","MG_CIF_USD","G001","1983","21.4291"
"LCA","MG_CIF_USD","G001","1984","25.36966323186811"
"LCA","MG_CIF_USD","G001","1985","36.50695143952426"
"LCA","MG_CIF_USD","G001","1986","63.39549697712338"
"LCA","MG_CIF_USD","G001","1987","77.60806779255352"
"LCA","MG_CIF_USD","G001","1988","182.9261939226038"
"LCA","MG_CIF_USD","G001","1989","197.0538107568255"
"LCA","MG_CIF_USD","G001","1990","197.7850119745261"
"LCA","MG_CIF_USD","G001","1991","220.056023391567"
"LCA","MG_CIF_USD","G001","1992","306.338592592593"
"LCA","MG_CIF_USD","G001","1993","300.1855185185185"
"LCA","MG_CIF_USD","G001","1994","302.6354448148149"
"LCA","MG_CIF_USD","G001","1995","306.5666540740739"
"LCA","MG_CIF_USD","G001","1996","312.6019562962962"
"LCA","MG_CIF_USD","G001","1997","332.2167348148149"
"LCA","MG_CIF_USD","G001","1998","335.2029629629628"
"LCA","MG_CIF_USD","G001","1999","354.5488888888884"
"LCA","MG_CIF_USD","G001","2000","349.575982"
"LCA","MG_CIF_USD","G001","2001","275.197465"
"LCA","MG_CIF_USD","G001","2002","314.511194"
"LCA","MG_CIF_USD","G001","2003","406.299743"
"LCA","MG_CIF_USD","G001","2004","419.683344"
"LCA","MG_CIF_USD","G001","2005","484.02489"
"LCA","MG_CIF_USD","G001","2006","590.001317"
"LCA","MG_CIF_USD","G001","2007","613.907559"
"LCA","MG_CIF_USD","G001","2008","655.321562"
"LCA","MG_CIF_USD","G001","2009","617.089356"
"LCA","MG_CIF_USD","G001","2010","647.14778"
"LCA","MG_CIF_USD","G001","2011","705.014208"
"LCA","MG_CIF_USD","G001","2012","656.115091"
"LCA","MG_CIF_USD","G001","2013","887.159396"
"LCA","MG_CIF_USD","G001","2014","640.511831"
"LCA","MG_CIF_USD","G001","2015","568.925647"
"LCA","MG_CIF_USD","G001","2016","634.883161"
"LCA","MG_CIF_USD","G001","2017","623.825062"
"LCA","MG_CIF_USD","G001","2018","665.626701"
"LCA","MG_CIF_USD","G001","2019","619.180473"
"LCA","XG_FOB_USD","G001","1981","33.70363636363633"
"LCA","XG_FOB_USD","G001","1982","33.76454545454539"
"LCA","XG_FOB_USD","G001","1983","39.35272727272731"
"LCA","XG_FOB_USD","G001","1984","41.65661010208066"
"LCA","XG_FOB_USD","G001","1985","56.84322660038872"
"LCA","XG_FOB_USD","G001","1986","102.709279509715"
"LCA","XG_FOB_USD","G001","1987","78.01297598115561"
"LCA","XG_FOB_USD","G001","1988","143.4827637794744"
"LCA","XG_FOB_USD","G001","1989","120.9117958569133"
"LCA","XG_FOB_USD","G001","1990","145.7735289582795"
"LCA","XG_FOB_USD","G001","1991","116.9880782038555"
"LCA","XG_FOB_USD","G001","1992","124.0161111111115"
"LCA","XG_FOB_USD","G001","1993","119.6201481481483"
"LCA","XG_FOB_USD","G001","1994","94.35526555555551"
"LCA","XG_FOB_USD","G001","1995","108.9657885185185"
"LCA","XG_FOB_USD","G001","1996","79.5504377777777"
"LCA","XG_FOB_USD","G001","1997","62.01544740740748"
"LCA","XG_FOB_USD","G001","1998","62.16629629629627"
"LCA","XG_FOB_USD","G001","1999","55.64407407407407"
"LCA","XG_FOB_USD","G001","2000","45.406078"
"LCA","XG_FOB_USD","G001","2001","45.019561"
"LCA","XG_FOB_USD","G001","2002","62.159981"
"LCA","XG_FOB_USD","G001","2003","62.680747"
"LCA","XG_FOB_USD","G001","2004","79.068861"
"LCA","XG_FOB_USD","G001","2005","63.163972"
"LCA","XG_FOB_USD","G001","2006","93.920981"
"LCA","XG_FOB_USD","G001","2007","53.090855"
"LCA","XG_FOB_USD","G001","2008","164.377281"
"LCA","XG_FOB_USD","G001","2009","254.136915"
"LCA","XG_FOB_USD","G001","2010","215.366744"
"LCA","XG_FOB_USD","G001","2011","137.399836"
"LCA","XG_FOB_USD","G001","2012","76.653471"
"LCA","XG_FOB_USD","G001","2013","139.363426"
"LCA","XG_FOB_USD","G001","2014","134.06194"
"LCA","XG_FOB_USD","G001","2015","165.707545"
"LCA","XG_FOB_USD","G001","2016","104.983987"
"LCA","XG_FOB_USD","G001","2017","130.444264"
"LCA","XG_FOB_USD","G001","2018","115.064355"
"LCA","XG_FOB_USD","G001","2019","95.019133"
"PAN","MG_CIF_USD","G001","1980","1448.44"
"PAN","MG_CIF_USD","G001","1981","1539.913"
"PAN","MG_CIF_USD","G001","1982","1569.239"
"PAN","MG_CIF_USD","G001","1983","1411.896"
"PAN","MG_CIF_USD","G001","1984","1422.966"
"PAN","MG_CIF_USD","G001","1985","1391.375"
"PAN","MG_CIF_USD","G001","1986","1284.643"
"PAN","MG_CIF_USD","G001","1987","1306.15"
"PAN","MG_CIF_USD","G001","1988","795.454"
"PAN","MG_CIF_USD","G001","1989","964.757372"
"PAN","MG_CIF_USD","G001","1990","1509.696893"
"PAN","MG_CIF_USD","G001","1991","1694.927947"
"PAN","MG_CIF_USD","G001","1992","2023.590665"
"PAN","MG_CIF_USD","G001","1993","2187.361708"
"PAN","MG_CIF_USD","G001","1994","2403.993186"
"PAN","MG_CIF_USD","G001","1995","2530.08212"
"PAN","MG_CIF_USD","G001","1996","2387.283069"
"PAN","MG_CIF_USD","G001","1997","3006.365541"
"PAN","MG_CIF_USD","G001","1998","3398.342481"
"PAN","MG_CIF_USD","G001","1999","3492.53015"
"PAN","MG_CIF_USD","G001","2000","3079.664636"
"PAN","MG_CIF_USD","G001","2001","2998.057984"
"PAN","MG_CIF_USD","G001","2002","3027.3436"
"PAN","MG_CIF_USD","G001","2003","2717.650348"
"PAN","MG_CIF_USD","G001","2004","3564.681279"
"PAN","MG_CIF_USD","G001","2005","4084.447774"
"PAN","MG_CIF_USD","G001","2006","4630.243082"
"PAN","MG_CIF_USD","G001","2007","6713.676643"
"PAN","MG_CIF_USD","G001","2008","8873.807266"
"PAN","MG_CIF_USD","G001","2009","7624.787701"
"PAN","MG_CIF_USD","G001","2010","8938.010888"
"PAN","MG_CIF_USD","G001","2011","11011.920372"
"PAN","MG_CIF_USD","G001","2012","12366.357626"
"PAN","MG_CIF_USD","G001","2013","12785.783623"
"PAN","MG_CIF_USD","G001","2014","13592.4883"
"PAN","MG_CIF_USD","G001","2015","12136.052286"
"PAN","MG_CIF_USD","G001","2016","11696.977856"
"PAN","MG_CIF_USD","G001","2017","12724.361204"
"PAN","MG_CIF_USD","G001","2018","13232.957116"
"PAN","MG_CIF_USD","G001","2019","9841.582631"
"MUS","XG_FOB_USD","G163","1980","95.715"
"MUS","XG_FOB_USD","G163","1981","109.467"
"MUS","XG_FOB_USD","G163","1982","114.089"
"MUS","XG_FOB_USD","G163","1983","118.348"
"MUS","XG_FOB_USD","G163","1984","104.966"
"MUS","XG_FOB_USD","G163","1985","144.943"
"MUS","XG_FOB_USD","G163","1986","249.457"
"MUS","XG_FOB_USD","G163","1987","362.865"
"MUS","XG_FOB_USD","G163","1988","411.5279930196519"
"MUS","XG_FOB_USD","G163","1989","384.4648989164858"
"MUS","XG_FOB_USD","G163","1990","512.7492521046605"
"MUS","XG_FOB_USD","G163","1991","507.6567513737328"
"MUS","XG_FOB_USD","G163","1992","548.2802656907177"
"MUS","XG_FOB_USD","G163","1993","505.7789752677709"
"MUS","XG_FOB_USD","G163","1994","498.3751259718153"
"MUS","XG_FOB_USD","G163","1995","576.4878319061259"
"MUS","XG_FOB_USD","G163","1996","719.1860961812043"
"MUS","XG_FOB_USD","G163","1997","626.7100760691283"
"MUS","XG_FOB_USD","G163","1998","652.3111263623316"
"MUS","XG_FOB_USD","G163","1999","580.6235551965941"
"MUS","XG_FOB_USD","G163","2000","562.467441"
"MUS","XG_FOB_USD","G163","2001","538.429518"
"MUS","XG_FOB_USD","G163","2002","615.122576"
"MUS","XG_FOB_USD","G163","2003","592.251588"
"MUS","XG_FOB_USD","G163","2004","662.734983"
"MUS","XG_FOB_USD","G163","2005","661.955568"
"MUS","XG_FOB_USD","G163","2006","588.835095"
"MUS","XG_FOB_USD","G163","2007","725.599382"
"MUS","XG_FOB_USD","G163","2008","717.852699"
"MUS","XG_FOB_USD","G163","2009","706.093088"
"MUS","XG_FOB_USD","G163","2010","817.216759"
"MUS","XG_FOB_USD","G163","2011","898.598278"
"MUS","XG_FOB_USD","G163","2012","876.939486"
"MUS","XG_FOB_USD","G163","2013","890.995264"
"MUS","XG_FOB_USD","G163","2014","887.724154"
"MUS","XG_FOB_USD","G163","2015","701.408777"
"MUS","XG_FOB_USD","G163","2016","767.597509"
"MUS","XG_FOB_USD","G163","2017","792.723613"
"MUS","XG_FOB_USD","G163","2018","675.287696"
"MUS","XG_FOB_USD","G163","2019","624.451205"
"GRD","MG_CIF_USD","G163","1980","1.957"
"GRD","MG_CIF_USD","G163","1981","2.771"
"GRD","MG_CIF_USD","G163","1982","3.955"
"GRD","MG_CIF_USD","G163","1983","2.707"
"GRD","MG_CIF_USD","G163","1984","2.807"
"GRD","MG_CIF_USD","G163","1985","4.142"
"GRD","MG_CIF_USD","G163","1986","5.168"
"GRD","MG_CIF_USD","G163","1987","5.865"
"GRD","MG_CIF_USD","G163","1988","7.141148148148149"
"GRD","MG_CIF_USD","G163","1989","6.180185185185184"
"GRD","MG_CIF_USD","G163","1990","6.258481481481474"
"GRD","MG_CIF_USD","G163","1991","5.828"
"GRD","MG_CIF_USD","G163","1992","11.13059850126592"
"GRD","MG_CIF_USD","G163","1993","5.27553592592593"
"GRD","MG_CIF_USD","G163","1994","6.95325333333333"
"GRD","MG_CIF_USD","G163","1995","5.438300370370367"
"GRD","MG_CIF_USD","G163","1996","7.556921851851841"
"GRD","MG_CIF_USD","G163","1997","6.177673333333328"
"GRD","MG_CIF_USD","G163","1998","7.911666666666663"
"GRD","MG_CIF_USD","G163","1999","7.226555555555549"
"GRD","MG_CIF_USD","G163","2000","11.933434"
"GRD","MG_CIF_USD","G163","2001","9.139392"
"GRD","MG_CIF_USD","G163","2002","12.995835"
"GRD","MG_CIF_USD","G163","2003","19.458017"
"GRD","MG_CIF_USD","G163","2004","12.384929"
"GRD","MG_CIF_USD","G163","2005","25.200869"
"GRD","MG_CIF_USD","G163","2006","18.170345"
"GRD","MG_CIF_USD","G163","2007","20.152194"
"GRD","MG_CIF_USD","G163","2008","19.697462"
"GRD","MG_CIF_USD","G163","2009","19.909601"
"GRD","MG_CIF_USD","G163","2010","13.8816"
"GRD","MG_CIF_USD","G163","2011","12.919509"
"GRD","MG_CIF_USD","G163","2012","11.224185"
"GRD","MG_CIF_USD","G163","2013","11.899775"
"GRD","MG_CIF_USD","G163","2014","9.403415"
"GRD","MG_CIF_USD","G163","2015","11.78755"
"GRD","MG_CIF_USD","G163","2016","11.672833"
"GRD","MG_CIF_USD","G163","2017","17.878504"
"GRD","MG_CIF_USD","G163","2018","32.550826"
"GRD","MG_CIF_USD","G163","2019","23.031399"
"LSO","XG_FOB_USD","G163","2000","15.247387"
"LSO","XG_FOB_USD","G163","2001","22.082549"
"LSO","XG_FOB_USD","G163","2002","13.396863"
"LSO","XG_FOB_USD","G163","2003","5.437767"
"LSO","XG_FOB_USD","G163","2004","94.192197"
"LSO","XG_FOB_USD","G163","2008","38.798766"
"LSO","XG_FOB_USD","G163","2009","11.291976"
"LSO","XG_FOB_USD","G163","2010","0.420315"
"LSO","XG_FOB_USD","G163","2011","27.444922"
"LSO","XG_FOB_USD","G163","2012","23.512969"
"LSO","XG_FOB_USD","G163","2013","16.53191"
"LSO","XG_FOB_USD","G163","2014","376.380662"
"LSO","XG_FOB_USD","G163","2015","186.040697"
"LSO","XG_FOB_USD","G163","2016","3.438553"
"LSO","XG_FOB_USD","G163","2017","359.182281"
"LSO","XG_FOB_USD","G163","2018","407.111496"
"LSO","XG_FOB_USD","G163","2019","320.374631"
"BEN","XG_FOB_USD","G163","1980","35.34"
"BEN","XG_FOB_USD","G163","1981","13.892"
"BEN","XG_FOB_USD","G163","1982","11.778"
"BEN","XG_FOB_USD","G163","1983","22.04613172537132"
"BEN","XG_FOB_USD","G163","1984","114.0437802520146"
"BEN","XG_FOB_USD","G163","1985","141.5679629612071"
"BEN","XG_FOB_USD","G163","1986","72.32939211748807"
"BEN","XG_FOB_USD","G163","1987","53.17509722231845"
"BEN","XG_FOB_USD","G163","1988","19.63135221793062"
"BEN","XG_FOB_USD","G163","1989","25.29253869754719"
"BEN","XG_FOB_USD","G163","1990","27.64797370197102"
"BEN","XG_FOB_USD","G163","1991","7.929648152141488"
"BEN","XG_FOB_USD","G163","1992","26.74441356809577"
"BEN","XG_FOB_USD","G163","1993","27.49667592522286"
"BEN","XG_FOB_USD","G163","1994","41.16769937078155"
"BEN","XG_FOB_USD","G163","1995","52.05385543004244"
"BEN","XG_FOB_USD","G163","1996","58.81762693214317"
"BEN","XG_FOB_USD","G163","1997","38.24271249663107"
"BEN","XG_FOB_USD","G163","1998","39.75172380352499"
"BEN","XG_FOB_USD","G163","1999","29.58051920848711"
"BEN","XG_FOB_USD","G163","2000","33.644"
"BEN","XG_FOB_USD","G163","2001","33.316682"
"BEN","XG_FOB_USD","G163","2002","33.951888"
"BEN","XG_FOB_USD","G163","2003","24.782345"
"BEN","XG_FOB_USD","G163","2004","24.955164"
"BEN","XG_FOB_USD","G163","2005","16.573649"
"BEN","XG_FOB_USD","G163","2006","18.39912"
"BEN","XG_FOB_USD","G163","2007","22.185023"
"BEN","XG_FOB_USD","G163","2008","17.05021"
"BEN","XG_FOB_USD","G163","2009","15.988556"
"BEN","XG_FOB_USD","G163","2010","33.884643"
"BEN","XG_FOB_USD","G163","2011","26.922195"
"BEN","XG_FOB_USD","G163","2012","22.073047"
"BEN","XG_FOB_USD","G163","2013","24.958429"
"BEN","XG_FOB_USD","G163","2014","85.431919"
"BEN","XG_FOB_USD","G163","2015","40.969918"
"BEN","XG_FOB_USD","G163","2016","25.83448"
"BEN","XG_FOB_USD","G163","2017","30.370507"
"BEN","XG_FOB_USD","G163","2018","22.825788"
"BEN","XG_FOB_USD","G163","2019","23.061138"
"CAF","MG_CIF_USD","G001","1980","78.922"
"CAF","MG_CIF_USD","G001","1981","97.334"
"CAF","MG_CIF_USD","G001","1982","112.951"
"CAF","MG_CIF_USD","G001","1983","64.514"
"CAF","MG_CIF_USD","G001","1984","66.792"
"CAF","MG_CIF_USD","G001","1985","92.967"
"CAF","MG_CIF_USD","G001","1986","185.8886557911742"
"CAF","MG_CIF_USD","G001","1987","115.6896999366676"
"CAF","MG_CIF_USD","G001","1988","138.5989938006447"
"CAF","MG_CIF_USD","G001","1989","167.3363449570282"
"CAF","MG_CIF_USD","G001","1990","183.6762253460617"
"CAF","MG_CIF_USD","G001","1991","158.8347927379886"
"CAF","MG_CIF_USD","G001","1992","163.2502975352883"
"CAF","MG_CIF_USD","G001","1993","125.5780837527452"
"CAF","MG_CIF_USD","G001","1994","131.9570378518187"
"CAF","MG_CIF_USD","G001","1995","188.7278806807395"
"CAF","MG_CIF_USD","G001","1996","176.388695474082"
"CAF","MG_CIF_USD","G001","1997","134.0930020718238"
"CAF","MG_CIF_USD","G001","1998","161.5186772841675"
"CAF","MG_CIF_USD","G001","1999","153.7820667015071"
"CAF","MG_CIF_USD","G001","2000","62.023512"
"CAF","MG_CIF_USD","G001","2001","59.894362"
"CAF","MG_CIF_USD","G001","2002","51.946796"
"CAF","MG_CIF_USD","G001","2003","79.473758"
"CAF","MG_CIF_USD","G001","2004","87.040861"
"CAF","MG_CIF_USD","G001","2005","109.980132"
"CAF","MG_CIF_USD","G001","2006","81.778323"
"CAF","MG_CIF_USD","G001","2007","155.494294"
"CAF","MG_CIF_USD","G001","2008","185.060689"
"CAF","MG_CIF_USD","G001","2009","211.728422"
"CAF","MG_CIF_USD","G001","2010","209.965531"
"CAF","MG_CIF_USD","G001","2011","214.723756"
"CAF","MG_CIF_USD","G001","2012","217.528656"
"CAF","MG_CIF_USD","G001","2013","129.72651"
"CAF","MG_CIF_USD","G001","2014","308.030054"
"CAF","MG_CIF_USD","G001","2015","456.596916"
"CAF","MG_CIF_USD","G001","2016","401.334484"
"CAF","MG_CIF_USD","G001","2017","418.880328"
"CAF","MG_CIF_USD","G001","2018","383.150628"
"CAF","MG_CIF_USD","G001","2019","567.952745"
