iso2c,iso3c,year,wdi_gdp_pc_ppp_constant,wdi_gdp_pc_ppp_current,wdi_gdp_pc_constant,wdi_gdp_pc_current,wdi_gdp_pc_growth,rgdpo,rgdpe,cgdpo,cgdpe,rgdpna,pop,pwt_rgdpo_pc,pwt_rgdpe_pc,pwt_cgdpo_pc,pwt_cgdpe_pc,pwt_rgdpna_pc,country,region
AO,AGO,1980,NA,NA,3186.7395967321,729.111965489822,NA,28927.419921875,30380.06640625,31178.4765625,31392.541015625,56688.81640625,8.341289,3467.9795798796804,3642.1308992231297,3737.8487380667425,3763.511972265318,6796.169801364034,Angola,Non-CFA comparison
AO,AGO,1981,NA,NA,2937.55129349615,657.982648547398,-7.81953767077414,28634.07421875,29912.49609375,30805.71484375,30972.29296875,54194.50390625,8.640445999999999,3313.957892769656,3461.9157499219373,3565.2922133591255,3584.571093754883,6272.188253505665,Angola,Non-CFA comparison
AO,AGO,1982,NA,NA,2831.46994192125,634.221467312782,-3.61121699593038,28998.65625,30552.607421875,31218.009765625,31754.470703125,54194.50390625,8.95295,3239.0057187854286,3412.574338276769,3486.8964716238784,3546.816491002966,6053.256625609436,Angola,Non-CFA comparison
AO,AGO,1983,NA,NA,2842.76539931284,636.83281102292,0.398925562456483,29083.146484375,31005.7265625,31163.55078125,32040.8203125,56470.67578125,9.278096,3134.602884511542,3341.8199771267728,3358.8303873176137,3453.383141595,6086.450903423504,Angola,Non-CFA comparison
AO,AGO,1984,NA,NA,2903.70027040203,650.491094413218,2.14350685089639,31850.689453125,34438.75,33838.43359375,35351.60546875,59858.921875,9.614754,3312.688962517918,3581.864913028456,3519.4279119101748,3676.80810853299,6225.736183681871,Angola,Non-CFA comparison
AO,AGO,1985,NA,NA,2896.78303600758,772.468832586265,-0.238221364131547,32966.546875,35114.29296875,35775.9765625,36121.62890625,61953.98046875,9.961997,3309.2307571463834,3524.8246881373284,3591.2454663959443,3625.942560136286,6219.032235077967,Angola,Non-CFA comparison
AO,AGO,1986,NA,NA,2874.86018427609,697.526602399253,-0.756799921119097,29358.6796875,30319.908203125,31471.435546875,31211.931640625,63921.7421875,10.320110999999999,2844.802704883698,2937.9440010989224,3049.5249079079676,3024.3794510180173,6193.9006457876285,Angola,Non-CFA comparison
AO,AGO,1987,NA,NA,2890.07547573739,770.10114008645,0.529253267498845,32969.546875,34479.484375,35511.828125,35470.16015625,68396.5,10.68925,3084.364840844774,3225.622412704353,3322.200166054681,3318.3020470332344,6398.6247865846535,Angola,Non-CFA comparison
AO,AGO,1988,NA,NA,2964.572344914,807.43962838624,2.57767901918209,31056.705078125,32761.546875,33438.0703125,33697.2734375,72208.15625,11.06805,2805.9780248666207,2960.010740374321,3021.1347357935683,3044.5537775398557,6524.0178938476065,Angola,Non-CFA comparison
AO,AGO,1989,NA,NA,2866.24611384236,907.747893072936,-3.31670877387509,33118.72265625,34640.91796875,35471.6015625,35647.3671875,72487.9453125,11.454777,2891.258612563998,3024.1459933048022,3096.6645236742715,3112.0088315556036,6328.184766276986,Angola,Non-CFA comparison
AO,AGO,1990,8368.72287865566,3704.86317724923,2675.05239370666,965.866840464665,-6.670526972975,35987.328125,36310.5546875,37988.03515625,37133.44140625,72165.6328125,11.848386,3037.3190175438244,3064.5992363432456,3206.1780529643447,3134.050612990664,6090.756396061033,Angola,Non-CFA comparison
AO,AGO,1991,8172.50539080906,3740.35083482761,2612.33170523819,881.919488130062,-2.34465271095358,33312.19140625,33509.2890625,33016.96875,34268.98046875,72881.0546875,12.248901,2719.606551334687,2735.6975995234184,2695.504580370108,2797.7187887101054,5950.007652727375,Angola,Non-CFA comparison
AO,AGO,1992,7447.49422684139,3486.20686711865,2380.58274213388,668.706017459877,-8.87134519095005,38985.7890625,38332.8515625,42753.703125,39262.390625,68626.0546875,12.657366,3080.0870467441646,3028.5014719887217,3377.772525895198,3101.9400580657934,5421.827470857681,Angola,Non-CFA comparison
AO,AGO,1993,5483.27751126366,2627.58810059137,1752.72318662558,449.727894936295,-26.3741958805222,33555.55859375,33135.31640625,35172.16796875,33907.76953125,52167.17578125,13.075049,2566.381096831836,2534.240323401465,2690.021885864443,2593.318734885812,3989.826407629524,Angola,Non-CFA comparison
AO,AGO,1994,5379.47533872491,2632.88819939076,1719.54294465223,334.973590276074,-1.89306801134015,35790.5390625,36157.69140625,36822.78125,36429.9921875,52865.88671875,13.503746999999999,2650.415404146716,2677.6043276173646,2726.856571735238,2697.769158997129,3914.9050051626414,Angola,Non-CFA comparison
AO,AGO,1995,5983.18421691116,2989.761380067,1912.51777523397,404.29481849612,11.2224490340232,31983.10546875,36550.82421875,32026.1796875,36195.3046875,60795.7734375,13.945205999999999,2293.4839018333614,2621.031501345337,2296.5727209408024,2595.5374691130414,4359.6181682436245,Angola,Non-CFA comparison
AO,AGO,1996,6567.67778259899,3341.9118881012,2099.3504538481902,531.115366543271,9.76893815229334,40620.8203125,48771.6015625,39732.5625,47421.2734375,69030.1796875,14.400718999999999,2820.749457891651,3386.747672980773,2759.0679673702407,3292.979568415994,4793.523135025412,Angola,Non-CFA comparison
AO,AGO,1997,6810.21622212226,3525.08342955598,2176.87757986492,521.70291489053,3.69291015107154,41782.3203125,45720.8046875,40691.0625,44510.02734375,74051.625,14.87157,2809.543330831916,3074.3764570586695,2736.164540798315,2992.9608873676416,4979.408697265992,Angola,Non-CFA comparison
AO,AGO,1998,6895.02600537711,3609.09297822035,2203.98692701325,429.188126933192,1.24533172646349,43945.71484375,47414.22265625,43199.82421875,46014.2421875,77525.5,15.359601,2861.1234656258325,3086.943642367403,2812.561616590822,2995.796712915915,5047.364186087907,Angola,Non-CFA comparison
AO,AGO,1999,6817.05713550008,3618.77608190863,2179.06426975438,392.725539027496,-1.1307987789491,42790.30078125,49751.9921875,42868.44921875,48516.4921875,79216.703125,15.866869,2696.8333060070013,3135.58977435939,2701.75856489078,3057.723120263992,4992.585690661466,Angola,Non-CFA comparison
AO,AGO,2000,6796.40633958013,3689.53780847244,2172.46326720494,563.733795571487,-0.302928309232016,36538.80859375,40896.87890625,37817.1171875,40331.171875,81636.4765625,16.395473,2228.591306499666,2494.400674274539,2306.5584742507885,2459.8968187743044,4979.208380416961,Angola,Non-CFA comparison
AO,AGO,2001,6848.68325514498,3801.63313374818,2189.17352158246,533.586202412447,0.769184668379836,39557.390625,40838.36328125,39914.6640625,40581.89453125,84199.8671875,16.945753,2334.3542553110506,2409.9468038540394,2355.43761687663,2394.812111993489,4968.7887689322515,Angola,Non-CFA comparison
AO,AGO,2002,7523.81291488042,4241.2915015658,2404.97792071531,999.065855913758,9.85780236264037,44386.85546875,46391.69140625,46788.27734375,46423.421875,96434.1015625,17.519417,2533.5806247862015,2648.0157077287445,2670.6526446485063,2649.8268678118684,5504.41270748336,Angola,Non-CFA comparison
AO,AGO,2003,7518.88948314505,4322.19773214742,2403.40415157038,1133.66331960607,-0.0654379872422197,48612.578125,48488.30859375,50810.56640625,48678.51953125,99317.3359375,18.121479,2682.5944022008357,2675.7368200327355,2803.886283578178,2686.233255643758,5480.641835994733,Angola,Non-CFA comparison
AO,AGO,2004,8081.75707952672,4770.68802563462,2583.32411461288,1451.47117872493,7.48604694407922,58740.80078125,57571.0390625,62210.6484375,57881.46484375,110195.65625,18.758145,3131.4823923820827,3069.1221899873362,3316.4605795242546,3085.671042832327,5874.549762249946,Angola,Non-CFA comparison
AO,AGO,2005,8895.37660461036,5415.61212018099,2843.3966357968,2145.88621096327,10.0673593264113,79999.515625,71963.1796875,82367.328125,73289.5390625,126757.1796875,19.433602,4116.556242378536,3703.0283777294603,4238.397396684361,3771.2792030267983,6522.577733530819,Angola,Non-CFA comparison
AO,AGO,2006,9588.82238860962,6017.8181625251,3065.05576243895,2930.4442860732,7.79557532887203,106584.0859375,91456.078125,107025.8125,92609.53125,141521.796875,20.149901,5289.558789271471,4538.78548212222,5311.480810749393,4596.029094634261,7023.4487442394875,Angola,Non-CFA comparison
AO,AGO,2007,10437.5899897179,6727.96328856831,3336.36332465208,3515.05678986535,8.85163544291412,121459.4453125,100577.3515625,119522.296875,101425.7578125,161348.046875,20.905362999999998,5809.965859597846,4811.078935223464,5717.3031090156155,4851.662121939716,7718.021776278174,Angola,Non-CFA comparison
AO,AGO,2008,11134.7047183666,7315.60233056666,3559.19522512236,4578.15526451517,6.67888592419779,150207.28125,120543.34375,145000.453125,121978.3046875,179361.671875,21.695634,6923.387500452856,5556.11067876606,6683.3932175017335,5622.251218263546,8267.178173958871,Angola,Non-CFA comparison
AO,AGO,2009,10933.2712187989,7227.56364237588,3494.80724466172,3645.14846562976,-1.80906009330889,115505.34375,99539.359375,115161.546875,100015.1953125,180901.59375,22.514281,5130.314565675004,4421.165364996555,5115.044396709804,4442.30021436172,8034.970947995185,Angola,Non-CFA comparison
AO,AGO,2010,11077.1301919405,7411.65460883624,3540.79159568381,4101.63715566712,1.31579076620976,159625.234375,140742.28125,153241.28125,140977.265625,189691.96875,23.356246,6834.370316830881,6025.894797049149,6561.040727606654,6035.955676481572,8121.680545323937,Angola,Non-CFA comparison
AO,AGO,2011,11037.6388778577,7537.59656403345,3528.16824373399,5184.15269149912,-0.356512141669299,201857.65625,185480.78125,199033.234375,186079.390625,196278.03125,24.220661,8334.110132254442,7657.957033047116,8217.498043302781,7682.671857097542,8103.743793367159,Angola,Non-CFA comparison
AO,AGO,2012,11519.9933863364,8246.36081151609,3682.35229322763,5702.45306277434,4.37008778613288,229563.234375,204876.359375,221671.9375,206875.8125,213044.40625,25.107930999999997,9143.05660530133,8159.826445874813,8828.761617195778,8239.46077038367,8485.143847575495,Angola,Non-CFA comparison
AO,AGO,2013,11626.1877218484,8504.09532072053,3716.29718727282,5688.57916215215,0.921826358320473,242490.28125,215438.578125,228184.59375,215701.4375,223599.890625,26.015781,9320.891855985412,8281.072865927032,8771.006865025502,8291.176709244284,8594.77909292825,Angola,Non-CFA comparison
AO,AGO,2014,11721.664415634,9017.69018162269,3746.81619978613,5649.68762469139,0.821220988941135,254874.671875,232251.1875,243641.515625,232654.578125,234383.265625,26.941779,9460.202010973366,8620.484471348384,9043.26012120432,8635.457150955028,8699.620972505194,Angola,Non-CFA comparison
AO,AGO,2015,11392.9059344932,8067.48584683018,3641.72893919944,3641.72893919944,-2.80470818378251,224712.609375,216207.09375,224333.640625,215561.9375,236594.859375,27.884380999999998,8058.726832594922,7753.698880746179,8045.136114909634,7730.562048338101,8484.852483366943,Angola,Non-CFA comparison
AO,AGO,2016,10805.7122533667,7766.83787525546,3454.03317187119,2051.81462126253,-5.15402904669538,218670.640625,211653.796875,214634.171875,210500.984375,230491.171875,28.842488999999997,7581.545428516936,7338.263936756638,7441.59673164823,7298.294692077373,7991.375913327037,Angola,Non-CFA comparison
AO,AGO,2017,10414.2358842987,8006.83661497696,3328.8982124109,2790.71886869768,-3.62286501702881,230151.34375,223326.734375,230151.34375,223326.734375,230151.34375,29.816765999999998,7718.856691232041,7489.971728489938,7718.856691232041,7489.971728489938,7718.856691232041,Angola,Non-CFA comparison
AO,AGO,2018,10000.9443772509,8278.36886170469,3196.79006983557,2860.0936483682,-3.96852454312942,233805.0625,239713.125,233298.390625,239500.8125,225540.046875,30.809787,7588.662086498683,7780.421364159382,7572.216926556487,7773.530290878025,7320.402665393305,Angola,Non-CFA comparison
AO,AGO,2019,9648.01103767178,8572.87895610671,3083.97534427357,2493.67884440177,-3.52900012504749,227855.71875,228151.015625,223289.3125,227771.609375,222151.0625,31.825294999999997,7159.579157082441,7168.857841694791,7016.09560885453,7156.936310409692,6980.330033075892,Angola,Non-CFA comparison
AO,AGO,2020,8960.33797242389,7827.42804325818,2864.16146036893,1759.35619918264,-7.1276148271679,NA,NA,NA,NA,NA,NA,NA,NA,NA,NA,NA,Angola,Non-CFA comparison
AO,AGO,2021,8862.28133314521,8862.28133314521,2832.81777132286,2303.90812662776,-1.0943408561201,NA,NA,NA,NA,NA,NA,NA,NA,NA,NA,NA,Angola,Non-CFA comparison
BJ,BEN,1980,NA,NA,733.490637341118,358.003054209903,3.87849215726132,8230.3837890625,7374.3486328125,7671.22412109375,7161.09130859375,5138.96337890625,3.717165,2214.156161769117,1983.8636791244132,2063.7297836102916,1926.4927192077162,1382.49536378026,Benin,WAEMU
BJ,BEN,1981,NA,NA,783.925193667226,319.718185970269,6.87596456703679,10409.8125,8108.4814453125,9738.0361328125,7907.51904296875,5427.97705078125,3.820128,2724.990497700601,2122.5679991122024,2549.1387023713605,2069.961803104176,1420.8887897948052,Benin,WAEMU
BJ,BEN,1982,NA,NA,778.638765032765,305.0040635075,-0.674353710936487,7500.62548828125,6271.63671875,7084.7138671875,6133.94140625,6013.25390625,3.927714,1909.6669177748813,1596.7651205637683,1803.775393826409,1561.7077532249039,1530.9805923369165,Benin,WAEMU
BJ,BEN,1983,NA,NA,723.483520668885,255.983601560726,-7.08354719040462,7372.46240234375,6416.73046875,6976.859375,6261.00341796875,5751.921875,4.039949,1824.8899682505273,1588.3196715478339,1726.9671906749318,1549.7728852440341,1423.7610115870275,Benin,WAEMU
BJ,BEN,1984,NA,NA,758.361165674301,238.57445735538101,4.82079328816913,7826.5068359375,7153.71337890625,7381.58251953125,6943.03515625,6208.05615234375,4.156819,1882.8115527612583,1720.9585933152853,1775.7767464812036,1670.2760346914313,1493.4631871976505,Benin,WAEMU
BJ,BEN,1985,NA,NA,791.727164830118,230.434117218913,4.39975049700094,8647.103515625,7800.431640625,8242.541015625,7600.84619140625,6675.4443359375,4.2785009999999994,2021.0591316035689,1823.1692923818414,1926.5020659396832,1776.5208402209678,1560.229700995162,Benin,WAEMU
BJ,BEN,1986,NA,NA,785.143070110497,285.771551064424,-0.831611571775994,7559.05859375,6978.16259765625,7283.28076171875,6830.017578125,6818.8642578125,4.404506,1716.2103068425836,1584.3235535736019,1653.5976478903085,1550.6886761250867,1548.1564238560466,Benin,WAEMU
BJ,BEN,1987,NA,NA,750.403840602099,324.253765166191,-4.42457315499306,6993.8291015625,6459.447265625,6768.0341796875,6325.771484375,6716.58154296875,4.535263,1542.1000064522168,1424.2718152453342,1492.3134953116282,1394.7970568355133,1480.9684781166495,Benin,WAEMU
BJ,BEN,1988,NA,NA,752.704034985609,326.179757700303,0.30652753344971,7209.2421875,6643.67626953125,6986.55126953125,6521.88818359375,6920.39306640625,4.672852,1542.7927500164783,1421.760472946982,1495.136432639264,1395.6975704759643,1480.9784402344114,Benin,WAEMU
BJ,BEN,1989,NA,NA,709.188907710243,293.321949550953,-5.78117364233306,6519.04248046875,6216.810546875,6346.55322265625,6130.90625,6871.42578125,4.820016,1352.493950324802,1289.790437806638,1316.7079160434841,1271.9680287368342,1425.6022762683776,Benin,WAEMU
BJ,BEN,1990,2207.06796428357,1186.11606902616,749.459666582926,371.101604332357,5.67842480823693,6713.15576171875,6388.1083984375,6598.58642578125,6364.59423828125,7488.2138671875,4.978496,1348.4304821614298,1283.1402090987922,1325.4176413481603,1278.4170637640866,1504.1116568512862,Benin,WAEMU
BJ,BEN,1991,2230.46054664537,1239.22499734744,757.403145107877,364.689296016645,1.05989406490245,7069.97216796875,6668.9189453125,6989.37353515625,6638.68798828125,7804.6513671875,5.149499,1372.9436917977362,1295.0617031506367,1357.2919492083115,1289.191043299795,1515.613726148408,Benin,WAEMU
BJ,BEN,1992,2226.56666006625,1265.25241875078,756.080888165851,301.77329696287,-0.174577693605642,7308.2978515625,6846.126953125,7156.0283203125,6818.0361328125,8035.490234375,5.331803,1370.6991521559405,1284.017236406709,1342.140420475494,1278.748695856261,1507.0868586808253,Benin,WAEMU
BJ,BEN,1993,2254.24565428893,1311.34449338815,765.479914438342,387.310054813122,1.24312443544126,7512.19482421875,7156.4912109375,7365.02978515625,7123.7734375,8504.455078125,5.521763,1360.47034691977,1296.0518607802435,1333.8185259230158,1290.126620338468,1540.1702460111019,Benin,WAEMU
BJ,BEN,1994,2215.36616821938,1316.24432539105,752.277508740764,262.129807445074,-1.72472268031545,7038.361328125,6619.517578125,6900.54541015625,6570.91064453125,8676.279296875,5.71422,1231.7273972869439,1158.4288981042032,1207.609334284688,1149.9225869027182,1518.366338166014,Benin,WAEMU
BJ,BEN,1995,2300.14122107459,1395.26644444059,781.0647884601,348.435238914394,3.82668355558341,7774.50390625,7343.48095703125,7652.80419921875,7305.5400390625,9555.3427734375,5.905558,1316.4723648891434,1243.4863830024615,1295.8647090111976,1237.0617711421173,1618.0253878528497,Benin,WAEMU
BJ,BEN,1996,2337.63030771279,1443.96771280369,793.7950526962,369.394384135736,1.62986021443862,8177.40087890625,7960.52001953125,8045.03125,7913.66259765625,9969.30859375,6.094259,1341.8203720757929,1306.2326395270122,1320.0999908274327,1298.5438586801529,1635.852462744035,Benin,WAEMU
BJ,BEN,1997,2399.78593127356,1507.92415400422,814.901395438676,344.550491498963,2.65891588399134,9048.9072265625,8592.2998046875,8866.6611328125,8494.4775390625,10541.0126953125,6.281638999999999,1440.532833319855,1367.8436160829206,1411.5203265919135,1352.2708864776375,1678.0672520838114,Benin,WAEMU
BJ,BEN,1998,2419.10014338548,1537.14382552758,821.459971433599,361.601983057505,0.80483062510794,9477.9453125,9037.416015625,9292.7265625,8864.0361328125,10958.54296875,6.4702649999999995,1464.8465422204501,1396.761340629016,1436.2203963052518,1369.9649292281692,1693.6776111565757,Benin,WAEMU
BJ,BEN,1999,2470.68504400549,1592.13782139447,838.976786975768,525.130597245974,2.1324003787548,10388.5224609375,9824.3505859375,10196.6259765625,9645.4853515625,11543.8876953125,6.664098,1558.8790052213367,1474.220605089766,1530.0834376328949,1447.380478432715,1732.250590449375,Benin,WAEMU
BJ,BEN,2000,2536.16885867097,1671.35725172854,861.213292013209,487.424141384242,2.65043149973154,11639.8662109375,10898.748046875,11353.119140625,10701.779296875,12220.0966796875,6.865951,1695.3028372817546,1587.3617575882788,1653.5392024535277,1558.673998237826,1779.8112278528495,Benin,WAEMU
BJ,BEN,2001,2591.06485220288,1745.98256227696,879.854463773645,492.401499509072,2.16452439056758,12474.8154296875,11626.35546875,12194.0302734375,11450.3564453125,12871.810546875,7.076733,1762.7930048636144,1642.8987032222356,1723.1157758018426,1618.0286080190535,1818.8916477243101,Benin,WAEMU
BJ,BEN,2002,2630.18061029627,1799.88269639499,893.137100961634,546.46382965815906,1.50964025698303,13779.5107421875,12828.5205078125,13535.3095703125,12670.2392578125,13469.4541015625,7.295394,1888.7959638900243,1758.4410804697457,1855.3226282655194,1736.7450281386448,1846.295635515025,Benin,WAEMU
BJ,BEN,2003,2639.04370114641,1841.60297283874,896.146763201736,676.002878084282,0.336976510869505,14682.0732421875,13789.3603515625,14464.1884765625,13627.791015625,13933.28515625,7.520555,1952.2592737088553,1833.5562138116802,1923.2873739454735,1812.07251534295,1852.693738194854,Benin,WAEMU
BJ,BEN,2004,2672.84404357157,1915.34644346381,907.624431209378,758.695803786371,1.28077994352564,15695.76953125,14925.58984375,15496.34375,14755.388671875,14550.4853515625,7.750004,2025.2595393821732,1925.881566480482,1999.5271937924163,1903.9201362831554,1877.4810118243165,Benin,WAEMU
BJ,BEN,2005,2632.47251454328,1945.56414052296,893.91536869992,779.437777753268,-1.51043339492205,16488.689453125,15498.13671875,16429.345703125,15612.9345703125,14799.7578125,7.982225,2065.6758551813564,1941.5810402174834,2058.2413679299943,1955.962725970829,1854.089281184131,Benin,WAEMU
BJ,BEN,2006,2652.21841967159,2020.60567734722,900.62053578735,809.147072506221,0.750089697773319,16917.837890625,15831.4296875,16847.09765625,15867.4912109375,15383.423828125,8.216897,2058.908355626826,1926.6919966868272,2050.2992378083845,1931.0807000425466,1872.169485406109,Benin,WAEMU
BJ,BEN,2007,2729.13741390352,2135.53787873721,926.740113754071,912.338247188342,2.9001757042866,17956.130859375,16409.478515625,17952.4765625,16438.255859375,16304.3271484375,8.454793,2123.7812515782466,1940.8492337571126,2123.3490355707113,1944.2529059404528,1928.4123394194867,Benin,WAEMU
BJ,BEN,2008,2777.61974031765,2215.35163859542,943.203380303862,1060.60254502099,1.77647069609412,18489.220703125,17207.064453125,18483.76953125,17367.220703125,17102.681640625,8.696921,2125.950172839905,1978.523715821381,2125.3233795328256,1996.938997505554,1966.5214436954182,Benin,WAEMU
BJ,BEN,2009,2758.07243150648,2213.32895620809,936.565651071554,1024.10277858112,-0.703743155603306,18522.15234375,17575.583984375,18595.892578125,17663.642578125,17499.345703125,8.944708,2070.7386248662337,1964.9142246314805,2078.9826317555585,1974.7589947178824,1956.3909412274832,Benin,WAEMU
BJ,BEN,2010,2733.57399641151,2220.32854611489,928.246655329144,973.244254931526,-0.888244805144353,19116.169921875,17586.013671875,19150.583984375,17733.912109375,17869.2890625,9.199259,2078.0119270340147,1911.6771983346703,2081.7528873113583,1927.7544103688135,1942.470481861637,Benin,WAEMU
BJ,BEN,2011,2732.01249647957,2264.84186926384,927.716412836707,1059.41358852588,-0.0571230167535077,20438.66796875,18957.3125,20475.037109375,19223.169921875,19525.50390625,9.460830999999999,2160.3459536218334,2003.7682207831429,2164.190133971847,2031.869073855669,2063.8254616587064,Benin,WAEMU
BJ,BEN,2012,2779.7264808532,2346.08416204547,943.918771531001,1071.5258366283,1.74647753021327,23201.345703125,21351.32421875,23050.517578125,21511.224609375,21683.470703125,9.729249,2384.7005769021844,2194.5500848780825,2369.1980314333614,2210.985103719208,2228.689049188175,Benin,WAEMU
BJ,BEN,2013,2893.0467015352,2511.65309588333,982.399206290516,1168.92699279226,4.076668026964,25688.55078125,23914.609375,25575.14453125,23994.6484375,24594.0078125,10.004591,2567.676257954973,2390.3635216072303,2556.340837046712,2398.3637549501027,2458.2721884882653,Benin,WAEMU
BJ,BEN,2014,2987.38236326153,2670.41561399187,1014.4330062135,1204.39918670094,3.26077217060734,29128.986328125,26931.318359375,28954.40625,27013.626953125,27807.0234375,10.286844,2831.6737697319995,2618.035070753965,2814.7025705843307,2626.03641633187,2703.1637144978577,Benin,WAEMU
BJ,BEN,2015,2952.00218338705,2725.33724817144,1002.41886879614,1002.41886879614,-1.18432043750336,32494.55078125,30454.671875,32397.939453125,30426.3515625,31427.8515625,10.575952,3072.494162345858,2879.615175541644,3063.359161721328,2876.9373728719647,2971.6333397220415,Benin,WAEMU
BJ,BEN,2016,2962.66381572265,2842.0246258376,1006.03926633023,1010.5338961993,0.361166139903119,34382.171875,31975.63671875,34327.72265625,31884.1484375,32477.439453125,10.872062999999999,3162.433098023807,2941.082729078189,3157.4249207579096,2932.6677409338045,2987.2379743499464,Benin,WAEMU
BJ,BEN,2017,3041.77929984989,2885.89383987721,1032.90471194182,1054.97408066814,2.67041720047298,34319.41796875,32311,34319.41796875,32311,34319.41796875,11.175198,3071.034443304718,2891.3134246033046,3071.034443304718,2891.3134246033046,3071.034443304718,Benin,WAEMU
BJ,BEN,2018,3155.4510650627,2965.30628143664,1071.50452156932,1151.7409703472,3.73701554279164,35813.25390625,34133.2890625,35864.86328125,34089.71484375,36617.875,11.485044,3118.2513455107355,2971.9772133654865,3122.7449612948803,2968.1832166903323,3188.3095093061897,Benin,WAEMU
BJ,BEN,2019,3281.10470051465,3148.97969597838,1114.17304526443,1130.82135339795,3.98211326561793,38295.49609375,36740.7421875,38397.953125,36650.51953125,39131.9453125,11.801150999999999,3245.064493603209,3113.318538801851,3253.7464460034453,3105.6732967191083,3315.9431069477887,Benin,WAEMU
BJ,BEN,2020,3317.8597222557,3244.58772756805,1126.65404122154,1200.19426557789,1.12020264806804,NA,NA,NA,NA,NA,NA,NA,NA,NA,NA,NA,Benin,WAEMU
BJ,BEN,2021,3464.2886286745,3464.2886286745,1176.37727637273,1318.65158075198,4.41335435119757,NA,NA,NA,NA,NA,NA,NA,NA,NA,NA,NA,Benin,WAEMU
BF,BFA,1980,NA,NA,309.805283645997,277.597531370181,-1.87246341521055,8333.2880859375,7773.03369140625,7908.82763671875,7622.76416015625,6070.0595703125,6.822843,1221.3806013032251,1139.2660935340664,1159.1689324697563,1117.2416190957715,889.6671915669905,Burkina Faso,WAEMU
BF,BFA,1981,NA,NA,314.286582559959,248.707973908892,1.44648885946128,8914.748046875,8301.5673828125,8468.4091796875,8154.68017578125,6336.380859375,6.98516,1276.2410663284736,1188.4577279278499,1212.3429069180233,1167.4292608589137,907.1203607898746,Burkina Faso,WAEMU
BF,BFA,1982,NA,NA,334.96046501527,239.019483569339,6.57803533543047,8892.2373046875,8180.3232421875,8501.6884765625,8062.75390625,6477.73486328125,7.158255,1242.2353359425588,1142.7817592677966,1187.6761133212635,1126.3574581025684,904.9321186911126,Burkina Faso,WAEMU
BF,BFA,1983,NA,NA,326.730273513319,211.925740542196,-2.45706355273177,8354.921875,7718.41259765625,8019.2568359375,7615.87060546875,6401.99755859375,7.340904999999999,1138.1324066991742,1051.4252122396695,1092.4071127384839,1037.4566358601223,872.099224631534,Burkina Faso,WAEMU
BF,BFA,1984,NA,NA,311.788334185274,187.832224278391,-4.57317259505054,8134.212890625,7803.3623046875,7783.5556640625,7668.25732421875,6505.73095703125,7.531242,1080.0626099420256,1036.132195020091,1033.5022648405802,1018.1929254455972,863.8324139672116,Burkina Faso,WAEMU
BF,BFA,1985,NA,NA,328.715164630481,194.063226299244,5.4289492547686,8692.4140625,8333.896484375,8355.859375,8211.380859375,7355.6279296875,7.727907,1124.8083164691293,1078.4157320183847,1081.2577551722607,1062.5620700889647,951.8266627286664,Burkina Faso,WAEMU
BF,BFA,1986,NA,NA,344.993912306641,247.459134637104,4.95223507393075,9559.8212890625,9162.35546875,9230.8623046875,9035.6064453125,7940.3916015625,7.930694,1205.4205204566586,1155.3031132899594,1163.9413025754745,1139.3210285647763,1001.2227935616354,Burkina Faso,WAEMU
BF,BFA,1987,NA,NA,334.888996959212,280.218092226592,-2.92901265412704,9342.8046875,9049.46875,9027.275390625,8916.841796875,7921.50390625,8.140073,1147.7544104948445,1111.7183777098805,1108.991945235012,1095.425286342641,973.1490007829169,Burkina Faso,WAEMU
BF,BFA,1988,NA,NA,344.904464201203,301.129214663833,2.99068268379408,9902.15625,9610.91796875,9585.36328125,9487.5322265625,8380.8525390625,8.356304999999999,1184.9922005001015,1150.139681204791,1147.0815487527084,1135.3740949573407,1002.9376068803737,Burkina Faso,WAEMU
BF,BFA,1989,NA,NA,343.089820260752,293.188703727147,-0.526129444179062,9959.9765625,9636.826171875,9675.193359375,9536.7001953125,8561.4189453125,8.579823,1160.8603770147706,1123.196384339747,1127.6681767648354,1111.5264493582795,997.8549610303733,Burkina Faso,WAEMU
BF,BFA,1990,1107.85590454965,566.944147291823,332.153276660935,338.593759055128,-3.18766193398135,9845.8974609375,9579.7763671875,9673.892578125,9586.3115234375,8509.2890625,8.811034,1117.4508532071832,1087.2476904739558,1097.9293211358622,1087.9893918735872,965.7537426935364,Burkina Faso,WAEMU
BF,BFA,1991,1178.07704639063,623.26800170847,353.206720757378,333.70605512636,6.33847249922952,10504.9990234375,10267.875,10333.7607421875,10266.3486328125,9281.41796875,9.050084,1160.7625988264308,1134.5612924697716,1141.8414174042473,1134.3926346774792,1025.561527246598,Burkina Faso,WAEMU
BF,BFA,1992,1152.04476095096,623.38499529255,345.401816823349,348.592443894547,-2.20972690363685,10590.0859375,10345.28125,10413.0029296875,10347.2734375,9302.572265625,9.297113,1139.0725204157463,1112.7412617228597,1120.0254239878013,1112.9555419515714,1000.587200093728,Burkina Faso,WAEMU
BF,BFA,1993,1162.64923453351,644.03546436099,348.581211032689,324.111576707435,0.920491455019118,11019.6552734375,10758.490234375,10824.8203125,10755.814453125,9625.1748046875,9.552476,1153.5915163186487,1126.2514801790655,1133.1952378105948,1125.9713662850343,1007.6104671383105,Burkina Faso,WAEMU
BF,BFA,1994,1148.60721370395,649.842407598738,344.371184069503,187.21142372606,-1.20776072545993,9994.935546875,9692.33203125,9791.6044921875,9655.2197265625,9751.345703125,9.816588,1018.1679771907511,987.342244703557,997.4549703203904,983.5616740320058,993.3538723561588,Burkina Faso,WAEMU
BF,BFA,1995,1183.52861008084,683.639151581195,354.841188502861,229.092294496817,3.04032535754941,11445.2158203125,10671.9443359375,11236.9296875,10642.6875,10308.9091796875,10.089877999999999,1134.3264824720875,1057.6881440922775,1113.6834050421621,1054.7885217244452,1021.70801071009,Burkina Faso,WAEMU
BF,BFA,1996,1280.69608533889,753.30916674031,383.973583031147,242.733171352672,8.20998110484305,12734.888671875,11807.33984375,12503.0712890625,11771.8544921875,11444.4111328125,10.372745,1227.7259946017182,1138.3042621552925,1205.3772929983818,1134.8832437496053,1103.3155768133217,Burkina Faso,WAEMU
BF,BFA,1997,1326.94230829963,793.970841435486,397.838955257373,223.853958525611,3.61102243460883,13927.69140625,12505.7685546875,13613.728515625,12402.580078125,12167.3349609375,10.665545999999999,1305.8582660700165,1172.5389918797875,1276.4211523371612,1162.864055729074,1140.807508676771,Burkina Faso,WAEMU
BF,BFA,1998,1385.09310679095,838.079355290011,415.273513470241,249.53173292493,4.38231550291239,14893.189453125,13669.9658203125,14519.265625,13451.587890625,13056.4892578125,10.968724,1357.7868723039253,1246.2676442868378,1323.6968698455719,1226.3584980919386,1190.3380245334372,Burkina Faso,WAEMU
BF,BFA,1999,1444.56690170414,886.434090650903,433.104727597234,292.836958697313,4.29384816238002,16186.982421875,14945.5888671875,15790.1591796875,14714.00390625,13871.60546875,11.282701,1434.6726392798143,1324.6463650137941,1399.5016955326123,1304.1206982485844,1229.4578637464558,Burkina Faso,WAEMU
BF,BFA,2000,1428.57400617096,896.477481510815,428.309796566198,248.908526921752,-1.10710660159205,16861.017578125,15160.3740234375,16332.0908203125,14894.4375,14133.56640625,11.607942,1452.5415080575867,1306.0346117716215,1406.9755707180911,1283.1247347721069,1217.5772765103409,Burkina Faso,WAEMU
BF,BFA,2001,1477.28491846525,947.919374676953,442.914122870048,259.485223380436,3.40975770830711,17494.98828125,16139.3583984375,16959.3515625,15884.2783203125,15068.2763671875,11.944587,1464.6792125378634,1351.1859722263732,1419.8357433789884,1329.8306856748166,1261.5150584266748,Burkina Faso,WAEMU
BF,BFA,2002,1494.67801269583,973.983933383218,448.128856317091,285.654087637533,1.17736897014072,18293.501953125,16957.943359375,17770.88671875,16709.173828125,15724.1923828125,12.293099999999999,1488.1113757412695,1379.4684302067828,1445.5984836005566,1359.231912871855,1279.1071725449644,Burkina Faso,WAEMU
BF,BFA,2003,1561.83310184915,1037.83799374653,468.263047790124,362.373899996953,4.49294688106092,19201.77734375,18247.685546875,18678.806640625,17988.51953125,16951.0703125,12.654620999999999,1517.3727718712398,1441.978036866928,1476.0463107211983,1421.4980860548887,1339.5162377838105,Burkina Faso,WAEMU
BF,BFA,2004,1581.25620933294,1079.00009142751,474.086412333459,403.81283743461,1.24360966999572,20268.16796875,19168.609375,19737.541015625,18894.58984375,17710.216796875,13.030569,1555.4323045102635,1471.0492976170112,1514.7106020945823,1450.0203209660299,1359.1284307596238,Burkina Faso,WAEMU
BF,BFA,2005,1664.99543180023,1171.76432319587,499.192797571217,441.164148016012,5.29574030906821,22026.763671875,20534.576171875,21651.37890625,20640.853515625,19244.25390625,13.42193,1641.1025591606424,1529.9272289361516,1613.134542219338,1537.8454153482398,1433.7918545432735,Burkina Faso,WAEMU
BF,BFA,2006,1714.76034904509,1244.00243844319,514.113131757062,455.513655620024,2.98889211912471,22879.197265625,21185.275390625,22487.728515625,21178.611328125,20447.62890625,13.829175999999999,1654.4150761856674,1531.926080818192,1626.1076231602665,1531.4441965396204,1478.5862083359125,Burkina Faso,WAEMU
BF,BFA,2007,1731.93046335077,1290.49951017424,519.26101218434,514.684451177238,1.00131276742226,22859.060546875,21455.96875,22563.67578125,21455.890625,21288.30859375,14.252021,1603.9171249379299,1505.4685051334125,1583.1913088852452,1505.4630234547087,1493.704548551395,Burkina Faso,WAEMU
BF,BFA,2008,1779.32710911571,1351.36041569133,533.471299938288,619.437533256264,2.73663676272773,23370.162109375,22167.13671875,23116.61328125,22339.794921875,22523.029296875,14.689725,1590.9189661055602,1509.0232607315659,1573.6586819188242,1520.7769323030213,1533.2505745938063,Burkina Faso,WAEMU
BF,BFA,2009,1779.32305627973,1359.69224907302,533.470084831931,601.569520671859,-2.27773519867469e-4,23331.4296875,22680.826171875,23156.61328125,22745.19921875,23190.150390625,15.141098,1540.9338006728442,1497.9644258213639,1529.387979738986,1502.2159699877777,1531.602951821922,Burkina Faso,WAEMU
BF,BFA,2010,1873.97146230828,1449.42216382921,561.847221302489,624.957252224766,5.31934915891263,25504.14453125,24981.126953125,25277.353515625,25122.837890625,25148.85546875,15.605217,1634.3345005231263,1600.8189410711175,1619.801475085223,1609.8999386311002,1611.5671745384893,Burkina Faso,WAEMU
BF,BFA,2011,1939.86659989406,1531.34338243982,581.603658737407,725.024767725475,3.5163362362312802,26656.9453125,26923.177734375,26437.291015625,27191.87890625,26814.353515625,16.081913,1657.5730332890123,1674.1278064602761,1643.914565115792,1690.836090597555,1667.3609362036095,Burkina Faso,WAEMU
BF,BFA,2012,2003.6646118745,1571.83884477315,600.731343697818,731.470138867833,3.28878346500349,29012.51171875,28410.583984375,28609.34375,28550.05859375,28544.59765625,16.571253,1750.7735666548572,1714.4499564622545,1726.4442073269897,1722.8666168907084,1722.5370740673625,Burkina Faso,WAEMU
BF,BFA,2013,2057.0639319853,1642.89213125776,616.741331164082,759.762065168498,2.66508275857795,30379.66015625,29467.73828125,29972.6875,29475.884765625,30198.06640625,17.072785,1779.4202970546398,1726.0065233205949,1755.582788631146,1726.4836853287263,1768.7838513897996,Burkina Faso,WAEMU
BF,BFA,2014,2083.19844698304,1661.31773793757,624.576885187665,764.861675106225,1.27047655599692,30118.64453125,30070.6796875,29739.958984375,30082.7421875,31504.689453125,17.58603,1712.6460338831446,1709.9185937644822,1691.1127175590511,1710.604507526713,1791.4611457574563,Burkina Faso,WAEMU
BF,BFA,2015,2101.70266192027,1691.57935387408,630.124750752312,630.124750752312,0.888259827767996,31088.90234375,30886.208984375,30926.76171875,30804.443359375,32740.060546875,18.110623999999998,1716.6113295571706,1705.4193706619387,1707.6585389189243,1700.9045828224916,1807.7820260016995,Burkina Faso,WAEMU
BF,BFA,2016,2162.72578977814,1881.75893134407,648.420480176012,663.742364842886,2.9035090911533,34396.21484375,34449.2265625,34301.5546875,34307.578125,34690.70703125,18.646357,1844.6613911634322,1847.5043979100049,1839.5847879293528,1839.907823549662,1860.4549420162878,Burkina Faso,WAEMU
BF,BFA,2017,2232.28781490944,2042.40295259917,669.276310328333,709.091535894695,3.21640521697573,36842.7421875,37078.6171875,36842.7421875,37078.6171875,36842.7421875,19.193234,1919.5692704783362,1931.8587574923538,1919.5692704783362,1931.8587574923538,1919.5692704783362,Burkina Faso,WAEMU
BF,BFA,2018,2316.39432079045,2073.3235382155,694.492813126351,777.465618514048,3.76772678322459,40581.484375,40553.80078125,40638.72265625,40513.921875,39322.71484375,19.751466,2054.606193535204,2053.2045966233595,2057.504119251199,2051.1855613654197,1990.875757969054,Burkina Faso,WAEMU
BF,BFA,2019,2391.53626844484,2232.16282016585,717.021595096634,764.853077774946,3.24391866186016,43084.15234375,43608.875,43177.33984375,43519.10546875,41563.8828125,20.321378,2120.139310619093,2145.9605249210954,2124.724998656587,2141.5430326009387,2045.3279700077426,Burkina Faso,WAEMU
BF,BFA,2020,2380.93171826574,2380.72282781802,713.8421779224,825.237038782475,-0.443420002406739,NA,NA,NA,NA,NA,NA,NA,NA,NA,NA,NA,Burkina Faso,WAEMU
BF,BFA,2021,2486.43093147762,2486.43093147762,745.472563435144,895.535288442991,4.43100540861892,NA,NA,NA,NA,NA,NA,NA,NA,NA,NA,NA,Burkina Faso,WAEMU
BI,BDI,1980,NA,NA,307.578267460065,209.805736668168,-3.15980759837527,4060.74755859375,3710.950927734375,3639.089599609375,3444.947265625,3979.46240234375,4.157298,976.7756746313952,892.6352952649473,875.3497102226916,828.6505479340187,957.22327394951,Burundi,Non-CFA comparison
BI,BDI,1981,NA,NA,331.215392246246,212.23033189707,7.68491382091901,4338.17236328125,3931.319580078125,3887.0244140625,3652.977783203125,4413.7275390625,4.26652,1016.7940999412285,921.434700898654,911.05266448124,856.1960996791589,1034.5029530067832,Burundi,Non-CFA comparison
BI,BDI,1982,NA,NA,319.648687347883,216.43619143507,-3.49220029296362,4271.01513671875,3872.6005859375,3848.725341796875,3610.5009765625,4394.71533203125,4.3797239999999995,975.1790607624476,884.2111023291651,878.7597898399249,824.367237881314,1003.4228942351734,Burundi,Non-CFA comparison
BI,BDI,1983,NA,NA,322.759132903385,225.209524508283,0.973082536740648,4354.75634765625,4059.486572265625,3945.34716796875,3786.0947265625,4531.33544921875,4.497533,968.2544514195338,902.6029541674569,877.224729194594,841.8158858562017,1007.5157756971989,Burundi,Non-CFA comparison
BI,BDI,1984,NA,NA,315.522461859928,200.375711827241,-2.24212742745944,4448.60595703125,4170.1455078125,4024.709228515625,3871.968017578125,4526.82666015625,4.621103,962.6718895967587,902.4134514665654,870.9412511505641,837.8882742016625,979.5987365259442,Burundi,Non-CFA comparison
BI,BDI,1985,NA,NA,345.163854234518,228.440542564696,9.39438422223908,4796.41552734375,4619.5419921875,4376.40185546875,4298.642578125,5055.828125,4.750837,1009.5937889141956,972.3638155102985,921.1854364754569,904.8179464218621,1064.1973456466724,Burundi,Non-CFA comparison
BI,BDI,1986,NA,NA,349.756030266147,234.281244809988,1.33043364051353,5044.8173828125,4840.17822265625,4627.166015625,4506.42138671875,5248.927734375,4.886743,1032.3475948730063,990.4712039606442,946.8813922944178,922.1727818955795,1074.115772893111,Burundi,Non-CFA comparison
BI,BDI,1987,NA,NA,360.679923797347,215.608311467483,3.12328954639813,5063.4755859375,4749.25146484375,4644.0576171875,4417.05908203125,5463.8291015625,5.027138,1007.2282849481156,944.7227159556293,923.7975200178512,878.6428942335083,1086.86674238155,Burundi,Non-CFA comparison
BI,BDI,1988,NA,NA,370.526755664209,201.740400815807,2.7300748439757,5481.3798828125,5122.13330078125,5037.68017578125,4773.7822265625,5731.1455078125,5.168698,1060.4952896865902,990.9910195529416,974.651677420745,923.5947286071851,1108.8180249286183,Burundi,Non-CFA comparison
BI,BDI,1989,NA,NA,368.226157097932,203.578944192449,-0.620899444131396,5297.7412109375,4909.63427734375,4895.86865234375,4594.208984375,5816.15966796875,5.307068999999999,998.2423840612399,925.1121998496252,922.518371693255,865.6772663733975,1095.9268982500041,Burundi,Non-CFA comparison
BI,BDI,1990,1460.27645878332,598.305045994166,373.245241687992,202.629446176297,1.36304401339021,5522.08837890625,4961.1484375,5186.3203125,4723.6337890625,6019.71533203125,5.438956999999999,1015.2844339284628,912.15070049276,953.5505267829844,868.4815469330794,1106.7775185630721,Burundi,Non-CFA comparison
BI,BDI,1991,1501.8459320135,636.146440172434,383.870358589191,204.668258398817,2.84668515883749,5765.19970703125,5168.314453125,5445.177734375,4914.7646484375,6340.77685546875,5.564926,1035.9885660710045,928.7301310251027,978.4816068308905,883.168014891393,1139.4180004314073,Burundi,Non-CFA comparison
BI,BDI,1992,1476.99435502804,639.876865850147,377.518319697874,184.868970456447,-1.65473544627476,5665.6357421875,5020.69287109375,5314.6943359375,4776.23779296875,6455.2734375,5.6855649999999995,996.4947621190682,883.0596204763731,934.7697785422382,840.06387983758,1135.379410401605,Burundi,Non-CFA comparison
BI,BDI,1993,1429.12129549201,633.81242046807,365.282012271705,165.344120319403,-3.24124864614819,5312.85888671875,4704.7685546875,4976.07568359375,4471.89111328125,6001.5654296875,5.7980529999999995,916.3177512724963,811.4393839945066,858.2321830438167,771.2746180970147,1035.1001326975625,Burundi,Non-CFA comparison
BI,BDI,1994,1365.48348262885,618.519709020626,349.016249237768,161.892584261635,-4.45293293605653,5380.421875,4884.60986328125,5060.63330078125,4645.99951171875,5816.4423828125,5.898967,912.0956050440697,828.0449548677336,857.8846602771723,787.5954403065401,986.0103273696055,Burundi,Non-CFA comparison
BI,BDI,1995,1184.2840262089,547.689757596573,302.701844524604,164.915311679326,-13.2699852268517,4887.8115234375,4474.4541015625,4639.662109375,4290.64501953125,5408.06201171875,5.987043,816.3982659615941,747.3562661170965,774.9505238854974,716.6551199868198,903.294332731325,Burundi,Non-CFA comparison
BI,BDI,1996,1088.78927818283,512.745181432347,278.293479866983,143.156741187159,-8.06350047055535,4522.6611328125,4209.47216796875,4307.9111328125,4050.39794921875,4942.55126953125,6.060111,746.3000484335188,694.6196477207678,710.8634037912012,668.3702574455732,815.5875807441894,Burundi,Non-CFA comparison
BI,BDI,1997,1071.55943349349,513.333205390103,273.889548332896,160.278342046962,-1.5824774393535,4435.9501953125,4276.71044921875,4205.73681640625,4094.448486328125,4961.31298828125,6.122129999999999,724.5762823253509,698.5657686489425,686.9728046294754,668.7947636407795,810.3900094054276,Burundi,Non-CFA comparison
BI,BDI,1998,1101.22051819781,533.471289523892,281.470892716422,144.456948255536,2.76802982431101,4908.59228515625,4554.0546875,4634.3095703125,4326.037109375,5184.052734375,6.185562,793.5563955476075,736.2394374997778,749.2139873971839,699.3765658439767,838.0892042428804,Burundi,Non-CFA comparison
BI,BDI,1999,1064.28756095402,522.875578671651,272.030864788973,127.51419578119,-3.35382029606878,4945.9765625,4651.6337890625,4671.05908203125,4420.33056640625,5132.23486328125,6.267124,789.1939847528149,742.227820777521,745.3273753688694,705.3204255103697,818.9138851060311,Burundi,Non-CFA comparison
BI,BDI,2000,1033.47188177042,519.237306665577,264.154407180223,134.537861752389,-2.89542791949714,4770.33740234375,4336.0458984375,4491.09912109375,4115.697265625,5086.01318359375,6.378870999999999,747.8341233650517,679.751306843719,704.0586212033055,645.2077907869591,797.3218432531008,Burundi,Non-CFA comparison
BI,BDI,2001,1028.61849315822,528.435573413436,262.913885774384,132.159554541932,-0.469619802706177,4843.90771484375,4361.60205078125,4570.4443359375,4153.33203125,5192.845703125,6.525544999999999,742.2993351273726,668.38893161893,700.3927389877015,636.4728204694014,795.7719551585348,Burundi,Non-CFA comparison
BI,BDI,2002,1044.4802745003,544.922790017055,266.968141648342,120.952308575468,1.54204707066606,5082.71826171875,4493.69970703125,4808.71875,4287.07763671875,5426.494140625,6.7041129999999995,758.149252812229,670.2899708031846,717.2788928229581,639.4697757509085,809.427606698306,Burundi,Non-CFA comparison
BI,BDI,2003,999.615791221936,531.812612194556,255.500823385612,111.406682804391,-4.2953882781394,5344.2421875,4646.2568359375,5081.6142578125,4454.45263671875,5361.3701171875,6.909154,773.5016743728683,672.4784012539741,735.4900842870921,644.7175206571962,775.9806941902727,Burundi,Non-CFA comparison
BI,BDI,2004,1009.58916929728,551.562209243605,258.050009115333,125.194965184533,0.997721140754805,5627.23486328125,4938.07861328125,5370.251953125,4749.08203125,5585.9609375,7.131692999999999,789.0461442018396,692.4132338956894,753.0122164716008,665.912291969102,783.2587490095269,Burundi,Non-CFA comparison
BI,BDI,2005,981.533210986845,553.047973759863,250.878933475935,147.234619294225,-2.77894802793541,5554.29541015625,4859.125,5368.8857421875,4785.64453125,5636.79345703125,7.364862,754.1615050161497,659.7713575624364,728.98660452667,649.7941891171891,765.3630790408904,Burundi,Non-CFA comparison
BI,BDI,2006,998.069458519996,579.707804423789,255.105582251925,161.892755640319,1.68473642542624,5775.2666015625,5013.99609375,5595.05078125,4917.00537109375,5941.99658203125,7.607849,759.1195095436963,659.0556797000046,735.4313658499268,646.306908969112,781.03503132505,Burundi,Non-CFA comparison
BI,BDI,2007,994.963590921008,593.560734529723,254.311725516331,166.162744906755,-0.311187520314832,5881.2529296875,5163.7978515625,5736.66357421875,5074.5166015625,6144.99267578125,7.862214,748.0403013308338,656.7867335539963,729.6498892320599,645.4309945725848,781.5855274075789,Burundi,Non-CFA comparison
BI,BDI,2008,1001.61751311947,609.042906461819,256.012461554496,189.502074570768,0.668760370648471,6209.5693359375,5488.46484375,6075.8994140625,5445.8818359375,6446.12158203125,8.126102,764.1510451059438,675.4117587682262,747.7015934654156,670.1714839338099,793.2612194667566,Burundi,Non-CFA comparison
BI,BDI,2009,988.19632868896,604.588154080249,252.582019875886,198.431524048225,-1.33995105464051,6265.482421875,5713.1748046875,6172.01806640625,5650.72021484375,6690.25341796875,8.397668,746.0978954961068,680.3287299149598,734.9680966675809,672.8915950051551,796.6799137532885,Burundi,Non-CFA comparison
BI,BDI,2010,991.038897704986,613.695880049889,253.308577749924,216.727705301976,0.287652254263818,6650.67236328125,6156.70654296875,6555.85546875,6125.5595703125,7030.92578125,8.675602,766.5949133306542,709.6575595524956,755.6657703695952,706.0673795677234,810.425118769856,Burundi,Non-CFA comparison
BI,BDI,2011,994.691231245018,628.665448296178,254.242110648215,230.069761381132,0.368535841377152,7267.0361328125,6434.87451171875,7184.72802734375,6455.662109375,7314.65869140625,8.958406,811.1974532983323,718.3057467722215,802.0096462857064,720.6262039669781,816.5134167179127,Burundi,Non-CFA comparison
BI,BDI,2012,1002.27452805218,637.247080191101,256.180393931874,231.098787811507,0.762376963720541,7544.01220703125,6801.2294921875,7358.6396484375,6739.7412109375,7638.21875,9.245987999999999,815.9227772122623,735.5870992031896,795.8738047721348,728.9368330282822,826.111687577358,Burundi,Non-CFA comparison
BI,BDI,2013,1014.5231007912,687.370968311715,259.311117203355,234.844770150871,1.2220776240641,8313.9404296875,7288.7919921875,8171.5537109375,7233.15283203125,8012.4072265625,9.540291,871.4556431965755,764.0010134059328,856.5308658758418,758.1689942194897,839.8493532914772,Burundi,Non-CFA comparison
BI,BDI,2014,1022.29153627273,724.371954183273,261.296721752002,250.544492155185,0.765722877623617,8707.7978515625,7769.1259765625,8592.771484375,7729.9697265625,8351.7763671875,9.844299,884.5523537595211,789.2005288098726,872.8677871705238,785.222972866072,848.387108842133,Burundi,Non-CFA comparison
BI,BDI,2015,995.319068450023,722.032898379933,254.402585226788,254.402585226788,-2.63843207790325,8671.001953125,7966.77001953125,8605.0703125,7923.95263671875,8317.7705078125,10.160029999999999,853.4425541189348,784.1285920938473,846.9532385731145,779.9142952056983,818.6757822380939,Burundi,Non-CFA comparison
BI,BDI,2016,1009.63596796379,764.282221636916,258.061970808946,232.937812100153,1.43842311150118,9021.90625,8392.7685546875,8992.6708984375,8349.7734375,8583.943359375,10.487995,860.2126764934576,800.2262162298418,857.4251702482219,796.1267561149676,818.4541811256585,Burundi,Non-CFA comparison
BI,BDI,2017,1023.97040626757,791.393494929898,261.725839288764,246.060725714184,1.41976303921598,8945.59375,8500.01171875,8945.59375,8500.01171875,8945.59375,10.827019,826.228692311337,785.0740558181343,826.228692311337,785.0740558181343,826.228692311337,Burundi,Non-CFA comparison
BI,BDI,2018,1046.59511246023,823.013102241659,267.508692172687,245.661678332009,2.20950781918904,9026.5361328125,8525.669921875,9048.2080078125,8523.8291015625,9089.6123046875,11.175374,807.7166932231977,762.897950607738,809.6559459945144,762.7332294706647,813.360904492995,Burundi,Non-CFA comparison
BI,BDI,2019,1057.95005999167,868.423731660834,270.411005710809,234.31061590725,1.08494176938687,9109.6884765625,8664.98828125,9166.3232421875,8660.5693359375,9250.67578125,11.530579999999999,790.045988715442,751.4789612708121,794.9576900890936,751.0957242339501,802.2732404831328,Burundi,Non-CFA comparison
BI,BDI,2020,1030.77026419371,958.135599490084,263.463876356897,255.8324539389,-2.56910007625271,NA,NA,NA,NA,NA,NA,NA,NA,NA,NA,NA,Burundi,Non-CFA comparison
BI,BDI,2021,1035.53857384938,1035.53857384938,264.682651664249,264.980379269655,0.462596741612089,NA,NA,NA,NA,NA,NA,NA,NA,NA,NA,NA,Burundi,Non-CFA comparison
CM,CMR,1980,NA,NA,1305.68366184321,784.116227118122,-5.10455591015526,20713.48828125,21412.5078125,19953.19140625,21001.345703125,33047.703125,8.621406,2402.5649970840022,2483.6445253245233,2314.3778875800535,2435.9536835552112,3833.2150376632303,Cameroon,CAEMC
CM,CMR,1981,NA,NA,1475.98950174546,749.847541304586,13.043422758453,23411.87890625,23985.224609375,22548.6171875,23592.66796875,35457.171875,8.888535,2633.941240738772,2698.4452004042287,2536.8204307571496,2654.280820039523,3989.0906516090677,Cameroon,CAEMC
CM,CMR,1982,NA,NA,1549.61272438048,732.250719743892,4.98805869201293,26591.515625,26710.701171875,25696.9140625,26355.23828125,38098.1328125,9.166815999999999,2900.845356228379,2913.8472040755487,2803.2540483522307,2875.0700659040176,4156.0922366610175,Cameroon,CAEMC
CM,CMR,1983,NA,NA,1622.46829304371,745.513189491527,4.70153397148707,30344.474609375,30275.5078125,29388.076171875,29822.3359375,41299.50390625,9.456494,3208.8504058031444,3201.557343821082,3107.713722641288,3153.635579687356,4367.316672146147,Cameroon,CAEMC
CM,CMR,1984,NA,NA,1695.95061001327,771.702146026357,4.52904486852626,34288.578125,34132.90234375,33034.87109375,33451.83984375,44622.40625,9.757840999999999,3513.9513059292526,3497.997389355904,3385.469295282635,3428.200955903053,4572.979437767023,Cameroon,CAEMC
CM,CMR,1985,NA,NA,1778.88090277491,875.337721693686,4.88990022893367,35614.0234375,35885.6796875,35038.5625,35288.37890625,45671.84375,10.070806,3536.3627734959846,3563.337401941811,3479.2212758343276,3504.0272751009206,4535.073334745998,Cameroon,CAEMC
CM,CMR,1986,NA,NA,1842.96431745669,1178.59374950439,3.60245672331487,34592.03125,34118.4765625,33998.51953125,33655.4609375,43271.0625,10.39548,3327.603078453328,3282.04917545895,3270.509830354154,3237.5090844771,4162.488167934525,Cameroon,CAEMC
CM,CMR,1987,NA,NA,1749.42466570751,1258.31412766207,-5.07549988153178,34068.0078125,33632.4375,33640.375,33179.89453125,40846.16015625,10.731064,3174.7092191883303,3134.1195523575293,3134.859227379503,3091.9482477459833,3806.347642344692,Cameroon,CAEMC
CM,CMR,1988,NA,NA,1565.13475286994,1145.16555992416,-10.5343154495332,33349.80078125,33380.52734375,32987.1484375,32992.96484375,39304.796875,11.075422,3011.15395704561,3013.928258783277,2978.41007209477,2978.9352354926073,3548.8306337221284,Cameroon,CAEMC
CM,CMR,1989,NA,NA,1492.28176078781,1000.89261316386,-4.654742471761,32284.43359375,32343.8046875,32023.1640625,32084.505859375,38068.23046875,11.425799999999999,2825.573140939803,2830.7693717288944,2802.7065117978614,2808.07522093639,3331.7781222102612,Cameroon,CAEMC
CM,CMR,1990,4517.61887779618,2031.90998845273,1360.47765296011,1086.71700937081,-8.83238750824871,31033.470703125,30730.373046875,30936.7734375,30730.091796875,35722.8046875,11.780088,2634.4005836904616,2608.670923924762,2626.1920486077865,2608.6470488908913,3032.4734999857387,Cameroon,CAEMC
CM,CMR,1991,4220.65297387084,1962.54063766109,1271.04658608388,1014.82897292999,-6.57350502462501,29799.0625,29878.873046875,29146.63671875,29854.08984375,34378.1796875,12.137912,2455.0402490972087,2461.615560145353,2401.289177145954,2459.573758958707,2832.2976544483104,Cameroon,CAEMC
CM,CMR,1992,3974.27759501196,1890.09253104555,1196.85081918895,1005.44897647465,-5.83737588435096,29639.751953125,29354.30859375,30058.76171875,29347.2734375,33329.59375,12.499499,2371.275196959894,2348.438812927622,2404.7973217766566,2347.875977869193,2666.4743722928415,Cameroon,CAEMC
CM,CMR,1993,3556.31854424592,1731.40873126371,1070.98275377636,1309.93629975506,-10.5166043582515,30932.53125,30860.16796875,30926.822265625,30829.87890625,32277.01171875,12.86409,2404.564275436506,2398.9390597197316,2404.1204831142354,2396.5845159859737,2509.078506038904,Cameroon,CAEMC
CM,CMR,1994,3522.74885285749,1751.68522971639,1060.87326552909,700.70950185009,-0.943945008602924,29839.8203125,31852.04296875,29735.693359375,31760.794921875,32962.5625,13.230984,2255.298646910918,2407.382774308396,2247.428714249447,2400.4862315512587,2491.316027590994,Cameroon,CAEMC
CM,CMR,1995,3526.54367510339,1790.33914983641,1062.01607349987,832.006674487689,0.107723326425074,33006.4765625,33687.64453125,32912.05078125,33705.74609375,34106.29296875,13.599988,2426.9489474917186,2477.034871740328,2420.0058692147377,2478.3658701573854,2507.817872247387,Cameroon,CAEMC
CM,CMR,1996,3577.59204137871,1849.50650036011,1077.38925202961,826.965322327363,1.4475466909911,35041.0390625,35990.20703125,34954.3671875,36057.59375,35593.68359375,13.970813,2508.1603384498812,2576.099689491943,2501.956556679987,2580.923082285906,2547.7174158547537,Cameroon,CAEMC
CM,CMR,1997,3641.70750463277,1915.11760711464,1096.69757735007,783.251601945462,1.79214014657076,36589.21875,37407.17578125,36324.6875,37286.63671875,37455.6796875,14.344449,2550.7580493332302,2607.780597306317,2532.3166822232074,2599.3774120393196,2611.1619684729612,Cameroon,CAEMC
CM,CMR,1998,3714.13212604236,1975.15598939833,1118.50819963079,798.745621406677,1.98875448721377,38341.71484375,39321.88671875,38009.41796875,38923.91015625,39142.05078125,14.723768,2604.0694775787015,2670.640200168191,2581.5007387205505,2643.6106678840633,2658.4262113645095,Cameroon,CAEMC
CM,CMR,1999,3780.06217282191,2038.66378898995,1138.36298546565,796.262649784591,1.77511312312416,39935.13671875,41062.93359375,39710.80859375,40671.51171875,40822.05859375,15.112592,2642.507434776907,2717.1337381271196,2627.66364590204,2691.2333581658263,2701.1950427663237,Cameroon,CAEMC
CM,CMR,2000,3822.94425358926,2108.49454959751,1151.27689302947,708.565731625965,1.13442792226186,41473.42578125,42374.98046875,41318.921875,41943.5,42272.5859375,15.513945,2673.2997816641737,2731.4123176761295,2663.3407476305997,2703.59989029225,2724.81215690142,Cameroon,CAEMC
CM,CMR,2001,3884.87304812714,2190.89640724166,1169.92670464984,715.470296470585,1.61992408023583,42446.85546875,42646.3671875,42153.48046875,42309.08203125,44119.08203125,15.92891,2664.768365741912,2677.2934988960324,2646.3505957877846,2656.119096112038,2769.7489678358406,Cameroon,CAEMC
CM,CMR,2002,3951.41936232132,2263.05519674356,1189.96707897027,789.623811072554,1.71295981541175,43814.69921875,44045.6171875,43786.6328125,43794.3046875,45988.4921875,16.357602,2678.5527132124867,2692.669572685532,2676.8369112110686,2677.3059209717903,2811.4446229649066,Cameroon,CAEMC
CM,CMR,2003,4054.78133246517,2368.10119477369,1221.09446141454,988.241276791846,2.61581878981131,46501.55859375,46747.87109375,46423.97265625,46487.84765625,48088.875,16.800864999999998,2767.8074071632623,2782.468110644899,2763.1894343684094,2766.9913219497926,2862.2856620775183,Cameroon,CAEMC
CM,CMR,2004,4222.96638689885,2532.64744424214,1271.74326874167,1133.39326749673,4.14782057634264,47715.17578125,47945.1640625,47681.109375,47664.96875,51349.8125,17.259322,2764.603139176035,2777.9285920095817,2762.6293416972,2761.694158669732,2975.192913139925,Cameroon,CAEMC
CM,CMR,2005,4199.72270969362,2597.68039893219,1264.74345218659,1142.62466252106,-0.550411134631503,49568.359375,48643.015625,49742.41015625,49175.28515625,52387.39453125,17.73341,2795.1961509376933,2743.015337997599,2805.011002184577,2773.0304073638404,2954.1636115811907,Cameroon,CAEMC
CM,CMR,2006,4241.51744722821,2704.43739800377,1277.32990712342,1191.45458990968,0.995178501621496,51431.74609375,50858.30078125,51292.47265625,51124.4296875,54198.77734375,18.223674,2822.2490203539637,2790.7819675247706,2814.6065747362472,2805.3854391545856,2974.086199289452,Cameroon,CAEMC
CM,CMR,2007,4302.6192630847,2817.7222811838,1295.73067471287,1325.67248215933,1.44056500100977,54119.65234375,53517.5625,53926.109375,53748.15234375,56855.7109375,18.730282,2889.420049508598,2857.27478635933,2879.0868912171213,2869.5858580105737,3035.496792707125,Cameroon,CAEMC
CM,CMR,2008,4300.26640352464,2870.44106866605,1295.02211276052,1492.14269801453,-0.054684354254718,57194.8671875,55654.56640625,56957.546875,56263.26953125,58839.29296875,19.252665999999998,2970.75050216422,2890.7459572741773,2958.423881399075,2922.3625201439636,3056.1633889431214,Cameroon,CAEMC
CM,CMR,2009,4286.57718166156,2878.95143886138,1290.89961351149,1461.38999232337,-0.318334274636157,57310.62890625,56683.6640625,57218.48046875,57010.19921875,60132.97265625,19.789918999999998,2895.950655798541,2864.2696345801114,2891.29432357707,2880.7697100099303,3038.565880752216,Cameroon,CAEMC
CM,CMR,2010,4286.58302947378,2913.94292755606,1290.9013745759,1398.58702025047,1.36421484427274e-4,59721.0703125,59038.9296875,59450.03515625,59503.08203125,62191.03125,20.341241,2935.9600189831094,2902.4251611541304,2922.635603021959,2925.243451530317,3057.3862848387666,Cameroon,CAEMC
CM,CMR,2011,4307.85195558527,2988.8172872551,1297.3064962694,1513.96056994878,0.496174364645441,63652.546875,62216.26171875,63415.0390625,62936.23828125,64759.0625,20.906388,3044.6458218894627,2975.945042192367,3033.285284024194,3010.383155677107,3097.572976259696,Cameroon,CAEMC
CM,CMR,2012,4382.11120797355,3059.64226568251,1319.66961634054,1449.09874362279,1.723811615485,68232.21875,65973.5078125,67465.125,66398.4921875,67701.2421875,21.485265,3175.7680787274444,3070.6397064453245,3140.0648304780048,3090.4199779476776,3151.054557041768,Cameroon,CAEMC
CM,CMR,2013,4473.57231896434,3238.86829843733,1347.2130636706,1575.92882118897,2.08714719116143,71237.4140625,69312.2109375,70340.7421875,69468.734375,71359.9921875,22.077294,3226.727608125344,3139.524750519697,3186.1124912998853,3146.6145432044345,3232.2798340910804,Cameroon,CAEMC
CM,CMR,2014,4588.4864949903,3422.26128158344,1381.81938454907,1649.4433905949,2.56873406379989,75289.578125,73708.6484375,74465.671875,73862.8671875,75558.859375,22.681852,3319.375248767164,3249.675045825182,3283.0507788781974,3256.4742591345716,3331.247350304552,Cameroon,CAEMC
CM,CMR,2015,4698.66677843587,3497.66067563959,1415.00009710569,1415.00009710569,2.40123368709621,78458.2734375,77027.609375,78205.15625,76892.1328125,79829.046875,23.298368,3367.543745446033,3306.137553282702,3356.6795858834403,3300.322701251006,3426.3793444673893,Cameroon,CAEMC
CM,CMR,2016,4767.13186148953,3626.99932028578,1435.61830727839,1441.7201725688,1.45711722669677,83367.3203125,81471.2109375,83063.3203125,81182.078125,83539.8828125,23.926551,3484.3016159119634,3405.0545328284047,3471.5960654964438,3392.97035017709,3491.5137920421544,Cameroon,CAEMC
CM,CMR,2017,4797.97544185544,3767.43072883824,1444.90682916573,1496.08951771242,0.647004976201075,86504.7890625,85510.1796875,86504.7890625,85510.1796875,86504.7890625,24.566073,3521.311243457593,3480.8241303972354,3521.311243457593,3480.8241303972354,3521.311243457593,Cameroon,CAEMC
CM,CMR,2018,4851.48003949961,4010.76360069526,1461.01969999317,1610.69641591017,1.11514946861584,90939.8359375,89558.2734375,90957.34375,89462.921875,90019.03125,25.216267,3606.395662668864,3551.607120812133,3607.0899689474263,3547.825769571682,3569.879365966422,Cameroon,CAEMC
CM,CMR,2019,4882.35560028896,4241.11174920592,1470.31785276187,1555.22660476477,0.636415290549962,94487.5234375,92642.1484375,94377.6953125,92454.828125,93489.34375,25.876379999999997,3651.496980547511,3580.181943436447,3647.2526416948585,3572.942897151766,3612.9220451237775,Cameroon,CAEMC
CM,CMR,2020,4763.48194388066,4365.44704128392,1434.51913723409,1555.60370660749,-2.43476031121681,NA,NA,NA,NA,NA,NA,NA,NA,NA,NA,NA,Cameroon,CAEMC
CM,CMR,2021,4793.55628200196,4793.55628200196,1443.57600237663,1672.32657340872,0.631351991581198,NA,NA,NA,NA,NA,NA,NA,NA,NA,NA,NA,Cameroon,CAEMC
CF,CAF,1980,NA,NA,549.851069399498,325.254770299088,-5.52099764656569,2506.7646484375,2494.211669921875,2400.72705078125,2402.340087890625,3425.64306640625,2.199356,1139.7721189464098,1134.0645488597004,1091.5590976546089,1092.2925110307858,1557.5664269023525,Central African Republic,CAEMC
CF,CAF,1981,NA,NA,535.271803204363,280.343391789938,-2.6514936510095,2925.533935546875,2949.71923828125,2811.52294921875,2854.45703125,3478.666748046875,2.264442,1291.9447420366143,1302.6252111033316,1241.5963620259429,1260.5564776002213,1536.2136667871712,Central African Republic,CAEMC
CF,CAF,1982,NA,NA,569.909860587753,298.444544895201,6.47111564181645,2955.156005859375,2931.005126953125,2843.7314453125,2843.86083984375,3541.1494140625,2.335333,1265.410973877976,1255.0694598813639,1217.6984803933744,1217.7538877084125,1516.3359632491383,Central African Republic,CAEMC
CF,CAF,1983,NA,NA,517.400561236801,259.588394525784,-9.21361481564811,2793.0380859375,2804.735107421875,2690.382568359375,2718.331298828125,3325.239013671875,2.408317,1159.7468630323583,1164.603790706072,1117.1214455403401,1128.726533437303,1380.7314459316922,Central African Republic,CAEMC
CF,CAF,1984,NA,NA,559.576063736741,248.313551025498,8.15142186918453,3006.8349609375,3033.9716796875,2884.963623046875,2925.841064453125,3565.494384765625,2.478382,1213.2249834519055,1224.174352334507,1164.0512330411032,1180.5448330617012,1438.6379439350453,Central African Republic,CAEMC
CF,CAF,1985,NA,NA,574.324850721819,332.515358450814,2.63570726856844,3345.890380859375,3368.92041015625,3227.95556640625,3258.875732421875,3684.460693359375,2.542169,1316.1557633892062,1325.214968067131,1269.7643494221863,1281.9272567724156,1449.337433254585,Central African Republic,CAEMC
CF,CAF,1986,NA,NA,587.348322352386,426.02699258009,2.26761415846777,3313.296142578125,3291.650390625,3184.52099609375,3190.473388671875,3816.2890625,2.5977609999999998,1275.4430228870651,1267.11055814026,1225.871431626601,1228.1627865965634,1469.0685796345392,Central African Republic,CAEMC
CF,CAF,1987,NA,NA,551.039434586106,449.952130096608,-6.18183220833238,3088.234130859375,3052.49462890625,2958.720458984375,2958.4111328125,3628.110107421875,2.64684,1166.7626795950548,1153.259973744635,1117.8312474438858,1117.714381229126,1370.7326878171234,Central African Republic,CAEMC
CF,CAF,1988,NA,NA,551.209370152878,466.070596898859,0.0308390935576313,3251.904052734375,3209.532958984375,3119.50390625,3115.82177734375,3703.7294921875,2.6939729999999997,1207.1034315245088,1191.3753252108968,1157.9566336596545,1156.589831206085,1374.8205687983882,Central African Republic,CAEMC
CF,CAF,1989,NA,NA,547.973638780833,443.226859814307,-0.58702401433186,3439.118408203125,3378.501953125,3311.07275390625,3290.543701171875,3795.411376953125,2.7457339999999997,1252.5315300765208,1230.4549359570156,1205.8971312975875,1198.4204227983757,1382.2939064574812,Central African Republic,CAEMC
CF,CAF,1990,1481.25255094258,620.391176505202,519.786735961912,501.656200636394,-5.14384284646127,3391.605712890625,3352.391357421875,3266.676025390625,3273.1650390625,3736.76904296875,2.806734,1208.3815968633382,1194.4100714288832,1163.8708995546515,1166.1828442105664,1331.3584554035936,Central African Republic,CAEMC
CF,CAF,1991,1427.69018313539,618.179517934398,500.991150890901,464.828283626364,-3.61601860351969,3339.994873046875,3302.859619140625,3207.607666015625,3222.436279296875,3780.85693359375,2.8785089999999998,1160.3211499588417,1147.4202856897878,1114.329559510019,1119.4810505358416,1313.4775446572341,Central African Republic,CAEMC
CF,CAF,1992,1294.20254725767,573.150589287487,454.148968239471,461.587303490896,-9.3499022024904,3207.994873046875,3168.6826171875,3105.979248046875,3095.183837890625,3730.541748046875,2.9592359999999998,1084.0618568599716,1070.7772604778734,1049.5882207593024,1045.9401811449393,1260.6435404431668,Central African Republic,CAEMC
CF,CAF,1993,1257.8284033824,570.245637847042,441.384907508364,404.954546941526,-2.81054491449957,3145.84814453125,3100.796875,3035.942626953125,3023.55029296875,3717.544921875,3.0461489999999998,1032.7295692138664,1017.9399875055358,996.6494176591904,992.5812207376429,1220.4081027799364,Central African Republic,CAEMC
CF,CAF,1994,1278.91509145063,592.18543758181,448.784442959801,261.260397409459,1.67643599170786,3830.59619140625,3658.549072265625,3700.17431640625,3561.42919921875,3909.981201171875,3.1350149999999997,1221.8749165175448,1166.9957152567454,1180.2732415654311,1136.0166376297243,1247.196967533449,Central African Republic,CAEMC
CF,CAF,1995,1334.10322981784,630.691681389742,468.150527620686,333.145863233895,4.3152308340197,3943.51025390625,3715.481201171875,3820.657470703125,3620.8544921875,4111.4638671875,3.2226559999999997,1223.683276746339,1152.925165196619,1185.5616828799366,1123.5622083733108,1275.7997959408328,Central African Republic,CAEMC
CF,CAF,1996,1247.9687525828,600.772967864624,437.925054761723,293.306575328658,-6.45635774727835,3353.623046875,3269.15234375,3248.12939453125,3184.2275390625,3801.1240234375,3.308233,1013.7203295157868,988.1868489160225,981.832112348571,962.5161042352519,1148.9892106866414,Central African Republic,CAEMC
CF,CAF,1997,1278.48826062781,626.078453835456,448.634663639551,265.5212823896,2.44553463232529,3519.9267578125,3499.668701171875,3402.731201171875,3397.8388671875,4033.782958984375,3.392436,1037.580888132451,1031.609351266133,1003.034751774794,1001.5926216994219,1189.0520437185476,Central African Republic,CAEMC
CF,CAF,1998,1302.75142830782,645.129994415361,457.148858416438,266.570544600384,1.89780136644271,3701.729736328125,3679.24658203125,3569.58203125,3550.799072265625,4217.42626953125,3.475492,1065.0951682029838,1058.6261116501635,1027.0724349962538,1021.668032113331,1213.4760400919495,Central African Republic,CAEMC
CF,CAF,1999,1313.23570902088,659.524563046957,460.827900216085,267.995954011083,0.804779828695573,3661.076171875,3679.580810546875,3539.959228515625,3559.641357421875,4467.861328125,3.558014,1028.9662075177332,1034.167041092833,994.9256041476017,1000.4573780265831,1255.717748194639,Central African Republic,CAEMC
CF,CAF,2000,1245.81399563599,639.836997022267,437.168928414826,239.154133726071,-5.13401462675454,3778.814208984375,3787.62890625,3657.735595703125,3668.480712890625,4553.72802734375,3.640427,1038.014004671533,1040.4353407581034,1004.7545509642482,1007.7061599890961,1250.8774457896698,Central African Republic,CAEMC
CF,CAF,2001,1272.85710758505,668.445939283473,446.658634192083,237.951702544735,2.17071826482889,3832.7744140625,3846.705810546875,3722.4208984375,3738.747314453125,4582.43798828125,3.722018,1029.7570871668272,1033.5000557619214,1000.1082473103301,1004.4946892930462,1231.1702921053177,Central African Republic,CAEMC
CF,CAF,2002,1290.38314917126,688.18045108872,452.808702217035,248.639290978403,1.37690566221247,3839.515380859375,3830.988037109375,3734.0439453125,3729.481201171875,4554.48681640625,3.8021279999999997,1009.833277801109,1007.5904959300095,982.0931713273462,980.8931212131405,1197.878350335983,Central African Republic,CAEMC
CF,CAF,2003,1191.8731520062,648.193215397331,418.240532289858,278.403992150941,-7.63416642788093,3661.69384765625,3624.864013671875,3568.39208984375,3539.41552734375,4233.31787109375,3.8811809999999998,943.4483595730914,933.9590226974406,919.4088319621657,911.9429182364208,1090.729309221536,Central African Republic,CAEMC
CF,CAF,2004,1236.28534712166,690.426514027755,433.825227770233,303.461321152782,3.72625182811642,3766.609130859375,3725.2275390625,3677.698486328125,3642.06982421875,4350.5029296875,3.959875,951.1939469956438,940.7437202089712,928.7410552929385,919.7436343871335,1098.6465304302535,Central African Republic,CAEMC
CF,CAF,2005,1219.5939445674,702.460624591232,427.968043155237,311.950023138687,-1.35012540536219,3847.296630859375,3767.48095703125,3795.40576171875,3757.314453125,4454.12158203125,4.0383819999999995,952.6826909537967,932.9184205533926,939.833270284671,930.4009509563484,1102.9470669271136,Central African Republic,CAEMC
CF,CAF,2006,1251.87082171335,743.287480208983,439.294330902768,333.942519903031,2.64652651726671,4037.8203125,3990.708740234375,3983.803955078125,3963.74951171875,4665.86865234375,4.118069,980.5130298933796,969.072820352057,967.3961157712813,962.526249977538,1133.0234273257076,Central African Republic,CAEMC
CF,CAF,2007,1284.55283590666,783.355445280928,450.762785401893,380.887048839475,2.61065388109087,4264.892578125,4201.19140625,4218.05859375,4178.4248046875,4853.958984375,4.19801,1015.9319720832013,1000.7578367488405,1004.775737492288,995.3346477706103,1156.2523634710255,Central African Republic,CAEMC
CF,CAF,2008,1283.2728263106,797.652806166077,450.313616886022,437.24827472489,-0.0996463174017777,4371.6328125,4308.17041015625,4343.05224609375,4318.974609375,4980.791015625,4.273366,1022.9951781569844,1008.1444954998589,1016.3071092187633,1010.67275992157,1165.542809959409,Central African Republic,CAEMC
CF,CAF,2009,1402.68164770801,877.252131104878,492.215398914836,456.471673898404,9.30502220176477,4706.12353515625,4611.8525390625,4673.6689453125,4604.78466796875,5120.8564453125,4.337625,1084.9539863764733,1063.2206654707356,1077.4718758104952,1061.5912320610357,1180.5668874816288,Central African Republic,CAEMC
CF,CAF,2010,1479.41367757692,936.485497371468,519.141456408484,476.873786950728,5.47038096593693,4916.849609375,4817.97509765625,4892.4833984375,4830.67822265625,5357.99365234375,4.386768,1120.8364812944292,1098.297219651518,1115.2820022480105,1101.1930019222011,1221.3989097084118,Central African Republic,CAEMC
CF,CAF,2011,1517.14839091011,980.185520951852,532.38295493852,534.057281471636,2.55065326927321,5002.90869140625,4932.23193359375,4992.81640625,4970.005859375,5582.74072265625,4.4186369999999995,1132.2289410526935,1116.233791912246,1129.9449142914434,1124.782565160931,1263.4531242680155,Central African Republic,CAEMC
CF,CAF,2012,1577.98053252253,1062.06809941049,553.729578314912,544.395849142785,4.00963689358869,5549.8046875,5446.81201171875,5477.18212890625,5428.763671875,5864.87939453125,4.4364159999999995,1250.965799307369,1227.7505111600785,1234.596153495581,1223.6822858530402,1321.9858990976613,Central African Republic,CAEMC
CF,CAF,2013,996.896355923912,709.853481245446,349.821171688973,364.36696260838,-36.8245466038613,3658.049560546875,3573.7490234375,3620.292724609375,3566.967529296875,3730.533935546875,4.447944,822.4135826680541,803.4608851724528,813.9249785090315,801.9362494889493,838.7097354523518,Central African Republic,CAEMC
CF,CAF,2014,1001.85598053496,698.963738923072,351.561554911625,409.8504859647,0.497506544343594,3516.554931640625,3439.28173828125,3486.321533203125,3438.507080078125,3733.558349609375,4.464175,787.7278403379404,770.4182157467505,780.9553911312,770.2446880057626,836.3378114902249,Central African Republic,CAEMC
CF,CAF,2015,1043.92171697157,768.870887999174,366.322853938121,366.322853938121,4.19878078824811,3920.75634765625,3715.2744140625,3893.53857421875,3702.25390625,3895.487060546875,4.49317,872.6036067311609,826.8715437124569,866.5460185612274,823.9736992479696,866.9796737151888,Central African Republic,CAEMC
CF,CAF,2016,1073.94477703739,826.013301383169,376.858254120398,387.176203444318,2.87598768927953,4131.6015625,3963.87548828125,4115.96826171875,3943.927001953125,4080.53515625,4.537686,910.5084755754365,873.5455666789748,907.0632612566736,869.1493862627615,899.2546324822829,Central African Republic,CAEMC
CF,CAF,2017,1103.86609318724,883.810734876066,387.35795131742,432.324025684263,2.7861131027974,4265.2724609375,4198.60205078125,4265.2724609375,4198.60205078125,4265.2724609375,4.596023,928.0354908879917,913.5293819855232,928.0354908879917,913.5293819855232,928.0354908879917,Central African Republic,CAEMC
CF,CAF,2018,1125.70091748228,905.817788941094,395.020015455909,455.243962859534,1.9780319759616,4441.0458984375,4322.447265625,4444.056640625,4317.43701171875,4426.90234375,4.666367999999999,951.7136021928619,926.2979828476881,952.3588025258617,925.2242882941831,948.6826464929471,Central African Republic,CAEMC
CF,CAF,2019,1145.09563657752,984.843183678857,401.82582161435,449.228467602439,1.72290159793216,4642.44873046875,4532.56103515625,4653.58056640625,4523.73876953125,4558.39404296875,4.745185,978.3493647705516,955.191638504347,980.6952872029752,953.3324347799401,960.6356850088563,Central African Republic,CAEMC
CF,CAF,2020,1136.57052993758,1066.29005423151,398.834274122139,462.879071294011,-0.744488614542561,NA,NA,NA,NA,NA,NA,NA,NA,NA,NA,NA,Central African Republic,CAEMC
CF,CAF,2021,1128.55237996459,1128.55237996459,396.020622931961,492.263142830507,-0.705468755505223,NA,NA,NA,NA,NA,NA,NA,NA,NA,NA,NA,Central African Republic,CAEMC
TD,TCD,1980,NA,NA,480.157386511143,228.770491876017,-6.25717486646226,4111.69140625,4324.67138671875,4062.028076171875,4230.27490234375,3608.369873046875,4.51443,910.7886059258866,957.9662076316944,899.787586953807,937.056262328522,799.2968930843706,Chad,CAEMC
TD,TCD,1981,NA,NA,484.574160472399,193.971579541809,0.919859630474321,3717.557861328125,3859.86962890625,3671.676513671875,3777.36328125,3218.477294921875,4.612849,805.9136254683657,836.7647908930577,795.9672024104573,818.8785891864226,697.7200630070213,Chad,CAEMC
TD,TCD,1982,NA,NA,487.048325221494,176.083750783324,0.510585365650229,3999.48388671875,4073.146240234375,3962.68017578125,3997.1875,3391.5126953125,4.7181619999999995,847.6783727898174,863.2908832368146,839.8779388628984,847.1916606509061,718.820738947179,Chad,CAEMC
TD,TCD,1983,NA,NA,536.180952505117,167.180974589951,10.0878341510115,5191.38330078125,5462.7060546875,5165.0234375,5377.73876953125,3922.590087890625,4.832320999999999,1074.3043147963992,1130.4518169814257,1068.849407458652,1112.8686959188453,811.7403806350252,Chad,CAEMC
TD,TCD,1984,NA,NA,540.00715950906,182.175880946335,0.713603679143432,5656.40673828125,5778.77392578125,5614.974609375,5674.39404296875,4122.06005859375,4.957558,1140.9663262197337,1165.649282526044,1132.608959769104,1144.5945852713676,831.4698604824695,Chad,CAEMC
TD,TCD,1985,NA,NA,651.091982292771,202.710985101435,20.5709907410676,6207.66357421875,6180.27685546875,6190.30712890625,6086.71533203125,4446.96142578125,5.095401,1218.287544830868,1212.9127531805152,1214.8812485820547,1194.5507982651905,872.7402270756021,Chad,CAEMC
TD,TCD,1986,NA,NA,606.106003867547,203.354449515341,-6.90931230128338,6062.80615234375,6113.580078125,6065.00341796875,6036.3017578125,4710.9775390625,5.2472829999999995,1155.4181759100377,1165.0944075486304,1155.836919405481,1150.367105759781,897.7936846673794,Chad,CAEMC
TD,TCD,1987,NA,NA,571.257670965961,213.931729919066,-5.74954425120686,6211.86865234375,6250.8232421875,6212.8984375,6169.734375,4883.359375,5.412847,1147.6157837721535,1154.8124752440813,1147.8060321121213,1139.8316588294479,902.179458425483,Chad,CAEMC
TD,TCD,1988,NA,NA,637.738401242898,263.544647841815,11.6376083255954,6775.794921875,6839.00390625,6801.08203125,6773.69677734375,5256.40771484375,5.589626,1212.2089960714725,1223.5172632748595,1216.7329319081455,1211.8336320433157,940.3863004150456,Chad,CAEMC
TD,TCD,1989,NA,NA,646.594144560668,246.355378549117,1.38861691573089,7071.5390625,7065.09814453125,7143.8818359375,7039.8720703125,5352.5693359375,5.7739199999999995,1224.7379704775958,1223.62245139026,1237.2672007817048,1219.253482956553,927.0251988142372,Chad,CAEMC
TD,TCD,1990,1711.36988442035,966.594360653703,602.670685766624,290.599045262191,-6.79304926645887,7134.376953125,7215.255859375,7380.4541015625,7362.87841796875,5526.23193359375,5.963252,1196.3903174182476,1209.9532032815316,1237.6559135120401,1234.7085814868717,926.7144728402808,Chad,CAEMC
TD,TCD,1991,1790.73791098353,1045.6263927943,630.620682685597,302.487268390603,4.63768979959917,7443.51123046875,7510.6220703125,7691.71435546875,7654.38916015625,5736.11865234375,6.1570789999999995,1208.9354758106483,1219.8352612192407,1249.2473063068949,1243.1851467483607,931.6298609038068,Chad,CAEMC
TD,TCD,1992,1853.67667631479,1107.04264035996,652.785002163699,290.648286132566,3.51468324567341,7517.52001953125,7584.69091796875,7776.87744140625,7729.28955078125,5868.0322265625,6.356748,1182.60469339531,1193.1715584712106,1223.405024299571,1215.918823710056,923.1185861957247,Chad,CAEMC
TD,TCD,1993,1526.05432530002,932.984522227482,537.410535921164,220.729964903293,-17.6741907151847,7405.119140625,7489.23046875,7656.3525390625,7631.7080078125,5765.30517578125,6.563922,1128.1546521462321,1140.968839780546,1166.4295430479674,1162.674999461069,878.3323713751093,Chad,CAEMC
TD,TCD,1994,1642.51653213298,1025.62743943042,578.423503776262,173.928895064035,7.63158983937645,7726.62939453125,7820.6650390625,7994.83544921875,7974.7568359375,6094.591796875,6.781053,1139.4438879229008,1153.3112982692364,1178.9961602156407,1176.0351726992105,898.7677572900551,Chad,CAEMC
TD,TCD,1995,1591.14154056727,1014.37923890833,560.331446834029,203.964852705041,-3.1278218855421,8137.912109375,8012.46875,8498.7333984375,8246.15234375,6179.82958984375,7.010145,1160.8764311401549,1142.9818855387443,1212.3477329552386,1176.3169440503727,881.55517323019,Chad,CAEMC
TD,TCD,1996,1555.91392488298,1010.0807859858,547.925799466002,216.912541056484,-2.21398378372668,7750.9921875,7902.951171875,8144.00732421875,8187.61572265625,6312.0107421875,7.2509749999999995,1068.958614186368,1089.9156557394006,1123.1603093678782,1129.1744520779964,870.5051034085072,Chad,CAEMC
TD,TCD,1997,1588.09860417439,1048.75331848989,559.259855835883,201.384076969355,2.06853854681179,8607.8671875,8908.3798828125,8968.560546875,9145.2060546875,6668.15478515625,7.503493,1147.1813444085308,1187.2310513000411,1195.2514044958796,1218.7931746837774,888.6734198534269,Chad,CAEMC
TD,TCD,1998,1641.05715328512,1095.90587063665,577.909573468712,219.779530915601,3.33471416519863,8646.423828125,8867.6337890625,8925.6669921875,9009.8681640625,7129.4326171875,7.770048,1112.788985103438,1141.2585596720253,1148.7273942435747,1159.5640289561275,917.5532271084426,Chad,CAEMC
TD,TCD,1999,1573.58531389989,1065.71837953249,554.148900757095,186.638531146223,-4.11148626055815,8846.84765625,9088.49609375,9123.421875,9223.607421875,7093.759765625,8.053536,1098.5047631562088,1128.510022647195,1132.8467240973407,1145.2866693431308,880.8254865471515,Chad,CAEMC
TD,TCD,2000,1506.71577205515,1043.54539995059,530.600331270541,163.121663683369,-4.24950215625832,8616.91015625,8770.41796875,8840.0498046875,8853.1953125,7058.12890625,8.355654,1031.2669907406412,1049.6387199314381,1057.9722191329968,1059.5454661598003,844.7129220824606,Chad,CAEMC
TD,TCD,2001,1626.56683129334,1151.92026849056,572.806706828797,194.32295331156,7.9544570688811,9408.6494140625,9099.0224609375,9652.119140625,9189.0244140625,7871.05908203125,8.678051,1084.1892279801652,1048.5099086116802,1112.2450352763542,1058.881125965093,907.0077004653753,Chad,CAEMC
TD,TCD,2002,1704.27295147382,1225.70701162711,600.171451974641,219.061391951349,4.77730878839424,7055.73974609375,7028.22021484375,7265.2587890625,7118.974609375,8541.1572265625,9.019233,782.2993092753841,779.2481040065991,805.5295598930087,789.310422446676,946.993743987155,Chad,CAEMC
TD,TCD,2003,1878.58578619738,1377.74659566702,661.556916681677,289.087621122168,10.2279881032445,8294.1826171875,8355.03515625,8514.435546875,8422.0244140625,9761.595703125,9.373916,884.8151207230255,891.3068088352829,908.3114833624496,898.4531559769151,1041.35728367152,Chad,CAEMC
TD,TCD,2004,2400.97004980577,1808.21202176525,845.518131173419,445.850767157087,27.8073148134373,12465.7880859375,12618.0244140625,12795.8857421875,12680.2119140625,13048.5263671875,9.734767,1280.5430356923284,1296.1814508824402,1314.4521838260227,1302.5696366500092,1340.404589774722,Chad,CAEMC
TD,TCD,2005,2705.816508357,2101.69135982144,952.871910097036,838.092107712557,12.6968038845754,15761.3076171875,15830.1533203125,16211.9248046875,16151.396484375,14081.1396484375,10.096632999999999,1561.0459068074972,1567.864586175659,1605.676348213063,1599.6814467134739,1394.6371675030182,Chad,CAEMC
TD,TCD,2006,2596.03235458563,2078.60167039399,914.210664598894,906.897260572747,-4.05733919622048,17133.208984375,17002.11328125,17294.103515625,17229.4140625,13853.6875,10.457124,1638.4245787249915,1625.8880817756392,1653.81069552441,1647.6245344800348,1324.808570693051,Chad,CAEMC
TD,TCD,2007,2613.47387385213,2149.25986052772,920.352815674967,980.483531485103,0.671852923392407,19064.845703125,18915.283203125,19015.892578125,19113.330078125,16313.025390625,10.818024,1762.3223708068128,1748.4970640779684,1757.7972260114232,1766.8041851381547,1507.9487150911295,Chad,CAEMC
TD,TCD,2008,2601.36125803518,2180.51680433217,916.087274632505,1166.36883453841,-0.463468027675191,20462.33984375,19938.744140625,20357.216796875,20261.380859375,16525.1328125,11.183588,1829.6757573463901,1782.8575355802627,1820.2759970123184,1811.7066597388066,1477.6235330289348,Chad,CAEMC
TD,TCD,2009,2474.70758351267,2087.14718677867,871.485311273077,1035.63719694254,-4.86874608942905,19236.275390625,18716.734375,19293.265625,18912.591796875,18031.14453125,11.560146999999999,1664.0165034774213,1619.0740805458618,1668.946391858166,1636.0165486541825,1559.7677547915266,Chad,CAEMC
TD,TCD,2010,2717.40540184377,2319.68883187561,956.953018715651,1141.80069268412,9.80713115149598,25525.3671875,25163.359375,25311.962890625,25452.064453125,20735.81640625,11.952136,2135.632257489373,2105.3441305386755,2117.777348804013,2129.499233703917,1734.9046568956378,Chad,CAEMC
TD,TCD,2011,2741.07083398912,2388.16512149441,965.286963557057,1308.1421872538,0.870883384911707,24978.40234375,24601.77734375,25077.01953125,24927.966796875,21897.021484375,12.36099,2020.7444827436962,1990.2756448917119,2028.722580574048,2016.664263693685,1771.4617910357504,Chad,CAEMC
TD,TCD,2012,2886.27474563711,2435.1240819184,1016.42152061894,1354.34344701937,5.29734255122003,27034.126953125,26418.994140625,26807.720703125,26751.7109375,24699.837890625,12.784749999999999,2114.560468771388,2066.445893789476,2096.8513817732064,2092.4703993038584,1931.9766042061833,Chad,CAEMC
TD,TCD,2013,2864.1130140853,2110.24705136988,1008.61711429294,1304.88742971475,-0.767831669015877,23853.9296875,22782.37890625,23352.703125,22950.90625,22995.552734375,13.220433,1804.3228756198832,1723.270251908542,1766.4098539737693,1736.0177423840807,1739.3948242372244,Chad,CAEMC
TD,TCD,2014,2820.67795067436,2133.18441198787,993.321157708395,1278.78981422494,-1.51652756708047,24747.94921875,23853.75390625,24389.419921875,24010.45703125,23869.384765625,13.663566,1811.2364823904684,1745.7927093300534,1784.9966781640314,1757.261393639845,1746.9366902919048,Chad,CAEMC
TD,TCD,2015,2822.57929900236,2377.51137185751,993.990730610869,993.990730610869,0.0674074942708955,27412.76953125,27562.712890625,27510.373046875,27593.1484375,24967.375,14.110975,1942.6559490928162,1953.2819589450764,1949.5728003823265,1955.43882952808,1769.3586020810044,Chad,CAEMC
TD,TCD,2016,2622.59780843796,2120.08751553857,923.56587204799,861.831767630746,-7.0850619018951,24482.462890625,24512.5078125,24301.974609375,24470.8203125,24293.255859375,14.56166,1681.2961496577313,1683.3594392740938,1668.9013896338056,1680.496613195199,1668.3026426502886,Chad,CAEMC
TD,TCD,2017,2496.26213644007,2097.14425483604,879.075895466718,854.46120040098,-4.81719581978666,23715.150390625,23887.72265625,23715.150390625,23887.72265625,23715.150390625,15.016753,1579.2462185816735,1590.7382012775997,1579.2462185816735,1590.7382012775997,1579.2462185816735,Chad,CAEMC
TD,TCD,2018,2552.37036388576,2227.81335372611,898.834794007399,948.656629871231,2.24768972082788,25087.8359375,25311.052734375,25037.369140625,25277.76171875,24261.21484375,15.477729,1620.8990309560272,1635.3208364337559,1617.6384236101433,1633.1699384806388,1567.491900378279,Chad,CAEMC
TD,TCD,2019,2604.53153663392,2351.65339767739,917.203710065059,893.336441643325,2.04363651475524,25755.51953125,25648.60546875,25472.1484375,25586.341796875,24979.357421875,15.946876,1615.082448201767,1608.3780590474273,1597.3127550186005,1604.4736158276392,1566.4107140404803,Chad,CAEMC
TD,TCD,2020,2513.02922729008,2185.99034173537,884.980541933197,866.947814890409,-3.51319644461273,NA,NA,NA,NA,NA,NA,NA,NA,NA,NA,NA,Chad,CAEMC
TD,TCD,2021,2435.07274651099,2435.07274651099,857.527630579087,946.358500208374,-3.10209208601812,NA,NA,NA,NA,NA,NA,NA,NA,NA,NA,NA,Chad,CAEMC
CD,COD,1980,NA,NA,1046.19884187998,538.911839414196,-0.95886985540298,57589.83203125,58491.296875,57487.95703125,58630.546875,54809.25,26.358908,2184.833758335133,2219.033386170626,2180.9688410176173,2224.3162302095366,2079.3444857427326,"Congo, Dem. Rep.",Non-CFA comparison
CD,COD,1981,NA,NA,1040.05243655308,455.912227033575,-0.587498769914134,55167.51953125,56107.28515625,55201.984375,56475.73046875,56097.5546875,27.040322,2040.194622358787,2074.9488543904913,2041.4691945976087,2088.574628244072,2074.5890040621557,"Congo, Dem. Rep.",Non-CFA comparison
CD,COD,1982,NA,NA,1004.68917686245,481.7409782053,-3.40014199743922,56350.8203125,57007.86328125,56492.86328125,57560.76171875,55840.8046875,27.717291,2033.056560704291,2056.7617261459645,2038.181266749698,2076.7095066667953,2014.655930390167,"Congo, Dem. Rep.",Non-CFA comparison
CD,COD,1983,NA,NA,987.078612402051,376.285479915589,-1.75283708294673,57990.625,58551.7734375,57911.83984375,58844.37890625,56629.11328125,28.403851,2041.646571093476,2061.4026399976538,2038.8728219898774,2071.7042525765255,1993.7125174065307,"Congo, Dem. Rep.",Non-CFA comparison
CD,COD,1984,NA,NA,1007.5315807597,259.801889543739,2.07207086656189,66699.3984375,72642.640625,66242.6640625,72591.71875,59766.97265625,29.119673,2290.527041203382,2494.624188430962,2274.8423054922355,2492.8754780316385,2052.460295699406,"Congo, Dem. Rep.",Non-CFA comparison
CD,COD,1985,NA,NA,979.229876234951,230.132255248427,-2.80901413565682,64053.46484375,66205.53125,63984.8046875,66291.1015625,60046.59375,29.881228999999998,2143.602086907135,2215.622766051557,2141.3043180887908,2218.4864472107224,2009.5088374711765,"Congo, Dem. Rep.",Non-CFA comparison
CD,COD,1986,NA,NA,993.629063435171,250.900914044275,1.47046036376909,60423.80078125,61359.14453125,60079.86328125,61456.17578125,62879.1171875,30.683868999999998,1969.2366950611738,1999.719935294014,1958.0276294769087,2002.8822239219573,2049.256473735434,"Congo, Dem. Rep.",Non-CFA comparison
CD,COD,1987,NA,NA,988.544179306769,230.086415834499,-0.511748731546049,59113.0625,61539.86328125,58594.24609375,61590.41796875,64561.53515625,31.528707999999998,1874.8964435840505,1951.867589412481,1858.4410783261403,1953.4710387989892,2047.70633659489,"Congo, Dem. Rep.",Non-CFA comparison
CD,COD,1988,NA,NA,961.885634113761,257.725151748806,-2.69674798062162,63540.23046875,66664.4296875,62968.73828125,66699.0703125,64865.21875,32.443781,1958.471809088774,2054.7675897423915,1940.8569636581506,2055.8353020722216,1999.3113241024528,"Congo, Dem. Rep.",Non-CFA comparison
CD,COD,1989,NA,NA,920.159121957634,254.231037905154,-4.33799099147294,65274.98828125,66902.015625,64602.06640625,66871.6015625,64044,33.464765,1950.5586930387828,1999.1778106016882,1930.4503230860878,1998.268972230942,1913.7740844736247,"Congo, Dem. Rep.",Non-CFA comparison
CD,COD,1990,2403.9702501624,832.068152559652,831.662947440969,254.872656292509,-9.61748597659816,51503.08984375,52290.1328125,50509.15625,51845.71484375,59837.390625,34.612023,1488.011545691796,1510.7505508273816,1459.2951197911777,1497.9105625738778,1728.8036190487912,"Congo, Dem. Rep.",Non-CFA comparison
CD,COD,1991,2129.44892037951,761.97579361076,736.691215470812,253.79642770809,-11.4194977980426,42219.140625,43086.4609375,41150.36328125,42690.0703125,54798.44921875,35.908243999999996,1175.7506333364563,1199.904426891496,1145.9865116559308,1188.86544027327,1526.0687550956266,"Congo, Dem. Rep.",Non-CFA comparison
CD,COD,1992,1842.5484850692,674.339698527766,637.436883335816,209.726548794417,-13.4729897751751,54573.109375,56065.64453125,53841.53125,55662.12890625,49044.609375,37.333914,1461.7569798601883,1501.7349783162301,1442.1614420068574,1490.926692182609,1313.6744616436413,"Congo, Dem. Rep.",Non-CFA comparison
CD,COD,1993,1538.39690696229,576.371213457691,532.214450612231,263.335582841074,-16.5071139550223,42911.03515625,43422.73828125,42064,42931.93359375,42438.765625,38.815833999999995,1105.5033663903757,1118.68621143758,1083.6814687531898,1106.0417661964962,1093.3364364913557,"Congo, Dem. Rep.",Non-CFA comparison
CD,COD,1994,1410.05655375361,539.567586571571,487.814601480181,136.542547670676,-8.34247342983156,31580.26953125,32698.857421875,30943.44921875,32346.78515625,40783.65625,40.252975,784.5449816131603,812.3339311411145,768.7245282802079,803.5874405866896,1013.1836528852837,"Congo, Dem. Rep.",Non-CFA comparison
CD,COD,1995,1362.1877957229,532.179280362158,471.254216678637,127.008078734668,-3.39481121542804,32856.15625,34214.52734375,32198.46484375,33967.6171875,41069.13671875,41.576234,790.262924006056,822.9347406441382,774.4439971102241,816.9960075628784,987.8031934963133,"Congo, Dem. Rep.",Non-CFA comparison
CD,COD,1996,1322.58011961553,526.165019253166,457.55178560632,127.416132828292,-2.90765166387062,29417.173828125,30407.517578125,28766.521484375,30182.302734375,40648.9296875,42.757242999999995,688.0044587562627,711.1664701609737,672.7870991208438,705.8991791022402,950.6910837890086,"Congo, Dem. Rep.",Non-CFA comparison
CD,COD,1997,1228.39076846803,497.120722511043,424.966609734203,132.323520768553,-7.12163669713082,30255.1484375,31138.2890625,29605.44921875,30886.828125,38365.66015625,43.82718,690.3284317517121,710.4789553537325,675.5043153301217,704.7413984883353,875.3850956472673,"Congo, Dem. Rep.",Non-CFA comparison
CD,COD,1998,1176.05049796489,481.28791422287,406.859287635037,131.461338858019,-4.26088113381202,27435.775390625,27471.365234375,26837.748046875,27115.345703125,37742.546875,44.849967,611.723424247447,612.5169553497108,598.3894714320526,604.5789443529579,841.5289776021463,"Congo, Dem. Rep.",Non-CFA comparison
CD,COD,1999,1088.65043725373,451.824786955368,376.62289344811,96.3192243479286,-7.43165883288131,28455.75390625,28707.666015625,27913.234375,28358.974609375,36130.88671875,45.919613,619.6862744956061,625.1722116130421,607.8717252037817,617.5786936482892,786.8290771254976,"Congo, Dem. Rep.",Non-CFA comparison
CD,COD,2000,981.422080026496,416.548214460226,339.52682222392,377.925421481395,-9.84965913371938,25657.19140625,26065.494140625,25223.853515625,25705.728515625,33634.13671875,47.105826,544.6712983283638,553.3390740377846,535.4720563784404,545.7016827520443,714.0122480550494,"Congo, Dem. Rep.",Non-CFA comparison
CD,COD,2001,930.8578260745,403.983196706619,322.033920024307,142.678142604412,-5.1521414670669,25649.095703125,25808.453125,25224.078125,25479.619140625,32927.65625,48.428545,529.6276339321158,532.9182019612607,520.8514549631834,526.1281159825264,679.9224765063663,"Congo, Dem. Rep.",Non-CFA comparison
CD,COD,2002,929.452807092197,409.641833781142,321.547848190451,162.38052907429,-0.150938085596692,26641.265625,26910.1171875,26252.962890625,26599.53515625,33897.98828125,49.871666,534.1964237769799,539.5872916597573,526.4103848190073,533.3596667143624,679.7043491839635,"Congo, Dem. Rep.",Non-CFA comparison
CD,COD,2003,953.044643237975,428.332470700597,329.709536540469,161.491553524396,2.53825002902359,29050.103515625,28985.994140625,28494.4296875,28641.7578125,35788.59765625,51.42558,564.8959820312188,563.649338337555,554.090584637062,556.9554648192592,695.929878792811,"Congo, Dem. Rep.",Non-CFA comparison
CD,COD,2004,987.746920877671,455.866557396548,341.714925751419,180.664764963633,3.64120168828556,32086.697265625,31811.05859375,31464.029296875,31422.72265625,38200.48828125,53.06888,604.6235998503266,599.4296204055936,592.8903963466913,592.1120373418471,719.828424516402,"Congo, Dem. Rep.",Non-CFA comparison
CD,COD,2005,1016.6338907666,483.910024827321,351.708486411683,214.539740473519,2.92453150481739,34905.734375,34180.79296875,34629.80859375,34397.7421875,40544.23046875,54.785903,637.1298539151577,623.8975922099888,632.0934163255464,627.8575382338774,740.048593682028,"Congo, Dem. Rep.",Non-CFA comparison
CD,COD,2006,1036.13329616563,508.4008175183,358.454382275579,255.445229568751,1.91803613632446,38060.875,36209.9921875,37729.1171875,36269.75,42701.55859375,56.578036999999995,672.7146613446487,640.0008573556556,666.850940542529,641.057058943208,754.7373655567089,"Congo, Dem. Rep.",Non-CFA comparison
CD,COD,2007,1091.0040733455,549.827650078763,377.437143095814,294.101615124419,5.29572569310682,40470.3359375,39709.71875,40223.1640625,39800.1015625,45374.44140625,58.453683,692.3487770223136,679.3364714076272,688.1202688716809,680.8827009668493,776.2460648758437,"Congo, Dem. Rep.",Non-CFA comparison
CD,COD,2008,1136.9467210438,584.020810311472,393.331182464822,352.900363371995,4.21104272850354,40075.796875,39597.33203125,39864.3203125,39983.98828125,48199.4140625,60.411195,663.3836141629048,655.4634787682978,659.8829954034182,661.8638860106972,797.855663383252,"Congo, Dem. Rep.",Non-CFA comparison
CD,COD,2009,1108.57506967795,572.959249024865,383.515898271062,280.178991035792,-2.49542488145794,41042.09375,40575.53515625,40940.07421875,40790.7109375,49575.546875,62.448574,657.2142664138336,649.7431815856996,655.5806097149632,653.1888292197033,793.8619523161569,"Congo, Dem. Rep.",Non-CFA comparison
CD,COD,2010,1158.01422439658,605.785160280927,400.619567973092,352.400398754692,4.45970291691562,45981.0234375,46459.375,45815.828125,46849.8828125,53099.34375,64.56385399999999,712.179038096146,719.5880066267421,709.6204034690991,725.636403497536,822.4314451550555,"Congo, Dem. Rep.",Non-CFA comparison
CD,COD,2011,1205.73984565432,643.764679093976,417.130434045991,372.514273875789,4.1213329035411,49819.1171875,49848.9765625,49814.453125,50489.328125,56749.78125,66.75515299999999,746.2962025942777,746.743499524299,746.2263343924926,756.336040829687,850.1183609001691,"Congo, Dem. Rep.",Non-CFA comparison
CD,COD,2012,1267.23827814087,647.801733284929,438.406058243633,409.931424783784,5.10047276850003,53398.21875,53205.30078125,52962.1328125,53511.00390625,60771.546875,69.020747,773.6546048972782,770.8595327322378,767.3364186061331,775.2886810432522,880.4823117170841,"Congo, Dem. Rep.",Non-CFA comparison
CD,COD,2013,1342.74156112016,760.64987993962,464.526715460494,460.370334930107,5.95809677482721,58995.24609375,58433.65625,58419.58984375,58646.55078125,65926.171875,71.358807,826.7409248272606,818.8709804243224,818.6738582071587,821.8544177910654,923.8687507065526,"Congo, Dem. Rep.",Non-CFA comparison
CD,COD,2014,1392.75841334673,859.356816141236,481.830241883776,489.175952097319,3.72497982298587,65687.2578125,65275.40625,65085.859375,65516.76171875,72169.2734375,73.76744699999999,890.4640255816364,884.8809184083599,882.311399159578,888.1527609156652,978.3349752838811,"Congo, Dem. Rep.",Non-CFA comparison
CD,COD,2015,1433.21579814709,910.393131638657,495.826633014883,495.826633014883,2.90483865777841,72035.21875,72393.0703125,71937.15625,72411.0625,77161.078125,76.24454399999999,944.7917840521154,949.4852551351086,943.5056264484972,949.7212351351988,1012.0209798225039,"Congo, Dem. Rep.",Non-CFA comparison
CD,COD,2016,1388.80163211633,950.022298158597,480.461377880475,459.765036590388,-3.09891686152069,83571.015625,83828.6328125,83444.0234375,83710.3359375,79013.078125,78.789127,1060.6922402503585,1063.9619450600082,1059.0804418673151,1062.460508510267,1002.8424115550869,"Congo, Dem. Rep.",Non-CFA comparison
CD,COD,2017,1395.71961761712,990.545051394781,482.854682128541,431.052559128788,0.498126250776636,81936.234375,83190.109375,81936.234375,83190.109375,81936.234375,81.398764,1006.6029304204177,1022.0070340994367,1006.6029304204177,1022.0070340994367,1006.6029304204177,"Congo, Dem. Rep.",Non-CFA comparison
CD,COD,2018,1431.7285269693,1048.86502855672,495.312105711027,518.169626875371,2.57995294310305,84834.7734375,86148.453125,84815.5,86002.9921875,86676.03125,84.068091,1009.1197793167446,1024.7461563627037,1008.8905194718886,1023.0158811088027,1031.0217612768204,"Congo, Dem. Rep.",Non-CFA comparison
CD,COD,2019,1394.76461472893,1056.17206659241,482.524295129472,504.00419142286,-2.58176822938702,88673.375,89061.671875,88514.0703125,88797.96875,90530.5,86.790567,1021.6936939702215,1026.167646479369,1019.8581870366166,1023.1292618470853,1043.0914686846095,"Congo, Dem. Rep.",Non-CFA comparison
CD,COD,2020,1361.02791099008,1088.7890035637,470.852950000929,486.425572682256,-2.41880983949436,NA,NA,NA,NA,NA,NA,NA,NA,NA,NA,NA,"Congo, Dem. Rep.",Non-CFA comparison
CD,COD,2021,1402.38560295221,1402.38560295221,485.160805929784,595.743074403567,3.03871005349485,NA,NA,NA,NA,NA,NA,NA,NA,NA,NA,NA,"Congo, Dem. Rep.",Non-CFA comparison
CG,COG,1980,NA,NA,1921.96861829766,932.646715470458,15.034236029519,6849.43017578125,4206.21337890625,4758.42919921875,4140.83251953125,6710.43408203125,1.777934,3852.4659384326137,2365.7871320905333,2676.3812375592966,2329.0136301635775,3774.2875056280213,"Congo, Rep.",CAEMC
CG,COG,1981,NA,NA,2211.31674185091,1066.18677734612,15.0547787720662,5588.92041015625,4842.28857421875,3866.568603515625,4802.68994140625,8134.27099609375,1.8306319999999998,3053.000499366476,2645.1458153352232,2112.149576493596,2623.514688591836,4443.422269518806,"Congo, Rep.",CAEMC
CG,COG,1982,NA,NA,2674.95109240622,1130.97081000634,20.9664378594288,5982.484375,5341.96728515625,4350.6103515625,5324.4521484375,10051.3720703125,1.8848749999999999,3173.9422375489094,2834.122838467405,2308.169163240268,2824.830372537967,5332.646499270509,"Congo, Rep.",CAEMC
CG,COG,1983,NA,NA,2773.62663758927,1075.34825792814,3.68887287185078,9725.27734375,6572.05908203125,7296.45947265625,6501.6025390625,10615.22265625,1.940443,5011.885092089796,3386.885923488219,3760.2029395639297,3350.576409130544,5470.515060864967,"Congo, Rep.",CAEMC
CG,COG,1984,NA,NA,2894.09973517119,1097.04958637388,4.34352251846796,11442.4248046875,7888.234375,8555.005859375,7740.93603515625,11381.4912109375,1.9969949999999999,5729.821459086027,3950.052140841615,4283.939548859662,3876.292146528284,5699.308816966242,"Congo, Rep.",CAEMC
CG,COG,1985,NA,NA,2776.76428489105,1049.31821372865,-4.0542987808677,10769.84765625,7821.55224609375,8714.474609375,7711.41455078125,11250.306640625,2.054312,5242.556951548742,3807.382834785442,4242.0404541155385,3753.7698999865893,5476.4352448045865,"Congo, Rep.",CAEMC
CG,COG,1986,NA,NA,2511.48682046393,872.048697635314,-9.55347437557265,6807.1796875,5310.81005859375,5809.36474609375,5270.5439453125,10476.0751953125,2.112361,3222.545619569761,2514.158355789446,2750.1761044129057,2495.0962194968097,4959.4151735013575,"Congo, Rep.",CAEMC
CG,COG,1987,NA,NA,2443.79019878646,1052.33893542503,-2.6954798697673,6431.017578125,5400.84375,5784.25244140625,5371.470703125,10495.9150390625,2.171321,2961.799558022513,2487.3538965450066,2663.932436247911,2473.8261653274667,4833.884551875333,"Congo, Rep.",CAEMC
CG,COG,1988,NA,NA,2415.94091643835,984.376285838246,-1.13959383100648,5973.931640625,4841.32666015625,5405.84326171875,4826.4345703125,10681.2998046875,2.231465,2677.1343671646205,2169.573199739297,2422.553462285427,2162.8995168252695,4786.675930246497,"Congo, Rep.",CAEMC
CG,COG,1989,NA,NA,2408.14159896257,1032.8649749016,-0.322827326724479,5995.47802734375,5204.388671875,5497.7666015625,5223.12060546875,10869.791015625,2.293166,2614.4980465189833,2269.5211213994103,2397.456879075697,2277.6897117211533,4740.0803149990015,"Congo, Rep.",CAEMC
CG,COG,1990,8699.52683870615,3436.74969805645,2363.76701814587,1175.66709098428,-1.84268984995809,7121.5283203125,5861.4130859375,6391.17822265625,5797.54443359375,10978.8603515625,2.356737,3021.77473358822,2487.0883284547663,2711.8758786645476,2459.9878703452064,4658.5004400416765,"Congo, Rep.",CAEMC
CG,COG,1991,8658.16145286005,3536.08004987396,2352.52754080776,1112.53521242945,-0.475490065299297,7981.3740234375,6670.23681640625,6584.5634765625,6594.162109375,11241.84375,2.4223049999999997,3294.950067575099,2753.6733881184455,2718.304869354809,2722.2674722526685,4640.969551728623,"Congo, Rep.",CAEMC
CG,COG,1992,8636.63719209923,3607.67111205387,2346.67913794406,1164.22442980292,-0.248600824528538,5824.87548828125,4866.7373046875,5671.37109375,4827.9482421875,11535.474609375,2.4899519999999997,2339.352520964762,1954.5506518549355,2277.7029813225317,1938.9724148045827,4632.810033838002,"Congo, Rep.",CAEMC
CG,COG,1993,8302.69726834941,3550.38579358163,2255.94360801961,1034.37200809816,-3.86655032881671,6164.296875,5127.67138671875,5511.0859375,5058.16455078125,11422.462890625,2.559873,2408.0479285495803,2003.0960077780226,2152.874747106595,1975.943552973624,4462.120929680887,"Congo, Rep.",CAEMC
CG,COG,1994,7617.60750274811,3326.98140019517,2069.79640456567,661.904273689712,-8.25141208282898,5875.57763671875,4704.97607421875,5292.59423828125,4619.8193359375,10795.01953125,2.632345,2232.0697464499335,1787.37060462012,2010.600524734125,1755.0204611999948,4100.913645912675,"Congo, Rep.",CAEMC
CG,COG,1995,7701.32468533336,3434.06784062762,2092.54337905245,769.606794842829,1.09899574840317,5681.291015625,4472.37744140625,5087.60498046875,4367.19482421875,11225.236328125,2.707537,2098.3244238675225,1651.8250503709646,1879.0527998209259,1612.9769691859244,4145.921672769385,"Congo, Rep.",CAEMC
CG,COG,1996,7812.04779971641,3547.2135393678,2122.62819294837,898.794050151577,1.43771518416713,6458.8662109375,5284.02978515625,5738.3330078125,5126.828125,11942.751953125,2.7858099999999997,2318.4876969131064,1896.766033992358,2059.8436389461235,1840.3366076652753,4286.994430031123,"Congo, Rep.",CAEMC
CG,COG,1997,7599.04815388587,3509.99889494686,2064.7536042465,804.304050086499,-2.72655328399637,6169.09326171875,4985.7236328125,5443.97802734375,4866.47998046875,11651.7109375,2.86728,2151.5489459413625,1738.8338888467467,1898.655878513347,1697.2461637749889,4063.6808883331937,"Congo, Rep.",CAEMC
CG,COG,1998,7711.6321257605,3602.03351936562,2095.34403570595,660.379775085784,1.48155360506634,4913.14306640625,4059.138916015625,4575.75927734375,3966.088134765625,12070.982421875,2.951647,1664.5429031338267,1375.2115059882246,1550.239333275202,1343.686468864883,4089.575217454865,"Congo, Rep.",CAEMC
CG,COG,1999,7312.32665071621,3463.85452984899,1986.8478922289,776.416349733937,-5.17796321884211,6340.42578125,5237.92529296875,6141.0302734375,5152.455078125,11756.888671875,3.038433,2086.742008545194,1723.8903385293506,2021.117554159496,1695.7606365271179,3869.3921083252453,"Congo, Rep.",CAEMC
CG,COG,2000,7570.58279297342,3667.42487266336,2057.01922023551,1024.30159109181,3.53179165255042,9096.720703125,8267.0478515625,8971.4072265625,8170.93798828125,12647.2998046875,3.127411,2908.7064997613043,2643.4158642923812,2868.637101603371,2612.6844179678496,4044.015898354102,"Congo, Rep.",CAEMC
CG,COG,2001,7567.43916817104,3748.44674931557,2056.16505922617,854.598314408095,-0.041524211389671,8735.873046875,7704.10595703125,8227.4658203125,7652.9482421875,13129.1162109375,3.217933,2714.746716875398,2394.116334004235,2556.7548548439327,2378.2186397875594,4079.9843287406857,"Congo, Rep.",CAEMC
CG,COG,2002,7729.3889014189,3888.16402343345,2100.16876714574,905.538135544704,2.1400863574699,8702.9287109375,8196.94921875,8763.0322265625,8175.3828125,13730.7783203125,3.310387,2628.9762227006995,2476.130198297057,2647.132261745379,2469.6154294044777,4147.786443190026,"Congo, Rep.",CAEMC
CG,COG,2003,7577.45630456352,3886.99206795632,2058.88683675038,1016.82363412143,-1.96564823937744,9113.19921875,8334.9228515625,9135.615234375,8377.060546875,13841.71875,3.406922,2674.906915611805,2446.46717816331,2681.486466192945,2458.8354376398993,4062.8223217320506,"Congo, Rep.",CAEMC
CG,COG,2004,7577.44597274153,3991.51124729764,2058.88402946896,1306.10136324599,-1.36349476449027e-4,10983.966796875,10208.1357421875,11271.1259765625,10309.76171875,14335.912109375,3.510468,3128.9180806875324,2907.913059508732,3210.718906015523,2936.8624692633575,4083.760942807341,"Congo, Rep.",CAEMC
CG,COG,2005,7876.11806658285,4278.92538741319,2140.03686200251,1799.05158366154,3.9415931821321,15553.916015625,13179.2119140625,15225.375,13530.9482421875,15432.1572265625,3.622775,4293.370693908675,3637.877570112,4202.683026133282,3734.967874678251,4259.761433310791,"Congo, Rep.",CAEMC
CG,COG,2006,8192.57979719023,4588.10924898465,2226.0233547376,2103.5821381211,4.01799119733973,17263.107421875,14452.060546875,16624.40625,14792.37109375,17445.580078125,3.745141,4609.467953776641,3858.8828956973853,4438.926665244379,3949.7501145484243,4658.190460152235,"Congo, Rep.",CAEMC
CG,COG,2007,7375.82454100145,4242.61126846002,2004.10103961966,2206.47101863414,-9.96945133776909,14069.73046875,12653.2890625,13525.009765625,12905.0693359375,16291.728515625,3.8761189999999996,3629.849978483633,3264.422238455528,3489.3174759662957,3329.379035044461,4203.103288527778,"Congo, Rep.",CAEMC
CG,COG,2008,7587.28826163492,4448.33261714253,2061.55829880574,2832.09177777643,2.86698415150693,19736.734375,16650.078125,18349.0078125,17064.119140625,17319.146484375,4.011486,4920.055653939712,4150.601080248068,4574.117375082451,4253.814955511499,4317.389237897129,"Congo, Rep.",CAEMC
CG,COG,2009,8138.45033818822,4800.90159806602,2211.31572382028,2271.15219175966,7.26428280496805,15601.181640625,14546.1494140625,15366.701171875,14796.80859375,19334.626953125,4.145391,3763.500630127532,3508.993340812121,3706.9364920884423,3569.4602978946978,4664.126243610072,"Congo, Rep.",CAEMC
CG,COG,2010,8583.66179834288,5125.06991343643,2332.28508055953,2946.55798067708,5.47046970435608,24714.2109375,21556.44921875,23256.037109375,21826.287109375,21254.796875,4.273731,5782.818557719239,5043.9415159143155,5441.62398367492,5107.080232559092,4973.35861218219,"Congo, Rep.",CAEMC
CG,COG,2011,8492.42098392103,5175.20439089036,2307.49384399715,3396.16505817952,-1.06295910259951,30923.87890625,26292.873046875,29486.431640625,26593.138671875,21723.662109375,4.394844,7036.399677952164,5982.663559133157,6709.323844173991,6050.985807886469,4942.988217414543,"Congo, Rep.",CAEMC
CG,COG,2012,9079.68656400891,6058.06449417412,2467.06102906839,3732.32737320389,6.91517273107118,33997.109375,29190.509765625,31664.203125,29807.078125,23884.548828125,4.510199,7537.829123504306,6472.111267291089,7020.577833705342,6608.816623168956,5295.675163806519,"Congo, Rep.",CAEMC
CG,COG,2013,8798.49382506314,5833.86336651436,2390.65754938662,3697.41705884249,-3.09694323656935,32287.16015625,27976.416015625,29418.259765625,28179.732421875,23714.38671875,4.622762,6984.387289730685,6051.883271434913,6363.784197764237,6095.864857822013,5129.917291599698,"Congo, Rep.",CAEMC
CG,COG,2014,9159.25664414045,5733.18393561256,2488.68118548992,3601.2365808718,4.1002792779107,30741.080078125,27434.67578125,28522.8984375,27589.61328125,25126.626953125,4.736975999999999,6489.600132684861,5791.601177892817,6021.330578305654,5824.309281121543,5304.360197967016,"Congo, Rep.",CAEMC
CG,COG,2015,8977.70681641417,4715.13431581624,2439.35189403696,2439.35189403696,-1.98214587471384,22836.779296875,21365.04296875,22507.65625,21279.271484375,24313.716796875,4.856095,4702.704394554678,4399.634473532746,4634.929145743648,4381.9718280583475,5006.845376145854,"Congo, Rep.",CAEMC
CG,COG,2016,8001.8255194505,4016.04908525318,2174.19310251224,2093.10728558843,-10.8700508595295,19767.552734375,18529.234375,19394.259765625,18353.6640625,21836.0546875,4.980996,3968.594380396009,3719.9857970173034,3893.650941623924,3684.737763792623,4383.873162616473,"Congo, Rep.",CAEMC
CG,COG,2017,7372.77046737599,4444.63900215824,2003.27121075187,2211.63309874797,-7.8613942599152304,20824.37109375,21788.55078125,20824.37109375,21788.55078125,20824.37109375,5.110695,4074.6652057596866,4263.324416982427,4074.6652057596866,4263.324416982427,4074.6652057596866,"Congo, Rep.",CAEMC
CG,COG,2018,7029.33651566257,5593.19370578686,1909.9560382117,2694.43413191427,-4.6581397485937,25830.57421875,25530.318359375,25870.4140625,25524.94140625,19532.42578125,5.244358999999999,4925.401601749614,4868.148492384866,4932.99830589401,4867.1232091948705,3724.463901355724,"Congo, Rep.",CAEMC
CG,COG,2019,6939.36913397466,5719.59977338291,1885.51080877731,2488.42466724916,-1.27988440285151,25057.650390625,24154.6328125,24495.845703125,24146.4140625,19356.19921875,5.380508,4657.11609212829,4489.284805914237,4552.701288265904,4487.757301448116,3597.4668597742075,"Congo, Rep.",CAEMC
CG,COG,2020,6350.50913409722,4770.96449758365,1725.51040049963,1993.586671931,-8.48578578986992,NA,NA,NA,NA,NA,NA,NA,NA,NA,NA,NA,"Congo, Rep.",CAEMC
CG,COG,2021,6263.21161292636,6263.21161292636,1701.79060456872,2516.16255145432,-1.37465389510481,NA,NA,NA,NA,NA,NA,NA,NA,NA,NA,NA,"Congo, Rep.",CAEMC
CI,CIV,1980,NA,NA,2576.91660095729,1237.80216768229,-14.4069419618659,21423.189453125,21591.181640625,21669.9140625,20958.650390625,30717.1171875,8.03365,2666.681950685554,2687.593016950577,2697.393347046486,2608.8577907458007,3823.556812594524,Cote d'Ivoire,WAEMU
CI,CIV,1981,NA,NA,2562.42591923373,985.507547907408,-0.562326375567451,22542.578125,22245.546875,22778.421875,21681.45703125,31792.20703125,8.393691,2685.657373496356,2650.269931904808,2713.7551138110753,2583.065904052222,3787.6313330154753,Cote d'Ivoire,WAEMU
CI,CIV,1982,NA,NA,2466.30363782942,849.479705391045,-3.75122186685714,23257.27734375,22725.865234375,23479.609375,22211.6171875,31856.076171875,8.764989,2653.4291536190176,2592.8002002483972,2678.79507606912,2534.12949947798,3634.4684713095476,Cote d'Ivoire,WAEMU
CI,CIV,1983,NA,NA,2276.86700017061,737.449968695419,-7.6809941303711,23516.60546875,23545.009765625,23925.537109375,22967.087890625,30613.77734375,9.144931,2571.545424317581,2574.651439756626,2616.262179493208,2511.455569279309,3347.6225620237046,Cote d'Ivoire,WAEMU
CI,CIV,1984,NA,NA,2128.64190478015,708.940252199945,-6.51004627759795,24203.45703125,26461.763671875,24622.166015625,25699.5234375,29786.908203125,9.530107,2539.6836605559624,2776.649167934316,2583.61905229658,2696.6668304458703,3125.5586325657205,Cote d'Ivoire,WAEMU
CI,CIV,1985,NA,NA,2138.06011188618,694.951691466923,0.442451456249174,26943.07421875,30021.3203125,27757.12109375,29242.3984375,31127.501953125,9.918196,2716.5297216096556,3026.8932286173817,2798.605824461424,2948.3585964120894,3138.4237570143805,Cote d'Ivoire,WAEMU
CI,CIV,1986,NA,NA,2123.07460132975,877.154956751363,-0.700892854841626,28269.169921875,30640.01171875,28785.435546875,29942.44140625,32141.8203125,10.307281,2742.640849888055,2972.6570682171177,2792.7283196097014,2904.9796358758435,3118.3607308755822,Cote d'Ivoire,WAEMU
CI,CIV,1987,NA,NA,2035.62090959375,929.611362954514,-4.11920012990711,27853.951171875,29294.3046875,28032.220703125,28645.36328125,32030.357421875,10.698193999999999,2603.6124575676045,2738.2476600723453,2620.2759739751405,2677.5886921895417,2993.9966897099644,Cote d'Ivoire,WAEMU
CI,CIV,1988,NA,NA,1981.38877451772,909.534182158689,-2.66415690762632,28514.046875,29802.611328125,28706.359375,29214.53125,32385.013671875,11.094748,2570.049078627113,2686.1909191740997,2587.382730549626,2633.185652346498,2918.949909621652,Cote d'Ivoire,WAEMU
CI,CIV,1989,NA,NA,1962.42170003804,832.559837958259,-0.95726163000495,31309.236328125,32765.20703125,31672.236328125,32314.685546875,36235.54296875,11.502449,2721.9626297082473,2848.5418219415706,2753.521126511841,2809.37438165342,3150.245914478734,Cote d'Ivoire,WAEMU
CI,CIV,1990,5255.50962638401,2693.36146600562,1866.0785698741,885.647842214928,-4.9093999603687,28958.046875,30256.62890625,29325.8125,30109.708984375,35789.6953125,11.924876999999999,2428.3727936984174,2537.2696847313396,2459.2129964946394,2524.9492287740163,3001.263267746913,Cote d'Ivoire,WAEMU
CI,CIV,1991,5052.85167051386,2677.07472001474,1794.12062566918,827.241889166985,-3.85610474106537,29703.998046875,30798.6328125,29958.109375,30619.47265625,35809.95703125,12.362407,2402.76817021758,2491.3136100841853,2423.3233362240867,2476.821274064994,2896.6816115381093,Cote d'Ivoire,WAEMU
CI,CIV,1992,4843.29349256353,2624.52422270222,1719.71261335163,844.902223806738,-4.14732494866662,31055.6640625,32224.7421875,31431.205078125,32057.83203125,35587.03515625,12.812420999999999,2423.8716525549703,2515.1173371137274,2453.182351573134,2502.090122643488,2777.5418210383505,Cote d'Ivoire,WAEMU
CI,CIV,1993,4645.46750871805,2576.99340149533,1649.47036183619,804.149657211252,-4.08453429777113,30672.939453125,32397.458984375,30968.138671875,32193.93359375,35445.171875,13.271643,2311.1636933818218,2441.1038621499238,2333.4065474692925,2425.76850460414,2670.744826017397,Cote d'Ivoire,WAEMU
CI,CIV,1994,4502.45953404415,2550.99222448395,1598.69239055813,581.888468577405,-3.07844096219641,30134.75390625,34172.7890625,30510.998046875,33958.28125,36205.14453125,13.735432999999999,2193.9427687681928,2487.9295077555985,2221.3349988220248,2472.312394520071,2635.893934414008,Cote d'Ivoire,WAEMU
CI,CIV,1995,4638.75732482502,2683.32097628214,1647.08777075504,740.4730999133,3.02718524731407,34665.87890625,37239.9296875,35083.27734375,37146.1640625,38758.66015625,14.199762,2441.299995468234,2622.5742155044572,2470.6947443027566,2615.970891800863,2729.528858036494,Cote d'Ivoire,WAEMU
CI,CIV,1996,4807.42428178026,2831.79903711036,1706.97650014485,1170.23622049666,3.63603752351062,37597.74609375,40761.19140625,38009.1484375,40695.046875,41372.96875,14.665127,2563.7518238846483,2779.46392187739,2591.8049286242117,2774.95359399206,2821.180392778051,Cote d'Ivoire,WAEMU
CI,CIV,1997,5072.59703802667,3039.52473895538,1801.13163122133,1124.65674867927,5.51590083803082,37664.265625,40822.140625,38036.8828125,40639.296875,43723.63671875,15.130663,2489.267365547696,2697.9743468610727,2513.8939921205038,2685.890028414485,2889.7370008670473,Cote d'Ivoire,WAEMU
CI,CIV,1998,5093.13169438529,3086.12766383427,1808.42289027986,1177.37133815342,0.404815446696844,38518.36328125,41489.5546875,39143.3125,41075.23046875,45966.15234375,15.589414,2470.8025126056696,2661.392832822324,2510.8905633014815,2634.8155529611313,2948.549082329201,Cote d'Ivoire,WAEMU
CI,CIV,1999,4987.35708530265,3064.79944793741,1770.86540389357,1096.13520587572,-2.07680883648156,37961.421875,41212.3515625,38691.2109375,40847.359375,46859.3984375,16.032573,2367.7685344080455,2570.538837559012,2413.2876823638976,2547.7731724658297,2922.762206509211,Cote d'Ivoire,WAEMU
CI,CIV,2000,4838.34023729938,3040.57593185363,1717.95385651231,936.636541348798,-2.98789209303686,37206.9453125,39956.20703125,38126.87109375,39546.2890625,45890.1640625,16.454667999999998,2261.1787313180675,2428.259690882247,2317.085406630508,2403.3477346671475,2788.8842280196723,Cote d'Ivoire,WAEMU
CI,CIV,2001,4609.14469395303,2961.76287274216,1636.57318705218,924.727294962066,-4.73706957562547,37474.15234375,40393.80078125,38267.1640625,40043.171875,45945.8671875,16.853026,2223.585980568119,2396.8277733179784,2270.6405403100903,2376.022672426898,2726.2681009036596,Cote d'Ivoire,WAEMU
CI,CIV,2002,4368.92808837279,2851.03041356835,1551.27925902838,967.815864415991,-5.21173930372343,36997.4453125,40873.1484375,37770.15234375,40527.8046875,45179.63671875,17.231538999999998,2147.0772466986264,2371.9963978551195,2191.9198478876438,2351.9550219803355,2621.9153564141893,Cote d'Ivoire,WAEMU
CI,CIV,2003,4060.00038038427,2701.74168487851,1441.58801755037,1111.17135087887,-7.07101837658274,41318.60546875,44071.3359375,41759.80859375,43753.80859375,44565.421875,17.59961,2347.7000608962358,2504.108667038645,2372.7689757755998,2486.0669409009633,2532.182353756703,Cote d'Ivoire,WAEMU
CI,CIV,2004,4088.94517328472,2794.17325719366,1451.86547141894,1199.82524528546,0.712925866714116,39324.26171875,41657.08203125,39515.32421875,41368.9140625,45114.34375,17.970494,2188.2682645646805,2318.082186903154,2198.9002761276347,2302.0465693653164,2510.4676449072576,Cote d'Ivoire,WAEMU
CI,CIV,2005,4032.24588029846,2841.82308798173,1431.73320203111,1197.74616979415,-1.38664840401142,39309.3125,40441.99609375,39194.8359375,40840.625,45890.8828125,18.354513999999998,2141.670027329517,2203.381473012579,2135.4330568218807,2225.099776545432,2500.250500367376,Cote d'Ivoire,WAEMU
CI,CIV,2006,4049.26032962496,2941.82141168912,1437.77453798586,1230.43056838584,0.421959618326611,41182.76171875,42647.9140625,40940.58203125,42917.48046875,46586.515625,18.754915999999998,2195.838238824957,2273.9592148799816,2182.925374405836,2288.332321443082,2483.962904712557,Cote d'Ivoire,WAEMU
CI,CIV,2007,3999.69095682208,2984.53472161562,1420.1738958245,1367.53817722326,-1.22415870474471,43601.984375,44485.421875,43142.1171875,44848.00390625,47408.78125,19.171236999999998,2274.3438190764637,2320.4252221700667,2250.356468260238,2339.338035738122,2472.9119592022157,Cote d'Ivoire,WAEMU
CI,CIV,2008,4096.72346918931,3115.83789187745,1454.62731800082,1583.97066701372,2.42600024388695,46264.0234375,47879.7421875,45659.6796875,48604.94921875,48618.53125,19.605569,2359.738880187563,2442.150094572619,2328.9137738109002,2479.1399432860126,2479.832707227217,Cote d'Ivoire,WAEMU
CI,CIV,2009,4151.05360874982,3176.63242420617,1473.9183699329,1540.45393569596,1.32618518113594,50301.5546875,52378.87890625,50381.76171875,53012.078125,50199.33984375,20.059147,2507.6617010434193,2611.2216489689217,2511.660227563515,2642.7882563999356,2502.5660285429885,Cote d'Ivoire,WAEMU
CI,CIV,2010,4338.65248394142,3360.54408826055,1540.52927270246,1553.54887048143,4.5193074547668,57416.21875,59517.0078125,57398.06640625,60468.56640625,54051.2265625,20.53295,2796.2966232324143,2898.6096889389983,2795.4125640129646,2944.952693414731,2632.414074085799,Cote d'Ivoire,WAEMU
CI,CIV,2011,4017.40782040208,3175.9192237076,1426.46463864534,1596.62826565998,-7.40424970030114,60760.734375,63500.69921875,61031.65625,64813.38671875,54652.4453125,21.028655,2889.4256135259243,3019.722336913607,2902.309075402112,3082.1460867920464,2598.9510652250465,Cote d'Ivoire,WAEMU
CI,CIV,2012,4234.18055593319,3290.72306949457,1503.43433046682,1546.9460184731,5.39583595248281,72098.40625,72371.4140625,71601.4375,73241.5546875,63509.11328125,21.547188,3346.0703201735655,3358.7405494628815,3323.0061156936117,3399.1235741526925,2947.44322466811,Cote d'Ivoire,WAEMU
CI,CIV,2013,4597.18635239866,3619.01790854865,1632.32712787006,1786.15862031324,8.5732243032672,80790.0859375,81013.1875,80165.71875,81627.6796875,73253.8359375,22.087504,3657.7281859235886,3667.828990545967,3629.4602934763475,3695.649797618599,3316.5284740865245,Cote d'Ivoire,WAEMU
CI,CIV,2014,4907.57450294516,4074.21445539789,1742.53693001178,1991.36539423404,6.75169825092141,92654.2265625,93528.0859375,91759.3046875,94145.7109375,84094.796875,22.647683999999998,4091.1126525122836,4129.6975857443085,4051.597712485745,4156.968586169783,3713.174242231568,Cote d'Ivoire,WAEMU
CI,CIV,2015,5110.86240809881,4403.64296618998,1814.71855088017,1814.71855088017,4.14232947521536,105490.875,107758.7890625,105591.1015625,107902.1875,96605.3828125,23.226143,4541.902415739023,4639.54730075071,4546.2176635397445,4645.721310679953,4159.3381566840435,Cote d'Ivoire,WAEMU
CI,CIV,2016,5320.84646239855,4530.64849808487,1889.27777949938,1862.59597081287,4.10858359182184,108304,110456.5,108116.3203125,110257.59375,103541.8828125,23.822713999999998,4546.249432369461,4636.604376814497,4538.371249913003,4628.254939802409,4346.351251687781,Cote d'Ivoire,WAEMU
CI,CIV,2017,5556.11366322898,4690.17801861096,1972.81431788947,1964.29930338343,4.42161228468103,111163.0390625,113877.359375,111163.0390625,113877.359375,111163.0390625,24.437469999999998,4548.876747981686,4659.948815282433,4548.876747981686,4659.948815282433,4548.876747981686,Cote d'Ivoire,WAEMU
CI,CIV,2018,5670.20005356688,4945.62520575915,2013.32307598499,2130.86619381144,2.05334874793748,120752.5625,122363.890625,120858.9296875,122192.390625,118822.5,25.069229999999997,4816.763917360047,4881.039051658148,4821.006855316259,4874.197995909727,4739.774616133005,Cote d'Ivoire,WAEMU
CI,CIV,2019,5894.87874674153,5516.39055126829,2093.09994335779,2141.76836170115,3.96244737490909,129491.7734375,131363.734375,129436.7890625,131016.7109375,126227.234375,25.716544,5035.348973699577,5108.141061839414,5033.210880221697,5094.646891024704,4908.405825253969,Cote d'Ivoire,WAEMU
CI,CIV,2020,5787.81533309018,5543.85096318939,2055.08483996432,2179.72934832935,-1.81621061689408,NA,NA,NA,NA,NA,NA,NA,NA,NA,NA,NA,Cote d'Ivoire,WAEMU
CI,CIV,2021,6045.20480490879,6045.20480490879,2146.47635317946,2455.98127641148,4.44709198559022,NA,NA,NA,NA,NA,NA,NA,NA,NA,NA,NA,Cote d'Ivoire,WAEMU
GQ,GNQ,1980,NA,NA,457.60885754267,175.451008071362,NA,743.8265380859375,498.58831787109375,700.77447509765625,480.02337646484375,1008.6720581054688,0.24992899999999998,2976.1513793354816,1994.9198287157303,2803.8942063452273,1920.6389673260958,4035.834409394143,Equatorial Guinea,CAEMC
GQ,GNQ,1981,NA,NA,460.694903212462,121.125080282047,0.674385038428667,765.49090576171875,471.6869201660156,726.39300537109375,459.33746337890625,1066.8665771484375,0.264374,2895.4848274101037,1784.1653118915463,2747.5962287180046,1737.453241918291,4035.4443975142694,Equatorial Guinea,CAEMC
GQ,GNQ,1982,NA,NA,443.126779908142,137.468802708366,-3.813396497729,809.0242919921875,491.2192687988281,769.21356201171875,479.85528564453125,1090.35546875,0.28463,2842.3718230410973,1725.8169159920885,2702.5034677009407,1685.891457838356,3830.781958156203,Equatorial Guinea,CAEMC
GQ,GNQ,1983,NA,NA,436.571815905833,129.411005581021,-1.47925250730012,844.70648193359375,811.03411865234375,800.99591064453125,788.89990234375,1144.9210205078125,0.308206,2740.7204335204174,2631.4676503778114,2598.8978496347613,2559.651344697216,3714.791472287407,Equatorial Guinea,CAEMC
GQ,GNQ,1984,NA,NA,415.030661056573,137.903678570149,-4.93416067286991,851.91778564453125,826.44091796875,803.60931396484375,799.3477783203125,1156.5006103515625,0.33155199999999996,2569.4846830799734,2492.643440452026,2423.780625557511,2410.9273306157484,3488.142464384358,Equatorial Guinea,CAEMC
GQ,GNQ,1985,NA,NA,443.495676350693,161.11802183767,6.8585331073261004,960.5599365234375,910.99249267578125,912.585693359375,885.22265625,1305.7491455078125,0.352118,2727.9489731380886,2587.179561044256,2591.7041825733845,2513.994332155698,3708.2715041770443,Equatorial Guinea,CAEMC
GQ,GNQ,1986,NA,NA,412.631312540002,188.78702702248,-6.95933815288996,894.80169677734375,792.64959716796875,856.58477783203125,775.511474609375,1275.31787109375,0.369023,2424.7857092304375,2147.9680051594855,2321.2232783106506,2101.5261233293727,3455.9305818167163,Equatorial Guinea,CAEMC
GQ,GNQ,1987,NA,NA,412.790221907507,220.925441822509,0.0385112236216827,946.55206298828125,875.74395751953125,906.45751953125,858.8778076171875,1331.900390625,0.38298099999999996,2471.5379169940056,2286.6511850967318,2366.8472314063883,2242.6120554732156,3477.719235745377,Equatorial Guinea,CAEMC
GQ,GNQ,1988,NA,NA,407.241360186668,228.669232827247,-1.34423283943052,995.59857177734375,898.58746337890625,953.5294189453125,883.2947998046875,1367.2657470703125,0.394961,2520.7515976953264,2275.129603628982,2414.2368966690697,2236.410176712859,3461.774066478241,Equatorial Guinea,CAEMC
GQ,GNQ,1989,NA,NA,387.128291910418,193.2233561169,-4.93885696360292,982.94757080078125,997.75189208984375,946.11688232421875,987.19970703125,1350.4595947265625,0.40662,2417.3615926437,2453.7698393828236,2326.783931740246,2427.8188653564753,3321.18340152123,Equatorial Guinea,CAEMC
GQ,GNQ,1990,1122.81767364664,577.395478707944,366.314404747023,236.402188376265,-5.37648309315803,1043.171875,882.81317138671875,986.23724365234375,859.67022705078125,1384.71435546875,0.419188,2488.5537634665116,2106.0077373081263,2352.732529682013,2050.798751516697,3303.32537064217,Equatorial Guinea,CAEMC
GQ,GNQ,1991,1070.82764283041,569.282520987418,349.352882285968,225.319378519763,-4.63031817511198,1095.7271728515625,881.79034423828125,1049.7442626953125,858.07366943359375,1389.17822265625,0.432853,2531.4071355669535,2037.158906691836,2425.1749732479907,1982.3673843859087,3209.35334318175,Equatorial Guinea,CAEMC
GQ,GNQ,1992,1390.47918482013,756.064109641287,453.637813917067,263.733547088944,29.8508862868735,1143.288818359375,1052.545166015625,1085.48193359375,1027.3096923828125,1573.906005859375,0.447266,2556.171983471525,2353.2867823971083,2426.9270044978825,2296.865159396897,3518.9484688292314,Equatorial Guinea,CAEMC
GQ,GNQ,1993,1487.81202528588,828.163863908102,485.392231712925,256.683023652574,6.99994947988674,1138.6075439453125,1097.951171875,1080.2315673828125,1067.05029296875,1723.146484375,0.46263699999999996,2461.12512389911,2373.245485931735,2334.9441730402295,2306.4525599308963,3724.618835879967,Equatorial Guinea,CAEMC
GQ,GNQ,1994,1672.34547535897,950.757255783655,545.595470854947,183.239482711964,12.4030083731601,711.0137939453125,748.7041015625,674.70330810546875,727.9266357421875,1884.7744140625,0.47909799999999997,1484.0675476526985,1562.736854594467,1408.2782814903605,1519.3689719894207,3934.0060156011923,Equatorial Guinea,CAEMC
GQ,GNQ,1995,1892.11653062527,1098.25498920183,617.294826128753,248.314896208855,13.1414865232391,1066.051513671875,874.923828125,1007.4080200195312,847.98651123046875,2105.359130859375,0.496768,2145.9746072047215,1761.2322615889107,2027.924544293375,1707.0071164617464,4238.113426910299,Equatorial Guinea,CAEMC
GQ,GNQ,1996,3033.84031220306,1793.19296806024,989.777266733628,391.686868235732,60.3410922687992,1893.295166015625,1363.271240234375,1772.8643798828125,1305.9266357421875,2833.849853515625,0.515853,3670.2222649003206,2642.7514044395884,3436.7627597063747,2531.586781005805,5493.522095472208,Equatorial Guinea,CAEMC
GQ,GNQ,1997,7296.10009809843,4386.82626162969,2380.32106827232,717.041481576821,140.490577857747,3574.1015625,3439.835693359375,3348.169189453125,3306.462890625,5533.43603515625,0.5364599999999999,6662.382213958171,6412.100983035782,6241.228030893497,6163.4844920870155,10314.722505231053,Equatorial Guinea,CAEMC
GQ,GNQ,1998,8684.6573083064,5280.39000143916,2833.33184629343,577.868525342745,19.0314989040498,3482.982421875,2782.060302734375,3343.9541015625,2671.406494140625,6511.90283203125,0.558492,6236.405215965493,4981.378968247307,5987.470011320664,4783.249346706175,11659.796079498454,Equatorial Guinea,CAEMC
GQ,GNQ,1999,10492.4649475554,6469.8387411234,3423.12126162912,930.912549299779,20.8161079369241,4569.2236328125,4329.6748046875,4482.88232421875,4183.11767578125,8022.751953125,0.58177,7854.003528563693,7442.244881460886,7705.592114097925,7190.3289543655565,13790.246924257008,Equatorial Guinea,CAEMC
GQ,GNQ,2000,11767.4708814313,7420.39310111594,3839.08642737128,1487.3165506701,12.1516339606444,6114.5810546875,6654.27587890625,6059.50146484375,6461.0517578125,9072.943359375,0.606181,10087.0549467692,10977.374544742,9996.191673516243,10658.618065911833,14967.383272281711,Equatorial Guinea,CAEMC
GQ,GNQ,2001,18031.964975074,11626.7231171673,5882.85050306586,1948.61145907844,53.2356880825419,9009.71875,9430.326171875,8552.6494140625,9202.4912109375,15226.005859375,0.631666,14263.422045828018,14929.292018052263,13539.82866588118,14568.603044864692,24104.520204308923,Equatorial Guinea,CAEMC
GQ,GNQ,2002,20242.4309684399,13254.823622224,6604.00546310809,2264.21065580365,12.258597420866,8338.6875,8327.9580078125,8458.2197265625,8168.69873046875,18296.771484375,0.658384,12665.386005735256,12649.089297146498,12846.939972056582,12407.19508746985,27790.425472634513,Equatorial Guinea,CAEMC
GQ,GNQ,2003,21709.5751241959,14496.1744119688,7082.65489186921,2930.60183743733,7.24786542705019,9697.2421875,8836.6962890625,9770.2294921875,8731.8984375,20783.72265625,0.6866639999999999,14122.252204134775,12869.025155043078,14228.544808214063,12716.406331917795,30267.674810751694,Equatorial Guinea,CAEMC
GQ,GNQ,2004,28225.985816122,19354.2120821557,9208.60566707162,4901.30127408119,30.0162976688723,13172.529296875,11884.8896484375,13566.6923828125,11775.5361328125,25782.462890625,0.716949,18373.035316145222,16577.03637000331,18922.81373265393,16424.51015736475,35961.36251061791,Equatorial Guinea,CAEMC
GQ,GNQ,2005,31302.957953874,22137.0497795007,10212.4545051498,8673.9026086535,10.9012034435108,20408.947265625,17666.421875,19863.4921875,17693.9140625,28077.1015625,0.749535,27228.811550661412,23569.842468997445,26501.086923892814,23606.52145997185,37459.36022000307,Equatorial Guinea,CAEMC
GQ,GNQ,2006,32251.7680082519,23511.39865709,10521.9996774827,10184.8841248541,3.03105558195507,21441.134765625,17169.728515625,20443.291015625,17146.3046875,29565.212890625,0.784496,27331.09507967536,21886.317477240165,26059.13990080893,21856.459035482654,37686.888002775035,Equatorial Guinea,CAEMC
GQ,GNQ,2007,35540.4477563657,26610.7691219619,11594.9172068456,12616.9532942011,10.1968975693747,25938.14453125,19865.232421875,24299.5078125,19788.453125,34083.390625,0.821687,31566.940369325548,24176.155180591883,29572.705680508516,24082.71412958949,41479.7734721372,Equatorial Guinea,CAEMC
GQ,GNQ,2008,39994.6159790647,30522.7787142774,13048.0703050168,18210.5552970599,12.5326733451216,35393.328125,29208.08984375,32324.810546875,29167.50390625,40149.91796875,0.8608399999999999,41114.873989359236,33929.75447673203,37550.3119591039,33882.60757661122,46640.39539142001,Equatorial Guinea,CAEMC
GQ,GNQ,2009,38706.6052512135,29722.0005631066,12627.862381545,13232.5019378102,-3.22046029526918,24929.787109375,22633.216796875,24379.97265625,22485.119140625,40689.29296875,0.9015989999999999,27650.63748892246,25103.418256758272,27040.815990534596,24939.15714261551,45130.14429779758,Equatorial Guinea,CAEMC
GQ,GNQ,2010,33668.8740654852,26167.8268525276,10984.3243932426,13720.1658723222,-13.0151718370352,36071.09765625,27031.822265625,33144.828125,26754.005859375,37058.1015625,0.943639,38225.526558620404,28646.35974734512,35124.47887910525,28351.950120093596,39271.48153319225,Equatorial Guinea,CAEMC
GQ,GNQ,2011,34341.9342607505,27241.6000370603,11203.9073679091,17198.2136668275,1.99905762799257,44941.02734375,38947.75390625,42291.31640625,38505.05859375,39475.72265625,0.986853,45539.73828295602,39466.62158016442,42854.727508808304,39018.02861596408,40001.62400707096,Equatorial Guinea,CAEMC
GQ,GNQ,2012,35711.4919273537,30011.9274409625,11650.7196270884,17308.5723924575,3.98800386782088,48220.44921875,42522.4140625,44369.921875,42544.92578125,42757.2890625,1.031191,46761.898832272585,41236.21527195253,43027.84050190508,41258.04606639313,41463.98587894968,Equatorial Guinea,CAEMC
GQ,GNQ,2013,32894.3693189101,27909.5175876754,10731.6455729191,16304.0713196418,-7.8885603944365,46030.76953125,39947.51953125,41259.109375,39452.734375,40990.04296875,1.0764129999999998,42763.11186435876,37111.70297204698,38330.18495224417,36652.04189748731,38080.21918050972,Equatorial Guinea,CAEMC
GQ,GNQ,2014,31765.8997056851,27177.271665026,10363.4872473549,15548.6624656619,-3.43058595312914,44482.5703125,39892.3203125,40802.05078125,39387.0234375,41160.17578125,1.122277,39635.99923414629,35545.87709852381,36356.48844380666,35095.63453363118,36675.594154785314,Equatorial Guinea,CAEMC
GQ,GNQ,2015,27797.7942803179,19478.7010123338,9068.91003238645,9068.91003238645,-12.4917142663428,31834.939453125,30994.740234375,31409.341796875,30549.193359375,37410.4765625,1.168568,27242.693153607663,26523.694157614274,26878.488711718102,26142.41820704914,32013.949177540373,Equatorial Guinea,CAEMC
GQ,GNQ,2016,24435.0645564801,16649.4757672359,7971.83401904573,7453.19797948517,-12.0971098998986,28976.841796875,28024.98828125,28092.716796875,27690.25,34112.2109375,1.21518,23845.719808485163,23062.417321919387,23118.152699085735,22786.953373162825,28071.735000164586,Equatorial Guinea,CAEMC
GQ,GNQ,2017,22250.4389230263,18434.7708571004,7259.10936454803,7809.10465655488,-8.94053555047577,32178.8984375,32468.7734375,32178.8984375,32468.7734375,32178.8984375,1.2620019999999998,25498.294327188076,25727.98889185596,25498.294327188076,25727.98889185596,25498.294327188076,Equatorial Guinea,CAEMC
GQ,GNQ,2018,20165.4795550607,18413.1294204577,6578.90039765711,8102.47084834031,-9.37041905185943,34979.14453125,34857.48828125,35075.27734375,34920.828125,30133.501953125,1.308975,26722.545909012777,26629.60582230371,26795.98719895338,26677.994709601022,23020.685615175997,Equatorial Guinea,CAEMC
GQ,GNQ,2019,18446.5916579681,16451.3641478324,6018.12066321865,6804.14923073888,-8.52391282041842,33510.15625,30121.935546875,33078.69921875,30225.345703125,28456.31640625,1.355986,24712.759755631698,22214.046123540364,24394.572819151526,22290.308088081296,20985.70074193244,Equatorial Guinea,CAEMC
GQ,GNQ,2020,17089.153726379,13677.110587517,5575.26241511492,5764.05502912947,-7.35874657366674,NA,NA,NA,NA,NA,NA,NA,NA,NA,NA,NA,Equatorial Guinea,CAEMC
GQ,GNQ,2021,16821.4486470413,16821.4486470413,5487.92479201992,6945.63069794539,-1.56652040015599,NA,NA,NA,NA,NA,NA,NA,NA,NA,NA,NA,Equatorial Guinea,CAEMC
ET,ETH,1980,NA,NA,292.153506886342,203.685394440965,5.83727167777019,25596.279296875,24429.521484375,23963.279296875,23711.228515625,26926.236328125,35.141712,728.3731451921011,695.1716377498911,681.9041513081378,674.7317408902845,766.218684170111,Ethiopia,Non-CFA comparison
ET,ETH,1981,NA,NA,297.391843880891,212.657517980298,1.79300842573353,28559.810546875,27125.3515625,26831.20703125,26446.76171875,27980.126953125,35.984528,793.6691721196121,753.8059568962528,745.6317623854898,734.9481343412369,777.5599266752923,Ethiopia,Non-CFA comparison
ET,ETH,1982,NA,NA,288.690088739962,215.25098547162,-2.92602346701005,31302.015625,29618.896484375,29529.78515625,28945.77734375,28432.701171875,36.995248,846.109090145848,800.6135405383686,798.2048169064849,782.4187945368011,768.5500897811255,Ethiopia,Non-CFA comparison
ET,ETH,1983,NA,NA,303.85728316787,232.683474421159,5.25379811066873,36463.66015625,34261.625,34493.5625,33471.77734375,29580.109375,38.142674,955.9806991048923,898.2491631289406,904.3299507527972,877.541447244889,775.5122091073112,Ethiopia,Non-CFA comparison
ET,ETH,1984,NA,NA,287.621232002049,214.228860396002,-5.34331479454821,36964.0859375,34741.265625,34869.65625,33789.48828125,29851.595703125,39.374348,938.7859816116828,882.3324674480959,885.5932357279924,858.1599441659326,758.1483178623047,Ethiopia,Non-CFA comparison
ET,ETH,1985,NA,NA,248.47060503182,243.897382584019,-13.6118695750355,39068.01953125,37217.71875,37146.91796875,36336.33203125,28490.28125,40.652141,961.0322745670394,915.5168174291239,913.7751925230704,893.8356292538197,700.8310152717418,Ethiopia,Non-CFA comparison
ET,ETH,1986,NA,NA,264.539002422205,245.977228769295,6.4669208610524,38223.97265625,36415.4375,36668.34375,35707.8671875,29664.263671875,41.965692999999995,910.8385903754765,867.7430276202041,873.7695276472618,850.8823430486423,706.8693866648408,Ethiopia,Non-CFA comparison
ET,ETH,1987,NA,NA,291.112259309145,254.121329421554,10.0451187324464,37901.25390625,35873.55078125,36438.05078125,35204.9296875,32768.0078125,43.329231,874.727130658054,827.9295513287555,840.9577077712272,812.498372922889,756.2563898837716,Ethiopia,Non-CFA comparison
ET,ETH,1988,NA,NA,281.374024417104,253.248262470167,-3.34518199788337,37346.625,35322.25,35986.69140625,34759.328125,34382.88671875,44.757203,834.4271423752732,789.1969924930296,804.0424556076483,776.6197571595347,768.2090124968265,Ethiopia,Non-CFA comparison
ET,ETH,1989,NA,NA,269.793522386618,256.386475306315,-4.11569691071389,34563.671875,33066.85546875,33500.84375,32719.984375,32691.53515625,46.272299,746.9624942344014,714.6144925444487,723.9935009496719,707.1181912746545,706.5033694619324,Ethiopia,Non-CFA comparison
ET,ETH,1990,874.346936189696,417.026578466478,267.078134508598,262.108971053707,-1.00646889295157,39344.01953125,37355.83984375,38419.0078125,37271.59375,36734.37890625,47.887865,821.5864192577807,780.0690183985024,802.270216316806,778.3097816116881,767.0915983882347,Ethiopia,Non-CFA comparison
ET,ETH,1991,777.523566122291,383.387227569206,237.502454667904,277.565910365091,-11.073793028812,35628.21484375,34714.31640625,34861.1875,34603.24609375,34082.9296875,49.609969,718.1664403731032,699.7447711819775,702.7052869152166,697.5059003513992,687.0177582150878,Ethiopia,Non-CFA comparison
ET,ETH,1992,680.834766978053,343.361548685785,207.967880879774,207.406400863847,-12.4354814898344,32184.5625,31041.77734375,31428.3203125,30955.599609375,31047.037109375,51.423584999999996,625.8716209692499,603.6486437837814,611.1654858855135,601.9728031286618,603.7509269214701,Ethiopia,Non-CFA comparison
ET,ETH,1993,743.708485795208,383.960680176846,227.173295614208,168.520401400989,9.23479849541557,35477.4921875,33368.71875,34620.1015625,33259.265625,35195.8828125,53.295566,665.6743674980391,626.1068462993713,649.5869011410817,624.0531459033572,660.3904499766453,Ethiopia,Non-CFA comparison
ET,ETH,1994,741.17662360052,390.823946454472,226.399912642527,127.685923459033,-0.340437448684114,33141.2578125,31176.25390625,32422.37109375,31092.185546875,36422.9609375,55.180997999999995,600.5918525159694,564.9816972547326,587.5640577169337,563.4581952808285,660.0634685421965,Ethiopia,Non-CFA comparison
ET,ETH,1995,760.264345021167,409.294333195293,232.230450633845,136.523619088963,2.57532696159824,37184.75390625,34522.51953125,36659.9140625,34659.2421875,38652.4296875,57.047908,651.8162577714506,605.1496144477375,642.6162737203265,607.5462431944043,677.5433323076458,Ethiopia,Non-CFA comparison
ET,ETH,1996,826.991658780615,453.368395575231,252.612985005506,147.327458851964,8.77685691778561,37822.33203125,35409.97265625,37432.47265625,35680.1953125,43883.125,58.88353,642.3244671515108,601.3561458738972,635.7036111158757,605.9452500979476,745.252959528751,Ethiopia,Non-CFA comparison
ET,ETH,1997,826.00521803882,460.636391518101,252.311666681832,143.369531498844,-0.119280615629108,41456.16015625,39214.046875,40820.703125,39291.11328125,45129.60546875,60.697443,682.9968134942686,646.057641587966,672.5275581213529,647.3273228536168,743.5174076237446,Ethiopia,Non-CFA comparison
ET,ETH,1998,772.78664639708,435.801505661095,236.05551452188,126.465095781244,-6.44288564763505,38372.18359375,35606.015625,37643.578125,35427.75390625,43303.94921875,62.507723999999996,613.8790718687823,569.6258533585386,602.2228248944083,566.7740182997225,692.7775712766314,Ethiopia,Non-CFA comparison
ET,ETH,1999,787.679577487053,450.486020074243,240.604711286049,120.734631499865,1.92717241678638,39770.58203125,36421.2578125,39073.1875,36306.32421875,45539.47265625,64.343013,618.1025751972479,566.0483728435285,607.2638764989138,564.2621090614765,707.7609600944551,Ethiopia,Non-CFA comparison
ET,ETH,2000,810.270749126975,473.903313482073,247.505413659694,122.269202606069,2.86806618904541,39298.0234375,36722.5625,38465.48046875,36619.46875,48305.0234375,66.22480399999999,593.403393651418,554.5137211731122,580.8319261881093,552.9569970490212,729.4098361921917,Ethiopia,Non-CFA comparison
ET,ETH,2001,851.313428423251,509.119301829784,260.04231608135,118.457204255261,5.06530432457272,45865.3515625,40802.8515625,45021.8828125,40838.9453125,52315.03125,68.159423,672.9128496657021,598.6384532994066,660.5379099600066,599.1680022364626,767.539232983237,Ethiopia,Non-CFA comparison
ET,ETH,2002,838.298046963913,509.126314077643,256.066635883709,109.593813612988,-1.52885894017255,40717.5703125,37085.89453125,40099.58984375,37197.43359375,53107.3828125,70.142091,580.5012330256878,528.7252490270073,571.690824611288,530.3154363298066,757.140000467052,Ethiopia,Non-CFA comparison
ET,ETH,2003,795.772138310178,492.840755429983,243.076666020009,116.800491132777,-5.07288652380292,43444.14453125,37143.1328125,42960.6640625,37318.765625,51959.6875,72.17058399999999,601.9647081039278,514.6575066165462,595.2655733324814,517.0910855453242,719.9565892386295,Ethiopia,Non-CFA comparison
ET,ETH,2004,877.114494970686,557.825634817804,267.923513391712,133.169812538096,10.221815108184,51397.94140625,44571.8671875,50928.56640625,44803.06640625,59012.03515625,74.239505,692.3260251566871,600.3793692791999,686.0035826781174,603.4936036581871,794.8872390279273,Ethiopia,Non-CFA comparison
ET,ETH,2005,952.115666295785,624.510692425695,290.833381425059,158.243458082465,8.5508986289875,61544.68359375,51847.5703125,61247.484375,53125.98828125,65986.390625,76.346311,806.1251786448464,679.1103542972758,802.2324009211133,695.8553410819025,864.3035892723094,Ethiopia,Non-CFA comparison
ET,ETH,2006,1024.72911938972,692.866907656774,313.013896721503,189.345737521418,7.62653694970021,62281.6015625,53843.72265625,62096.81640625,54796.9765625,73135.9140625,78.489206,793.505307755311,686.0016223918739,791.1510330000026,698.1466542354882,931.7958199564409,Ethiopia,Non-CFA comparison
ET,ETH,2007,1109.14330261241,770.261155212815,338.799064654308,237.146255996319,8.23770708038126,74171.875,65319.1328125,74284.8125,66377.859375,81514.2890625,80.674348,919.3985057059278,809.6642170879398,920.7984240541988,822.7876768833632,1010.4115010944992,Ethiopia,Non-CFA comparison
ET,ETH,2008,1193.74728332973,844.988380018695,364.642208155735,316.410475118075,7.62786742867665,81136.9921875,70328.390625,81370.796875,71991.21875,90308.59375,82.916235,978.541683513488,848.1860111593345,981.3614532184198,868.2403241054059,1089.1545395181051,Ethiopia,Non-CFA comparison
ET,ETH,2009,1262.46398002755,899.140901796651,385.632419711374,368.574712267445,5.7563855983106,85821.3671875,78004.2109375,86478.2890625,79367.359375,98257.90625,85.233913,1006.892258806656,915.1781044887614,1014.5995416460581,931.1711334313608,1152.8029488684863,Ethiopia,Non-CFA comparison
ET,ETH,2010,1381.19044652656,995.653978578747,421.898622378633,330.619412798644,9.4043448666486,101266.171875,88588.734375,101705.484375,90240.15625,110589.796875,87.63996399999999,1155.479386949543,1010.8257732168855,1160.4920829839684,1029.6690246244282,1261.8649281394046,Ethiopia,Non-CFA comparison
ET,ETH,2011,1492.5339647204,1098.11515728787,455.909628648555,343.024942351887,8.06141676362226,114232.125,101050.2109375,114626.9453125,103266.5546875,125138.265625,90.139929,1267.2755156041892,1121.0371703032959,1271.6555979592574,1145.6249836573536,1388.2667427550336,Ethiopia,Non-CFA comparison
ET,ETH,2012,1576.76875736149,1178.97474553026,481.639999909808,452.101031885754,5.64374376946701,123886.125,111842.4765625,123944.25,114179.6953125,135960,92.726985,1336.030983860847,1206.1480976923815,1336.6578240411893,1231.3534761482863,1466.2398437736329,Ethiopia,Non-CFA comparison
ET,ETH,2013,1696.86515591049,1252.86896408004,518.324662208106,484.039833104062,7.61661454720691,133624.6875,119700.5859375,133359.1875,121083.453125,150347.609375,95.385798,1400.8866131203306,1254.909938872661,1398.1031798884778,1269.4075602848131,1576.2053945913417,Ethiopia,Non-CFA comparison
ET,ETH,2014,1821.39161774962,1484.63145566608,556.362532243867,549.986577082588,7.33861859355025,163464.9375,141248.25,163322.640625,142612.9375,165778.890625,98.094265,1666.4066701554877,1439.9236285627912,1664.9560565543766,1453.8356294325667,1689.9957466932447,Ethiopia,Non-CFA comparison
ET,ETH,2015,1957.41454187301,1632.61818006837,597.912113218663,597.912113218663,7.4680767605293,177325.765625,160633.03125,177016.734375,160869.140625,182997.046875,100.83545799999999,1758.5655794313943,1593.0212887018376,1755.5008712808149,1595.362819941771,1814.808505902755,Ethiopia,Non-CFA comparison
ET,ETH,2016,2084.840556194,1857.54946515224,636.835680951429,641.651523286233,6.5099145630674,204134.84375,187912.40625,203808.25,187329.75,196834.859375,103.603462,1970.3477066239352,1813.7657045668996,1967.1953626414531,1808.1417974237195,1899.8868915693185,Ethiopia,Non-CFA comparison
ET,ETH,2017,2222.82824481382,2004.74755633129,678.98541915757,696.348429076216,6.61862070026751,215542.125,201764.578125,215542.125,201764.578125,215542.125,106.399924,2025.7732984846868,1896.2849834836347,2025.7732984846868,1896.2849834836347,2025.7732984846868,Ethiopia,Non-CFA comparison
ET,ETH,2018,2311.16511659606,2095.3175782979,705.96881207336,739.702022272086,3.97407545942133,247508.984375,229064.875,247309.109375,228577.296875,230360.265625,109.224414,2266.0591648951304,2097.194817634819,2264.229216876366,2092.730814513686,2109.054717611028,Ethiopia,Non-CFA comparison
ET,ETH,2019,2437.97046055952,2242.44488310464,744.702789753973,793.473247210264,5.48664148021712,304937.21875,286037.65625,304722.5625,284914.375,249437.21875,112.07873,2720.741203527199,2552.1136459165805,2718.8259761687164,2542.0913941476674,2225.553579613188,Ethiopia,Non-CFA comparison
ET,ETH,2020,2516.54907642544,2406.78938478669,768.705424485209,829.790982547947,3.22311599492807,NA,NA,NA,NA,NA,NA,NA,NA,NA,NA,NA,Ethiopia,Non-CFA comparison
ET,ETH,2021,2588.41310215884,2588.41310215884,790.65701959778,893.00983544905,2.85565763078523,NA,NA,NA,NA,NA,NA,NA,NA,NA,NA,NA,Ethiopia,Non-CFA comparison
GA,GAB,1980,NA,NA,9182.52680219592,5718.46719052717,-0.052581559372797,10617.4306640625,10134.939453125,10224.9228515625,9678.8134765625,14875.8642578125,0.726328,14617.95588778417,13953.667562210187,14077.555665708192,13325.678586757636,20480.918067061302,Gabon,CAEMC
GA,GAB,1981,NA,NA,9399.27026015795,5026.47646757156,2.36039014784252,10042.06640625,10301.4990234375,9603.0224609375,9853.099609375,15633.8369140625,0.7446959999999999,13484.786283597603,13833.160139758373,12895.22497896793,13231.03603265628,20993.58250086277,Gabon,CAEMC
GA,GAB,1982,NA,NA,8866.93461619978,4583.89967785445,-5.66358482333102,9546.0888671875,9463.84375,9082.1318359375,9073.205078125,15149.578125,0.76393,12496.025640029191,12388.365098896496,11888.69639356682,11877.011084948883,19831.107725838756,Gabon,CAEMC
GA,GAB,1983,NA,NA,9113.43670535789,4181.57191575578,2.78001473821359,10486.7734375,10450.33203125,10001.8466796875,10002.5673828125,15999.2021484375,0.784061,13374.94587474699,13328.468105479038,12756.464968526047,12757.384161197278,20405.557920158637,Gabon,CAEMC
GA,GAB,1984,NA,NA,9533.31659324811,4272.88216871705,4.6072617988707,11596.525390625,10297.1455078125,10975.056640625,9816.2880859375,17200.564453125,0.8051149999999999,14403.563951267834,12789.658008871405,13631.663353216623,12192.40491847438,21364.10879579315,Gabon,CAEMC
GA,GAB,1985,NA,NA,9058.4995497615,3898.46316935487,-4.98060710396314,10594.072265625,9475.029296875,10548.5380859375,9051.6435546875,16799.283203125,0.827108,12808.571874078114,11455.613168866703,12753.519595914318,10943.726278415274,20310.870168254933,Gabon,CAEMC
GA,GAB,1986,NA,NA,8741.05138607781,3864.67453823981,-3.50442324294255,8201.4345703125,7663.53662109375,7867.0615234375,7330.9599609375,16664.287109375,0.8500479999999999,9648.20171368264,9015.416330717502,9254.843871684307,8624.171765520889,19603.936612256017,Gabon,CAEMC
GA,GAB,1987,NA,NA,7044.15674885946,3624.37675865476,-19.4129351524125,8000.173828125,7113.0458984375,7733.6953125,6803.35009765625,13807.0185546875,0.873867,9154.910104312214,8139.735106643803,8849.9683733337,7785.338155184085,15799.908401035284,Gabon,CAEMC
GA,GAB,1988,NA,NA,7730.9357484059,4118.60473032795,9.74962687560345,7223.486328125,6687.099609375,7001.74755859375,6404.00830078125,15580.5830078125,0.898469,8039.772466412308,7442.771658649325,7792.976227998684,7127.689770911685,17341.258304752308,Gabon,CAEMC
GA,GAB,1989,NA,NA,8162.58240779554,4373.88491926948,5.58336886293019,9413.083984375,9082.607421875,9086.3798828125,8714.1064453125,16911.990234375,0.923711,10190.507620213466,9832.737102703119,9836.821129998994,9433.80174677199,18308.74617101561,Gabon,CAEMC
GA,GAB,1990,23884.8106998234,11952.0243620827,8354.26309000876,6050.71468999523,2.34828480298293,11321.3984375,9089.8447265625,10858.9697265625,8781.05078125,17790.1015625,0.949488,11923.687753294407,9573.417174901104,11436.658205856735,9248.1956393867,18736.52069589084,Gabon,CAEMC
GA,GAB,1991,24665.6792295081,12760.1824013242,8627.38985737905,5345.0965303052,3.26931010464506,11818.0537109375,9774.982421875,9718.830078125,9436.9609375,18877.51953125,0.975783,12111.354379956918,10017.578110988816,9960.03217736423,9671.167603350335,19346.022149648026,Gabon,CAEMC
GA,GAB,1992,23268.9974721281,12311.9638127229,8138.86821905371,5385.68811745078,-5.6624500156035,11240.9296875,9373.8857421875,11776.865234375,9054.501953125,18294.177734375,1.0025789999999999,11212.013903642508,9349.772678449779,11746.57082820905,9031.210461345192,18247.11841598019,Gabon,CAEMC
GA,GAB,1993,23551.6812533724,12756.9147783179,8237.7433874389,4105.98701339331,1.21485157056252,11375.607421875,9312.6318359375,10904.2392578125,8987.3583984375,18730.908203125,1.0297779999999999,11046.659980961918,9043.339278890695,10588.922328708228,8727.471744820245,18189.268175398,Gabon,CAEMC
GA,GAB,1994,23794.3149295887,13163.5304266032,8322.61010843084,3828.21118114454,1.03021807065934,10361.5478515625,10029.208984375,9824.232421875,9667.3388671875,19756.96875,1.057255,9800.424544279762,9486.083285844,9292.207104128143,9143.810024249116,18687.042151609592,Gabon,CAEMC
GA,GAB,1995,24344.1857401023,13750.1072324947,8514.94009899596,4414.8755828572,2.31093356602501,11603.2451171875,10307.87109375,10800.0732421875,9949.2861328125,20739.607421875,1.084946,10694.767405186525,9500.814873505225,9954.479985351805,9170.305372629145,19115.79693540047,Gabon,CAEMC
GA,GAB,1996,24595.9719625614,14146.6570728963,8603.00813400361,4942.67870027615,1.03427662418945,13082.9140625,11505.5078125,12078.2109375,11089.7626953125,21491.47265625,1.112955,11755.115042836414,10337.80144974415,10852.380318611265,9964.250751658872,19310.279980996536,Gabon,CAEMC
GA,GAB,1997,25359.6596581834,14837.42713226,8870.12550864019,4508.75340541142,3.10492993236622,11445.001953125,9912.3232421875,10511.3193359375,9556.888671875,22724.732421875,1.141338,10027.70603723437,8684.82714339442,9209.646341344545,8373.407940395397,19910.607043553267,Gabon,CAEMC
GA,GAB,1998,25585.5077964813,15137.804148017,8949.1211008365,3699.99513906504,0.890580320643267,9897.51953125,8919.125,9332.705078125,8584.3330078125,23396.837890625,1.170061,8458.97737917083,7622.786333362106,7976.255150906662,7336.654249489984,19996.254802634223,Gabon,CAEMC
GA,GAB,1999,22713.7144403948,13628.8627465984,7944.64517936466,3751.35318950625,-11.2242968907633,11703.8525390625,10284.1279296875,11340.109375,9942.1416015625,20912.5859375,1.199052,9760.92157726479,8576.882345125567,9457.562620303373,8291.668419353373,17440.933285211984,Gabon,CAEMC
GA,GAB,2000,21717.2240797447,13326.1169521318,7596.09970650519,3982.906200928,-4.3871748201515,14044.2998046875,13196.8212890625,13895.3251953125,12798.8271484375,20637.404296875,1.22836,11433.374421739149,10743.447596032516,11312.095147442526,10419.443118008972,16800.778515154354,Gabon,CAEMC
GA,GAB,2001,21604.7804442423,13555.6285395224,7556.76995314898,3835.75718279727,-0.517762468580202,12784.9189453125,13006.068359375,12342.072265625,12672.2587890625,21123.1015625,1.258003,10162.868407557455,10338.662435125354,9810.844859372355,10073.313647950363,16790.978688047642,Gabon,CAEMC
GA,GAB,2002,20981.4798585102,13369.1233374468,7338.75620613605,3966.48001864663,-2.88501235798608,13463.0400390625,13386.958984375,13488.9794921875,13103.033203125,20743.84765625,1.2883149999999999,10450.115103109489,10391.060403996695,10470.249505895299,10170.675031436413,16101.533907662335,Gabon,CAEMC
GA,GAB,2003,20875.4549326477,13564.1804141405,7301.67154442842,4710.74862768151,-0.505326252378111,15223.0693359375,15217.5322265625,15247.9892578125,14997.3525390625,21261.048828125,1.319953,11533.038930884282,11528.844001689833,11551.918331798557,11362.035268727372,16107.428694904289,Gabon,CAEMC
GA,GAB,2004,20438.9307067212,13637.6667971195,7148.98713447497,5465.79193590708,-2.09108844494591,18394.626953125,18555.669921875,18589.91015625,18378.458984375,21429.94921875,1.3537949999999999,13587.45375269151,13706.410440188509,13731.702478033973,13575.511051802527,15829.537868547308,Gabon,CAEMC
GA,GAB,2005,20385.2899909742,14028.356207939,7130.22505771754,6547.87613955186,-0.262443845603784,25008.796875,26398.431640625,25139.462890625,26536.5390625,21664.45703125,1.390549,17984.836834228783,18984.179371331036,18078.80404834709,19083.498001508757,15579.786854868113,Gabon,CAEMC
GA,GAB,2006,19224.1268658969,13637.2590188998,6724.08148977274,6847.00985685394,-5.6960834287439,24117.482421875,24560.84765625,23878.001953125,24614.67578125,20987.748046875,1.4301519999999999,16863.57983058794,17173.592496636724,16696.128770316023,17211.23054140399,14675.187005909163,Gabon,CAEMC
GA,GAB,2007,19751.8762216408,14391.2465868132,6908.67399162999,8003.54289696049,2.74524486560748,25336.896484375,24150.998046875,24722.421875,24164.548828125,22316.7421875,1.472575,17205.844513437347,16400.52156723766,16788.565522978457,16409.723666451624,15154.91040354481,Gabon,CAEMC
GA,GAB,2008,18493.0921103343,13733.7012862122,6468.38523357609,9688.64519690633,-6.37298501256997,30093.884765625,24843.4140625,29012.177734375,24958.037109375,21545.8203125,1.51854,19817.643766792444,16360.065630474008,19105.310188980864,16435.548032567465,14188.510221989543,Gabon,CAEMC
GA,GAB,2009,17911.1458491661,13383.5662273185,6264.83611480154,7290.57526093114,-3.14683049052138,19096.19921875,20250.748046875,18821.20703125,20273.90234375,21520.59765625,1.5689279999999999,12171.494943521948,12907.378826099733,11996.221006477035,12922.136862717729,13716.752876008333,Gabon,CAEMC
GA,GAB,2010,18530.5760936058,14014.6905491122,6481.49612073562,8356.74662013345,3.45835073677657,22436.4453125,24006.080078125,21656.67578125,24031.560546875,23046.025390625,1.62414,13814.354250557219,14780.794807174874,13334.241987297894,14796.48339852168,14189.679085931632,Gabon,CAEMC
GA,GAB,2011,19153.0878201525,14784.3483551883,6699.23394606512,10219.1139339454,3.35937600321799,31495.64453125,28679.7265625,30945.2734375,28777.193359375,24680.453125,1.6846349999999999,18695.827007779135,17024.296991633204,18369.126509600002,17082.153320674806,14650.326702816932,Gabon,CAEMC
GA,GAB,2012,19450.4027067379,14619.7181445113,6803.22668079211,9296.96587941088,1.552307854364,28639.349609375,28645.931640625,27630.046875,28877.134765625,25976.759765625,1.749682,16368.316990958929,16372.078835254064,15791.467749568208,16504.218918423463,14846.560555360917,Gabon,CAEMC
GA,GAB,2013,19836.4554852011,14497.9921216902,6938.25753862236,9197.70106323947,1.98480609519432,30098.80078125,28873.873046875,28421.94140625,28875.83203125,27441.568359375,1.8170709999999999,16564.460486821925,15890.338378013299,15641.62402363474,15891.416478084788,15102.08921906464,Gabon,CAEMC
GA,GAB,2014,20008.9899779322,14853.6712460355,6998.60545439576,9201.36276648105,0.869784891054778,30332.646484375,29503.171875,28999.609375,29493.384765625,28625.54296875,1.8838,16101.840155204905,15661.520264890116,15394.208182928125,15656.32485700446,15195.638055393354,Gabon,CAEMC
GA,GAB,2015,20147.7116202405,14306.4340768252,7047.12654634355,7047.12654634355,0.693296575495864,29648.912109375,29799.93359375,29620.38671875,29658.46875,29736.10546875,1.9476859999999998,15222.634505446465,15300.173433371705,15207.988720332745,15227.541169367138,15267.402173014543,Gabon,CAEMC
GA,GAB,2016,19988.1755963792,13997.7352841911,6991.3251446736,6677.07003901644,-0.79183198007,29613.173828125,29430.921875,29114.24609375,29250.83203125,30357.84765625,2.007873,14748.529328361405,14657.760662651472,14500.043625144617,14568.068812743635,15119.406285282983,Gabon,CAEMC
GA,GAB,2017,19555.7078829752,14796.6286374171,6840.05959347802,6921.73373135624,-2.16361774149249,30507.99609375,31121.4921875,30507.99609375,31121.4921875,30507.99609375,2.064823,14775.114425667478,15072.232432271434,14775.114425667478,15072.232432271434,14775.114425667478,Gabon,CAEMC
GA,GAB,2018,19225.5982575261,15432.0430535353,6724.5961429108,7624.2775233771,-1.68804743568779,32419.529296875,32542.966796875,32381.248046875,32524.79296875,30885.04296875,2.119275,15297.462243868777,15355.707398461738,15279.398873140579,15347.13190536858,14573.40032263392,Gabon,CAEMC
GA,GAB,2019,19491.4067631986,15949.6373739622,6817.56879468764,7441.1786472281,1.38257599119697,33658.0859375,33368.84375,33140.015625,33328.30078125,32012.29296875,2.172579,15492.226490958443,15359.093386247407,15253.767814657143,15340.432168979818,14734.696859699925,Gabon,CAEMC
GA,GAB,2020,18681.4840738985,14477.1308291744,6534.27966528997,6605.80346077565,-4.15528083293282,NA,NA,NA,NA,NA,NA,NA,NA,NA,NA,NA,Gabon,CAEMC
GA,GAB,2021,18523.5798032193,18523.5798032193,6479.04900690761,8181.40914134656,-0.845244789196116,NA,NA,NA,NA,NA,NA,NA,NA,NA,NA,NA,Gabon,CAEMC
GM,GMB,1980,NA,NA,682.144429383382,337.692534389517,2.67789181651716,1841.2406005859375,1798.249267578125,1741.9742431640625,1737.321044921875,1487.1632080078125,0.637246,2889.371766297376,2821.907501307384,2733.597767838578,2726.295723977671,2333.7348653546865,"Gambia, The",Non-CFA comparison
GM,GMB,1981,NA,NA,680.763235791179,295.982064548083,-0.202478175106037,2180.82373046875,2131.867431640625,2067.785888671875,2065.021484375,1755.4771728515625,0.657579,3316.443697972031,3241.994394043339,3144.543680184244,3140.339768111512,2669.6065002859923,"Gambia, The",Non-CFA comparison
GM,GMB,1982,NA,NA,652.066636208096,282.141307055388,-4.21535683397065,2333.6728515625,2284.2763671875,2223.189697265625,2219.093994140625,1878.8690185546875,0.678113,3441.4217859892083,3368.5777550164944,3278.494435684945,3272.4545822608106,2770.7314541303404,"Gambia, The",Non-CFA comparison
GM,GMB,1983,NA,NA,696.849478073282,268.649299816803,6.86783211691481,2236.6513671875,2195.455810546875,2140.02197265625,2136.78857421875,1812.92333984375,0.700199,3194.308142667299,3135.4740731518823,3056.3053826929913,3051.687554850478,2589.1544258757153,"Gambia, The",Non-CFA comparison
GM,GMB,1984,NA,NA,694.302648852541,214.794357389928,-0.365477667828969,2302.259033203125,2261.990234375,2198.1630859375,2194.12255859375,1864.2130126953125,0.725694,3172.49285952912,3117.002806106982,3029.049552480109,3023.4817410558035,2568.8692654139522,"Gambia, The",Non-CFA comparison
GM,GMB,1985,NA,NA,662.008143550023,262.816616745779,-4.65135850423313,2376.228515625,2342.52978515625,2283.366943359375,2278.87353515625,1927.4365234375,0.755787,3144.0452344708233,3099.457631788123,3021.1778495255608,3015.2325128061875,2550.237730256673,"Gambia, The",Non-CFA comparison
GM,GMB,1986,NA,NA,662.002325492942,207.654408714945,-8.78849775020285e-4,2461.173095703125,2390.644775390625,2386.59375,2332.063232421875,1968.732421875,0.7911469999999999,3110.892281337255,3021.745358815271,3016.6249129428543,2947.6990147493134,2488.453374499303,"Gambia, The",Non-CFA comparison
GM,GMB,1987,NA,NA,651.245092357426,236.954802725846,-1.62495397995868,2479.280517578125,2432.165283203125,2406.961181640625,2372.28125,2029.18798828125,0.831023,2983.4078209365143,2926.7123571828038,2896.383351171538,2854.6517364742012,2441.795219002663,"Gambia, The",Non-CFA comparison
GM,GMB,1988,NA,NA,653.000030965074,274.874465999589,0.269474369671656,2560.253173828125,2526.4345703125,2485.35009765625,2468.853271484375,2132.4501953125,0.873444,2931.2161670675223,2892.4974815929813,2845.460152747343,2826.5730504581575,2441.4274931335035,"Gambia, The",Non-CFA comparison
GM,GMB,1989,NA,NA,663.331309889547,280.929809553919,1.58212533454316,2651.07470703125,2623.917724609375,2577.46337890625,2570.868408203125,2208.873046875,0.915635,2895.3400722244673,2865.680893160894,2814.9463256715285,2807.7437059561125,2412.3947281121846,"Gambia, The",Non-CFA comparison
GM,GMB,1990,2653.78291392125,1409.3272189486,658.711165332156,300.639895740381,-0.696506329267095,2750.7421875,2722.569580078125,2681.4462890625,2698.9921875,2288.232177734375,0.9555929999999999,2878.5708847804453,2849.0890788004153,2806.054762919465,2824.416030150912,2394.5677477067907,"Gambia, The",Non-CFA comparison
GM,GMB,1991,2623.64161607507,1440.43973903083,651.229615381431,627.578919318827,-1.13578611453352,2825.71044921875,2785.456298828125,2769.1220703125,2758.78369140625,2354.11572265625,0.9926729999999999,2846.567247440749,2806.015977898185,2789.561185115844,2779.1464977955984,2371.491641916573,"Gambia, The",Non-CFA comparison
GM,GMB,1992,2604.26903326754,1462.38688927487,646.421031932611,623.485927783598,-0.7383852538714,2898.72900390625,2853.281982421875,2806.4619140625,2827.0546875,2436.804931640625,1.027475,2821.2160917844717,2776.9843377424027,2731.4162525243923,2751.45836881676,2371.644012399937,"Gambia, The",Non-CFA comparison
GM,GMB,1993,2586.13041645703,1486.62332140689,641.918738488002,635.3611677282,-0.696495507138579,3004.9716796875,2961.14013671875,2920.47314453125,2932.37060546875,2510.2041015625,1.060862,2832.575471350185,2791.258558341,2752.924644799465,2764.139544510738,2366.1928710449615,"Gambia, The",Non-CFA comparison
GM,GMB,1994,2508.1039153389,1472.5548566366,622.551318791124,608.2774907808,-3.01711393290937,3009.2890625,2993.037841796875,2934.484375,2957.005126953125,2514.07861328125,1.094212,2750.1883204534406,2735.3363350035233,2681.8243402558187,2702.4060483280437,2297.6156478646276,"Gambia, The",Non-CFA comparison
GM,GMB,1995,2456.00078113606,1472.19762507905,609.618491441846,621.681391269646,-2.07739136660906,3080.677978515625,3005.001953125,3022.70751953125,2980.2939453125,2536.248779296875,1.1285749999999999,2729.7060261973065,2662.651532352746,2678.3399592683254,2640.7584301552847,2247.30193323162,"Gambia, The",Non-CFA comparison
GM,GMB,1996,2439.04551648512,1488.80055397191,605.40992484126,651.784945724837,-0.690360718985545,3152.994873046875,3117.83203125,3101.210205078125,3094.16552734375,2644.00146484375,1.164091,2708.54673135251,2678.340465865641,2664.061662772176,2658.010007244923,2271.301354313151,"Gambia, The",Non-CFA comparison
GM,GMB,1997,2486.93798396527,1544.21196765822,617.297597679527,600.224023405754,1.96357415868005,3226.5244140625,3164.861572265625,3155.34814453125,3125.30419921875,2655.10009765625,1.200526,2687.5922837676985,2636.2290964674025,2628.304713543272,2603.27906202677,2211.6139905810037,"Gambia, The",Non-CFA comparison
GM,GMB,1998,2502.76477124298,1571.50459237719,621.226058231623,610.234711461724,0.636396539831622,3247.664306640625,3263.058837890625,3177.65771484375,3199.594970703125,2752.133544921875,1.238125,2623.050424343766,2635.484169926805,2566.507997854619,2584.226124747602,2222.823660714286,"Gambia, The",Non-CFA comparison
GM,GMB,1999,2589.97773860396,1649.27952578781,642.873705091153,575.459893151216,3.48466497383448,3531.668701171875,3490.270751953125,3459.830078125,3426.154541015625,2940.543701171875,1.2771329999999999,2765.3100351896596,2732.8952833832695,2709.0601199131183,2682.692046181271,2302.456910260619,"Gambia, The",Non-CFA comparison
GM,GMB,2000,2658.61770579464,1731.3384764555,659.911237641141,538.054072348854,2.65021456237223,3839.5556640625,3720.060302734375,3732.271728515625,3649.1298828125,3120.93603515625,1.3177029999999998,2913.824787575425,2823.140193757148,2832.4074002378575,2769.3113568175077,2368.4669725698814,"Gambia, The",Non-CFA comparison
GM,GMB,2001,2737.69610805906,1822.9796510577,679.539755947951,459.803068381399,2.97441795005224,3978.07861328125,3819.72265625,3872.300537109375,3756.755615234375,3301.4580078125,1.360074,2924.8986549858682,2808.4667865498495,2847.124889608488,2762.1700107746897,2427.41057311036,"Gambia, The",Non-CFA comparison
GM,GMB,2002,2578.557145742,1743.69432511929,640.03893213613,376.531026962584,-5.81287900613223,3775.33544921875,3564.052734375,3696.459228515625,3519.7587890625,3316.551513671875,1.404261,2688.485580115627,2538.027285793026,2632.3163774509335,2506.4847553713307,2361.7771295164325,"Gambia, The",Non-CFA comparison
GM,GMB,2003,2682.47993310133,1849.78337005418,665.834222326194,308.719123437587,4.0302689250437,4164.97314453125,3793.08837890625,4086.48828125,3741.162109375,3392.9365234375,1.449925,2872.5438519449285,2616.058333297412,2818.4135601841476,2580.245260530717,2340.0772615393903,"Gambia, The",Non-CFA comparison
GM,GMB,2004,2794.19352609118,1978.63262689984,693.563314497133,593.285346326581,4.16456397721086,5157.8564453125,4493.54736328125,5070.01611328125,4430.9267578125,3705.40478515625,1.496527,3446.5508776737743,3002.6503786976446,3387.8547552307778,2960.8064256859384,2476.002628189301,"Gambia, The",Non-CFA comparison
GM,GMB,2005,2653.64239155191,1938.02362742194,658.676285443081,616.483657865348,-5.03011452953602,5513.400390625,4651.01171875,5467.03759765625,4675.80712890625,3618.263671875,1.543741,3571.4542728508213,3012.81867797124,3541.421519319789,3028.8805757612513,2343.8281887149465,"Gambia, The",Non-CFA comparison
GM,GMB,2006,2564.68653970519,1930.81888537674,636.596026908866,614.544307904464,-3.35221701800941,5106.0908203125,4416.01171875,5065.74072265625,4419.9482421875,3598.161376953125,1.591445,3208.462007994307,2774.844068598035,3183.10763027076,2777.3176215247777,2260.9398232129447,"Gambia, The",Non-CFA comparison
GM,GMB,2007,2567.15728802982,1985.040252425,637.20930597537,724.726407242432,0.0963372438063175,5234.7734375,4539.5537109375,5218.326171875,4547.72119140625,3707.662353515625,1.639848,3192.230888167684,2768.277127476144,3182.2011380780414,2773.257760113285,2260.9792819307795,"Gambia, The",Non-CFA comparison
GM,GMB,2008,2649.61119865306,2088.27166129033,657.675679192228,859.127671411226,3.21187607038,4953.86279296875,4496.53857421875,4941.66943359375,4538.095703125,3939.6103515625,1.689285,2932.5204408780937,2661.7998586495173,2925.3023815364195,2686.400283625913,2332.1170504458987,"Gambia, The",Non-CFA comparison
GM,GMB,2009,2745.32540574768,2177.05344695607,681.433469086571,774.888030908091,3.61238687182772,5087.384765625,4739.69384765625,5088.5361328125,4763.03369140625,4202.2138671875,1.740279,2923.315609522956,2723.5252782204752,2923.9772087191195,2736.9368310519462,2414.678259743122,"Gambia, The",Non-CFA comparison
GM,GMB,2010,2824.21259222517,2266.82898238442,701.014524591061,801.033372714536,2.87350950500529,5301.68603515625,4960.61669921875,5308.79638671875,5008.65283203125,4450.49462890625,1.793196,2956.5569157840246,2766.35498808761,2960.522099490937,2793.1429871755513,2481.878516852731,"Gambia, The",Non-CFA comparison
GM,GMB,2011,2519.83983255672,2064.253852883,625.464360270983,710.608411468152,-10.7772609082744,4753.0654296875,4365.4501953125,4767.94775390625,4431.55322265625,4088.649658203125,1.848147,2571.8005276027825,2362.0687073660806,2579.8530928039004,2397.835898690012,2212.2967806149213,"Gambia, The",Non-CFA comparison
GM,GMB,2012,2574.93509664061,2064.81438121612,639.139881889048,692.579361628102,2.18645897140155,4924.6640625,4484.62548828125,4880.271484375,4500.5673828125,4302.958984375,1.9050129999999998,2585.107850970046,2354.11804973575,2561.8048193765608,2362.4864412014513,2258.7557063258887,"Gambia, The",Non-CFA comparison
GM,GMB,2013,2572.44728941685,2006.74081646788,638.522368532214,653.862713272743,-0.0966163079995681,4805.462890625,4389.57177734375,4782.59423828125,4404.5400390625,4426.5732421875,1.963712,2447.1322121701146,2235.3439696573378,2435.486587789477,2242.9664019278284,2254.186582445644,"Gambia, The",Non-CFA comparison
GM,GMB,2014,2465.10971144823,1933.70329718446,611.879472952196,568.00453558864,-4.17258609769029,4638.572265625,4089.4541015625,4615.19140625,4104.8505859375,4364.2744140625,2.024042,2291.7371604072446,2020.4393493625626,2280.1855921221,2028.046150197229,2156.217318643832,"Gambia, The",Non-CFA comparison
GM,GMB,2015,2495.95741601525,1990.31625750973,619.536364296461,619.536364296461,1.25137248146628,4736.37841796875,4276.501953125,4728.4609375,4278.25927734375,4541.3798828125,2.08586,2270.70772629455,2050.234413203667,2266.9119392001385,2051.0769070521274,2177.2218091398754,"Gambia, The",Non-CFA comparison
GM,GMB,2016,2478.46055756999,2012.67648180251,615.193365494386,650.056501323611,-0.701007891119758,4636.33642578125,4261.79541015625,4636.0830078125,4254.01171875,4629.63525390625,2.149136,2157.3024814535934,1983.0273236110932,2157.1845652450565,1979.4055465777876,2154.1844042937487,"Gambia, The",Non-CFA comparison
GM,GMB,2017,2533.18683710276,2038.95429850128,628.777299272925,642.522641296331,2.20807546707253,4852.90478515625,4313.8740234375,4852.90478515625,4313.8740234375,4852.90478515625,2.213889,2192.0271455146353,1948.5502766568243,2192.0271455146353,1948.5502766568243,2192.0271455146353,"Gambia, The",Non-CFA comparison
GM,GMB,2018,2651.43281455826,2277.44236224191,658.127833258563,696.219806960615,4.66787430455537,5430.74609375,4864.9384765625,5439.865234375,4859.7236328125,5225.53955078125,2.280094,2381.8079841225845,2133.6569793010726,2385.807442313782,2131.3698614234763,2291.808824891101,"Gambia, The",Non-CFA comparison
GM,GMB,2019,2750.82132179634,2421.72318070615,682.797642940426,738.186751987483,3.74848295956672,5655.29296875,5114.54150390625,5678.66650390625,5104.68115234375,5542.03857421875,2.347706,2408.859102779479,2178.5272533725474,2418.815006609111,2174.3272591814093,2360.6186525138796,"Gambia, The",Non-CFA comparison
GM,GMB,2020,2702.31919474482,2530.80414937307,670.758642891251,720.335143352133,-1.7631871131438,NA,NA,NA,NA,NA,NA,NA,NA,NA,NA,NA,"Gambia, The",Non-CFA comparison
GM,GMB,2021,2777.79620978324,2777.79620978324,689.49323955737,781.890925169531,2.79304588389131,NA,NA,NA,NA,NA,NA,NA,NA,NA,NA,NA,"Gambia, The",Non-CFA comparison
GH,GHA,1980,NA,NA,891.578049368905,372.252026367961,-2.4242388246859,38966.39453125,38942.35546875,40376.890625,40610.015625,28594.853515625,11.056116,3524.4198352522712,3522.2455579111147,3651.9959292214376,3673.0815437356123,2586.338051773788,Ghana,Non-CFA comparison
GH,GHA,1981,NA,NA,836.509660283615,343.799126739425,-6.17650794838094,36552.921875,36597.61328125,37917.86328125,38219.34765625,27595.646484375,11.348289,3221.0073144066037,3224.9454769128633,3341.284600810748,3367.851105682099,2431.7010682733758,Ghana,Non-CFA comparison
GH,GHA,1982,NA,NA,756.294499573179,319.206910329791,-9.58926890135842,31328.427734375,31036.46484375,32600.06640625,32506.37890625,25685.53515625,11.676822999999999,2682.9581757276787,2657.954551828867,2791.860971623018,2783.8375991697403,2199.7023639263866,Ghana,Non-CFA comparison
GH,GHA,1983,NA,NA,700.396045771895,311.383438154949,-7.39109617124427,31057.0078125,30865.951171875,32273.2265625,32256.07421875,24512.82421875,12.033574999999999,2580.8629449270065,2564.9859806312757,2681.931725401637,2680.506351499866,2037.0358948816126,Ghana,Non-CFA comparison
GH,GHA,1984,NA,NA,741.569874205891,329.998888863111,5.8786494701893,33950.6875,33613.234375,35128.625,34963.4921875,26632.587890625,12.40566,2736.709493892304,2709.5079483880745,2831.6611127501483,2818.350026318632,2146.8094313905913,Ghana,Non-CFA comparison
GH,GHA,1985,NA,NA,762.747783660855,329.714604937014,2.85582116960212,36335.16796875,36301.67578125,37710.16796875,37822.34765625,27985.517578125,12.783612999999999,2842.3238382411923,2839.703906966677,2949.883414708346,2958.658687199777,2189.1712130306983,Ghana,Non-CFA comparison
GH,GHA,1986,NA,NA,784.937923659407,410.711658388611,2.90923690293133,37166.79296875,37233.88671875,38482.328125,38760.73828125,29444.306640625,13.164836999999999,2823.186718434114,2828.283154493292,2923.1146671242495,2944.2626810533243,2236.5872544130248,Ghana,Non-CFA comparison
GH,GHA,1987,NA,NA,803.929610179043,355.153724919203,2.41951445422532,38002.4765625,38125.86328125,39224.703125,39631.43359375,30856.130859375,13.552021,2804.192567477574,2813.297240407907,2894.3803381798184,2924.3928705356934,2276.865632024552,Ghana,Non-CFA comparison
GH,GHA,1988,NA,NA,829.017387585837,355.121844932881,3.12064353509851,41748.9765625,41875.546875,43075.734375,43522.140625,32592.767578125,13.947042,2993.3929045671475,3002.4679695522536,3088.521162766987,3120.528397706123,2336.894631716532,Ghana,Non-CFA comparison
GH,GHA,1989,NA,NA,849.686579158456,349.964941914982,2.49321568909531,41718.625,41675.75390625,42927.0703125,43190.50390625,34250.390625,14.35341,2906.530573571019,2903.543750666218,2990.7227838193153,3009.0761642181196,2386.2197641536054,Ghana,Non-CFA comparison
GH,GHA,1990,2785.67114332501,1580.65048833616,855.85250708181,382.54246368354,0.725670862009096,43270.70703125,43322.83203125,44482.90625,44912.48046875,35390.52734375,14.773277,2928.9850201312815,2932.5133503724323,3011.038529230854,3040.116317371562,2395.5773213857697,Ghana,Non-CFA comparison
GH,GHA,1991,2859.82702166411,1677.60575346033,878.63570406594,418.254121349986,2.6620471162506,47549.59765625,47333.15625,48857.41796875,49059.578125,37259.79296875,15.207367,3126.7475596695995,3112.514891631142,3212.7466884142405,3226.0402556866024,2450.114669340853,Ghana,Non-CFA comparison
GH,GHA,1992,2897.83543196858,1738.64019039428,890.313174799419,396.426407640517,1.32904577852237,46311.11328125,44982.359375,47578.2265625,46639.01171875,38705.25390625,15.653336,2958.5459151486943,2873.6596068084145,3039.494364811437,2979.4934267526105,2472.6520855522426,Ghana,Non-CFA comparison
GH,GHA,1993,2964.26600943658,1820.65329619434,910.722897752222,359.800844097528,2.2924206369743,43716.4765625,43193.984375,44853.13671875,44764.328125,40582.4609375,16.106765,2714.168646683552,2681.7293463336678,2784.739003688823,2779.225258765494,2519.591049940817,Ghana,Non-CFA comparison
GH,GHA,1994,2989.34731012131,1875.26172705512,918.428722656692,320.50390343252,0.846121792203618,45874.296875,45887.41796875,46753.26953125,47171.70703125,41909.1875,16.561674,2769.9070078906275,2770.6992643829362,2822.9797018858117,2848.2451128581565,2530.4922376808045,Ghana,Non-CFA comparison
GH,GHA,1995,3039.68873031674,1946.82217283298,933.895311664356,371.537243033836,1.68402714615945,47962.17578125,47536.09765625,48653.36328125,48646.73046875,43595.36328125,17.014056999999998,2818.9734982814507,2793.9307865402125,2859.5979948374456,2859.208151750638,2562.314401629782,Ghana,Non-CFA comparison
GH,GHA,1996,3106.18555480388,2025.83267073248,954.325387944775,389.271267898831,2.18761953564251,48726.50390625,48940.47265625,49126.30078125,49803.22265625,45599.0703125,17.462495999999998,2790.3516144685163,2802.6046595085836,2813.246215274724,2852.010540546438,2611.25730894942,Ghana,Non-CFA comparison
GH,GHA,1997,3160.44504053249,2096.76500280929,970.995739362631,377.841935501461,1.74682048999631,53672.0234375,51335.8203125,53993.71484375,52050.48046875,47513.43359375,17.908984999999998,2996.9327372545126,2866.4840755911073,3014.895307788242,2906.3891933992913,2653.0500524597014,Ghana,Non-CFA comparison
GH,GHA,1998,3229.48228272631,2166.64663101054,992.20631798932,400.366799508524,2.18441521078265,53486.6328125,51962.86328125,53707.86328125,52323.77734375,49743.59375,18.357156,2913.6666274721424,2830.659786366145,2925.7180840675974,2850.3204605195924,2709.765812852492,Ghana,Non-CFA comparison
GH,GHA,1999,3290.26865235748,2238.66523268803,1010.88194916348,403.037326127273,1.882232640083,56212.72265625,54744.5078125,56535.765625,55191.47265625,51946.4921875,18.812359,2988.0740983228097,2910.028870515388,3005.245946295199,2933.787977161716,2761.2960281855135,Ghana,Non-CFA comparison
GH,GHA,2000,3327.35199291767,2315.17803047482,1022.27520714566,253.746936203344,1.12706117579829,66851.0390625,62266,67176.0078125,62932.19140625,54131.12890625,19.278855999999998,3467.583297603344,3229.755956473766,3484.439523408443,3264.3115030399113,2807.7977711047797,Ghana,Non-CFA comparison
GH,GHA,2001,3369.50702508212,2397.30067037823,1035.22666053257,263.542156494853,1.26692433665509,62025.65625,58156.203125,62549.85546875,59126.140625,56588.1640625,19.756928,3139.43828969767,2943.5853147311163,3165.970715120792,2992.6788529573023,2864.218772397207,Ghana,Non-CFA comparison
GH,GHA,2002,3425.61820934278,2475.09635357919,1052.46591644399,297.46164468774,1.6652639048673,62292.078125,59733.2578125,63182.29296875,61058.578125,59300.80078125,20.246381,3076.701862174776,2950.317778397038,3120.670947007764,3015.7773937475545,2928.9580582944677,Ghana,Non-CFA comparison
GH,GHA,2003,3507.75105744843,2584.47723729151,1077.69990866645,358.39927142073,2.39760659496866,66173.734375,64969.8125,67050.2265625,66404.0546875,62398.765625,20.750299,3189.049679476908,3131.030184191563,3231.2896581634805,3200.1492936318655,3007.126096110712,Ghana,Non-CFA comparison
GH,GHA,2004,3607.36522285021,2729.34450244911,1108.30475353633,406.132105329565,2.83982995857866,70972.1015625,68765.703125,71857.515625,70180.0859375,65738.96875,21.272323,3336.358777670873,3232.6372218492547,3377.9815972613806,3299.12656636043,3090.3521326749315,Ghana,Non-CFA comparison
GH,GHA,2005,3721.30785741996,2903.83429043881,1143.31178934301,478.611909191028,3.15861099530474,73012.84375,70231.6796875,74251.5234375,72881.828125,69812,21.814642,3346.9650223918416,3219.4743185563166,3403.7470538136727,3340.9591651790574,3200.2358782692836,Ghana,Non-CFA comparison
GH,GHA,2006,3857.86154847605,3103.22625820374,1185.26570738595,906.441027564887,3.66950804093835,75033.71875,74055.8203125,75887.8828125,76016.6015625,72989.7578125,22.379054999999997,3352.8546558377916,3309.1576169100977,3391.0226688526395,3396.7744197643738,3261.520998652535,Ghana,Non-CFA comparison
GH,GHA,2007,3923.12567803728,3241.22081107324,1205.31705804209,1050.12461524926,1.69171777527903,90117.96875,87666.8984375,90672.015625,89247.71875,76162.578125,22.963946,3924.3241884474037,3817.588598993396,3948.451003368498,3886.427826907449,3316.615451238215,Ghana,Non-CFA comparison
GH,GHA,2008,4174.78124103364,3515.58923520243,1282.63416886747,1182.65761256016,6.41466992518754,101419.484375,96560.0234375,102035.59375,98784.0625,83131,23.563824999999998,4304.033168426604,4097.807696225041,4330.179576108718,4192.1913144406735,3527.907714473351,Ghana,Non-CFA comparison
GH,GHA,2009,4269.16005861557,3617.23944435035,1311.63053760125,1047.70430093586,2.26068893513001,96676.484375,95716.3125,97100.390625,97037.5234375,87158.390625,24.170939999999998,3999.698992881535,3959.9747672204726,4017.2368399822267,4014.635899038267,3605.9164693222524,Ghana,Non-CFA comparison
GH,GHA,2010,4495.68916584106,3855.46891716757,1381.2279503506,1263.89251760539,5.30617508163762,108134.703125,105856.1640625,108217.3359375,107260.1796875,94043.703125,24.779619,4363.8565679722515,4271.9044252657795,4367.191276730284,4328.5645226224015,3795.2037569665617,Ghana,Non-CFA comparison
GH,GHA,2011,5005.36732498187,4381.12535523694,1537.81834019283,1507.43573198753,11.3370417824575,122925.5234375,125662.3046875,123395.296875,127765.3125,107253.984375,25.387712,4841.929963499665,4949.729407971069,4860.433932565486,5032.565065335545,4224.6416051592205,Ghana,Non-CFA comparison
GH,GHA,2012,5339.71321903045,4933.65254349093,1640.54072088003,1543.77524235764,6.67974740594653,138776.234375,138930.78125,138445.546875,141132.65625,117221.1953125,25.99645,5338.276356002454,5344.2212782899205,5325.555869166752,5428.9203429699055,4509.123180761219,Ghana,Non-CFA comparison
GH,GHA,2013,5593.77481886917,5214.56935848794,1718.59704769958,2294.79584693743,4.75796338524816,149969.21875,148897.65625,148620.90625,150032.90625,125793.0078125,26.607644999999998,5636.320642056071,5596.047912169604,5585.646766183178,5638.714221044365,4727.701674180485,Ghana,Non-CFA comparison
GH,GHA,2014,5619.07233511591,5517.13178763566,1726.36930134647,1949.90832923846,0.452244093941871,158772.15625,154033.578125,157424.296875,155051.515625,129437.78125,27.224473,5831.9643597876075,5657.908534170708,5782.455251750879,5695.299065109543,4754.4641635487305,Ghana,Non-CFA comparison
GH,GHA,2015,5607.36635657413,5191.37053389659,1722.77282833606,1722.77282833606,-0.208325820413904,149122.53125,148177.53125,148891.265625,148295.125,132257.203125,27.849204999999998,5354.6423048701035,5320.709558854553,5346.338095647614,5324.932076158009,4749.047706209208,Ghana,Non-CFA comparison
GH,GHA,2016,5666.07795334591,5011.07931572904,1740.81101902928,1912.47991339951,1.04704406736222,143054.125,143956.453125,142604.734375,143630.234375,136817.15625,28.481945,5022.62485936266,5054.305565332705,5006.846771700458,5042.852037492524,4803.645125008141,Ghana,Non-CFA comparison
GH,GHA,2017,5993.63085211077,5170.96094857439,1841.44636153249,2012.28662641265,5.78094585817396,147958.796875,149986.875,147958.796875,149986.875,147958.796875,29.121464999999997,5080.747032300745,5150.389068681813,5080.747032300745,5150.389068681813,5080.747032300745,Ghana,Non-CFA comparison
GH,GHA,2018,6234.51208201488,5536.49795400218,1915.4532323781,2195.32166016377,4.01895338314475,152166.71875,156671.0625,152216.078125,156489.875,157226.15625,29.767101999999998,5111.909071632167,5263.228597127124,5113.567257067887,5257.141760054439,5281.876490697684,Ghana,Non-CFA comparison
GH,GHA,2019,6508.24652305901,6002.55044678386,1999.55372220211,2186.65822682613,4.39063133478864,163139.15625,168712.984375,162525.890625,168337.34375,167411.90625,30.417855999999997,5363.269398408619,5546.511377231847,5343.108029211527,5534.162031341066,5503.737878501365,Ghana,Non-CFA comparison
GH,GHA,2020,6412.68541762469,6047.30111673554,1970.19411460398,2195.45481659987,-1.46830801654092,NA,NA,NA,NA,NA,NA,NA,NA,NA,NA,NA,Ghana,Non-CFA comparison
GH,GHA,2021,6607.50297378321,6607.50297378321,2030.04866500967,2445.18662529344,3.03800270044563,NA,NA,NA,NA,NA,NA,NA,NA,NA,NA,NA,Ghana,Non-CFA comparison
GN,GIN,1980,NA,NA,515.075498240815,1930.99184257949,0.809803805678413,16913.240234375,16007.1650390625,15629.4326171875,15352.1884765625,6993.13720703125,4.871435,3471.921566104238,3285.923970875625,3208.3836933444663,3151.47148151674,1435.5394677402553,Guinea,Non-CFA comparison
GN,GIN,1981,NA,NA,508.556746994401,1875.53966772396,-1.26559140721663,16727.1328125,15659.142578125,15450.8349609375,15039.482421875,7035.77734375,4.969592,3365.896599258048,3150.9915860547508,3109.0751435807006,3026.3012379839233,1415.76558875457,Guinea,Non-CFA comparison
GN,GIN,1982,NA,NA,507.412755095438,2272.63298724274,-0.224948721204498,17133.970703125,15951.50390625,15904.3310546875,15363.7939453125,7162.42138671875,5.077082,3374.7673768367345,3141.864540744073,3132.57320931344,3026.10711139046,1410.7358098054651,Guinea,Non-CFA comparison
GN,GIN,1983,NA,NA,503.254700009446,2822.83932284682,-0.819462073871208,17154.26171875,16124.1611328125,16014.2275390625,15578.6552734375,7255.5341796875,5.195444999999999,3301.788724305618,3103.51878093455,3082.359170208231,2998.521834691254,1396.5183309009144,Guinea,Non-CFA comparison
GN,GIN,1984,NA,NA,499.099790230844,3361.5282015455,-0.825607744651649,17452.9140625,16407.125,16279.494140625,15807.7783203125,7357.11181640625,5.326362,3276.7044490216776,3080.362356144776,3056.4002485420633,2967.83777000371,1381.2639502170996,Guinea,Non-CFA comparison
GN,GIN,1985,NA,NA,511.885502734728,4061.69867242443,2.56175473405239,18225.01953125,17235.25,17092.9765625,16653.828125,7724.96240234375,5.470702,3331.3859046334455,3150.464053790537,3124.457622166223,3044.184845930193,1412.0605367179112,Guinea,Non-CFA comparison
GN,GIN,1986,NA,NA,514.948827108147,505.876944250303,0.598439369166186,18533.490234375,17593.2890625,17451.03125,17041.46484375,7965.521484375,5.629417999999999,3292.2568966054755,3125.2411994454847,3099.9707696248533,3027.216107197938,1414.9813505365921,Guinea,Non-CFA comparison
GN,GIN,1987,NA,NA,518.460706253598,504.510868799406,0.681986046103418,19362.591796875,18129.91796875,18235.111328125,17557.15625,8228.3779296875,5.8013259999999995,3337.6148482045314,3125.1334554806954,3143.2660960830335,3026.40400660125,1418.3615831428024,Guinea,Non-CFA comparison
GN,GIN,1988,NA,NA,536.935142790771,574.001127225182,3.56332433959545,20764.58984375,19189.111328125,19614.33203125,18642.7265625,8747.4345703125,5.982486,3470.896520902849,3207.548054124155,3278.6256468046895,3116.2173321425244,1462.1738471786646,Guinea,Non-CFA comparison
GN,GIN,1989,NA,NA,544.125289836889,570.493417986787,1.3391090418754,21274.12890625,19945.056640625,20216.06640625,19487.28125,9097.634765625,6.167475,3449.4065896092,3233.909604923409,3277.8513745495525,3159.6854871726277,1475.0987666143762,Guinea,Non-CFA comparison
GN,GIN,1990,2105.74729496232,870.744222648833,548.371534819426,604.304422702532,0.7803800084003,21955.060546875,20216.71484375,21231.880859375,20136.236328125,9491.0224609375,6.352283,3456.2472337701265,3182.590392107845,3342.401599452512,3169.9211650559337,1494.1120319950323,Guinea,Non-CFA comparison
GN,GIN,1991,2075.99194302675,887.470959996525,540.622747465388,656.42373119518,-1.41305426376472,22439.529296875,21061.728515625,21774.958984375,20955.015625,9727.9697265625,6.534939,3433.7779276707865,3222.941869178121,3332.0829749711515,3206.612276717503,1488.609109673786,Guinea,Non-CFA comparison
GN,GIN,1992,2076.55062690695,907.939406421145,540.768238017649,692.647802662806,0.0269116593674852,22663.443359375,20892.9296875,21917.619140625,20792.572265625,10046.3173828125,6.716037999999999,3374.525778349527,3110.9010531953513,3263.4745575628076,3095.9581029209485,1495.8696455875474,Guinea,Non-CFA comparison
GN,GIN,1993,2115.8664959394,947.058235567764,551.006742654772,670.741778229959,1.89332581267254,23885.171875,21884.01171875,23101.671875,21769.712890625,10553.505859375,6.8971659999999995,3463.041468771377,3172.8990890968844,3349.444086890181,3156.327235073797,1530.122061637345,Guinea,Non-CFA comparison
GN,GIN,1994,2134.89769355787,975.98002294389,555.962782286148,671.576385058752,0.899451721316183,25090.025390625,23128.888671875,24345.810546875,23012.494140625,10975.7158203125,7.081116,3543.2303877842137,3266.2773314086367,3438.1318632366706,3249.8400168313865,1549.998025779058,Guinea,Non-CFA comparison
GN,GIN,1995,2171.72552153265,1013.63232372878,565.553359749505,713.031460558683,1.72503947546996,26145.78125,24378.76171875,25592.7734375,24448.25,11489.3857421875,7.269625,3596.5790876420724,3353.510218030504,3520.5080643774613,3363.068934092199,1580.4647065271593,Guinea,Non-CFA comparison
GN,GIN,1996,2205.32363416973,1048.15823915274,574.302865750492,726.025442583799,1.5470699360467,28451.328125,26789.080078125,27978.94140625,26998.666015625,12081.876953125,7.463781999999999,3811.918424868251,3589.2098775292475,3748.6278948460717,3617.2902712894083,1618.7339010068893,Guinea,Non-CFA comparison
GN,GIN,1997,2272.41100463955,1098.66868512012,591.77353015526,695.58174225826,3.04206463987209,26022.59765625,24606.04296875,25406.9765625,24606.146484375,12707.87109375,7.662075,3396.285948160257,3211.407219160606,3315.9394240463585,3211.4207292900423,1658.5417258053465,Guinea,Non-CFA comparison
GN,GIN,1998,2311.327353403,1130.0430385777,601.907993085373,647.379920832778,1.71255766162007,26321.66015625,24562.111328125,25570.5078125,24322.896484375,13290.5390625,7.860780999999999,3348.479006888756,3124.6400743291288,3252.922045850152,3094.2086396218137,1690.7402791783668,Guinea,Non-CFA comparison
GN,GIN,1999,2346.2701835771,1163.36009312694,611.007685844967,610.614842942762,1.51180792814343,24555.025390625,23061.6875,23858.8515625,22818.51171875,13890.005859375,8.054743,3048.5175493029387,2863.1189722626777,2962.087252504518,2832.928588627843,1724.4505329810027,Guinea,Non-CFA comparison
GN,GIN,2000,2358.28765608495,1195.80611453345,614.137235083638,518.157066924026,0.512194741763963,22994.27734375,21614.154296875,22201.091796875,21304.78515625,14290.7158203125,8.24073,2790.3204380861894,2622.8446141148906,2694.068583350626,2585.303141378252,1734.1565395677933,Guinea,Non-CFA comparison
GN,GIN,2001,2412.75161959628,1250.97059720231,628.320554864936,483.085120214741,2.30947074547048,21581.732421875,20177.50390625,20806.76171875,19894.54296875,14819.4736328125,8.417081,2564.0400064909677,2397.2091876328623,2471.9688118422528,2363.591721257049,1760.6428680931667,Guinea,Non-CFA comparison
GN,GIN,2002,2498.13177495102,1315.36669371684,650.554963973291,495.916073559269,3.5387047162788,20679.775390625,19141.4921875,19999.57421875,18874.609375,15590.0859375,8.586074,2408.5251758399704,2229.364921324927,2329.3037328527566,2198.2817030228252,1815.7409239077137,Guinea,Non-CFA comparison
GN,GIN,2003,2473.23418295471,1327.96776541054,644.071217908894,566.48540588068,-0.996648465303707,18282.50390625,17212.837890625,17673.240234375,16950.779296875,15777.166015625,8.753093,2088.69069553471,1966.4863483827946,2019.0851661664055,1936.547377809764,1802.4675409738022,Guinea,Non-CFA comparison
GN,GIN,2004,2477.50282602363,1366.03160239235,645.182843390689,584.897740538081,0.172593565879879,17592.896484375,16671.005859375,17019.2109375,16393.599609375,16140.0419921875,8.925742999999999,1971.028796636314,1867.7443277691282,1906.7556546833134,1836.6649823297626,1808.2575301784402,Guinea,Non-CFA comparison
GN,GIN,2005,2501.22160456279,1422.35088198922,651.359606871604,463.17768685098,0.957366356559277,17967.275390625,16267.4140625,17412.662109375,16292.71875,16624.2421875,9.109581,1972.3492650896897,1785.7477816487938,1911.4668511510024,1788.5255919015374,1824.918422427991,Guinea,Non-CFA comparison
GN,GIN,2006,2478.61319510726,1452.96083164187,645.472001923653,446.980554135013,-0.903894697466356,18618.126953125,16597.6640625,18078.734375,16497.841796875,16571.775390625,9.307425,2000.352079455381,1783.2713196721973,1942.3991463804434,1772.546305436251,1780.4898122332438,Guinea,Non-CFA comparison
GN,GIN,2007,2587.0048887648,1557.58584868863,673.698997420626,650.148575304743,4.37307821452357,18718.33984375,16993.509765625,18268.787109375,16868.03515625,17701.55078125,9.518162,1966.591852896599,1785.3772362379416,1919.360808250059,1772.1945850732525,1859.7656544666922,Guinea,Non-CFA comparison
GN,GIN,2008,2629.5397474637,1613.69884518936,684.775780377366,703.532825784369,1.64417388168144,19298.765625,17554.21875,18717.384765625,17558.494140625,18433.15625,9.738792,1981.6385466493175,1802.504740834387,1921.9411160670645,1802.9437470915284,1892.7559239379996,Guinea,Non-CFA comparison
GN,GIN,2009,2537.30645758746,1566.70089247765,660.756701330284,662.185914665575,-3.50758302722751,18333.9140625,16869.474609375,17983.431640625,16771.876953125,18226.21875,9.964469,1839.9288574734892,1692.9627268021006,1804.7556413317159,1683.1681601021592,1829.1209245570437,Guinea,Non-CFA comparison
GN,GIN,2010,2594.83050344245,1621.69161141242,675.736917327708,659.235326211315,2.26713039266406,20600.482421875,19252.619140625,20081.26171875,19221.744140625,19103.513671875,10.192176,2021.2055229300397,1888.9606243676521,1970.262456098678,1885.9313399439923,1874.331219542814,Guinea,Non-CFA comparison
GN,GIN,2011,2673.40873029955,1705.27110438049,696.199991395571,636.694958747648,3.02826048764469,21889.5,19711.091796875,21373.234375,19809.724609375,20175.62109375,10.420472,2100.624616620053,1891.573797892744,2051.081215419033,1901.0390901079145,1936.152325321732,Guinea,Non-CFA comparison
GN,GIN,2012,2762.90350938513,1789.97473033561,719.505916794546,699.353377212197,3.34759058991902,22976.0078125,20903.3515625,22147.01953125,20819.2578125,21369.39453125,10.652031,2156.9602841467513,1962.381780760871,2079.135850360368,1954.4871595379325,2006.133340322611,Guinea,Non-CFA comparison
GN,GIN,2013,2802.56007024474,1842.00227737409,729.833143236326,748.455020824734,1.4353219620192,23624.318359375,21195.41015625,22904.2578125,21088.87109375,22210.234375,10.892816999999999,2168.7978747256107,1945.8153162997232,2102.6937120581392,1936.0346450096426,2038.9798502077103,Guinea,Non-CFA comparison
GN,GIN,2014,2834.96634347846,1873.21413058957,738.272274481308,765.146999389279,1.15630967477851,23069.884765625,21231.232421875,22469.626953125,21169.53125,23033.66796875,11.150981999999999,2068.86575241759,1903.9787188137334,2015.0357119332632,1898.4454687488512,2065.6178952445625,Guinea,Non-CFA comparison
GN,GIN,2015,2869.85157178732,1929.68091332187,747.356966759448,747.356966759448,1.2305341257089,23850.041015625,21981.265625,23573.990234375,21892.302734375,23912.392578125,11.432088,2086.236653848798,1922.7691061335427,2062.089640525423,1914.9872476817009,2091.6907373460563,Guinea,Non-CFA comparison
GN,GIN,2016,3099.78874189372,2255.32617992615,807.236421043888,711.996509782316,8.01216245351651,26310.255859375,22837.67578125,26217.119140625,22706.92578125,26501.81640625,11.738429,2241.377944133325,1945.5478907143367,2233.4436014073945,1934.4092621976927,2257.697039889239,Guinea,Non-CFA comparison
GN,GIN,2017,3332.76576150531,2687.09504827171,867.907502577607,833.598621691121,7.51589992127235,29231.552734375,28845.638671875,29231.552734375,28845.638671875,29231.552734375,12.067518999999999,2422.333267871797,2390.353698376195,2422.333267871797,2390.353698376195,2422.333267871797,Guinea,Non-CFA comparison
GN,GIN,2018,3455.64512638662,2844.46427670549,899.907328045175,933.273615633705,3.68700873912611,27591.53515625,27376.97265625,27716.765625,27371.283203125,31043.890625,12.414292999999999,2222.5619418077213,2205.2784364159925,2232.649545568161,2204.820137814131,2500.6571558283667,Guinea,Non-CFA comparison
GN,GIN,2019,3557.46233883145,3105.82789015443,926.42221954853,1031.34146480732,2.9464024435663,29205.3515625,29383.0078125,29424.21484375,29377.283203125,32796.19921875,12.771246,2286.805184278809,2300.715827766531,2303.942375219301,2300.2675857253867,2567.9717718028455,Guinea,Non-CFA comparison
GN,GIN,2020,3630.99330577677,3331.85663003801,945.570903389665,1053.66097696415,2.06694997562413,NA,NA,NA,NA,NA,NA,NA,NA,NA,NA,NA,Guinea,Non-CFA comparison
GN,GIN,2021,3738.8051255133,3738.8051255133,973.646890096159,1244.96550477914,2.96921009369555,NA,NA,NA,NA,NA,NA,NA,NA,NA,NA,NA,Guinea,Non-CFA comparison
GW,GNB,1980,NA,NA,411.228191061056,346.855441567554,-16.9089615330147,1130.602783203125,1312.1337890625,929.0267333984375,1198.725341796875,1291.5147705078125,0.781677,1446.3810284850713,1678.61378684866,1188.5046296596133,1533.5302711949757,1652.2358602182392,Guinea-Bissau,WAEMU
GW,GNB,1981,NA,NA,478.36501639486403,477.46389637563,16.3259296889596,1261.600830078125,1193.12255859375,1045.014892578125,1099.2857666015625,1285.0894775390625,0.793806,1589.3062411699143,1503.0404892300512,1316.4613174731924,1384.829248710091,1618.8961503680528,Guinea-Bissau,WAEMU
GW,GNB,1982,NA,NA,490.618441344467,502.732266005568,2.56152196118961,1280.19873046875,1235.1270751953125,1078.38525390625,1141.4398193359375,1339.063232421875,0.8104049999999999,1579.7024086336462,1524.086197882926,1330.6744823961478,1408.4807217822417,1652.3383153137938,Guinea-Bissau,WAEMU
GW,GNB,1983,NA,NA,466.478485144929,488.993892322107,-4.92031162411782,1267.363525390625,1208.3477783203125,1074.640869140625,1111.6861572265625,1293.5350341796875,0.8302069999999999,1526.5632852898436,1455.4777041392238,1294.4252085812636,1339.0469572366442,1558.0873615612584,Guinea-Bissau,WAEMU
GW,GNB,1984,NA,NA,500.948088022197,407.439444684912,7.38932318959114,1270.1114501953125,1233.4454345703125,1078.4947509765625,1126.8011474609375,1364.6795654296875,0.8512759999999999,1492.0089961367555,1448.9371655847372,1266.915490365713,1323.661359489681,1603.0988368398587,Guinea-Bissau,WAEMU
GW,GNB,1985,NA,NA,513.578560199997,416.576139998898,2.52131358114698,1026.67626953125,1073.2843017578125,899.87640380859375,984.7459716796875,1423.360595703125,0.8721629999999999,1177.1610003305002,1230.600589291007,1031.7754867021347,1129.0847830963794,1631.9891989262617,Guinea-Bissau,WAEMU
GW,GNB,1986,NA,NA,501.441680283283,371.137575913103,-2.36319832198365,1349.095703125,1327.928955078125,1239.756103515625,1222.8956298828125,1409.126953125,0.8925219999999999,1511.5545646213764,1487.8389048988429,1389.048229080768,1370.1574077533244,1578.8148114276175,Guinea-Bissau,WAEMU
GW,GNB,1987,NA,NA,507.779967171681,487.551949436993,1.26401277309395,1390.4224853515625,1362.2412109375,1286.906005859375,1254.8399658203125,1488.6234130859375,0.912754,1523.3266415173887,1492.4516473633641,1409.9154929579877,1374.7844061163387,1630.9141489228616,Guinea-Bissau,WAEMU
GW,GNB,1988,NA,NA,522.568587226461,453.807472688208,2.91240714696819,1588.955810546875,1432.6307373046875,1469.02197265625,1322.1715087890625,1591.3388671875,0.933045,1702.9787529506882,1535.435844256909,1574.4385025976774,1417.0500981078753,1705.532816946128,Guinea-Bissau,WAEMU
GW,GNB,1989,NA,NA,545.340640363452,578.490985831256,4.35771565563357,1585.016845703125,1486.7799072265625,1467.4119873046875,1376.9517822265625,1662.94580078125,0.9537899999999999,1661.8090415113654,1558.812639288064,1538.5063665006842,1443.6634712322027,1743.513562504587,Guinea-Bissau,WAEMU
GW,GNB,1990,1967.96808437551,824.102250619802,569.169670374215,651.337640650994,4.36956798137795,1656.153564453125,1557.1708984375,1531.1629638671875,1447.2742919921875,1717.8133544921875,0.9752609999999999,1698.1644549029697,1596.6709408430154,1570.0032748845567,1483.9866374152023,1761.3883406515668,Guinea-Bissau,WAEMU
GW,GNB,1991,2024.72770800391,876.544183930708,585.58551396824,672.07387884966,2.88417399037313,1668.855712890625,1618.3468017578125,1572.7196044921875,1502.78662109375,1769.3509521484375,0.9975219999999999,1673.0014103855606,1622.3670272513414,1576.626484921824,1506.5197771014075,1773.7462954686089,Guinea-Bissau,WAEMU
GW,GNB,1992,1987.61538633299,880.0865645361,574.852002556155,574.32110641811,-1.83295371146548,1372.1536865234375,1419.9110107421875,1225.63916015625,1319.890380859375,1824.1185302734375,1.0203499999999999,1344.787265667112,1391.5921112776869,1201.1948450592936,1293.5663065216595,1787.738060737431,Guinea-Bissau,WAEMU
GW,GNB,1993,1963.44000410032,889.989243397549,567.860072938098,581.612681813953,-1.21630081950958,1631.5986328125,1587.9962158203125,1473.2618408203125,1474.37939453125,1865.6357421875,1.043423,1563.6981672940888,1521.910304661017,1411.9507053422367,1413.0217510360133,1787.9956088638069,Guinea-Bissau,WAEMU
GW,GNB,1994,1964.50771152778,909.486584465275,568.168871993007,560.883422537973,0.0543794271908382,1819.1607666015625,1760.5579833984375,1662.8697509765625,1631.8023681640625,1920.909912109375,1.066346,1705.9760777473375,1651.0194471573368,1559.409188927949,1530.2747590032338,1801.3945868502108,Guinea-Bissau,WAEMU
GW,GNB,1995,1999.82023018049,945.246706228473,578.381849917403,589.487023081945,1.79752507182782,1844.326416015625,1795.1224365234375,1702.1160888671875,1672.5538330078125,1998.0484619140625,1.088854,1693.8234290507496,1648.634653060408,1563.217923493129,1536.0680431056987,1835.0012599614481,Guinea-Bissau,WAEMU
GW,GNB,1996,2185.76736211592,1052.05187958949,632.160906920913,614.729892454585,9.29819236395304,1942.5611572265625,1842.6690673828125,1799.7308349609375,1721.0516357421875,2072.907470703125,1.110833,1748.7427518146856,1658.8173626303976,1620.1632783334107,1549.334270535884,1866.0838044090563,Guinea-Bissau,WAEMU
GW,GNB,1997,2283.88357077251,1118.23355977066,660.537774707954,598.953470198484,4.48886786202216,2255.576904296875,2121.261474609375,2083.164794921875,1974.6859130859375,2197.153564453125,1.13251,1991.6617992749514,1873.0620255974563,1839.4228703692463,1743.6366240350528,1940.0743167416845,Guinea-Bissau,WAEMU
GW,GNB,1998,1738.54122410447,860.790008706065,502.81554020706,497.724279563733,-23.8778523409397,1894.3524169921875,1806.3104248046875,1750.017578125,1674.1009521484375,1825.62939453125,1.154371,1641.0256468606603,1564.7572789031321,1515.992326665344,1450.2278315623291,1581.4927735808071,Guinea-Bissau,WAEMU
GW,GNB,1999,1992.72847838268,1000.60568713344,576.330795296558,478.733190989909,14.6207205646875,2171.164794921875,2129.566162109375,2014.5185546875,1981.9930419921875,2067.128173828125,1.177131,1844.454691042777,1809.1156906999945,1711.3800882718238,1683.7489132409116,1756.073176076516,Guinea-Bissau,WAEMU
GW,GNB,2000,1974.62172274651,1013.97349183331,571.094015178625,316.945495037639,-0.908641384543557,2128.693115234375,2078.986083984375,1972.8126220703125,1938.697998046875,2063.214599609375,1.201301,1771.9897970903005,1730.6121313345907,1642.2300672939693,1613.8320021767026,1717.4834613551268,Guinea-Bissau,WAEMU
GW,GNB,2001,2025.60064005453,1063.57228308529,585.837980688333,327.138431972397,2.58170548418317,2166.90576171875,2096.092041015625,2013.1298828125,1963.9544677734375,2104.819580078125,1.227106,1765.8668132327198,1708.158904785426,1640.5509245431936,1600.4766236767136,1715.2711991287836,Guinea-Bissau,WAEMU
GW,GNB,2002,2053.96189370909,1095.22305833488,594.040535151552,362.034574570354,1.40014043705072,2107.252685546875,2058.379150390625,1968.0380859375,1933.3408203125,2077.8896484375,1.254453,1679.8179649192716,1640.857928029687,1568.8416273367754,1541.182348252585,1656.4109204868575,Guinea-Bissau,WAEMU
GW,GNB,2003,2002.27740627342,1088.74265675319,579.092506821836,419.78486611807,-2.51633136885211,2127.94482421875,2045.7625732421875,2000.4232177734375,1936.250732421875,2086.236572265625,1.283305,1658.1754331345628,1594.1359016307017,1558.8057537167217,1508.8001156559626,1625.6747790008028,Guinea-Bissau,WAEMU
GW,GNB,2004,1979.57457765814,1105.34322841441,572.526464627294,431.376557669634,-1.13385031185746,2208.8720703125,2113.848876953125,2088.69189453125,2011.165283203125,2143.840576171875,1.3134919999999999,1681.6791197148518,1609.3351744457714,1590.1824255733954,1531.1591415883197,1632.1687350755658,Guinea-Bissau,WAEMU
GW,GNB,2005,2060.53834311757,1186.62631354737,595.94255560187,463.073962650452,4.08995783100083,2212.580078125,2106.063720703125,2115.208740234375,2052.048583984375,2235.306396484375,1.34493,1645.1265702490093,1565.9281306113517,1572.7277555221276,1525.766087442748,1662.0243406603877,Guinea-Bissau,WAEMU
GW,GNB,2006,2065.08370690452,1225.91824576792,597.257151722046,448.513075469701,0.220591080099751,2169.00146484375,2030.80322265625,2083.408203125,1975.1368408203125,2286.926513671875,1.377581,1574.5001309133547,1474.1806272417014,1512.3671153456676,1433.7718368795101,1660.1031181991295,Guinea-Bissau,WAEMU
GW,GNB,2007,2065.86121747677,1259.6056068922,597.482020935948,519.069789794741,0.0376503174978779,2167.161376953125,2073.19287109375,2095.00439453125,2024.8880615234375,2361.547119140625,1.411543,1535.3137502386573,1468.7422707588432,1484.1945265084025,1434.5209898128767,1673.0252774025482,Guinea-Bissau,WAEMU
GW,GNB,2008,2105.54284991215,1308.53556699717,608.958620496925,640.210331101753,1.92082759963192,2175.403564453125,2094.024169921875,2098.109375,2064.22314453125,2437.205078125,1.446936,1503.455276842324,1447.2127101142519,1450.0360589549227,1426.6167574317385,1684.3903794811933,Guinea-Bissau,WAEMU
GW,GNB,2009,2102.92720552345,1314.97078661955,608.202131879882,583.190020139094,-0.124226604498276,2124.892822265625,2045.48876953125,2075.034912109375,2012.3809814453125,2519.31201171875,1.4839209999999998,1431.9447074781106,1378.4350848402646,1398.3459443658896,1356.1240668777602,1697.7399819254194,Guinea-Bissau,WAEMU
GW,GNB,2010,2164.13349780236,1369.68917066121,625.904027290582,600.194298540768,2.91052833964689,2264.38330078125,2138.9091796875,2209.685791015625,2120.468017578125,2635.47265625,1.522599,1487.182968582831,1404.7751112981816,1451.2591897246912,1392.6634771060042,1730.9039715972492,Guinea-Bissau,WAEMU
GW,GNB,2011,2278.40566106623,1471.76279879072,658.953470528116,719.539573498937,5.28027330014127,2450.209716796875,2412.10205078125,2405.586669921875,2412.697509765625,2848.551025390625,1.562989,1567.6436090061254,1543.2623331202267,1539.0937939562434,1543.643307640441,1822.502285934594,Guinea-Bissau,WAEMU
GW,GNB,2012,2180.60762289148,1401.84994044148,630.66862302825,635.461653303881,-4.29238918450449,2423.4462890625,2336.507568359375,2338.329833984375,2306.160888671875,2799.7587890625,1.604979,1509.9551390158376,1455.7870030445104,1456.922385890641,1436.8791670619212,1744.42082361358,Guinea-Bissau,WAEMU
GW,GNB,2013,2192.45628322206,1415.82511935379,634.095456089352,654.304534409417,0.543365078897963,2439.162353515625,2365.654541015625,2372.92919921875,2341.4638671875,2890.921142578125,1.648255,1479.845262726717,1435.247908251833,1439.661459676294,1420.5713722618768,1753.9283318285854,Guinea-Bissau,WAEMU
GW,GNB,2014,2156.2021908175,1455.90813665193,623.610159103365,652.022501029449,-1.65358336592615,2500.372802734375,2425.105224609375,2432.69091796875,2406.72509765625,2918.8046875,1.692437,1477.380134524579,1432.907236493515,1437.3893491862623,1422.047082199367,1724.6164480568552,Guinea-Bissau,WAEMU
GW,GNB,2015,2230.39106612596,1729.94260310123,645.066837207039,645.066837207039,3.4407197814937,2893.131591796875,2877.202392578125,2871.15966796875,2859.378662109375,3097.8447265625,1.737202,1665.3973411249096,1656.2278840216193,1652.7494603211085,1645.9678621768655,1783.2380612977076,Guinea-Bissau,WAEMU
GW,GNB,2016,2293.23583589196,1824.3730977071,663.242608032005,679.665386626818,2.81765698941554,3160.604736328125,3158.6865234375,3146.6826171875,3143.394775390625,3291.863525390625,1.782438,1773.1919631022931,1772.1157894061394,1765.381245904486,1763.536670218333,1846.8319938144414,Guinea-Bissau,WAEMU
GW,GNB,2017,2342.41526571427,2081.81287227685,677.466131311367,783.123186602022,2.14454305364472,3486.708984375,3474.89013671875,3486.708984375,3474.89013671875,3486.708984375,1.828145,1907.2387498666683,1900.7738099104558,1907.2387498666683,1900.7738099104558,1907.2387498666683,Guinea-Bissau,WAEMU
GW,GNB,2018,2373.50158144916,2057.96969129146,686.456819839526,808.531613218504,1.32710524004433,3420.62841796875,3437.965087890625,3438.91162109375,3439.763427734375,3603.794189453125,1.8743029999999998,1825.0135746294757,1834.2632369956327,1834.76824243132,1835.2227082464124,1922.7383136307872,Guinea-Bissau,WAEMU
GW,GNB,2019,2442.10663731324,2247.31303739185,706.298562874985,811.216425885129,2.89045755858285,3554.279052734375,3262.903564453125,3581.914794921875,3266.132080078125,3765.965087890625,1.920922,1850.2984778842529,1698.6132515808165,1864.6851849902678,1700.2939630438534,1960.4987021287825,Guinea-Bissau,WAEMU
GW,GNB,2020,2455.85606168546,2339.79326967821,710.275129060129,846.915855715971,0.563014905333631,NA,NA,NA,NA,NA,NA,NA,NA,NA,NA,NA,Guinea-Bissau,WAEMU
GW,GNB,2021,2522.76764302521,2522.76764302521,729.627090607537,926.780921081233,2.72457259949626,NA,NA,NA,NA,NA,NA,NA,NA,NA,NA,NA,Guinea-Bissau,WAEMU
KE,KEN,1980,NA,NA,1275.28269729355,453.558973444809,1.91506413946645,36549.73828125,36195.26171875,34815.3515625,35157.25,49982.22265625,16.417196999999998,2226.308076905577,2204.716293454358,2120.663567751548,2141.489195750042,3044.504043915049,Kenya,Non-CFA comparison
KE,KEN,1981,NA,NA,1276.92778781689,412.883704225392,0.128998105818283,37305.00390625,36184.0859375,35620.421875,35288.26953125,51864.0078125,17.063876,2186.1975500906124,2120.508021594859,2087.4754290877404,2068.010194826193,3039.403697758938,Kenya,Non-CFA comparison
KE,KEN,1982,NA,NA,1250.61396929068,373.794835688888,-2.06071312546143,38617.703125,37333.23046875,37078.2734375,36505.5703125,53776.40625,17.736326,2177.322582196561,2104.902135242102,2090.527284934885,2058.237445145066,3031.9924346225935,Kenya,Non-CFA comparison
KE,KEN,1983,NA,NA,1221.53485890834,335.037151735189,-2.3251867559766,40833.12109375,39304.1796875,39303.015625,38388.89453125,54510.76171875,18.431760999999998,2215.367326743766,2132.415871033701,2132.352715782285,2082.757829338716,2957.4364445562205,Kenya,Non-CFA comparison
KE,KEN,1984,NA,NA,1198.09437242046,334.40283575753,-1.91893717292913,43699.1328125,42456.86328125,41973,41287.0625,55474.60546875,19.1464,2282.36811162934,2217.4854427594746,2192.2136798562656,2156.38775435591,2897.390917809614,Kenya,Non-CFA comparison
KE,KEN,1985,NA,NA,1204.91932367736,319.503611010714,0.569650556250821,44639.51171875,43583.3984375,43214.53515625,42526.31640625,57845.97265625,19.877083,2245.7777994261032,2192.6455927914576,2174.088378875814,2139.4646491263334,2910.184188306202,Kenya,Non-CFA comparison
KE,KEN,1986,NA,NA,1245.98851025394,363.745117772717,3.40845945197678,48201.58984375,47155.78125,46956.46875,46171.15234375,61992.02734375,20.62256,2337.3232927313584,2286.6114221512753,2276.9466424149086,2238.8661904123446,3006.0296754500896,Kenya,Non-CFA comparison
KE,KEN,1987,NA,NA,1274.22087961614,386.630929992512,2.26586113193359,48816.09375,47289.1875,47581.0078125,46319.296875,65663.8203125,21.382112,2283.034236748924,2211.623786275182,2225.2716575659133,2166.2638786570756,3070.969804690014,Kenya,Non-CFA comparison
KE,KEN,1988,NA,NA,1306.36433683504,391.238771204282,2.52259696361155,51739.41015625,49859.33203125,50555.73046875,48950.84375,69733.3828125,22.153675999999997,2335.477423983722,2250.6121345843467,2282.0470277144977,2209.6036680323396,3147.7115947935686,Kenya,Non-CFA comparison
KE,KEN,1989,NA,NA,1320.50774519897,374.489193682103,1.0826542002969,52305.67578125,50844.87109375,51357.85546875,50138.4765625,73007.3984375,22.935091999999997,2280.5958563955187,2216.9028619440464,2239.2696514472236,2186.1031367347473,3183.218032763941,Kenya,Non-CFA comparison
KE,KEN,1990,4177.48603310346,1729.27344602951,1329.33312766232,374.458992895562,0.668332502815062,54920.56640625,52272.2109375,54524.62890625,52200.8125,76082.515625,23.724579,2314.9226971003363,2203.2935099712413,2298.233781356036,2200.2840387599713,3206.906880202174,Kenya,Non-CFA comparison
KE,KEN,1991,4102.47677512965,1755.65401619964,1305.46415701447,344.722642127742,-1.79555975482411,56141.9765625,54491.14453125,55857.03515625,54364.25390625,77153.453125,24.521703,2289.4811409509366,2222.1598773645533,2277.8611728659303,2216.9852520540685,3146.3333980107336,Kenya,Non-CFA comparison
KE,KEN,1992,3946.84093437851,1727.54067549476,1255.93870622359,336.68139978696,-3.79370437133613,54881.1953125,53704.65234375,54476.8203125,53595.91015625,76541.484375,25.326078,2166.9835855555684,2120.5277952531774,2151.0168417115356,2116.23411079481,3022.239936835068,Kenya,Non-CFA comparison
KE,KEN,1993,3844.92029783599,1722.82069886192,1223.50616725762,228.998032843434,-2.58233453633143,58145.03125,56600.0625,57691.77734375,56454.65234375,76816.875,26.136215999999997,2224.6920231298977,2165.579841397087,2207.3500365833374,2160.0162909485443,2939.097036847262,Kenya,Non-CFA comparison
KE,KEN,1994,3833.22357838589,1754.25340077393,1219.7841113305,276.447871981244,-0.304212273442516,66930.734375,64675.09375,66566.0859375,64495.06640625,78836.359375,26.950512999999997,2483.4679167331624,2399.772269641027,2469.9376200185875,2393.0923469341756,2925.226669154684,Kenya,Non-CFA comparison
KE,KEN,1995,3890.0985511465,1817.60888095695,1237.88250467675,340.064842175429,1.4837374235438,64413.44921875,61906.01171875,64419.26953125,62054.71875,82309.265625,27.768296,2319.675979352496,2229.377406476436,2319.8855821491534,2234.732687594514,2964.145355732307,Kenya,Non-CFA comparison
KE,KEN,1996,3941.40919481353,1875.29830948115,1254.21025248674,440.527078880876,1.31900626661266,67130.8203125,65168.9609375,67268.4609375,65473.7734375,85720.9609375,28.589451,2348.0975662141955,2279.475773686595,2352.9119512473326,2290.1374859384323,2998.3423234500024,Kenya,Non-CFA comparison
KE,KEN,1997,3853.37139280354,1865.02667279175,1226.19542113337,466.723814611399,-2.23366307984048,68365.2890625,65496.26171875,68183.09375,65440.6484375,85952.6875,29.415658999999998,2324.1121017380574,2226.578086139427,2317.918281212058,2224.687484903874,2922.0044840742817,Kenya,Non-CFA comparison
KE,KEN,1998,3871.82176322447,1895.01738202937,1232.06658106635,487.883239905452,0.47881111214398703,68740.1953125,66587.8125,68354,66018.78125,88836.9609375,30.250487999999997,2272.366492484353,2201.2144894984835,2259.599911247713,2182.40384254297,2936.7116635440725,Kenya,Non-CFA comparison
KE,KEN,1999,3848.46470612727,1910.24013027617,1224.63404639886,433.721235701305,-0.603257549690113,69473.84375,67259.828125,69105.921875,66715.625,90706.6875,31.098757,2233.974938290942,2162.781879835262,2222.1441800712487,2145.2826876649765,2916.730321408023,Kenya,Non-CFA comparison
KE,KEN,2000,3756.63622296879,1906.89794095999,1195.41296851656,414.626365130846,-2.38610693277963,68730.7109375,65744.4453125,68053.65625,65096.53125,91158.078125,31.964557,2150.2162829129775,2056.7920059865055,2129.034863520868,2036.5222408682216,2851.8486311260313,Kenya,Non-CFA comparison
KE,KEN,2001,3778.25854755615,1961.05816869463,1202.29348759987,410.70045247481403,0.575576747494395,71611.5859375,66238.4921875,70829.984375,65697.109375,95230.2578125,32.848563999999996,2180.0522524363623,2016.480604372843,2156.2581662626108,1999.999433004134,2899.0691286383176,Kenya,Non-CFA comparison
KE,KEN,2002,3681.2569427491,1940.4030326056,1171.4262517349,402.936385605382,-2.56736280977373,69826.375,66448.703125,69119.9609375,65971.25,95774.75,33.751739,2068.823031607349,1968.7490213467222,2047.8933229929278,1954.602990974776,2837.6241591581397,Kenya,Non-CFA comparison
KE,KEN,2003,3674.08592758409,1974.8582021244,1169.14433674051,442.898457253405,-0.194798007216917,68460.0546875,67082.8671875,67801.765625,66619.2109375,98557.25,34.678779,1974.1195238592454,1934.4068367430123,1955.1370486544524,1921.036808634468,2842.0046161371483,Kenya,Non-CFA comparison
KE,KEN,2004,3743.56785736929,2066.31540638632,1191.25443604556,463.662781300121,1.89113513278383,71549.0625,68595.40625,70827.984375,68112.7421875,103587.234375,35.635270999999996,2007.8158659155422,1924.9301134822297,1987.580910357045,1911.385553585379,2906.87376489995,Kenya,Non-CFA comparison
KE,KEN,2005,3844.73557120578,2188.6956101775,1223.44738472019,523.456312433863,2.70244103195117,76682.46875,72208.5703125,76311.296875,73037.6171875,109711.6171875,36.624894999999995,2093.7252857653248,1971.5707120115978,2083.590871045501,1994.2068690572357,2995.5476237542803,Kenya,Non-CFA comparison
KE,KEN,2006,3970.73349887685,2330.13028941165,1263.54164666211,699.80237063381,3.27715457506901,84663.453125,79402.40625,84246.1015625,79872.6015625,116651.8046875,37.649032999999996,2248.755051026145,2109.015821203164,2237.6697314510047,2121.5047292848135,3098.401084763585,Kenya,Non-CFA comparison
KE,KEN,2007,4116.45094720856,2481.08706146996,1309.91092948216,840.201439476765,3.66978666216018,90141.9765625,85331.8203125,89931.0078125,85806.3359375,124643.359375,38.705932,2328.8930637944595,2204.618669626661,2323.4425103754124,2216.8781761281452,3220.265032631174,Kenya,Non-CFA comparison
KE,KEN,2008,4002.88364073792,2459.12174524213,1273.77226103073,915.54435473604,-2.7588645638462,93471.015625,87956.7265625,93227.5,89093.6484375,124933.1171875,39.791981,2348.9912609528037,2210.4133634990426,2342.871544897451,2238.984996436845,3139.6556303014922,Kenya,Non-CFA comparison
KE,KEN,2009,4012.19428382397,2480.0442906801,1276.73503486074,1047.9678324485,0.232598394599862,99208.609375,95268.375,99529.6328125,96006.5234375,129064.4921875,40.901792,2425.5320983246897,2329.198070343715,2433.380738244916,2347.244918694516,3155.472801472855,Kenya,Non-CFA comparison
KE,KEN,2010,4211.52462957784,2634.89271323826,1340.16467408856,1091.51873101194,4.96811299885232,109637.828125,103723.5234375,109700.8203125,104803.5390625,139905.828125,42.030676,2608.5192663805838,2467.8052629346244,2610.017985732611,2493.501152884146,3328.6599560045142,Kenya,Non-CFA comparison
KE,KEN,2011,4307.10611556858,2750.28663787693,1370.58000874482,1096.14499807675,2.26952218964762,119047.046875,110388.7890625,118986.8671875,111986.3046875,148456.3125,43.178273999999995,2757.1052718550077,2556.5817907056685,2755.711522593516,2593.579926041046,3438.2178523393504,Kenya,Non-CFA comparison
KE,KEN,2012,4387.93790075409,2847.27068286846,1396.30178709756,1285.00536171512,1.87670753904403,129439.2265625,120021.640625,128188.625,120889.7734375,155218.4375,44.343467,2919.0145768823177,2706.6363715990005,2890.8119656047643,2726.213839741038,3500.3676528044143,Kenya,Non-CFA comparison
KE,KEN,2013,4443.371215682,3106.39394464885,1413.94142522583,1370.87885214659,1.26331129067221,138897.046875,129483.390625,137929.734375,129935.7734375,164356.25,45.519981,3051.342373692994,2844.5396456777958,3030.092090218579,2854.4777608211216,3610.6396880965303,Kenya,Non-CFA comparison
KE,KEN,2014,4558.55155266374,3359.48950665093,1450.59338202277,1482.81566253497,2.59218353342239,153423.59375,140838.71875,152614.1875,141301.84375,173154.046875,46.700055,3285.297924167327,3015.8148368347747,3267.965904965208,3025.731848709814,3707.7910695180126,Kenya,Non-CFA comparison
KE,KEN,2015,4679.62182831938,3678.32614146019,1489.11959777284,1489.11959777284,2.65589352795405,169404.484375,160624.5625,168838.3125,160442.5625,183063.21875,47.878336,3538.228320528934,3354.848474683832,3526.403100141158,3351.047172984458,3823.508376523361,Kenya,Non-CFA comparison
KE,KEN,2016,4770.31046388086,3916.65315673095,1517.97796057742,1554.12610314423,1.93794795580835,182602.90625,175858,182326.96875,175289.9375,193825.40625,49.051534,3722.674733271339,3585.1682028945315,3717.049272098198,3573.587270481694,3951.464723814754,Kenya,Non-CFA comparison
KE,KEN,2017,4846.86210851932,4177.24993580267,1542.33773973372,1667.48447230835,1.60475183361922,203140.078125,195892.1875,203140.078125,195892.1875,203140.078125,50.221142,4044.9115658301835,3900.592055433546,4044.9115658301835,3900.592055433546,4044.9115658301835,Kenya,Non-CFA comparison
KE,KEN,2018,5017.66784674664,4411.56104120886,1596.69045914945,1836.45275528993,3.52404781491717,212139.75,206989.203125,212304.046875,206778.5,215975.40625,51.392565,4127.829580018044,4027.6098911389226,4131.026479705771,4023.5100155051614,4202.46403832928,Kenya,Non-CFA comparison
KE,KEN,2019,5171.71264279257,4687.37782325306,1645.70961777862,1960.40808854893,3.07004769448449,222738.46875,217529.4375,223246.234375,217130.78125,227564.0625,52.573972999999995,4236.667994446606,4137.587956306822,4246.326112257105,4130.005188118464,4328.454737480084,Kenya,Non-CFA comparison
KE,KEN,2020,5057.40115537429,4792.57315847182,1609.33414078281,1927.66459027849,-2.2103217118529,NA,NA,NA,NA,NA,NA,NA,NA,NA,NA,NA,Kenya,Non-CFA comparison
KE,KEN,2021,5338.85243382781,5338.85243382781,1698.89578271444,2061.35622089594,5.5651365159048,NA,NA,NA,NA,NA,NA,NA,NA,NA,NA,NA,Kenya,Non-CFA comparison
MG,MDG,1980,NA,NA,685.100689761521,577.592700958515,-2.05648173389217,13481.373046875,13090.923828125,12834.8427734375,12553.466796875,20789.328125,8.716553,1546.640403250574,1501.8464097132205,1472.467702936872,1440.187055235596,2385.0400640023645,Madagascar,Non-CFA comparison
MG,MDG,1981,NA,NA,599.781047690351,512.913929983213,-12.4535916174408,13078.85546875,12682.111328125,12519.767578125,12248.2353515625,18992.06640625,8.971345,1457.8477885701643,1413.6243036161245,1395.5284941249056,1365.261881196465,2116.969797310214,Madagascar,Non-CFA comparison
MG,MDG,1982,NA,NA,571.230461402833,500.642606965445,-4.76016813093069,13245.6845703125,13029.8388671875,12720.9033203125,12613.8291015625,18644.697265625,9.234129,1434.4270661924368,1411.0522895215672,1377.596449032984,1366.0009624689562,2019.1072991968167,Madagascar,Non-CFA comparison
MG,MDG,1983,NA,NA,559.661168899672,476.118671340584,-2.02532835429476,13898.7939453125,13716.01953125,13374.263671875,13256.2001953125,18795.728515625,9.504280999999999,1462.3719506307211,1443.141204605588,1407.1831074728327,1394.7609709048481,1977.606566517236,Madagascar,Non-CFA comparison
MG,MDG,1984,NA,NA,553.131009938747,385.408181010621,-1.16680579675797,14352.845703125,14185.26171875,13769.2998046875,13637.4873046875,19116.134765625,9.780871999999999,1467.4402960313766,1450.3064469865265,1407.7783458046995,1394.3017866594616,1954.4407457356565,Madagascar,Non-CFA comparison
MG,MDG,1985,NA,NA,543.513684745557,364.469101913106,-1.7387065668684,15040.884765625,14751.7763671875,14552.81640625,14250.5380859375,19337.09375,10.063495,1494.598523239193,1465.8700945533833,1446.0996310178523,1416.0625196253886,1921.5087551591173,Madagascar,Non-CFA comparison
MG,MDG,1986,NA,NA,538.491952606661,404.959271422966,-0.923938491308903,18022.49609375,17957.517578125,17570.73046875,17447.458984375,19715.927734375,10.35212,1740.9473705627447,1734.6705388002651,1697.3074567093504,1685.3996074596316,1904.5304473262483,Madagascar,Non-CFA comparison
MG,MDG,1987,NA,NA,529.509105998087,290.831531079348,-1.66814871886039,16517.646484375,16999.314453125,16099.5712890625,16540.771484375,19948.19921875,10.647753999999999,1551.2798740818957,1596.516453434687,1512.0157066985678,1553.4516936036464,1873.4654480888648,Madagascar,Non-CFA comparison
MG,MDG,1988,NA,NA,532.03346958824,280.528398357653,0.476736577625942,16384.470703125,16473.50390625,16000.353515625,16068.29296875,20627.119140625,10.952395,1495.971493278411,1504.1006013981419,1460.8999689679747,1467.1031284709875,1883.343245073338,Madagascar,Non-CFA comparison
MG,MDG,1989,NA,NA,537.840431033529,271.306183276982,1.09146543915431,15874.947265625,16092.5810546875,15594.9892578125,15786.7978515625,21468.4765625,11.268658,1408.7699942286827,1428.0831892038518,1383.9260413984077,1400.9474643353715,1905.1493587346426,Madagascar,Non-CFA comparison
MG,MDG,1990,1968.27239771424,1165.82092420717,538.536275056569,326.099253221978,0.129377410638895,16515.25,15815.4091796875,16222.595703125,15535.859375,22140.4453125,11.598633,1423.8962470836004,1363.5580313376154,1398.6644549512862,1339.4560699523815,1908.8840307732817,Madagascar,Non-CFA comparison
MG,MDG,1991,1789.84169366249,1095.98699618488,489.716098120013,262.024402380479,-9.06534604960984,15453.8779296875,15163.498046875,15208.3857421875,14882.4384765625,20743.486328125,11.942819,1293.9891268290594,1269.6749441547258,1273.433495239901,1246.1411729142424,1736.900335517519,Madagascar,Non-CFA comparison
MG,MDG,1992,1757.29459775259,1100.5789685005,480.810932444988,290.2120463948,-1.81843433556932,14981.0078125,14781.4189453125,14718.080078125,14522.5703125,20989.53515625,12.301336,1217.8358360831703,1201.610861235926,1196.4619191057784,1180.5685425144065,1706.280940236898,Madagascar,Non-CFA comparison
MG,MDG,1993,1740.29513594203,1115.76728424914,476.159733326381,307.887603096441,-0.967365507883727,15298.7958984375,14978.12109375,15004.6455078125,14692.5029296875,21429.59375,12.67546,1206.9617906125302,1181.6629214048248,1183.7555014029078,1159.1297617354717,1690.6363753268126,Madagascar,Non-CFA comparison
MG,MDG,1994,1686.34190833351,1104.26113402505,461.397665709464,258.723806434505,-3.10023435072759,15299.28515625,15118.5888671875,15059.453125,14842.4990234375,21414.25,13.066543,1170.8747414101801,1157.0458128969155,1152.5200755088779,1135.9162881442705,1638.8611739157022,Madagascar,Non-CFA comparison
MG,MDG,1995,1661.27062467061,1110.65249225111,454.537946632781,273.149653945976,-1.48672600372494,15827.306640625,15456.3955078125,15656.5537109375,15244.900390625,21780.90625,13.475399999999999,1174.5333452532022,1147.00828975856,1161.8618898836028,1131.3133851778057,1616.3458042061832,Madagascar,Non-CFA comparison
MG,MDG,1996,1643.32579628891,1118.76916210987,449.6280870806,339.877283663608,-1.08018694336826,16614.154296875,16170.3349609375,16445.99609375,15959.8974609375,22248.9609375,13.902688,1195.0318022583115,1163.1085269940245,1182.9364288222537,1147.9720656133188,1600.3351968698428,Madagascar,Non-CFA comparison
MG,MDG,1997,1649.44809006306,1142.30166097791,451.303199370831,284.371843967244,0.372555082381069,17325.56640625,16758.1796875,17112.8359375,16500.462890625,23069.884765625,14.347854,1207.5371275906487,1167.9920695805797,1192.7104874011125,1150.0300247427247,1607.8979313300094,Madagascar,Non-CFA comparison
MG,MDG,1998,1658.88849253066,1161.75088846904,453.886174768872,284.192923139852,0.572337045613963,18249.126953125,17730.826171875,17982.677734375,17368.26171875,23974.359375,14.808791,1232.3171387269224,1197.317604919605,1214.3245005196577,1172.8345493396457,1618.927525886482,Madagascar,Non-CFA comparison
MG,MDG,1999,1681.35933226493,1194.1502466887,460.034389996571,267.360530991414,1.35457204239148,19227.513671875,18720.80859375,18972.599609375,18363.189453125,25101.0234375,15.282521,1258.1375593643877,1224.9817025443642,1241.4574538700128,1201.5811693060982,1642.46615054545,Madagascar,Non-CFA comparison
MG,MDG,2000,1701.44320253582,1235.78733941908,465.529509827021,280.282905559649,1.19450196549229,20015.24609375,19891.19140625,19715.626953125,19496.0078125,26290.119140625,15.766805999999999,1269.4547071708755,1261.5866147049694,1250.4515469477458,1236.52233765672,1667.4346814836817,Madagascar,Non-CFA comparison
MG,MDG,2001,1748.50350929178,1298.56378873164,478.40561494987,319.283278235657,2.76590524360817,21202.56640625,21492.298828125,20887.857421875,21114.01953125,27864.5,16.260932,1303.896136227001,1321.7138370743448,1284.5424494656886,1298.4507610787623,1713.58566655343,Madagascar,Non-CFA comparison
MG,MDG,2002,1486.43429741771,1121.08749552772,406.70122213637,304.941777398445,-14.9882005086862,19542.888671875,19820.9765625,19266.1953125,19498.1015625,24339.404296875,16.765117,1165.6875804609654,1182.2748724330406,1149.1834690148598,1163.0161341850462,1451.7885140243877,Madagascar,Non-CFA comparison
MG,MDG,2003,1584.74925232364,1218.83563168796,433.601040301214,352.620095849925,6.61414736438235,21997.82421875,21829.20703125,21697.869140625,21511.451171875,26721.486328125,17.279141,1273.085520787752,1263.3270965987256,1255.7261463764316,1244.937533172222,1546.4591861438598,Madagascar,Non-CFA comparison
MG,MDG,2004,1620.11953793293,1279.54611058565,443.278654985967,272.20074858856,2.23191685103676,23994.736328125,22485.16796875,23682.810546875,22171.869140625,28126.234375,17.802996999999998,1347.7919660450991,1262.9990314973375,1330.2709957697011,1245.400936742561,1579.8595244946682,Madagascar,Non-CFA comparison
MG,MDG,2005,1648.17631554009,1342.51929937145,450.955230911228,305.812074924388,1.7317720668288,25512.767578125,23541.5390625,25332.873046875,23637.19921875,29420.859375,18.336724,1391.3481807396458,1283.8465072877793,1381.5375661909402,1289.063369157435,1604.4774069239413,Madagascar,Non-CFA comparison
MG,MDG,2006,1686.86335460016,1416.40465948998,461.540337897729,324.146874882604,2.34726337803239,26981.197265625,25386.376953125,26807.97265625,25354.771484375,30898.5546875,18.880269,1429.0684770235532,1344.5982656881108,1419.8935754702436,1342.9242710670596,1636.5526723957166,Madagascar,Non-CFA comparison
MG,MDG,2007,1731.61751794976,1493.37545004972,473.785462328449,419.548001431865,2.65309950729227,28095.037109375,26812.5078125,27955.783203125,26765.771484375,32826.828125,19.433529999999998,1445.6991143335772,1379.7034204542358,1438.5334626866556,1377.2984879419746,1689.1850386934336,Madagascar,Non-CFA comparison
MG,MDG,2008,1794.40235887329,1577.33838928618,490.963935389518,512.579800058444,3.62579150838536,31673.837890625,29260.82421875,31439.419921875,29422.84765625,35030.37109375,19.996472999999998,1583.9712278572829,1463.2992637626646,1572.2482620747671,1471.4018645313101,1751.8274894652673,Madagascar,Non-CFA comparison
MG,MDG,2009,1673.15551466723,1479.82980025947,457.789754866068,446.315238370592,-6.7569485520622,31584.16015625,29185.38671875,31479.080078125,29154.064453125,33636.6171875,20.569117,1535.5136613910067,1418.8935149112137,1530.4050279905064,1417.3707336646976,1635.2970906578053,Madagascar,Non-CFA comparison
MG,MDG,2010,1635.24511473059,1463.87646786391,447.417143030687,450.009391645726,-2.26580252727942,34949.984375,32598.34765625,34764.19921875,32630.90625,33844.91015625,21.15164,1652.3534049841999,1541.1735286838277,1643.569917923622,1542.7128227409316,1600.1080841130995,Madagascar,Non-CFA comparison
MG,MDG,2011,1614.55137773785,1475.17055178114,441.755158414121,506.163691559309,-1.26548226968092,38239.44921875,35975.01953125,38067.08203125,36173.9453125,34379.125,21.743966999999998,1758.623402010774,1654.4828057939014,1750.6962750288392,1663.631356343578,1581.0879863826137,Madagascar,Non-CFA comparison
MG,MDG,2012,1617.79082882481,1463.61756926447,442.641500123543,493.511162904211,0.20064094160324,39330.19921875,37004.54296875,38799.78515625,36917.15625,35414.328125,22.346645,1760.004654781512,1655.932824312106,1736.268918947341,1652.0223169965784,1584.7715898740057,Madagascar,Non-CFA comparison
MG,MDG,2013,1610.6023078966,1473.40398077255,440.67465890362803,515.301589361832,-0.444341802421619,39218.01953125,37368.3046875,38779.109375,37243.21875,36228.99609375,22.961254999999998,1708.0085357377027,1627.4504458706635,1688.8932845787394,1622.0027498496927,1577.8317036133262,Madagascar,Non-CFA comparison
MG,MDG,2014,1620.357889066,1498.83976908219,443.343869908205,505.684922503435,0.605710119846222,38882.98828125,38266.421875,38483.16796875,38182.55078125,37438.75390625,23.589888,1648.2904997789733,1622.1536056042319,1631.3416989834798,1618.5982223082196,1587.0678956275674,Madagascar,Non-CFA comparison
MG,MDG,2015,1627.5806134224,1496.61172412841,445.320069480568,445.320069480568,0.445748708056158,39829.046875,39040.92578125,39633.58203125,38893.96484375,38611.44921875,24.234088,1643.5133385254687,1610.9921603507423,1635.4476401690874,1604.9279363741684,1593.2701580826974,Madagascar,Non-CFA comparison
MG,MDG,2016,1648.91226979296,1561.51962374608,451.15659433146,453.970714522463,1.31063593376801,41739.1796875,41193.6640625,41640.1015625,41020.22265625,40153.2578125,24.89437,1676.6513748891819,1654.7381621828551,1672.6714338422705,1647.7710685689176,1612.9453291045327,Madagascar,Non-CFA comparison
MG,MDG,2017,1669.72764267278,1546.88001890817,456.851859574031,491.866848718929,1.26236994297058,41732.61328125,41137.4296875,41732.61328125,41137.4296875,41732.61328125,25.570511999999997,1632.060135567485,1608.7839651978813,1632.060135567485,1608.7839651978813,1632.060135567485,Madagascar,Non-CFA comparison
MG,MDG,2018,1678.78623269491,1546.59563549795,459.330367799543,500.45718552916,0.542519018708518,40550.671875,40064.6796875,40615.73046875,40043.76171875,43065.6953125,26.262313,1544.0632314069214,1525.5579235347625,1546.5404920255883,1524.7614221470135,1639.8287276714736,Madagascar,Non-CFA comparison
MG,MDG,2019,1707.83153830039,1612.29772715626,467.27741349648,499.818837622534,1.73013722889858,41507.4609375,40378.0234375,41620.1484375,40323.77734375,44965.421875,26.969306999999997,1539.0629406050368,1497.184315396017,1543.2413015840564,1495.1729142966115,1667.281323728489,Madagascar,Non-CFA comparison
MG,MDG,2020,1545.72714379204,1490.32312837866,422.924255422319,450.771615201509,-9.49182579621846,NA,NA,NA,NA,NA,NA,NA,NA,NA,NA,NA,Madagascar,Non-CFA comparison
MG,MDG,2021,1577.43246056529,1577.43246056529,431.599103077746,483.469463351195,2.05115869903585,NA,NA,NA,NA,NA,NA,NA,NA,NA,NA,NA,Madagascar,Non-CFA comparison
MW,MWI,1980,NA,NA,433.515183153301,287.470822426729,-3.38771522277639,7924.00341796875,7606.91552734375,7719.34814453125,7518.53564453125,6554.72021484375,6.250439999999999,1267.7512971836784,1217.02080611025,1235.0087585084011,1202.881020301171,1048.6814072039328,Malawi,Non-CFA comparison
MW,MWI,1981,NA,NA,394.77170082524,276.407062724717,-8.93705314915371,8220.8173828125,8057.4638671875,8024.90576171875,7997.2255859375,5846.20751953125,6.412383999999999,1282.0220034877045,1256.5473102028045,1251.4699309521623,1247.1532562518871,911.7057742535773,Malawi,Non-CFA comparison
MW,MWI,1982,NA,NA,388.989575970974,253.342697905133,-1.46467561939698,8642.8994140625,8479.2265625,8470.125,8438.06640625,5930.5732421875,6.5659849999999995,1316.3142185159577,1291.3868311456697,1290.000662505321,1285.118136311612,903.226742398513,Malawi,Non-CFA comparison
MW,MWI,1983,NA,NA,387.845329799767,252.442074600122,-0.294158569249731,9333.458984375,9102.4189453125,9170.2587890625,9054.4189453125,6180.5439453125,6.737924,1385.2128614651933,1350.9233623461025,1360.9917222370718,1343.7995063928445,917.277182899733,Malawi,Non-CFA comparison
MW,MWI,1984,NA,NA,392.970121764045,239.74828969103,1.32134940671426,10014.974609375,9954.9423828125,9815.9501953125,9862.4013671875,6422.7041015625,6.964607,1437.981297347431,1429.3616829797431,1409.4047510954315,1416.0743552633337,922.1918913102347,Malawi,Non-CFA comparison
MW,MWI,1985,NA,NA,395.418720697156,216.054136140391,0.62310053551127,11225.802734375,11076.5458984375,11060.3193359375,11007.494140625,6725.01318359375,7.268267,1544.4950955124516,1523.959686461367,1521.7271649400745,1514.4592432590878,925.2567611500444,Malawi,Non-CFA comparison
MW,MWI,1986,NA,NA,380.298046902206,217.8701899466,-3.82396507891448,10508.9892578125,10338.3544921875,10380.4462890625,10308.5205078125,6861.71630859375,7.666391,1370.7870180131042,1348.5295091507203,1354.0199409425504,1344.637979958562,895.0386575109136,Malawi,Non-CFA comparison
MW,MWI,1987,NA,NA,368.458072161033,207.605894737179,-3.11334092762722,10033.57421875,9851.958984375,9900.291015625,9828.1982421875,6793.7548828125,8.141145999999999,1232.4523130711575,1210.1439999202817,1216.0807600827943,1207.2254007221466,834.4961363931443,Malawi,Non-CFA comparison
MW,MWI,1988,NA,NA,360.182864554351,229.421843922728,-2.24590210716451,9620.2353515625,9302.681640625,9515.900390625,9301.3330078125,7017.16748046875,8.63669,1113.8798951406732,1077.1119075276524,1101.7994614400889,1076.9557559449859,812.4834259963886,Malawi,Non-CFA comparison
MW,MWI,1989,NA,NA,348.201112852441,252.19590741943,-3.32657460446772,10392.6552734375,9928.0712890625,10324.1416015625,9971.228515625,7302.29150390625,9.075572,1145.123995869076,1093.9333949488253,1137.5747557908749,1098.688712471787,804.6095060351294,Malawi,Non-CFA comparison
MW,MWI,1990,1047.46436351132,671.503430308209,353.771303717595,286.730598968269,1.5997050726011,9986.73046875,9674.6865234375,10022.736328125,9823.005859375,7650.68896484375,9.404499999999999,1061.9097739114254,1028.729493693179,1065.738351653464,1044.5005964564837,813.5136333503909,Malawi,Non-CFA comparison
MW,MWI,1991,1104.3904622212,731.940474913492,372.997561772469,325.75273105931,5.4346573203748,10694.5,10457.716796875,10742.009765625,10608.2451171875,8247.49609375,9.600355,1113.9692230131072,1089.305218075269,1118.917973931693,1104.9846716280283,859.0824082807354,Malawi,Non-CFA comparison
MW,MWI,1992,994.036504790471,673.815977208792,335.726543539643,258.393430877557,-9.99229540689642,9468.09375,9391.8369140625,9563.6650390625,9531.130859375,7594.44482421875,9.685972999999999,977.5056930264003,969.6327786648282,987.3726717039683,984.0137753197331,784.0662806120512,Malawi,Non-CFA comparison
MW,MWI,1993,1074.58485213269,745.682183261137,362.930995399017,293.016883079922,8.10315787740552,10169.28515625,10104.2177734375,10240.5810546875,10247.939453125,8412.3212890625,9.710331,1047.2645223164895,1040.5636814478826,1054.606795039994,1055.3645857309086,866.3269345877602,Malawi,Non-CFA comparison
MW,MWI,1994,975.849640143399,691.626134376847,329.584099900642,169.196526919639,-9.1882192265535,11839.83984375,11053.513671875,11915.48046875,11196.056640625,7437.43212890625,9.74569,1214.8795871559632,1134.195082326136,1222.6410309326482,1148.8213395485595,763.1509035179911,Malawi,Non-CFA comparison
MW,MWI,1995,1140.75609365079,825.454125717284,385.279714072363,200.362370007247,16.8987563989012,11366.9541015625,11167.1357421875,11488.9609375,11358.9697265625,8108.44873046875,9.844415,1154.6601907337815,1134.3625540153987,1167.0536987215594,1153.8491344140307,823.6597837930187,Malawi,Non-CFA comparison
MW,MWI,1996,1200.32058232422,884.456346986538,405.397063690478,320.662735559137,5.22149204417653,10969.1533203125,11116.375,11098.244140625,11328.3408203125,8892.734375,10.022789,1094.4212554322455,1109.1099493364572,1107.3009858458558,1130.2583363086362,887.2514801019956,Malawi,Non-CFA comparison
MW,MWI,1997,1221.09404555353,915.279224971424,412.4131068375,366.954461274104,1.73065958671548,12091.0595703125,12241.5703125,12175.9873046875,12397.2529296875,9229.984375,10.264906,1177.9026101468928,1192.5652619225154,1186.176210935346,1207.7317541619475,899.1786554109701,Malawi,Non-CFA comparison
MW,MWI,1998,1241.52433181826,941.051496433226,419.313245170577,236.045479450504,1.67311324947686,10345.1796875,10541.6884765625,10370.3173828125,10593.0478515625,9340.9619140625,10.552337999999999,980.3684915608277,998.990790151197,982.7506835748154,1003.8578987483628,885.2030624931177,Malawi,Non-CFA comparison
MW,MWI,1999,1249.77523298871,960.710822989416,422.099909963762,233.935986197873,0.66457828968673,10753.125,10504.8251953125,10785.755859375,10562.484375,9456.77734375,10.854322,990.6768013699981,967.8011390589389,993.683056332307,973.1132331434428,871.2453291647328,Malawi,Non-CFA comparison
MW,MWI,2000,1239.39174838676,974.310137499677,418.592985038462,224.22415918428,-0.830828162365975,10637.90625,10400.111328125,10613.677734375,10443.2861328125,9606.1533203125,11.148757999999999,954.178595499158,932.8493208055104,952.0053923831696,936.7219319687898,861.6343919486369,Malawi,Non-CFA comparison
MW,MWI,2001,1149.58039601898,924.056368279235,388.260039763569,215.474524898357,-7.24640554406461,9788.978515625,9646.685546875,9784.744140625,9709.37109375,9145.521484375,11.431999999999999,856.2787364962387,843.8318358008223,855.9083398027468,849.31517615028,799.9931319432296,Malawi,Non-CFA comparison
MW,MWI,2002,1140.84274642418,931.283507531356,385.308980237095,428.210439838398,-0.760072947056585,11867.7783203125,11414.240234375,11889.607421875,11504.26171875,9388.3408203125,11.713664,1013.1567987875101,974.4380779895172,1015.0203575819659,982.1232467270702,801.4862659806957,Malawi,Non-CFA comparison
MW,MWI,2003,1176.12385998737,979.038977932038,397.224846758815,383.348596852642,3.09254835285383,12289.263671875,11737.0556640625,12312.8876953125,11847.2470703125,9924.005859375,12.000181,1024.0898593008721,978.0732194008158,1026.0584982270268,987.2556980859289,826.988014545364,Malawi,Non-CFA comparison
MW,MWI,2004,1208.2196975075,1032.80213909276,408.064916052765,404.674248445428,2.72895046279207,14156.2490234375,13246.236328125,14211.16796875,13385.66796875,10461.9345703125,12.301838,1150.7425982554396,1076.7688802376522,1155.2068860563763,1088.1030922980776,850.4367046869338,Malawi,Non-CFA comparison
MW,MWI,2005,1214.7426419188,1070.93590957736,410.267979592536,414.361121984475,0.539880654549222,15152.2412109375,13732.4541015625,15348.349609375,14170.541015625,10803.9072265625,12.625952,1200.0870279672772,1087.637122457182,1215.6191952396937,1122.334459660943,855.6905036992458,Malawi,Non-CFA comparison
MW,MWI,2006,1237.27386519947,1124.4382691229,417.877689776503,440.822149023873,1.85481455109522,15813.8408203125,14732.7314453125,16006.75,15092.2216796875,11311.69140625,12.973699,1218.9153471429004,1135.5844963963245,1233.784597592406,1163.2936512314259,871.8940840426466,Malawi,Non-CFA comparison
MW,MWI,2007,1318.33196397214,1230.56385441329,445.254305419586,475.180261659331,6.55134655734449,19106.693359375,17889.2734375,19315.09765625,18254.66796875,12397.6142578125,13.341806,1432.0919791050028,1340.8434688302318,1447.7123753898086,1368.2306554862212,929.230589757676,Malawi,Non-CFA comparison
MW,MWI,2008,1378.42886690465,1311.44999791984,465.55147298007,554.048820396119,4.5585561584534,22284.07421875,19350.09765625,22524.5546875,19861.609375,13344.759765625,13.727889999999999,1623.2701616016739,1409.5463801246951,1640.78781863054,1446.8071477117023,972.0911054521125,Malawi,Non-CFA comparison
MW,MWI,2009,1449.72601522136,1387.78991561758,489.631418790158,625.869729869625,5.17234875360792,16911.056640625,16447.166015625,17135.70703125,16743.150390625,14456.125,14.128155,1196.9755881518147,1164.141107994993,1212.8764889152194,1185.091074568831,1023.2139299151235,Malawi,Non-CFA comparison
MW,MWI,2010,1504.37514113215,1457.60568309596,508.088650552846,683.124694716799,3.76961752338009,16858.490234375,16370.998046875,16996.7890625,16684.8984375,15449.849609375,14.539612,1159.4869405301188,1125.958385056974,1168.9988056421314,1147.5477088040589,1062.6039820990409,Malawi,Non-CFA comparison
MW,MWI,2011,1533.22889572405,1516.2111831915,517.833736624232,763.061000394572,1.91798932347378,17838.00390625,17360.09375,17916.681640625,17730.1171875,16199.7890625,14.962114999999999,1192.2113889814375,1160.270038694396,1197.4698523988754,1185.0007293420751,1082.7205286485234,Malawi,Non-CFA comparison
MW,MWI,2012,1518.14803849238,1464.04323957796,512.74031797451,558.46208832772,-0.983601161818072,16657.21875,15886.3818359375,16572.8984375,16100.95703125,16102.1376953125,15.396014999999998,1081.9175448971698,1031.8502441013147,1076.440782728518,1045.7873047830885,1045.863991124489,Malawi,Non-CFA comparison
MW,MWI,2013,1555.50607410511,1558.11224745203,525.357645516557,496.947368267313,2.46076368480048,19104.482421875,16533.58203125,19010.349609375,16672.384765625,17109.57421875,15.839286,1206.1454299060576,1043.8337959962337,1200.2024339591444,1052.5969898911478,1080.1985783165983,Malawi,Non-CFA comparison
MW,MWI,2014,1597.56484331405,1505.55190404024,539.562601918057,529.5133440206,2.70386402914775,17619.41015625,17036.30859375,17539.46484375,17158.171875,18172.625,16.289552,1081.6387188702304,1045.842672269317,1076.7309526836589,1053.3237424209087,1115.6000484236768,Malawi,Non-CFA comparison
MW,MWI,2015,1597.69145324855,1403.08451209235,539.605363240686,539.605363240686,0.00792518281976129,18822.5703125,17621.91796875,18787.0390625,17651.462890625,18767.841796875,16.745303,1124.0507450059279,1052.3499018650184,1121.9288813406363,1054.1142725589975,1120.7824544515559,Malawi,Non-CFA comparison
MW,MWI,2016,1593.59549264808,1409.95802703533,538.221990810959,450.506105510719,-0.256367435160101,18661.90234375,17078.208984375,18678.51171875,17054.455078125,19271.126953125,17.205261,1084.6625543053372,992.6155136138301,1085.6279203640095,991.2348948455359,1120.0717590465497,Malawi,Non-CFA comparison
MW,MWI,2017,1613.0593571462,1380.23263621737,544.795729220349,495.769683367165,1.22138049385239,20276.861328125,18404.740234375,20276.861328125,18404.740234375,20276.861328125,17.670196,1147.517623920244,1041.5696710084596,1147.517623920244,1041.5696710084596,1147.517623920244,Malawi,Non-CFA comparison
MW,MWI,2018,1638.91665761076,1363.79445595088,553.528790902088,533.202567189331,1.60299745635619,20597.8515625,19131.396484375,20631.869140625,19106.5078125,21063.7421875,18.143217,1135.2921349339535,1054.465505448951,1137.1670823660986,1053.0937160978674,1160.9706364367466,Malawi,Non-CFA comparison
MW,MWI,2019,1687.28944917892,1450.01008064784,569.866249371948,580.889139762475,2.9515101541935,21635.06640625,20362.392578125,21734.9609375,20314.865234375,22166.927734375,18.628747,1161.3806557279456,1093.062919268,1166.743041681762,1090.5116288484137,1189.9312248094302,Malawi,Non-CFA comparison
MW,MWI,2020,1656.43985192533,1513.45990803344,559.447086086067,602.507478176106,-1.82835240679078,NA,NA,NA,NA,NA,NA,NA,NA,NA,NA,NA,Malawi,Non-CFA comparison
MW,MWI,2021,1687.59358179651,1687.59358179651,569.968967322435,617.446994451007,1.88076432929152,NA,NA,NA,NA,NA,NA,NA,NA,NA,NA,NA,Malawi,Non-CFA comparison
ML,MLI,1980,NA,NA,667.105922219684,359.12056332085,-6.29825711883754,5061.80615234375,4750.11865234375,4765.45361328125,4566.48291015625,2385.56298828125,7.090126,713.9233001421625,669.9625158063129,672.1253773601837,644.0623072363242,336.46270719042934,Mali,WAEMU
ML,MLI,1981,NA,NA,667.725533547502,290.478605534961,0.0928805017584864,5785.9169921875,5419.53955078125,5457.24951171875,5227.69189453125,2488.40673828125,7.234728,799.7421592335608,749.1006642932879,754.3130179488089,722.5830597268135,343.95304678783367,Mali,WAEMU
ML,MLI,1982,NA,NA,598.548453287839,213.773956907607,-10.36010707755,6313.623046875,5924.45947265625,5986.35693359375,5729.8232421875,2643.44775390625,7.388668,854.50084465495,801.8305156837808,810.2078660989707,775.48798270371606,357.7705418495255,Mali,WAEMU
ML,MLI,1983,NA,NA,572.094412286836,186.276028899026,-4.41969916649023,6283.39892578125,5787.33447265625,5976.466796875,5592.65380859375,2506.49462890625,7.545166,832.7714626532073,767.0254667234956,792.0921550135544,741.2234281649668,332.1987387562116,Mali,WAEMU
ML,MLI,1984,NA,NA,544.215667495735,169.067780598011,-4.87310209510017,5989.9580078125,5825.51171875,5676.78271484375,5601.40380859375,2523.54931640625,7.6948549999999996,778.4367616819941,757.0658210908458,737.7374511727317,727.9414373102222,327.9528095599268,Mali,WAEMU
ML,MLI,1985,NA,NA,603.792264356221,190.377454158271,10.9472402980667,7862.2685546875,7431.77978515625,7513.03125,7181.4140625,2738.0224609375,7.831888999999999,1003.8789562374417,948.9128082837041,959.2872485807703,916.9453324095886,349.5992423970131,Mali,WAEMU
ML,MLI,1986,NA,NA,588.187728596193,250.013920202755,-2.58442127884273,7904.38232421875,7674.60546875,7635.36474609375,7469.921875,3179.372314453125,7.952865,993.9037471676874,965.0114101961997,960.0772483996333,939.2743212666127,399.7769752728262,Mali,WAEMU
ML,MLI,1987,NA,NA,573.572204280431,280.723262413678,-2.48484006129192,7186.52587890625,6919.18896484375,6971.115234375,6747.6328125,3104.43603515625,8.062218999999999,891.3831141161324,858.2238915667946,864.6645835811457,836.9448674738309,385.0597503188949,Mali,WAEMU
ML,MLI,1988,NA,NA,624.555381780193,307.019371606958,8.88871132863245,6135.90478515625,6036.7451171875,5964.3388671875,5899.9716796875,3112.18798828125,8.171522,750.8888534053082,738.754067747416,729.8932643377208,722.016251034691,380.85781183496175,Mali,WAEMU
ML,MLI,1989,NA,NA,635.07828701788,313.871327696511,1.68486343159731,6340.85400390625,6291.95361328125,6200.09228515625,6183.39013671875,3345.26611328125,8.296915,764.2423724849839,758.348568507843,747.2768233923392,745.263768125713,403.19397188970237,Mali,WAEMU
ML,MLI,1990,1890.50212991263,955.941595858803,589.775405883669,353.903252431339,-7.1334325326944,6335.4716796875,6139.39404296875,6151.48828125,5997.84326171875,3425.8876953125,8.449913,749.767681594769,726.5629886329895,727.9942741718169,709.8112444138478,405.43467078448026,Mali,WAEMU
ML,MLI,1991,2087.9190293987,1091.47043925797,651.363081549537,381.993534670324,10.4425642458913,6916.18310546875,6928.52490234375,6735.916015625,6763.228515625,3928.030517578125,8.635527,800.8987877020998,802.32797631734,780.0237340031478,783.1865403958554,454.8686510479471,Mali,WAEMU
ML,MLI,1992,1942.72857142808,1038.7147712292,606.068363323528,385.278654489301,-6.95383565771893,6393.7431640625,6412.4013671875,6240.923828125,6266.94775390625,3857.60986328125,8.850334,722.429590121966,724.5377820981106,705.1625202082769,708.1029658209792,435.8716702986859,Mali,WAEMU
ML,MLI,1993,1985.38064863365,1086.68093104408,619.374429340424,372.412257655559,2.19547279186931,6770.740234375,6789.52734375,6595.60546875,6625.318359375,4031.505615234375,9.087176,745.0873884664499,747.1548194675662,725.8146500904131,729.0844107536819,443.64779720722646,Mali,WAEMU
ML,MLI,1994,2051.75478430683,1146.98873720697,640.081008924462,266.455340167693,3.34314408266553,6825.720703125,6802.3349609375,6646.67578125,6629.21826171875,4319.787109375,9.33488,731.2060469041916,728.7008468172596,712.0258408517303,710.1557022392093,462.75764759429154,Mali,WAEMU
ML,MLI,1995,2022.4037826787,1154.28545566091,630.924447487992,331.193112410921,-1.43053165283814,9335.390625,9158.220703125,9128.212890625,8960.0234375,5927.96142578125,9.585652999999999,973.8919847192467,955.4091623309337,952.27867007339,934.7327133060211,618.4201979543022,Mali,WAEMU
ML,MLI,1996,2105.2753013378,1223.5824930292,656.777675992751,359.662096047648,4.09767423146987,11870.0107421875,11276.388671875,11618.31640625,11050.6943359375,7125.681640625,9.837570999999999,1206.5997533524792,1146.2574117000022,1181.0147450269992,1123.3153322031933,724.3334396900415,Mali,WAEMU
ML,MLI,1997,2142.78769298746,1266.86064233118,668.480326659359,320.75152297828,1.78182832553178,12826.05859375,12001.8505859375,12489.9306640625,11681.4423828125,7942.81005859375,10.094368,1270.6153167538573,1188.9650333668735,1237.3167556465646,1157.2237492047545,786.8556068684786,Mali,WAEMU
ML,MLI,1998,2228.20055528486,1332.16384195168,695.126372031158,356.647044025322,3.98606276193038,13388.0634765625,12911.95703125,13016.5234375,12475.0546875,8460.0693359375,10.360560999999999,1292.214145214965,1246.2604130461664,1256.3531489752343,1204.0906556604416,816.5647918039864,Mali,WAEMU
ML,MLI,1999,2269.08741153512,1375.80601929103,707.881746309111,364.415678427556,1.83497199806726,14417.935546875,14068.7939453125,14057.357421875,13625.048828125,9578.125,10.642935999999999,1354.6953159236325,1321.8903078354037,1320.8157431252994,1280.1964446770141,899.9513855951028,Mali,WAEMU
ML,MLI,2000,2187.71894209604,1356.51736440853,682.49742045713,304.652870194271,-3.58595570295952,15116.4638671875,14442.2275390625,14710.990234375,14005.01953125,10028.6171875,10.946444999999999,1380.9473182560641,1319.3532273777014,1343.9057369196119,1279.4125884019882,916.1528868504798,Mali,WAEMU
ML,MLI,2001,2458.46155672294,1558.71870195563,766.960343246307,346.224554251022,12.3755665966627,16584.02734375,16184.8388671875,16175.111328125,15756.84375,11498.935546875,11.2716,1471.3108470625289,1435.895424534893,1435.0324113812592,1397.9243186415417,1020.1688799172257,Mali,WAEMU
ML,MLI,2002,2455.61935704114,1581.11108691343,766.073669042446,378.191678628285,-0.11560887230587,16875.1953125,17068.2890625,16509.201171875,16663.359375,12410.7978515625,11.616887,1452.6434932611464,1469.2653085546929,1421.138138976044,1434.408320835005,1068.3411013262416,Mali,WAEMU
ML,MLI,2003,2611.8368553004,1714.89753907761,814.808466525191,441.910358475095,6.36163328047297,18777.728515625,18635.51953125,18389.970703125,18248.5625,14018.279296875,11.982695,1567.0705559663331,1555.202692820772,1534.7107393724868,1522.9097043695097,1169.8770015322095,Mali,WAEMU
ML,MLI,2004,2565.97744562534,1730.0922516304,800.501816706213,495.006294680645,-1.75582979396248,17424.3671875,17438.61328125,17111.5859375,17105.9375,13155.7705078125,12.369069999999999,1408.7047116315132,1409.856463036429,1383.4173416028855,1382.9606833820167,1063.6022358845491,Mali,WAEMU
ML,MLI,2005,2546.33281406377,1770.67795435907,794.373328211361,548.730382842725,-0.765580835290066,18747.904296875,18378.5859375,18517.552734375,18391.46875,14519.8310546875,12.775516,1467.487050767656,1438.5787577973367,1449.456345589094,1439.587156401354,1136.5357809960474,Mali,WAEMU
ML,MLI,2006,2555.07476259654,1831.5492454407,797.100532884951,586.985415515264,0.343315236896274,21296.9765625,21310.6484375,21106.486328125,21217.7734375,16336.791015625,13.203377999999999,1612.9945353757198,1614.0300184922376,1598.56714911328,1606.9958337555738,1237.3190418107397,Mali,WAEMU
ML,MLI,2007,2515.94692367878,1852.36282555464,784.893915016638,670.853394973479,-1.5313774567599,21730.638671875,21473.677734375,21594.58203125,21371.505859375,17693.20703125,13.651463999999999,1591.8174542946458,1572.994496002407,1581.8510037641386,1565.510179668276,1296.0666366076196,Mali,WAEMU
ML,MLI,2008,2523.1996127255,1893.49514528434,787.156518987615,767.19483895009,0.28826876189116,23899.35546875,22994.484375,23716.31640625,23056.046875,19382.17578125,14.113577,1693.359200771711,1629.2456813038964,1680.3901949342821,1633.6076159148033,1373.3000345164094,Mali,WAEMU
ML,MLI,2009,2575.54549773621,1944.69828229092,803.486738927624,787.482564287398,2.07458358612229,28792.123046875,26887.787109375,28724.52734375,26841.689453125,21658.904296875,14.581429,1974.5748545547217,1843.9747647075606,1969.9391152780704,1840.813369740716,1485.3759735671313,Mali,WAEMU
ML,MLI,2010,2632.26468220172,2011.67894612475,821.181286587872,797.151541135109,2.20222024869554,30366.767578125,27862.16796875,30213.759765625,27912.361328125,24013.02734375,15.049353,2017.8121662854876,1851.3864329416685,2007.6450971430465,1854.7216832594065,1595.6185853139334,Mali,WAEMU
ML,MLI,2011,2623.34627008963,2046.22567064388,818.399030995547,938.292902583696,-0.338811373050731,30844.3515625,30312.66796875,30694.158203125,30564.37109375,25874.01171875,15.51459,1988.086798458741,1953.8168890541097,1978.40601673167,1970.0405291889763,1667.7212687380072,Mali,WAEMU
ML,MLI,2012,2520.52931087437,1990.14805241092,786.323471336853,872.506092465564,-3.91930567411303,30517.12109375,30212.953125,30121.744140625,30243.255859375,28775.939453125,15.979496,1909.7674353277475,1890.732544067723,1885.0246679009776,1892.6288951400595,1800.8039460772106,Mali,WAEMU
ML,MLI,2013,2528.53006767058,2059.28407641881,788.819448205749,901.920957644831,0.317423676118025,31960.841796875,30685.08203125,31613.328125,30673.4140625,30794.42578125,16.449854,1942.9255601219927,1865.3710866521978,1921.7999214461115,1864.6617813446858,1872.0181821218598,Mali,WAEMU
ML,MLI,2014,2609.16733048758,2184.87660281666,813.975661285204,947.915033288325,3.18909645758293,34569.27734375,32744.49609375,34252.203125,32761.4921875,33192.91796875,16.934214,2041.3865883441651,1933.629520316089,2022.6627066954509,1934.6331744419906,1960.109749926982,Mali,WAEMU
ML,MLI,2015,2686.56065074588,2330.24293947692,838.11986940103,838.11986940103,2.96620762317433,34651.2578125,35516.1796875,34512.18359375,35432.421875,35683.921875,17.438778,1987.0232772330723,2036.6208966878298,1979.0482792859684,2031.8179332863806,2046.2398153700908,Mali,WAEMU
ML,MLI,2016,2759.11051294151,2531.80496963482,860.75307554569,872.468587171653,2.70047363998611,38910.94921875,38840.828125,38827.28515625,38697.515625,38861.421875,17.965443,2165.8775249099062,2161.974415270472,2161.2205808813064,2153.9972949734665,2163.120713193657,Mali,WAEMU
ML,MLI,2017,2816.194239022,2606.69607954141,878.561348377434,924.057531692284,2.06891771144161,41476.1171875,40026.515625,41476.1171875,40026.515625,41476.1171875,18.51243,2240.4469422706798,2162.1427130311904,2240.4469422706798,2162.1427130311904,2240.4469422706798,Mali,WAEMU
ML,MLI,2018,2862.40728989634,2684.41122026575,892.978322791418,996.379292136901,1.64097526491582,45292.16015625,43543.171875,45367.31640625,43503.75,44285.1171875,19.077749,2374.083030249009,2282.406162016284,2378.0225018292253,2280.3397822248317,2321.2967728792323,Mali,WAEMU
ML,MLI,2019,2916.17167790759,2819.86582297259,909.751069703313,971.949318638092,1.87829272937594,48087.625,47398.62109375,48250.6875,47311.73046875,47226.65625,19.658030999999998,2446.207608483271,2411.158121266062,2454.502564371783,2406.7380130161564,2402.4103049791715,Mali,WAEMU
ML,MLI,2020,2796.41038444894,2723.70094784441,872.389426814294,953.242943290974,-4.1067984565496,NA,NA,NA,NA,NA,NA,NA,NA,NA,NA,NA,Mali,WAEMU
ML,MLI,2021,2796.22793795433,2796.22793795433,872.332509419855,1027.27345365357,-0.00652431043852175,NA,NA,NA,NA,NA,NA,NA,NA,NA,NA,NA,Mali,WAEMU
NE,NER,1980,NA,NA,631.839702011287,408.822779755471,-5.32313551445273,11707.8056640625,11472.61328125,11346.6904296875,11184.46875,9105.7236328125,5.9890039999999996,1954.8835940103731,1915.612893437707,1894.5872184569423,1867.5006311567,1520.4070047060413,Niger,WAEMU
NE,NER,1981,NA,NA,612.157290468376,343.386800706738,-3.11509572447844,11161.380859375,10764.2099609375,10826.1845703125,10527.93359375,9161.1708984375,6.163704999999999,1810.8233374853276,1746.3862986527586,1756.4410643131853,1708.0528016428432,1486.309110906103,Niger,WAEMU
NE,NER,1982,NA,NA,607.151503137229,309.795062345471,-0.817728941415822,11301.4599609375,11085.5615234375,10993.306640625,10875.8310546875,9309.865234375,6.343522999999999,1781.5746803373302,1747.5402112418449,1732.9970492146085,1714.478067579719,1467.6174791791566,Niger,WAEMU
NE,NER,1983,NA,NA,566.647875215942,268.772580748131,-6.67109077586078,11065.16015625,11094.408203125,10755.7109375,10859.810546875,8867.55859375,6.5286409999999995,1694.8642383996917,1699.344197839183,1647.4655196234562,1663.4105852772423,1358.2548946633765,Niger,WAEMU
NE,NER,1984,NA,NA,457.605845032569,211.468807340699,-19.2433493449205,8609.26953125,8597.8994140625,8335.552734375,8379.12890625,7375.56103515625,6.719309,1281.2730492450935,1279.580893520822,1240.5371942821798,1247.0224105261418,1097.6665956508698,Niger,WAEMU
NE,NER,1985,NA,NA,478.48763243638,202.372740665362,4.56326937920227,9305.81640625,9328.4150390625,9053.9111328125,9121.8681640625,7945.14208984375,6.915997,1345.5495145891475,1348.817103168567,1309.1259485526816,1318.9520128569316,1148.8064685169397,Niger,WAEMU
NE,NER,1986,NA,NA,493.804077148173,259.561894151866,3.20101161942344,9354.2080078125,9314.869140625,9093.005859375,9134.0029296875,7798.8232421875,7.118882999999999,1313.9994024080042,1308.4734136837199,1277.3079511736603,1283.0668701378434,1095.5122091748806,Niger,WAEMU
NE,NER,1987,NA,NA,479.510568113117,295.326253933298,-2.8945708827687,9400.2568359375,9306.599609375,9126.06640625,9129.0322265625,7691.361328125,7.328943,1282.6210868248668,1269.8419962298792,1245.209084891232,1245.6137572038015,1049.4502860951436,Niger,WAEMU
NE,NER,1988,NA,NA,497.164557867416,292.587878484489,3.68166854460942,9396.5693359375,9393.9814453125,9136.8515625,9229.759765625,8160.31689453125,7.548432999999999,1244.8370855166233,1244.494247390485,1210.4302392960235,1222.7385161430195,1081.061048635028,Niger,WAEMU
NE,NER,1989,NA,NA,486.865683851794,271.266557931133,-2.07152216557793,9266.6396484375,9247.2001953125,9035.2197265625,9114.974609375,8101.21435546875,7.780245,1191.047280443932,1188.5487147657304,1161.3027258862028,1171.5536733579727,1041.2544020745813,Niger,WAEMU
NE,NER,1990,1411.84892200281,739.108850974286,465.923889536505,423.887460599302,-4.30134942960251,9713.4736328125,9651.666015625,9432.7998046875,9491.603515625,8039.21240234375,8.026591,1210.161777622966,1202.4614204990637,1175.1937783658716,1182.519891149929,1001.5724486701453,Niger,WAEMU
NE,NER,1991,1362.74545343526,737.528921327671,449.719266854731,384.44311679922,-3.47795488612833,9759.1328125,9670.8916015625,9434.2890625,9504.20703125,8068.3720703125,8.288734999999999,1177.3971314681917,1166.7512113202438,1138.2061391153175,1146.64143940541,973.4141663730957,Niger,WAEMU
NE,NER,1992,1347.33229741984,745.804310107439,444.632775312455,384.029657304316,-1.13103705292642,9672.765625,9609.70703125,9431.353515625,9456.4716796875,8085.15087890625,8.56677,1129.1029903919448,1121.7421538397787,1100.9229284345208,1103.8549744755023,943.7805472665018,Niger,WAEMU
NE,NER,1993,1309.6112110994,742.107180797027,432.184449587188,335.429581902384,-2.79968693637561,9699.51171875,9563.6982421875,9419.5380859375,9390.7451171875,8160.36181640625,8.860287,1094.7175547191644,1079.389216420134,1063.1188454660103,1059.8691799924202,921.0042311729011,Niger,WAEMU
NE,NER,1994,1291.68161029002,747.575677676837,426.267506763664,206.214617135856,-1.36907813994121,9869.4501953125,9679.2275390625,9578.6943359375,9492.5205078125,8378.548828125,9.168312,1076.474076723447,1055.7262382718322,1044.760947919039,1035.3618537210011,913.8594790540504,Niger,WAEMU
NE,NER,1995,1280.3354211914,756.545588583376,422.523153898523,237.01998956862,-0.878404477406505,10663.728515625,10378.6748046875,10357.2568359375,10186.611328125,8653.7470703125,9.490288,1123.646460004691,1093.6100995762722,1091.3532693567888,1073.3722019948184,911.8529459077006,Niger,WAEMU
NE,NER,1996,1239.47664115174,745.81084401481,409.039358698404,239.494513213973,-3.19125592898469,10622.5068359375,10525.896484375,10283.9228515625,10300.380859375,9094.1572265625,9.826597999999999,1080.9953593234914,1071.1638437203803,1046.5394892069974,1048.2143320989626,925.4634438655678,Niger,WAEMU
NE,NER,1997,1217.31253567922,745.105523925628,401.724988110363,220.562957209,-1.78818258744471,10757.5615234375,10584.4658203125,10425.8701171875,10363.001953125,9139.2783203125,10.178201,1056.9217019233065,1039.9151893652424,1024.3332900566122,1018.1565438848182,897.9266886468936,Niger,WAEMU
NE,NER,1998,1294.16191156539,801.046939699916,427.086030331896,246.090855923026,6.31303577624729,11937.1982421875,11693.2705078125,11577.9912109375,11405.5439453125,10301.0615234375,10.545715999999999,1131.9476308851388,1108.8171261024384,1097.8857396631486,1081.533387141518,976.8005817184439,Niger,WAEMU
NE,NER,1999,1247.64712892756,783.183877091627,411.735699209485,228.271656116064,-3.59420117545913,12097.982421875,11777.6220703125,11791.3203125,11524.3837890625,10403.4345703125,10.929917999999999,1106.8685439245749,1077.5581363293395,1078.8114158312992,1054.388860837062,951.8309808282643,Niger,WAEMU
NE,NER,2000,1190.56674543223,764.28188514316,392.898616941042,194.771959898935,-4.57504226731116,11749.5751953125,11434.0673828125,11463.677734375,11200.892578125,10134.658203125,11.331557,1036.8897403342278,1009.0464516758376,1011.659539317942,988.4689789871771,894.3747274205125,Niger,WAEMU
NE,NER,2001,1233.06511808278,809.387186909375,406.923493665264,205.417936120931,3.56959177749576,12800.5693359375,12345.0654296875,12507.625,12141.6845703125,10896.5693359375,11.751365,1089.283613940806,1050.5218270122236,1064.355077048496,1033.2148282614403,927.2598830806038,Niger,WAEMU
NE,NER,2002,1248.82313660601,832.469364409205,412.123793192578,225.294391147438,1.27795509678579,13484.052734375,12963.50390625,13222.1416015625,12783.67578125,11471.580078125,12.189983,1106.1584527537898,1063.4554540601082,1084.6726858899228,1048.7033313541126,941.0661260253603,Niger,WAEMU
NE,NER,2003,1231.2780915085,836.978440593236,406.333757497876,265.225363452469,-1.40492633289823,14008.3056640625,13437.337890625,13810.68359375,13307.912109375,11861.548828125,12.647984,1107.5524497866618,1062.409463091114,1091.9276616534303,1052.1765452403324,937.8213024403732,Niger,WAEMU
NE,NER,2004,1192.0823507557,832.125196599523,393.398781453199,283.468281798296,-3.18333778722413,13523.5068359375,13132.38671875,13379.13671875,13040.2431640625,11764.1044921875,13.125916,1030.290521129154,1000.492972738055,1019.2916607686656,993.4730013556768,896.2501734878922,Niger,WAEMU
NE,NER,2005,1233.87551052205,888.304262543839,407.190931059924,318.643121918273,3.50589535528762,14118.634765625,13784.3056640625,14136.41796875,13977.8017578125,12637.1103515625,13.624467,1036.2706126870871,1011.7317370332727,1037.5758529673124,1025.933840774285,927.5306220465359,Niger,WAEMU
NE,NER,2006,1260.12046671298,935.175329354286,415.852022114801,333.345078419447,2.12703436992842,14931.6708984375,14520.4169921875,14965.23828125,14658.5986328125,13367.0654296875,14.143970999999999,1055.6915662820222,1026.615297230707,1058.0648306794465,1036.3849468308795,945.0716089341176,Niger,WAEMU
NE,NER,2007,1252.74827252938,954.892280110555,413.419126261066,387.168065883301,-0.585038841788489,15272.2353515625,14993.8564453125,15348.09765625,15146.974609375,13787.6630859375,14.685398999999999,1039.9605316520513,1021.0043625857562,1045.1263636929443,1031.43092056096,938.8688101656279,Niger,WAEMU
NE,NER,2008,1300.55418500177,1010.43184621169,429.195542798877,475.044955398162,3.81608288917157,16500.2734375,16336.6337890625,16637.185546875,16629.439453125,15109.587890625,15.250907999999999,1081.920724818483,1071.1908949331082,1090.8980335383967,1090.3901232061069,990.7336593090065,Niger,WAEMU
NE,NER,2009,1277.69230957636,998.792501504778,421.650901333136,461.131533961487,-1.75785643451498,17110.75390625,16423.833984375,17289.47265625,16629.78125,15001.9052734375,15.843133,1080.0107470062896,1036.6531660357202,1091.291265196726,1049.6523162432582,946.9026911178174,Niger,WAEMU
NE,NER,2010,1336.56410237447,1057.51100257385,441.079166112039,474.425692340831,4.60766589552573,19601.61328125,17788.31640625,19750.759765625,18044.58203125,16257.451171875,16.464025,1190.572371048392,1080.4354589020606,1199.6313031366874,1096.0006457260604,987.4530178297834,Niger,WAEMU
NE,NER,2011,1318.10130997844,1064.41917390361,434.986264873953,510.75956176268,-1.38136228282855,19369.59765625,18690.787109375,19493.91015625,19028.4375,16627.841796875,17.114766,1131.7477350406077,1092.0854605534776,1139.0111998171637,1111.8140616120606,971.5494676862658,Niger,WAEMU
NE,NER,2012,1403.18971067857,1161.78908289767,463.066265496402,528.510104469655,6.45537638540985,21505.083984375,21124.7578125,21563.443359375,21438.818359375,18598.2109375,17.79521,1208.475987885223,1187.1035976816233,1211.7554869751466,1204.7521978878024,1045.1245552876308,Niger,WAEMU
NE,NER,2013,1423.26169034701,1137.76904129571,469.690214200878,552.103334363117,1.43045373805732,21654.232421875,21364.90234375,21612.552734375,21531.091796875,19578.037109375,18.504281,1170.228252687851,1154.5924072245768,1167.975817832371,1163.5735426237313,1058.0274429130752,Niger,WAEMU
NE,NER,2014,1462.82122998491,1161.32515723793,482.74524741946,565.30989731175,2.77949866185601,22978.552734375,22287.482421875,22906.28515625,22439.412109375,21052.078125,19.240178999999998,1194.3003614662318,1158.3822802207299,1190.5442852818574,1166.2787601599239,1094.1726750567134,Niger,WAEMU
NE,NER,2015,1471.66135329224,1172.19178758955,485.662574175279,485.662574175279,0.604320140159473,23838.548828125,22709.958984375,23782.568359375,22726.474609375,21965.23828125,20.001663,1191.8283408797058,1135.4035404143644,1189.029550161654,1136.2292530063626,1098.170601177012,Niger,WAEMU
NE,NER,2016,1500.00858681288,1188.55709229837,495.017437216008,502.706475406446,1.92620628769158,23862.0546875,23447.048828125,23802.8203125,23383.337890625,23214.7421875,20.788798,1147.8323416053204,1127.8693856241712,1144.9830005804088,1124.8047092778042,1116.6947789622084,Niger,WAEMU
NE,NER,2017,1520.0015371232,1208.14609955266,501.615305462902,521.804130023434,1.33285572403285,24374.998046875,24470.62109375,24374.998046875,24470.62109375,24374.998046875,21.602382,1128.3477001228384,1132.7742048886091,1128.3477001228384,1132.7742048886091,1128.3477001228384,Niger,WAEMU
NE,NER,2018,1574.33838262666,1275.99643935327,519.546993483886,578.568035680892,3.57478885227313,26680.908203125,26213.12890625,26685.7109375,26164.759765625,26082.36328125,22.442822,1188.8392735603838,1167.9961150273348,1189.053272244462,1165.8408985120054,1162.1695026253828,Niger,WAEMU
NE,NER,2019,1612.63734693259,1419.16805070193,532.186024570389,561.691304349698,2.43270218960372,28226.435546875,27399.2734375,28234.169921875,27302.517578125,27602.59765625,23.310715,1210.8781539680358,1175.3939524163031,1211.2099488100216,1171.243249215007,1184.1163025780206,Niger,WAEMU
NE,NER,2020,1615.69272448944,1496.83350023022,533.194328910254,579.512495758236,0.189464640804786,NA,NA,NA,NA,NA,NA,NA,NA,NA,NA,NA,Niger,WAEMU
NE,NER,2021,1585.59922021188,1585.59922021188,523.263179518652,608.722439593808,-1.86257596023195,NA,NA,NA,NA,NA,NA,NA,NA,NA,NA,NA,Niger,WAEMU
NG,NGA,1980,NA,NA,2177.41578655323,870.359934682057,1.00316529124757,352975,342808.15625,376510.375,368681.1875,278141.875,73.423633,4807.375848590876,4668.907574350073,5127.918077821075,5021.287730341538,3788.1791411765203,Nigeria,Non-CFA comparison
NG,NGA,1981,NA,NA,1834.28760820914,2162.20995436075,-15.7585051262646,332801.78125,332874.9375,353479.3125,357452.4375,275635.59375,75.440502,4411.4470665903045,4412.416787735586,4685.537650584563,4738.203326112544,3653.681861104265,Nigeria,Non-CFA comparison
NG,NGA,1982,NA,NA,1659.09814351168,1821.53265482387,-9.55081765331811,290087.6875,278141.75,309567.03125,300380.90625,256883.03125,77.42754599999999,3746.5695671150424,3592.2841981844554,3998.1511392599223,3879.5095772504533,3317.7214637539983,Nigeria,Non-CFA comparison
NG,NGA,1983,NA,NA,1440.0174778262,1207.07374565349,-13.2048044621261,240016.625,229445.5,253868.96875,245079.15625,228820.921875,79.41484,3022.3145321453776,2889.2018166881658,3196.744698471973,3086.0624569664815,2881.337063387649,Nigeria,Non-CFA comparison
NG,NGA,1984,NA,NA,1387.92176005589,890.434106332302,-3.61771426892362,219017.25,202801.53125,229541.75,214779.453125,226268.125,81.44875499999999,2689.019003421231,2489.9279461054994,2818.2352204155854,2636.988780552877,2778.0427705739644,Nigeria,Non-CFA comparison
NG,NGA,1985,NA,NA,1428.92742820366,868.640540548893,2.95446539768388,281991.03125,268778.59375,300258.8125,284840.4375,239647.421875,83.56278499999999,3374.600681990195,3216.4867859538194,3593.2121278629,3408.699668159696,2867.872604712732,Nigeria,Non-CFA comparison
NG,NGA,1986,NA,NA,1391.47877234542,628.248453718536,-2.62075281914927,153518.984375,150587.671875,161753.046875,159108.21875,239793.484375,85.76639899999999,1789.9665389356037,1755.7886728461108,1885.9722310948373,1855.1346518582413,2795.8907820648974,Nigeria,Non-CFA comparison
NG,NGA,1987,NA,NA,1398.24883298999,587.956613434089,0.486537112827307,112046.9375,109007.1640625,118266.6328125,114830.7734375,247467.1875,88.04803199999999,1272.566063713951,1238.042027588987,1343.2058630509766,1304.1833057381682,2810.5930578891307,Nigeria,Non-CFA comparison
NG,NGA,1988,NA,NA,1461.19132231299,539.539468397166,4.50152275031104,97518.3828125,90949.53125,102831.9140625,95652.703125,265616.46875,90.395271,1078.7996068123962,1006.1315182074072,1137.5806823179944,1058.1604774988728,2938.388986631834,Nigeria,Non-CFA comparison
NG,NGA,1989,NA,NA,1449.68017647113,465.488089532188,-0.78779182890575306,88235.8359375,83213.9921875,92062.7734375,86969.4921875,270714.6875,92.788027,950.9398872927861,896.8182089646114,992.1837591988027,937.2921808920455,2917.560554445241,Nigeria,Non-CFA comparison
NG,NGA,1990,5423.8068960709,2839.84330955838,1577.19616627741,556.376449130902,8.79614634151086,92692.8515625,79642.5625,96045.3046875,83344.1328125,302596.40625,95.21244999999999,973.5370906063231,836.4721472874609,1008.7473296559432,875.3491041612731,3178.11805336382,Nigeria,Non-CFA comparison
NG,NGA,1991,5301.36342299095,2869.60336970152,1541.59066261036,596.938795710722,-2.25751903462209,82480.34375,71851.2890625,77605.515625,75182.4453125,303680.75,97.667632,844.5002920721985,735.6714562558453,794.5878694489081,769.7785210201472,3109.328482541688,Nigeria,Non-CFA comparison
NG,NGA,1992,5403.15311816844,2991.35134943498,1571.1902261783,508.515905682785,1.92006635002696,80712,69085.4609375,90330.078125,72269.3359375,317744.84375,100.16171,805.8169134692289,689.7392320628312,901.8424118857396,721.5265787445122,3172.318481283916,Nigeria,Non-CFA comparison
NG,NGA,1993,5154.75757918925,2921.47704517002,1498.95895037787,539.573202297542,-4.59723301462516,68527.5,58118.7421875,71423.40625,60848.0703125,311278.34375,102.70075299999999,667.2541144854118,565.9037591233631,695.4516316934892,592.4793006386234,3030.9256228140803,Nigeria,Non-CFA comparison
NG,NGA,1994,4929.26827930529,2853.33080416608,1433.3886109229,744.884247151377,-4.37439193637937,56227.98828125,47767.31640625,57764.04296875,49470,305628.875,105.2937,534.0109453960683,453.6578770263558,548.5992321359207,469.8286792087276,2902.632113792183,Nigeria,Non-CFA comparison
NG,NGA,1995,4797.51152154868,2835.28912250855,1395.07488456856,1271.61617353199,-2.6729475916287,51017.015625,46210.1171875,51696.09765625,47600.05859375,305406.8125,107.948335,472.60585932149854,428.07623839219013,478.89666530058105,440.9522258379437,2829.1942853958794,Nigeria,Non-CFA comparison
NG,NGA,1996,4869.82113341489,2930.71333145872,1416.10189471212,1632.72469370276,1.50723164585267,51268.328125,47541.421875,51745.8203125,48832.51953125,318221.4375,110.66879399999999,463.2591200460719,429.5829036955079,467.5737255481433,441.2492245216841,2875.439642904214,Nigeria,Non-CFA comparison
NG,NGA,1997,4884.04743279879,2989.96114463265,1420.23877961207,1720.27540949396,0.292131866739084,55443.359375,52123.52734375,55394.578125,53114.76171875,327567.9375,113.457663,488.6700281760607,459.4094921887295,488.2400770497097,468.1460935675187,2887.1380640019,Nigeria,Non-CFA comparison
NG,NGA,1998,4880.87997128038,3021.60341151961,1419.31770917955,1822.46998452473,-0.0648532095970893,55373.265625,53101.62890625,55166.4609375,53615.0546875,336023.28125,116.31975899999999,476.0435037094601,456.5142617450747,474.2656055322467,460.9281789132662,2888.789352202836,Nigeria,Non-CFA comparison
NG,NGA,1999,4781.67311002018,3002.07703732431,1390.46921139078,480.669363941805,-2.03256096941413,84426.140625,64000.53125,85299.7890625,64576.61328125,337986.09375,119.26006299999999,707.9162839700999,536.6468006142175,715.2418581440797,541.4772695638271,2834.025785731809,Nigeria,Non-CFA comparison
NG,NGA,2000,4889.00321939426,3138.99138910401,1421.67987952013,547.318298903379,2.24461411109775,115127.21875,90765.515625,119590.5703125,91797,354939.25,122.28385,941.4752540911985,742.2526819772194,977.9751807986091,750.6878463509286,2902.5848466498232,Nigeria,Non-CFA comparison
NG,NGA,2001,5039.54869772676,3308.50611479543,1465.45720342309,566.428231812933,3.07926731844439,125205.3671875,110153.3046875,125884.3984375,111609.859375,375943.4375,125.39404599999999,998.495312827692,878.4572170795096,1003.9104921895574,890.0730372397427,2998.096396857631,Nigeria,Non-CFA comparison
NG,NGA,2002,5654.89706065018,3770.1793488182,1644.39518877633,712.164852077686,12.2103862832199,162246.859375,149729.59375,168533.5,152035.375,433572.34375,128.59607599999998,1261.678150855863,1164.34030032145,1310.5648729126076,1182.2707171873583,3371.5830003242095,Nigeria,Non-CFA comparison
NG,NGA,2003,5905.31482803165,4014.86695354936,1717.2145111176,763.388745367223,4.42833467516175,216833.53125,206455.78125,222586.8125,208608.578125,465427.8125,131.900631,1643.9157993868885,1565.2372523524925,1687.5340990597686,1581.5586062283508,3528.6246090816653,Nigeria,Non-CFA comparison
NG,NGA,2004,6275.29894529583,4381.13682825117,1824.80269456773,962.48104194733,6.26527336879505,292754.34375,284263.96875,301597.65625,286225.9375,508482.4375,135.320422,2163.4158349727877,2100.673087983719,2228.766743352308,2115.1717772502957,3757.6178819483725,Nigeria,Non-CFA comparison
NG,NGA,2005,6496.93228200091,4678.09163245173,1889.25175325818,1211.37703504386,3.53183710668041,479964.84375,483442.96875,492430.34375,492895.28125,541221.1875,138.865016,3456.3409674759264,3481.387772641023,3546.107997063854,3549.4561225557345,3897.462464556228,Nigeria,Non-CFA comparison
NG,NGA,2006,6702.94533358778,4975.26979314967,1949.15856804565,1599.53891556365,3.17092810336983,563757.4375,564015.5,570146.6875,570886.6875,574016.125,142.538308,3955.129294084226,3956.939772289145,3999.9540860271754,4005.1456728390517,4027.100735614176,Nigeria,Non-CFA comparison
NG,NGA,2007,6949.42650737506,5297.97029503285,2020.83316299454,1815.52697545827,3.67720698171571,625800.75,618150.375,628266.9375,623486.9375,611850.25,146.339977,4276.348560585055,4224.070467087746,4293.201013008223,4260.537347904598,4181.019175641936,Nigeria,Non-CFA comparison
NG,NGA,2008,7215.76946222422,5607.00840150758,2098.28339220668,2154.10543545364,3.83258898509833,648368.3125,626400.625,650202.25,635433.8125,653238.6875,150.269623,4314.699801303155,4168.511323143467,4326.904114213423,4228.6245204727775,4347.110709793955,Nigeria,Non-CFA comparison
NG,NGA,2009,7581.40572117009,5927.46111768635,2204.6072560373,1820.48633854782,5.06718321393218,690091.25,689019.4375,695897,695488.5625,705739,154.324933,4471.676977821854,4464.731810380893,4509.297276027329,4506.650668690068,4573.071805577911,Nigeria,Non-CFA comparison
NG,NGA,2010,7962.6395731076,6301.18372544791,2315.46676509663,2202.25672957344,5.0285377931029,798184,787666.3125,798407.4375,796198.8125,762238,158.503197,5035.759625719095,4969.403314306651,5037.169297600982,5023.235036073121,4808.975556499343,Nigeria,Non-CFA comparison
NG,NGA,2011,8153.53178680367,6585.36193271035,2370.97657091803,2418.41316975875,2.39734841623091,852169.125,840980.75,861913.375,852696.875,802697,162.80507699999998,5234.290850769968,5165.568331754175,5294.1430997265525,5237.532457295543,4930.417495518276,Nigeria,Non-CFA comparison
NG,NGA,2012,8265.9055121162,6670.83826243627,2403.65387896924,2633.19734671361,1.37822146587332,886951.6875,875824.6875,881059.875,883112,836651.625,167.228794,5303.8215864906615,5237.284002060076,5268.589540865792,5280.860902459179,5003.035691329569,Nigeria,Non-CFA comparison
NG,NGA,2013,8581.207822956,7004.13119554477,2495.34106573749,2872.79083379398,3.81449207685264,951913.5625,925641.25,936732,930997.6875,892467.4375,171.765816,5541.9267038559055,5388.972448394505,5453.541466015567,5420.156985718276,5195.8384868616695,Nigeria,Non-CFA comparison
NG,NGA,2014,8884.77428661657,7396.12835532947,2583.6155695814,3088.72131316169,3.53757268118461,1010802.75,984196.5625,999923.6875,989434.25,948779.625,176.404934,5730.014048246519,5579.189539562425,5668.343083306276,5608.880815091034,5378.418865540349,Nigeria,Non-CFA comparison
NG,NGA,2015,8892.05798706748,7307.83788188925,2585.73360671797,2585.73360671797,0.081979577825436,1010075.375,1001678.625,1011644.5,1003257.625,973947.8125,181.13744799999998,5576.2924019996135,5529.936719656115,5584.955022663233,5538.653856931893,5376.844066501369,Nigeria,Non-CFA comparison
NG,NGA,2016,8534.69281513898,7072.49693372311,2481.81490350326,2070.4127339595,-4.01892534268501,990782.9375,977357.75,986923.4375,976771.4375,958200.4375,185.960241,5327.928874323195,5255.735014884176,5307.174437895033,5252.582123186214,5152.716690123025,Nigeria,Non-CFA comparison
NG,NGA,2017,8396.78452274331,7036.67414372387,2441.71236404488,1876.34027111773,-1.61585537268604,966005.4375,966859.5625,966005.4375,966859.5625,966005.375,190.873244,5060.978779718335,5065.453608049958,5060.978779718335,5065.453608049958,5060.978452275899,Nigeria,Non-CFA comparison
NG,NGA,2018,8362.62330891339,7158.17107571781,2431.77857832568,2057.87944554011,-0.406836852099559,1014140.9375,1016549.375,1013038.625,1015577.4375,984634.9375,195.874683,5177.4988067242975,5189.7946147537605,5171.871165198006,5184.832577367847,5026.861677167334,Nigeria,Non-CFA comparison
NG,NGA,2019,8361.78664857198,7551.39380367192,2431.53528472982,3189.81286498516,-0.0100047593980293,1001537.3125,983498.25,995048.3125,981853.6875,1006236.5625,200.963599,4983.675240111519,4893.912404504659,4951.3858104223145,4885.729019512633,5007.058828101502,Nigeria,Non-CFA comparison
NG,NGA,2020,7664.21099591193,7414.7749554048,2228.68631422888,2797.18458068686,-8.34242347930724,NA,NA,NA,NA,NA,NA,NA,NA,NA,NA,NA,Nigeria,Non-CFA comparison
NG,NGA,2021,7588.47885596359,7588.47885596359,2206.66406250067,2787.48779224428,-0.988127022973842,NA,NA,NA,NA,NA,NA,NA,NA,NA,NA,NA,Nigeria,Non-CFA comparison
ST,STP,1980,NA,NA,1405.76061531863,828.688007722406,-3.38207304585406,283.3836975097656,250.92959594726562,223.45361328125,224.4798583984375,374.84405517578125,0.09579399999999999,2958.2614517586244,2619.470905769314,2332.6472772955512,2343.360319001582,3913.0222683652555,Sao Tome and Principe,Non-CFA comparison
ST,STP,1981,NA,NA,1234.82085380117,829.888818772033,-12.1599481202361,254.1210479736328,224.9252166748047,200.80014038085938,201.7710418701172,336.1830139160156,0.09777,2599.172015686129,2300.5545328301596,2053.8011698973037,2063.731634142551,3438.508887348017,Sao Tome and Principe,Non-CFA comparison
ST,STP,1982,NA,NA,1249.50268222753,783.429221364288,1.18898448962564,262.1590576171875,232.006591796875,209.1067657470703,208.80523681640625,346.5804443359375,0.09947299999999999,2635.47955341839,2332.3574416864376,2102.145966715293,2099.1147026470126,3484.16599816973,Sao Tome and Principe,Non-CFA comparison
ST,STP,1983,NA,NA,1179.55626040759,719.585065944304,-5.59794090999824,249.2832489013672,221.21287536621094,200.8097381591797,199.35284423828125,333.15399169921875,0.10106599999999999,2466.5391813405818,2188.7961863159812,1986.9168479922002,1972.5015755870547,3296.400289901834,Sao Tome and Principe,Non-CFA comparison
ST,STP,1984,NA,NA,1087.44153359985,735.13352186245,-7.80926946001769,244.2805633544922,215.13133239746094,196.81838989257812,193.05783081054688,313.0632629394531,0.10282899999999999,2375.5999120334945,2092.127049737535,1914.0358254245218,1877.4648281180105,3044.5036219301282,Sao Tome and Principe,Non-CFA comparison
ST,STP,1985,NA,NA,1163.80724250137,761.407990592529,7.02251169759136,240.8470458984375,224.0738983154297,198.38255310058594,201.78729248046875,342.17779541015625,0.10492399999999999,2295.4428529072234,2135.582882042523,1890.7261741888028,1923.1757508336393,3261.19663194461,Sao Tome and Principe,Non-CFA comparison
ST,STP,1986,NA,NA,1071.36164381493,1042.99511241999,-7.94337715992744,228.44268798828125,212.49728393554688,193.4128875732422,192.04620361328125,322.2215881347656,0.107429,2126.452708191282,1978.0253370649161,1800.3787391974438,1787.6569977685845,2999.391115385656,Sao Tome and Principe,Non-CFA comparison
ST,STP,1987,NA,NA,1014.69125831664,1017.85413731046,-5.28956639669342,219.66696166992188,204.68359375,186.898681640625,185.0242919921875,312.7801513671875,0.11025399999999999,1992.3718111807452,1856.473177843888,1695.1646347581495,1678.1639849092778,2836.905249398548,Sao Tome and Principe,Non-CFA comparison
ST,STP,1988,NA,NA,1008.24359402711,846.60177007008,-0.63543114584715,220.2849578857422,198.7980194091797,187.07760620117188,180.19593811035156,319.0317687988281,0.113285,1944.5200854988939,1754.848562556205,1651.38902944937,1590.6425220492702,2816.187216302495,Sao Tome and Principe,Non-CFA comparison
ST,STP,1989,NA,NA,1013.50760361265,821.355129173615,0.522097002820658,253.0297088623047,223.74789428710938,216.73040771484375,203.95167541503906,329.0344543457031,0.11631999999999999,2175.289794208259,1923.5547995796887,1863.2256509185331,1753.367223306732,2828.7006047601712,Sao Tome and Principe,Non-CFA comparison
ST,STP,1990,3883.20429842266,1504.39524002616,967.490807502814,970.059625606155,-4.54035035808427,233.36676025390625,219.8834686279297,203.66094970703125,204.84034729003906,321.9515075683594,0.119209,1957.6270269350994,1844.520704207985,1708.4360216680893,1718.3295496987566,2700.731551882487,Sao Tome and Principe,Non-CFA comparison
ST,STP,1991,3844.8963771482,1539.92825538325,957.946483063679,855.105075821698,-0.986502855129885,223.38307189941406,216.5776824951172,202.11878967285156,201.4860382080078,325.818115234375,0.121956,1831.6693881351805,1775.8673824585687,1657.309108800318,1652.1207501722574,2671.6038180522073,Sao Tome and Principe,Non-CFA comparison
ST,STP,1992,3798.88352929514,1556.1723028846,946.482495103288,740.471318576498,-1.19672530387369,232.94952392578125,214.49732971191406,200.4109649658203,199.60891723632812,328.0988464355469,0.12457599999999999,1869.9390245776174,1721.8190479058092,1608.74458134649,1602.3063610673655,2633.724364528857,Sao Tome and Principe,Non-CFA comparison
ST,STP,1993,3771.28612416062,1581.48569256943,939.606669438019,963.785698734091,-0.726460943635203,209.4589080810547,216.84226989746094,182.65492248535156,201.66610717773438,331.7079162597656,0.12706199999999998,1648.4779720219635,1706.586311387047,1437.5259517822133,1587.1472759576775,2610.5988907758865,Sao Tome and Principe,Non-CFA comparison
ST,STP,1994,3788.48370442152,1622.61932710044,943.891404294867,989.500757799244,0.456013669997787,211.06573486328125,214.5818328857422,188.52059936523438,198.7612762451172,339.0055236816406,0.129427,1630.7705105061639,1657.9371606059185,1456.5786069771716,1535.7017951827456,2619.2797768753094,Sao Tome and Principe,Non-CFA comparison
ST,STP,1995,3802.29132302174,1662.67844056238,947.331538535199,768.710751184259,0.364462927056991,212.07293701171875,206.58726501464844,192.41468811035156,191.47547912597656,345.7856140136719,0.131678,1610.5419053427206,1568.882159621565,1461.2515994346177,1454.1189805888348,2625.993818357447,Sao Tome and Principe,Non-CFA comparison
ST,STP,1996,3801.08164933857,1692.57951381916,947.030151309961,987.048712395264,-0.0318143345786694,215.88406372070312,218.00225830078125,195.74632263183594,201.5500946044922,350.972412109375,0.13380599999999998,1613.410936136669,1629.241276929146,1462.9113988299177,1506.285925926283,2622.9945750517545,Sao Tome and Principe,Non-CFA comparison
ST,STP,1997,3784.7902343178,1714.38768207392,942.971185295678,661.668232822488,-0.428599449412303,232.97103881835938,220.83827209472656,209.68089294433594,202.47531127929688,354.46923828125,0.13583199999999998,1715.1410479000488,1625.819189106592,1543.6781682102594,1490.630420514289,2609.615100132885,Sao Tome and Principe,Non-CFA comparison
ST,STP,1998,3828.99823839083,1753.90494504665,953.9855008639,513.569380269738,1.16804370483166,284.8247985839844,239.0884246826172,258.18646240234375,216.87905883789062,363.3309020996094,0.137848,2066.2236563750243,1734.4352089447593,1872.9793860073687,1573.3203154045807,2635.735753145562,Sao Tome and Principe,Non-CFA comparison
ST,STP,1999,3878.13108525246,1801.54861390926,966.2268289095,542.692548018387,1.2831775781198,269.280029296875,237.59950256347656,245.0559844970703,215.7613983154297,372.4141845703125,0.139959,1923.99223556095,1697.6364689907514,1750.9126565427755,1541.6043149453033,2660.8805762424176,Sao Tome and Principe,Non-CFA comparison
ST,STP,2000,3852.89042721453,1830.36629942706,959.938180991352,529.089383412262,-0.65084592250922,280.8841552734375,254.03646850585938,252.22862243652344,230.5110626220703,374.0839538574219,0.142262,1974.4144977115288,1785.6944827561779,1772.9866193117166,1620.327723651223,2629.5423504338605,Sao Tome and Principe,Non-CFA comparison
ST,STP,2001,3907.0192818698,1897.87411122439,973.424252100436,518.88050130005,1.4048895414449,363.8316955566406,312.8329162597656,327.07843017578125,284.97113037109375,385.5477294921875,0.144755,2513.430938873549,2161.1199354755668,2259.5311400351025,1968.644470803038,2663.4501709245797,Sao Tome and Principe,Non-CFA comparison
ST,STP,2002,3942.76040695115,1944.99838482036,982.32906557627,568.10257252271,0.9147926463327,361.0216064453125,323.4332275390625,326.7829284667969,295.646484375,393.2705383300781,0.147447,2448.4839057106115,2193.555837277547,2216.273837153668,2005.1034227552952,2667.199321315986,Sao Tome and Principe,Non-CFA comparison
ST,STP,2003,4161.63833167542,2093.50493378321,1036.86196260207,663.696211810494,5.55138791437551,371.41949462890625,336.249267578125,339.2372741699219,308.6462097167969,420.6579895019531,0.150415,2469.29823906463,2235.4769642530664,2255.342048132978,2051.964296890582,2796.6492005581435,Sao Tome and Principe,Non-CFA comparison
ST,STP,2004,4202.56186898775,2170.94121914898,1047.05796134884,726.560882130444,0.983351604603726,398.64794921875,360.68719482421875,366.9545593261719,332.0303955078125,436.7785949707031,0.15373699999999998,2593.0514399184976,2346.131346547798,2386.898139850341,2159.7298991642383,2841.0766111651924,Sao Tome and Principe,Non-CFA comparison
ST,STP,2005,4371.49721644128,2329.01423017277,1089.14778798762,844.169181884274,4.01981821374629,438.48504638671875,378.64910888671875,403.3627624511719,357.808837890625,467.76263427734375,0.157472,2784.5270675848324,2404.548801607389,2561.488788172957,2272.206093087184,2970.4495673982915,Sao Tome and Principe,Non-CFA comparison
ST,STP,2006,4644.18044669991,2550.59553998213,1157.0861446542,861.970707697664,6.23775372046612,456.90863037109375,394.6355895996094,424.662841796875,371.3788146972656,510.4022216796875,0.161681,2825.9883992002387,2440.8284807714535,2626.5475955546726,2296.984894312044,3156.847258983353,Sao Tome and Principe,Non-CFA comparison
ST,STP,2007,4698.08416961839,2650.1038762996,1170.51612474435,878.885791918745,1.16067244882319,452.1131896972656,398.491943359375,427.7437438964844,376.94970703125,527.00872802734375,0.1663,2718.66019060292,2396.2233515296152,2572.1211298646085,2266.684949075466,3169.024221451255,Sao Tome and Principe,Non-CFA comparison
ST,STP,2008,4873.1813112046,2801.83579340874,1214.14114724792,1081.8684584729,3.72699030635786,493.9669189453125,426.32257080078125,464.16693115234375,408.7515869140625,570.1505126953125,0.17112,2886.669699306408,2491.366122024201,2712.5229730735377,2388.683887997093,3331.8753663821444,Sao Tome and Principe,Non-CFA comparison
ST,STP,2009,4919.19529822865,2845.73589383231,1225.60541902997,1128.28046213305,0.944228915067228,513.41748046875,454.4651184082031,494.3233642578125,436.57476806640625,583.9844970703125,0.175876,2919.201485528156,2584.0087243751454,2810.6356993439267,2482.287339184461,3320.433129422505,Sao Tome and Principe,Non-CFA comparison
ST,STP,2010,4882.04796466341,2858.56899092769,1216.3502521663,1045.20958234528,-0.755150615358019,567.82476806640625,482.81878662109375,547.85540771484375,471.3636169433594,622.94781494140625,0.180371,3148.0934743745183,2676.809390761784,3037.380774707928,2613.3004581854034,3453.702729049605,Sao Tome and Principe,Non-CFA comparison
ST,STP,2011,4876.47315792145,2914.21285695222,1214.96130276731,1219.80189089671,-0.114189921572034,829.6336669921875,660.69061279296875,812.1173095703125,664.257080078125,650.34503173828125,0.184524,4496.0745864613145,3580.513173316039,4401.147328099935,3599.841105103537,3524.446856442963,Sao Tome and Principe,Non-CFA comparison
ST,STP,2012,4919.55294386577,2652.87879478958,1225.6945255615,1192.0202911189,0.883420959148197,732.589111328125,603.97991943359375,709.25360107421875,601.7279052734375,670.780029296875,0.188404,3888.394680198536,3205.770150493587,3764.5357905045475,3193.81703824461,3560.3279617039716,Sao Tome and Principe,Non-CFA comparison
ST,STP,2013,5072.11200195866,2945.73664283744,1263.70423995281,1382.5757842916,3.10107564312558,787.08258056640625,681.06353759765625,770.23187255859375,676.09161376953125,703.0760498046875,0.19208699999999998,4097.531746377455,3545.5993252935195,4009.8073922680546,3519.7156172439118,3660.1958997989846,Sao Tome and Principe,Non-CFA comparison
ST,STP,2014,5223.09572886388,3233.3568807314,1301.32146445028,1489.67633417608,2.97674276212585,875.89984130859375,768.0289306640625,859.7640380859375,765.60894775390625,749.1270751953125,0.19572699999999998,4475.109930201729,3923.9804966308307,4392.669575919202,3911.61642366105,3827.4079467590705,Sao Tome and Principe,Non-CFA comparison
ST,STP,2015,5210.2037755431,3171.50905832741,1298.10946596396,1298.10946596396,-0.246825905363622,871.104736328125,778.4322509765625,863.26678466796875,775.06890869140625,778.4281005859375,0.199432,4367.928598861391,3903.2464748714474,4328.627224657872,3886.3818679620435,3903.225663814922,Sao Tome and Principe,Non-CFA comparison
ST,STP,2016,5388.5091334891,3319.54261733278,1342.533807689,1434.87018050521,3.42223386315462,832.797119140625,782.476318359375,830.69207763671875,778.3428955078125,810.8477783203125,0.203227,4097.866519412406,3850.2576840644947,4087.5084395120666,3829.918738690295,3989.8624607966094,Sao Tome and Principe,Non-CFA comparison
ST,STP,2017,5521.20249597413,3436.31010124694,1375.59403284199,1555.79477812888,2.46252459071385,842.05718994140625,794.73809814453125,842.05718994140625,794.73809814453125,842.05718994140625,0.207089,4066.1608774073284,3837.664473460837,4066.1608774073284,3837.664473460837,4066.1608774073284,Sao Tome and Principe,Non-CFA comparison
ST,STP,2018,5674.72379094011,3941.03280858409,1413.84348618541,1825.59971753966,2.78057714923384,800.439697265625,773.27532958984375,803.40606689453125,772.27288818359375,866.85809326171875,0.211028,3793.049724518192,3664.3257273434983,3807.1064830000346,3659.575450573354,4107.787086366353,Sao Tome and Principe,Non-CFA comparison
ST,STP,2019,5702.08347071236,4655.48496449805,1420.66008316091,1935.2931816596,0.482132360625684,813.9346923828125,784.53076171875,821.2059326171875,782.8875732421875,878.1412353515625,0.215056,3784.7569581077137,3648.030102479122,3818.5678735640367,3640.3893555268746,4083.3142779162754,Sao Tome and Principe,Non-CFA comparison
ST,STP,2020,5742.94724858826,5144.53560286014,1430.84119299096,2167.22001796925,0.716646434339125,NA,NA,NA,NA,NA,NA,NA,NA,NA,NA,NA,Sao Tome and Principe,Non-CFA comparison
ST,STP,2021,5732.69456061536,5732.69456061536,1428.28676097975,2362.58827248102,-0.17852659147141,NA,NA,NA,NA,NA,NA,NA,NA,NA,NA,NA,Sao Tome and Principe,Non-CFA comparison
SN,SEN,1980,NA,NA,1012.16661480231,771.533969550579,1.44851388497118,12927.6435546875,12310.564453125,12233.3603515625,12034.734375,12678.7958984375,5.583165,2315.4686552676662,2204.943692891935,2191.1156757076856,2155.5398013492345,2270.8975820054575,Senegal,WAEMU
SN,SEN,1981,NA,NA,1037.70140590886,682.972070210382,2.52278535303547,13294.0654296875,12521.7880859375,12626.1357421875,12308.1416015625,12528.380859375,5.740444,2315.8601372450457,2181.3274523603923,2199.505080475918,2144.109689348507,2182.475930324379,Senegal,WAEMU
SN,SEN,1982,NA,NA,1091.73478914466,651.93712330983,5.2070261183153,15717.6455078125,14600.9326171875,15019.80859375,14385.24609375,14450.2177734375,5.909739,2659.617541115183,2470.656084335958,2541.5350142789725,2434.159290917924,2445.153292461393,Senegal,WAEMU
SN,SEN,1983,NA,NA,1002.79157255651,564.369336303935,-8.14696183290356,16702.517578125,15566.302734375,16025.6826171875,15331.48828125,14764.931640625,6.0895719999999995,2742.806485927911,2556.222791088602,2631.6599290044524,2517.662699652784,2424.625514013957,Senegal,WAEMU
SN,SEN,1984,NA,NA,1014.21873121746,536.231765402514,1.13953477209834,17709.8984375,16592.0625,16967.912109375,16273.1005859375,14173.6865234375,6.277424,2821.204754928136,2643.132358113774,2703.005581489318,2592.3214022085335,2257.882616091808,Senegal,WAEMU
SN,SEN,1985,NA,NA,1020.46425733551,571.417166069201,0.6157967631448,19239.708984375,18417.423828125,18590.833984375,18132.740234375,14709.39453125,6.471327,2973.0701267877516,2846.004201012405,2872.800892981455,2802.01266824795,2273.0105481070577,Senegal,WAEMU
SN,SEN,1986,NA,NA,1022.55326037551,783.940524706279,0.204711044505984,20050.375,19529.10546875,19553.38671875,19315.77734375,15379.3173828125,6.670662999999999,3005.7544504946513,2927.6108639800873,2931.250869478791,2895.630815670047,2305.5155661157673,Senegal,WAEMU
SN,SEN,1987,NA,NA,1055.32454152497,916.09484148409,3.20484833596085,20429.193359375,19953.22265625,19953.2421875,19755.572265625,15993.703125,6.875754,2971.1931752321275,2901.9686650002313,2901.9715055977863,2873.2226699246366,2326.1017082635594,Senegal,WAEMU
SN,SEN,1988,NA,NA,1016.8279275159,880.487755138196,-3.64784599374907,21120.51171875,20606.0859375,20673.890625,20459.201171875,16802.470703125,7.086627,2980.333481464454,2907.7424192778876,2917.3103967515153,2887.015384311182,2371.011018799917,Senegal,WAEMU
SN,SEN,1989,NA,NA,1027.27575950199,848.555548058968,1.02749262715633,21461.88671875,20421.125,21108.337890625,20400.853515625,16566.435546875,7.303516999999999,2938.5687359596755,2796.0672919635845,2890.160711698898,2793.291713516242,2268.281917721969,Senegal,WAEMU
SN,SEN,1990,2923.34412469673,1513.07729101075,990.777522619822,957.314337438177,-3.55291522695565,21646.51953125,20870.564453125,21356.72265625,21000.48828125,17213.21875,7.526307,2876.1143454884314,2773.0152986218873,2837.6098206265037,2790.2779253158287,2287.0736936455023,Senegal,WAEMU
SN,SEN,1991,2917.01427785027,1560.85968440626,988.63221583773,913.399575796737,-0.216527599094078,21193.431640625,20702.37890625,21064.08203125,20811.724609375,17144.953125,7.755496,2732.698416790493,2669.3816754273357,2716.0199723202745,2683.480799857933,2210.6842844094044,Senegal,WAEMU
SN,SEN,1992,2874.00297966311,1572.89009404313,974.054860027128,951.204960087807,-1.47449734866765,21325.212890625,21009.9296875,21057.884765625,21137.478515625,17524.4609375,7.990095999999999,2668.9557785820098,2629.496527638717,2635.4983426513277,2645.4598938016516,2193.272889024112,Senegal,WAEMU
SN,SEN,1993,2834.02797281318,1587.77652666416,960.506561720788,877.52900343803,-1.39091737666223,20917.69140625,20465.751953125,20669.6796875,20563.853515625,17135.6953125,8.226759999999999,2542.640286850474,2487.704996028206,2512.49333729196,2499.6296860033603,2082.9215040307486,Senegal,WAEMU
SN,SEN,1994,2757.86087513844,1578.09460534737,934.692068072302,583.782776032181,-2.68759159773336,21843.947265625,20773.875,21679.263671875,20889.10546875,17627.4375,8.461068,2581.7009466919544,2455.2308290159117,2562.237257976771,2468.8497325337653,2083.358448366093,Senegal,WAEMU
SN,SEN,1995,2835.03272874496,1656.26724973061,960.84709282163,714.994396357297,2.79825042307988,22101.66796875,20963.671875,22075.6171875,21186.013671875,18460.50390625,8.690164,2543.2969928703305,2412.3447929176023,2540.2992610381116,2437.9302475620716,2124.298679087069,Senegal,WAEMU
SN,SEN,1996,2822.46837323856,1679.11494146933,956.588791201654,723.469950081149,-0.443182026754187,25493.09765625,22251.587890625,25499.3515625,22517.599609375,19424.314453125,8.912861,2860.2597590437013,2496.5707297157446,2860.961431183545,2526.416557980092,2179.357947254535,Senegal,WAEMU
SN,SEN,1997,2840.60808859832,1719.04799845104,962.736689457399,650.776321407448,0.642689765162558,25624.42578125,22704.056640625,25523.408203125,22886.876953125,20031.13671875,9.130877,2806.348807595371,2486.514344747498,2795.285513442466,2506.536552088589,2193.7801504444756,Senegal,WAEMU
SN,SEN,1998,2938.69162551525,1798.39199954837,995.979085689636,684.588105785786,3.45290634461773,25446.1171875,23813.384765625,25329.5546875,23849.12890625,21212.705078125,9.347774,2722.1579370125983,2547.492565141712,2709.6883907869405,2551.316378236145,2269.2787692690263,Senegal,WAEMU
SN,SEN,1999,3050.17800998696,1893.0328371207,1033.76396461633,677.516338727268,3.79374220499105,27677.47265625,25961.966796875,27591.97265625,26027.205078125,23572.3125,9.568722,2892.4941759463804,2713.2115236365944,2883.558813418344,2720.0293913988726,2463.4755299610547,Senegal,WAEMU
SN,SEN,2000,3093.28791602615,1963.27509878739,1048.37474052363,603.233162455158,1.41335705319622,27249.232421875,25436.431640625,27087.318359375,25504.59375,23280.765625,9.797734,2781.1769968316144,2596.1545435531316,2764.6513325810847,2603.1114694479356,2376.1377503206354,Senegal,WAEMU
SN,SEN,2001,3149.33113703503,2043.85289540933,1067.36886550595,637.213530563724,1.81176865944212,28507.240234375,26551.373046875,28287.974609375,26688.5859375,24347.23828125,10.036104,2840.4687949003915,2645.585682140699,2818.6211112773444,2659.257610074587,2425.9651236426007,Senegal,WAEMU
SN,SEN,2002,3075.23157503112,2026.77782446969,1042.25509944289,669.430447319209,-2.35286664944574,28832.578125,26418.95703125,28650.27734375,26609.546875,24506.6640625,10.283699,2803.716651469476,2569.0130595275104,2785.9894911111264,2587.5462588899186,2383.059253533189,Senegal,WAEMU
SN,SEN,2003,3170.03494688479,2130.50797474486,1074.38578467686,817.888034221442,3.08280432027999,29001.609375,27864.48046875,28955.44921875,28050.921875,26141.46484375,10.541466999999999,2751.192919827952,2643.320940885173,2746.81400783686,2661.007417183965,2479.8697224731627,Senegal,WAEMU
SN,SEN,2004,3240.3020166984,2236.29400949837,1098.20064546027,918.102079522155,2.21660237161285,29770.888671875,28747.931640625,29717.091796875,28908.79296875,27679.384765625,10.810082999999999,2753.9926078157773,2659.3627117039714,2749.016061844761,2674.2433863597535,2560.5154711231175,Senegal,WAEMU
SN,SEN,2005,3301.82076160815,2350.20037042455,1119.0505307548,979.846101520171,1.8985497213755,32380.705078125,30249.123046875,32231.0625,30936.34375,29235.6875,11.090116,2919.7805575816337,2727.5749908184007,2906.2872290966116,2789.541944376416,2636.193120071963,Senegal,WAEMU
SN,SEN,2006,3301.03152414193,2422.09761798858,1118.7830430051,1017.20196747987,-0.0239030984175912,32757.1875,31092.50390625,32663.52734375,31557.306640625,29955.345703125,11.382268,2877.913918386037,2731.661555170727,2869.6853161206536,2772.497242256552,2631.7554377673237,Senegal,WAEMU
SN,SEN,2007,3316.42037834774,2499.31582882192,1123.99862153285,1188.93877808175,0.466183194352098,34770.6328125,33036.515625,34756.66015625,33407.640625,31434.685546875,11.68708,2975.134320334934,2826.7553251111485,2973.938755980964,2858.510476954038,2689.6954198033213,Senegal,WAEMU
SN,SEN,2008,3359.70567090311,2580.71949180217,1138.66883930214,1398.79218010021,1.30518111750766,35091.83984375,33272.4140625,34899.0859375,33871.57421875,32592.275390625,12.004700999999999,2923.174833238246,2771.6153915453624,2907.118297865145,2821.5258521432565,2714.9593638879473,Senegal,WAEMU
SN,SEN,2009,3371.46166688616,2605.72280250701,1142.65317233964,1308.69404336205,0.34991148435582897,37461.67578125,36443.9609375,37588.80859375,36847.203125,33382.04296875,12.335084,3037.00208131943,2954.496372906743,3047.3086842173107,2987.187045098355,2706.2679888316934,Senegal,WAEMU
SN,SEN,2010,3403.56707165919,2662.50486626479,1153.53431121583,1275.88357492357,0.952269607225944,39352.828125,37791.4921875,39290.19140625,38264.17578125,34777.19921875,12.678148,3103.988699690207,2980.836963529689,3099.0481737750656,3018.120294955541,2743.0819721263706,Senegal,WAEMU
SN,SEN,2011,3362.87940537332,2684.94989722318,1139.74447892639,1374.67591873844,-1.19544188286081,40398.94921875,38527.54296875,40223.15234375,39150.25,35389.66796875,13.033809,3099.550501219559,2955.96958408321,3086.062742192248,3003.745873520166,2715.220697859697,Senegal,WAEMU
SN,SEN,2012,3405.10864460824,2764.26130708482,1154.05677992367,1326.83798848379,1.2557464643975,42461.60546875,40090.09375,42100.34765625,40614.98828125,36807.38671875,13.401992,3168.3055376208254,2991.3533562771863,3141.350006495303,3030.5187677510926,2746.4116318492056,Senegal,WAEMU
SN,SEN,2013,3385.42590686562,2768.76818711984,1147.3859217191,1379.83196553924,-0.578035528287558,41221.1171875,39444.40234375,40927.8046875,39665.85546875,38227.55859375,13.782423999999999,2990.846689051215,2861.935051755047,2969.565055283454,2878.0028439663447,2773.645520827831,Senegal,WAEMU
SN,SEN,2014,3484.01219749797,2853.80456250635,1180.7987108505,1398.89137601382,2.91207940579723,42370.90234375,40527.3359375,42010.765625,40725.25390625,39785.40234375,14.174738999999999,2989.18395208194,2859.1239625293983,2963.777013813094,2873.086686552042,2806.7820045046333,Senegal,WAEMU
SN,SEN,2015,3593.79477120389,2994.28032714875,1218.00613555438,1218.00613555438,3.15103873013858,44750.59765625,43040.23828125,44629.8984375,43035.4140625,42318.46875,14.578458999999999,3069.6384066553264,2952.3174075703064,3061.3591215299234,2951.986493394124,2902.808091719434,Senegal,WAEMU
SN,SEN,2016,3710.05531589724,3101.12348494108,1257.40906915928,1266.43957151587,3.23503572393487,46485.66796875,45394.96484375,46473.734375,45264.49609375,45014.09375,14.993519,3100.384103875148,3027.6391315307637,3099.5881870693597,3018.937455159793,3002.236749758346,Senegal,WAEMU
SN,SEN,2017,3871.4514678592,3234.36158194088,1312.10932776049,1356.80518449031,4.3502357301897,48342.3203125,47185.00390625,48342.3203125,47185.00390625,48342.31640625,15.419355,3135.171368225195,3060.1152840861373,3135.171368225195,3060.1152840861373,3135.1711148909926,Senegal,WAEMU
SN,SEN,2018,3998.28635303406,3380.21596529445,1355.09610863712,1452.55612562445,3.27615846996514,50598.65625,49572.66796875,50691.6328125,49479.65625,51418.24609375,15.854322999999999,3191.4737860456107,3126.7603144423133,3197.338215734598,3120.8936672981877,3243.1688249160816,Senegal,WAEMU
SN,SEN,2019,4070.61227058594,3647.95137357242,1379.60875249861,1431.18128932159,1.80892290260792,52927.8671875,51997.69140625,53146.421875,51816.9765625,54101.0078125,16.296364,3247.8329023271694,3190.7541710684663,3261.2441569788202,3179.6648971819727,3319.820777966177,Senegal,WAEMU
SN,SEN,2020,4018.04129277358,3752.91947490817,1361.79143748646,1461.08720350553,-1.29147593329481,NA,NA,NA,NA,NA,NA,NA,NA,NA,NA,NA,Senegal,WAEMU
SN,SEN,2021,4173.67741399619,4173.67741399619,1414.5395109385,1598.10676952274,3.8734325976821,NA,NA,NA,NA,NA,NA,NA,NA,NA,NA,NA,Senegal,WAEMU
SL,SLE,1980,NA,NA,1165.12783269719,336.386279506102,2.77392622981942,4204.70068359375,4263.36669921875,3837.590576171875,4029.522216796875,6863.37939453125,3.388495,1240.8755756150592,1258.1888712300743,1132.5354106090979,1189.177560184352,2025.49491574615,Sierra Leone,Non-CFA comparison
SL,SLE,1981,NA,NA,1174.70023539592,333.887542728491,0.821575318184344,4518.2041015625,4519.20703125,4127.2890625,4292.30810546875,7135.560546875,3.4641059999999997,1304.291526172265,1304.581046668318,1191.4442174979636,1239.0810516389367,2059.856293911041,Sierra Leone,Non-CFA comparison
SL,SLE,1982,NA,NA,1205.86429259504,380.074041189746,2.65293700129511,4852.47705078125,4785.19189453125,4470.12109375,4555.66357421875,7260.61669921875,3.54017,1370.690404918761,1351.6842113602595,1262.6854342446832,1286.8488163615732,2050.9231757849907,Sierra Leone,Non-CFA comparison
SL,SLE,1983,NA,NA,1155.5985621559,285.814326139727,-4.1684400763676,4776.634765625,4692.2255859375,4431.4541015625,4467.15673828125,7253.26025390625,3.619847,1319.5681379972689,1296.249699486608,1224.210333078304,1234.0733567692916,2003.747742351058,Sierra Leone,Non-CFA comparison
SL,SLE,1984,NA,NA,1176.83294082111,305.576232491583,1.83752207389294,5019.86474609375,4914.7177734375,4652.7919921875,4660.62890625,7569.57958984375,3.7075099999999996,1353.972004416374,1325.6114679225411,1254.9641112734694,1257.0779057237878,2041.6882462471444,Sierra Leone,Non-CFA comparison
SL,SLE,1985,NA,NA,1089.92411667933,235.510529343624,-7.38497548183301,5059.20654296875,5002.99072265625,4738.181640625,4761.763671875,7745.888671875,3.8053109999999997,1329.5119749657126,1314.738985238329,1245.149644963316,1251.3467813471752,2035.5468112527467,Sierra Leone,Non-CFA comparison
SL,SLE,1986,NA,NA,1076.77818848429,131.473041005587,-1.20613242645724,5160.04443359375,5105.44873046875,4852.4228515625,4880.20556640625,7858.9677734375,3.9166849999999998,1317.4519864614465,1303.5127232516147,1238.9106735830173,1246.0040994887897,2006.5355711366885,Sierra Leone,Non-CFA comparison
SL,SLE,1987,NA,NA,1124.08995764348,172.364214833661,4.39382684987255,5555.1162109375,5491.0673828125,5219.912109375,5252.681640625,8176.080078125,4.038144,1375.660751805161,1359.7997948593463,1292.6513045039999,1300.7663026937623,2024.7123624429937,Sierra Leone,Non-CFA comparison
SL,SLE,1988,NA,NA,1016.68318068952,268.160979625957,-9.55499835432438,5927.0693359375,5721.47607421875,5582.29443359375,5490.791015625,8377.6552734375,4.1566339999999995,1425.930052041508,1376.468573903488,1342.9843555130788,1320.9705294295818,2015.4902436532784,Sierra Leone,Non-CFA comparison
SL,SLE,1989,NA,NA,998.840220254123,231.275622974338,-1.75501678146151,6335.720703125,6043.349609375,6006.51171875,5839.01806640625,8661.990234375,4.2544439999999994,1489.2006342368124,1420.479293974724,1411.8206089326832,1372.451503981778,2035.986426046506,Sierra Leone,Non-CFA comparison
SL,SLE,1990,2703.59918712824,1382.02162141179,992.259351903398,154.794072467618,-0.65885095706804,6813.25537109375,6628.828125,6544.08203125,6506.13037109375,8977.4638671875,4.319762,1577.2293406659326,1534.5354964000333,1514.9172642497435,1506.1316737111326,2078.2311310640494,Sierra Leone,Non-CFA comparison
SL,SLE,1991,2734.96862548027,1445.33665212681,1003.7723819105599,183.686515027567,1.16028435358966,7027.060546875,6873.943359375,6762.01123046875,6739.34033203125,8259.939453125,4.34866,1615.9139934773011,1580.7037936686245,1554.9643408472382,1549.7510341188436,1899.4217651241993,Sierra Leone,Non-CFA comparison
SL,SLE,1992,2257.44939868809,1220.17057183004,828.516034463031,163.197571684381,-17.4597698249032,6585.2744140625,6462.7587890625,6323.78955078125,6339.888671875,7463.162109375,4.3477239999999995,1514.6486791853624,1486.4694237864458,1454.505748474662,1458.2086332699594,1716.5675901632671,Sierra Leone,Non-CFA comparison
SL,SLE,1993,2293.56354039047,1269.07526559771,841.770438078312,184.951609154872,1.59977635482602,7288.3359375,7171.234375,6996.77392578125,7028.48193359375,7467.2138671875,4.328957,1683.6240086237863,1656.5732519403634,1616.272447562138,1623.597077447004,1724.9452621468636,Sierra Leone,Non-CFA comparison
SL,SLE,1994,2240.29005098829,1266.06583859706,822.218309819245,218.507275126222,-2.3227387628037,7900.70458984375,8020.9404296875,7613.3671875,7874.00732421875,7728.56640625,4.309775,1833.205814652447,1861.1042176650753,1766.5347233904322,1827.0112301033696,1793.2644758137026,Sierra Leone,Non-CFA comparison
SL,SLE,1995,2058.07683318146,1187.47720187909,755.343467472038,208.351997250955,-8.13346547365364,7998.57666015625,7510.50927734375,7770.98876953125,7434.22021484375,6953.77734375,4.303957,1858.4239248106453,1745.024236381486,1805.5451691388298,1727.2989053663293,1615.6707289942722,Sierra Leone,Non-CFA comparison
SL,SLE,1996,2084.1822265,1224.55526220614,764.924518087367,224.258711163044,1.26843628467385,7079.376953125,6349.705078125,6911.8984375,6317.8837890625,5230.16796875,4.312666,1641.531468730711,1472.33870606372,1602.6973657361827,1464.9601404473474,1212.745890534996,Sierra Leone,Non-CFA comparison
SL,SLE,1997,1936.55653107258,1157.43929308216,710.743788352538,199.880001395777,-7.08314721958494,5754.26416015625,5656.9287109375,5582.38916015625,5588.55517578125,4309.87451171875,4.335300999999999,1327.3044155772,1304.8525836931508,1287.6589561269795,1289.0812369847563,994.1350120138718,Sierra Leone,Non-CFA comparison
SL,SLE,1998,1951.82091117813,1179.67308828891,716.346032939256,156.51811883387,0.788222799625672,5144.8828125,4985.0009765625,4972.201171875,4885.5,4273.78271484375,4.381483,1174.233201977504,1137.7428547737147,1134.8215140569985,1115.033425897122,975.4192164716261,Sierra Leone,Non-CFA comparison
SL,SLE,1999,1903.3269610781,1166.6423031556,698.548063578049,155.020833269007,-2.48454916239004,3922.14208984375,3658.311767578125,3792.873779296875,3585.62353515625,3926.67529296875,4.462378,878.9354218409444,819.8121646301871,849.9669412355643,803.5230397685382,879.951293451328,Sierra Leone,Non-CFA comparison
SL,SLE,2000,1981.50608696758,1242.07432044948,727.240914632596,143.743743239644,4.10749847441832,4767.4873046875,4257.28076171875,4597.77587890625,4159.9697265625,4076.175048828125,4.5845709999999995,1039.8982379567249,928.6104985000234,1002.880286706488,907.3847316493736,889.1071921076423,Sierra Leone,Non-CFA comparison
SL,SLE,2001,1749.35086324104,1121.24260099529,642.036645844304,358.315716051546,-11.7160994484665,5438.703125,4904.21240234375,5234.0107421875,4801.02978515625,4816.8134765625,4.754072,1144.00941445565,1031.5814321583161,1100.9531917454133,1009.8773819909018,1013.1974182474519,Sierra Leone,Non-CFA comparison
SL,SLE,2002,2089.26152736756,1359.91725651246,766.788693742901,388.995111216836,19.430674044243,6332.5107421875,5685.15185546875,6108.06591796875,5570.42724609375,6089.2861328125,4.9657659999999995,1275.2334165942375,1144.8690605777135,1230.0349871437259,1121.7659563688162,1226.2531365377467,Sierra Leone,Non-CFA comparison
SL,SLE,2003,2196.28134548105,1457.80167857458,806.066489012144,413.817607346927,5.12237538056517,6391.55908203125,5836.44482421875,6195.560546875,5733.2529296875,6656.38916015625,5.20107,1228.8931089239811,1122.1623289474571,1191.208837196,1102.321816412296,1279.8114926652113,Sierra Leone,Non-CFA comparison
SL,SLE,2004,2260.83818961545,1541.00571321438,829.759768928304,417.749983329227,2.93937041660126,6308.5703125,5931.5478515625,6130.46630859375,5833.4091796875,7095.57373046875,5.433991,1160.9460362558568,1091.5637975039892,1128.170125529054,1073.5036513103353,1305.7757604804185,Sierra Leone,Non-CFA comparison
SL,SLE,2005,2296.65767887048,1614.50361925174,842.906030904902,462.633324427945,1.58434555022808,6269.3525390625,5844.560546875,6126.541015625,5867.029296875,7415.23583984375,5.645624,1110.4799999189638,1035.2373000531031,1085.1840320263977,1039.2171524130902,1313.4484053213162,Sierra Leone,Non-CFA comparison
SL,SLE,2006,2342.75461136539,1697.69680421278,859.824260714965,580.26796974773,2.0071311854182,6375.02880859375,6135.541015625,6254.64111328125,6132.8759765625,7728.44921875,5.829237,1093.6300597477423,1052.5461592357628,1072.9776664220806,1052.0889743481866,1325.8080292069099,Sierra Leone,Non-CFA comparison
SL,SLE,2007,2377.80530113361,1769.77972125467,872.68836234614,631.889926264998,1.49613150255581,6720.7197265625,6460.86328125,6622.5439453125,6468.505859375,8351.2568359375,5.9896329999999995,1122.0586848246796,1078.6743163145388,1105.6677337847746,1079.9502839948625,1394.2852318226344,Sierra Leone,Non-CFA comparison
SL,SLE,2008,2404.65198784353,1824.24498367556,882.54147817868,705.359014080005,1.12905319443597,7237.556640625,6866.2060546875,7138.93017578125,6930.43359375,8802.4013671875,6.133603,1179.9845279560807,1119.4408987160564,1163.9048330616197,1129.912319683879,1435.1110378659166,Sierra Leone,Non-CFA comparison
SL,SLE,2009,2376.58254518958,1814.0708691735,872.23959352481,652.845806767943,-1.1672975048301,7768.08642578125,7307.8056640625,7702.88232421875,7348.673828125,9082.724609375,6.272734,1238.389261489687,1165.0112477370315,1227.9944158669489,1171.5264553103957,1447.9690370060327,Sierra Leone,Non-CFA comparison
SL,SLE,2010,2459.76814418708,1900.38515206703,902.769891411394,685.039673490948,3.5002192188053,8106.5869140625,7551.62451171875,8021.54248046875,7616.0078125,9568.3740234375,6.415634,1263.5675467245326,1177.0659784705222,1250.31173543702,1187.1013546751576,1491.4151934847748,Sierra Leone,Non-CFA comparison
SL,SLE,2011,2590.52839483651,2042.70009101399,950.760763054593,761.146365577281,5.31595837430623,9623.7822265625,7988.57275390625,9467.451171875,8076.1181640625,10172.6396484375,6.5632399999999995,1466.315756632776,1217.169074101549,1442.496567529909,1230.5078229750093,1549.941743473879,Sierra Leone,Non-CFA comparison
SL,SLE,2012,2792.92626544926,2317.1913997528,1025.04366004502,937.504428180231,7.81299564274897,10974.0546875,9999.076171875,10715.9775390625,10058.1943359375,11717.126953125,6.712584,1634.8480238757534,1489.6016454877883,1596.40125755782,1498.408710555801,1745.5464174638262,Sierra Leone,Non-CFA comparison
SL,SLE,2013,3124.72832450941,2700.73807805259,1146.81973456475,1117.47183075115,11.8800866018127,13915.623046875,12713.8134765625,13698.0712890625,12755.9345703125,14144.361328125,6.863981,2027.339971785324,1852.2506802630282,1995.6452806414384,1858.3872202315974,2060.664405703483,Sierra Leone,Non-CFA comparison
SL,SLE,2014,2812.52832195116,2762.04553745948,1032.23789355905,1117.7586465721,-9.99126868436694,14147.705078125,13149.8642578125,13933.35546875,13190.912109375,14789.23828125,7.017148,2016.1617053146094,1873.961366898988,1985.6151628482114,1879.8110157253345,2107.5853439673783,Sierra Leone,Non-CFA comparison
SL,SLE,2015,2628.17058146385,2560.04985807593,964.575980888989,964.575980888989,-6.55487587621558,13173.517578125,12040.4091796875,13111.74609375,12035.4267578125,11758.8046875,7.171913999999999,1836.820349229648,1678.8278804915258,1828.207378637,1678.1331674937126,1639.562979631379,Sierra Leone,Non-CFA comparison
SL,SLE,2016,2732.26093997048,2634.9252433025,1002.77862282013,844.416411175476,3.96056326178993,13517.5732421875,12337.9326171875,13514.84375,12312.3955078125,12504.7607421875,7.328834,1844.437088108081,1683.4782473156713,1844.0646561240164,1679.9937763377504,1706.2415033806878,Sierra Leone,Non-CFA comparison
SL,SLE,2017,2753.42719846704,2501.4531554482,1010.54694071207,779.186007841728,0.774679247758442,12977.8291015625,12122.572265625,12977.8291015625,12122.572265625,12977.8291015625,7.488423,1733.0523531539952,1618.8418129725044,1733.0523531539952,1618.8418129725044,1733.0523531539952,Sierra Leone,Non-CFA comparison
SL,SLE,2018,2767.38003381598,2640.47566787646,1015.6678297205,845.914540460932,0.50674429876733,15149.11328125,13915.44140625,15204.4306640625,13919.919921875,13425.06640625,7.65015,1980.2374177303714,1818.9762823277974,1987.4683063812474,1819.561697728149,1754.8762320019869,Sierra Leone,Non-CFA comparison
SL,SLE,2019,2852.66269917494,2704.05835866756,1046.96778078594,843.712517809977,3.08171137743476,14651.259765625,13621.970703125,14754.4794921875,13634.6767578125,14164.4775390625,7.813215,1875.1896326448204,1743.4526892098836,1888.4005485817938,1745.0789153776648,1812.887209562581,Sierra Leone,Non-CFA comparison
SL,SLE,2020,2752.62615440121,2719.07286815807,1010.25294614757,845.277557920549,-3.50677788869559,NA,NA,NA,NA,NA,NA,NA,NA,NA,NA,NA,Sierra Leone,Non-CFA comparison
SL,SLE,2021,2849.38865926436,2849.38865926436,1045.7661615758,885.396401885395,3.51527957069044,NA,NA,NA,NA,NA,NA,NA,NA,NA,NA,NA,Sierra Leone,Non-CFA comparison
SD,SDN,1980,NA,NA,747.91943359375,418.348785400391,-2.31869961272838,33552.80859375,30461.224609375,32646.701171875,30316.876953125,32064.1015625,14.507468,2312.795630067907,2099.692696849306,2250.3376310652557,2089.7428106079574,2210.179030724038,Sudan,Non-CFA comparison
SD,SDN,1981,NA,NA,773.544799804688,483.802581787109,3.4262257716873,35642.546875,32661.330078125,34699.3125,32531.095703125,34297.375,15.027248,2371.86122668635,2173.473817569591,2309.092955676249,2164.807268977327,2282.345709606975,Sudan,Non-CFA comparison
SD,SDN,1982,NA,NA,790.597045898438,378.945373535156,2.20442598047367,38012.71875,35452.4375,37199.7734375,35423.05078125,34352.62109375,15.562125,2442.6431962215956,2278.1231676265293,2390.404487658337,2276.234818911299,2207.4505309364886,Sudan,Non-CFA comparison
SD,SDN,1983,NA,NA,782.225158691406,346.221649169922,-1.05893172428505,33044.90234375,31134.91015625,32472.412109375,31190.513671875,33048.9921875,16.10762,2051.5074445355676,1932.9305109165723,2015.9658664268836,1936.3825116233807,2051.761351925362,Sudan,Non-CFA comparison
SD,SDN,1984,NA,NA,726.964111328125,429.993377685547,-7.06459754963682,33761.48828125,31916.28515625,33109.4375,31885.748046875,31308.791015625,16.657958999999998,2026.7481917352543,1915.978131309484,1987.6046939484006,1914.1449469815002,1879.5094294340022,Sudan,Non-CFA comparison
SD,SDN,1985,NA,NA,669.103332519531,326.402770996094,-7.95923243778884,34182.9453125,33226.9921875,33671.30078125,33278.92578125,32921.6875,17.210186999999998,1986.204177357283,1930.6584052514945,1956.4750099025655,1933.6760130061343,1912.91863940816,Sudan,Non-CFA comparison
SD,SDN,1986,NA,NA,692.196655273438,400.333557128906,3.45138115933945,37526.9609375,36729.46484375,37136.203125,36837.20703125,37434.20703125,17.757490999999998,2113.3031089527235,2068.392705013901,2091.297871135061,2074.4601267853664,2108.0797411779627,Sudan,Non-CFA comparison
SD,SDN,1987,NA,NA,776.530822753906,471.1572265625,12.1835557689147,38299.58984375,37778.5703125,37931.4609375,37862.75390625,37356.0078125,18.303435,2092.4809929802796,2064.0153234898257,2072.368434531551,2068.6146565521717,2040.9288099474225,Sudan,Non-CFA comparison
SD,SDN,1988,NA,NA,764.454162597656,553.07861328125,-1.55520909491457,39534.140625,38554.8828125,39252.12890625,38739.6484375,40570.53515625,18.867559999999997,2095.34993528575,2043.4482684830473,2080.4030254177014,2053.241035804312,2150.2799066890475,Sudan,Non-CFA comparison
SD,SDN,1989,NA,NA,823.076843261719,814.267517089844,7.668564257363,38726.16015625,37839.68359375,38623.88671875,38187.44140625,38918.46484375,19.476647,1988.3381444583351,1942.82329980874,1983.0870641517506,1960.678416888184,1998.21174783062,Sudan,Non-CFA comparison
SD,SDN,1990,2460.18872070313,1467.99328613281,764.450439453125,1257.1875,-7.12283677545001,40938.07421875,39876.40234375,41481.0859375,40891.2890625,41301.546875,20.147589999999997,2031.9092367250876,1979.2145037570253,2058.860932622711,2029.5871150097855,2049.9497396462807,Sudan,Non-CFA comparison
SD,SDN,1991,2591.869140625,1598.86901855469,805.367309570313,1617.55676269531,5.35245970415686,45086.015625,43365.42578125,45749.87109375,44427.6484375,44563.4609375,20.891441,2158.1094202644995,2075.750819737614,2189.8858529552845,2126.5956923459707,2133.096560333009,Sudan,Non-CFA comparison
SD,SDN,1992,2709.7900390625,1709.70544433594,842.008605957031,252.610092163086,4.54963665240291,46589.73828125,43710.125,47146,44780.79296875,47423.296875,21.696244,2147.3642295528202,2014.6401838032425,2173.002847866202,2063.9882630721704,2185.7837179098833,Sudan,Non-CFA comparison
SD,SDN,1993,2777.27490234375,1793.81896972656,862.978149414063,312.693908691406,2.49041697350873,43495.18359375,41854.7734375,44020.265625,42876.1328125,47420.73046875,22.527834,1930.7308280836055,1857.913789559174,1954.0389735204903,1903.2514538459402,2104.9840152741717,Sudan,Non-CFA comparison
SD,SDN,1994,2736.47192382813,1805.20349121094,850.299438476563,439.420806884766,-1.46917150041169,45976.48828125,44290.99609375,46499.5390625,45283.67578125,50008.62109375,23.338464,1969.9877541748251,1897.7682547467564,1992.3992882522175,1940.3023172926034,2142.755456989372,Sudan,Non-CFA comparison
SD,SDN,1995,2824.63208007813,1902.43005371094,877.693298339844,462.585235595703,3.22166623716427,45340.81640625,43710.23828125,46124.23828125,44922.1796875,52803.3515625,24.094746999999998,1881.7718404036366,1814.0982464455842,1914.2860591667554,1864.397235111039,2191.488109939482,Sudan,Non-CFA comparison
SD,SDN,1996,2924.29077148438,2005.60961914063,908.66015625,294.826965332031,3.52820988912499,46401.64453125,43886.5625,47379.85546875,45272.78125,56124.2265625,24.782383,1872.3641116857084,1770.8774212713927,1911.8361405660626,1826.813073222216,2264.6823980768922,Sudan,Non-CFA comparison
SD,SDN,1997,3380.18676757813,2358.26098632813,1050.31994628906,373.09375,15.5899602143833,51436.66796875,48194.62890625,52094.609375,49299.86328125,61086.18359375,25.413916999999998,2023.956715084495,1896.3872789169022,2049.845735114347,1939.8766148976565,2403.6508655375715,Sudan,Non-CFA comparison
SD,SDN,1998,3441.17919921875,2427.79565429688,1069.27197265625,350.702880859375,1.8044093130267,54795.78515625,51026.61328125,55042.56640625,51671.09375,67144.765625,26.015521,2106.2728344456373,1961.3911741859793,2115.7587582524293,1986.164096040975,2580.950257540489,Sudan,Non-CFA comparison
SD,SDN,1999,3459.22998046875,2475.06665039063,1074.88098144531,324.659606933594,0.524555771446217,60234.54296875,56747.15625,60432.0625,57390.6484375,67547.8359375,26.62652,2262.201105091841,2131.226921505326,2269.6192555392145,2155.3942624683964,2536.8630950458414,Sudan,Non-CFA comparison
SD,SDN,2000,3575.85205078125,2616.46459960938,1111.11865234375,362.116882324219,3.37132975440942,61781.14453125,58339.90234375,61601.44921875,58757.65625,69302.5390625,27.275015,2265.1186271116626,2138.9503303206247,2258.5303516331705,2154.266688762591,2540.879961477565,Sudan,Non-CFA comparison
SD,SDN,2001,3701.548828125,2769.4228515625,1150.17626953125,451.293304443359,3.51515858633522,62932.78515625,60113.2265625,62678.171875,60540.83984375,77639.390625,27.971082,2249.9231583622686,2149.1205296420067,2240.820425716817,2164.4082214534997,2775.702084924709,Sudan,Non-CFA comparison
SD,SDN,2002,3814.31323242188,2898.138671875,1185.21533203125,506.262634277344,3.04640852451755,66977.375,63643.21875,66882.0859375,64147.53515625,83176.890625,28.704777999999997,2333.3179932623066,2217.1646389322364,2329.9983695223145,2234.733714235658,2897.6670930881264,Sudan,Non-CFA comparison
SD,SDN,2003,3946.92260742188,3058.10375976563,1226.42077636719,580.320251464844,3.47662601258492,67640.109375,64775.47265625,67417.5234375,65090.44921875,87850.15625,29.460518999999998,2295.957833431244,2198.721368630675,2288.4024357310204,2209.4128490658973,2981.962274663254,Sudan,Non-CFA comparison
SD,SDN,2004,4041.05712890625,3215.236328125,1255.67114257813,705.113342285156,2.38501078452138,71975.6640625,69027.765625,71671.859375,69187.265625,90722.5390625,30.214192999999998,2382.1805885234135,2284.613910588312,2372.125556191423,2289.8928865980306,3002.6464404493613,Sudan,Non-CFA comparison
SD,SDN,2005,4152.32275390625,3407.35180664063,1290.24438476563,905.543640136719,2.75337218040758,90054.3828125,84758.28125,90230.4375,86312.28125,102801.4453125,30.949516,2909.7186144203356,2738.597955780633,2915.407061616085,2788.808757138561,3321.584909841563,Sudan,Non-CFA comparison
SD,SDN,2006,4299.97412109375,3637.32666015625,1336.1240234375,1132.474609375,3.55587752590014,110404.171875,104472.9375,110312.609375,105564.125,108857.296875,31.661823,3486.980894151294,3299.6501022698535,3484.089004445512,3334.1139264154185,3438.124737005826,Sudan,Non-CFA comparison
SD,SDN,2007,4415.78515625,3836.48901367188,1372.10961914063,1444.37219238281,2.69329211251048,107841.578125,104193.4140625,107831.6640625,104986.7265625,111383.6953125,32.360621,3332.4940867173095,3219.7594126052154,3332.1877247813013,3244.27416156507,3441.9517262199633,Sudan,Non-CFA comparison
SD,SDN,2008,4446.40966796875,3937.52685546875,1381.62561035156,1527.58239746094,0.693530743818769,103937.578125,100061.609375,104162.28125,101439.9609375,110595,33.060837,3143.8277901131178,3026.5903242256086,3150.624445775526,3068.2816934580333,3345.1966143506893,Sudan,Non-CFA comparison
SD,SDN,2009,4188.0546875,3731.61474609375,1301.34729003906,1178.22180175781,-5.81042185394722,122365.46875,117111,122516.7265625,117865.5234375,120039.609375,33.783788,3622.0174229722256,3466.485167382651,3626.494653663467,3488.8190583453816,3553.171994064135,Sudan,Non-CFA comparison
SD,SDN,2010,4219.8369140625,3805.62744140625,1311.22314453125,1305.63598632813,0.758886048751407,141242.984375,136882.78125,140886.890625,137669.40625,130058.6640625,34.545013,4088.6649651861476,3962.4469456705665,4078.3568564585576,3985.2179604042994,3764.904186387193,Sudan,Non-CFA comparison
SD,SDN,2011,4467.6259765625,4112.21875,1388.21813964844,1332.6572265625,5.87200118550977,162298.84375,156313.984375,162113.78125,157395.921875,135000.890625,35.349681,4591.239274549606,4421.934794121622,4586.004078792112,4452.54150596154,3819.012981333552,Sudan,Non-CFA comparison
SD,SDN,2012,4145.931640625,3710.376953125,1288.25854492188,1019.22210693359,-7.20056369222739,139387.40625,133768.03125,138360.1875,134250.4375,135933.75,36.193782999999996,3851.1422320789184,3695.8842144243395,3822.761149338825,3709.212642955836,3755.720975616172,Sudan,Non-CFA comparison
SD,SDN,2013,4130.48583984375,3724.9599609375,1283.45922851563,1138.62780761719,-0.372546263586997,142009.015625,135578.140625,140771.765625,135589.28125,145173.03125,37.07255,3830.570479370855,3657.103183487513,3797.1967297906403,3657.403692219715,3915.9170666706227,Sudan,Non-CFA comparison
SD,SDN,2014,4207.50048828125,4260.57177734375,1307.3896484375,1275.43835449219,1.86452924090501,164254.09375,158793.3125,163113.859375,158827.203125,155397.671875,37.977655,4325.019376525486,4181.230054883589,4294.995553964562,4182.1224381810835,4091.8185147292534,Sudan,Non-CFA comparison
SD,SDN,2015,4159.1943359375,4217.01025390625,1292.37963867188,1292.37963867188,-1.14810293147822,161233.15625,157643.4375,160751.6875,157258.703125,161628.609375,38.90295,4144.496914758392,4052.2232247168918,4132.1207646206785,4042.3336308686107,4154.6620339845695,Sudan,Non-CFA comparison
SD,SDN,2016,4174.56103515625,4470.35498046875,1297.15454101563,1033.21594238281,0.369473161527822,167317.46875,163218.75,166806.640625,162688.4375,167406.796875,39.847439,4198.951625222388,4096.091344791317,4186.132027832454,4082.782773066043,4201.1933784502435,Sudan,Non-CFA comparison
SD,SDN,2017,4061.01831054688,4252.42138671875,1261.87353515625,966.505676269531,-2.71987452387332,175231.5625,169533.703125,175231.5625,169533.703125,175231.5625,40.813396999999995,4293.481439440095,4153.873864628324,4293.481439440095,4153.873864628324,4293.481439440095,Sudan,Non-CFA comparison
SD,SDN,2018,3816.65991210938,4199.25048828125,1185.94445800781,731.027465820313,-6.01716755998106,179207.6875,167959.296875,179283.09375,167924.296875,180168.609375,41.801533,4287.108023047863,4018.017637654581,4288.9119341627975,4017.1803477877233,4310.095741584406,Sudan,Non-CFA comparison
SD,SDN,2019,3625.52319335938,3914.2255859375,1126.55297851563,709.975280761719,-5.00795943799888,181135.734375,170039.953125,181252.390625,169980.359375,182462.5625,42.813238,4230.8347332897365,3971.667667953543,4233.559503838509,3970.275721144941,4261.825804906417,Sudan,Non-CFA comparison
SD,SDN,2020,3401.24975585938,3348.57836914063,1056.86474609375,577.795227050781,-6.18595807947966,NA,NA,NA,NA,NA,NA,NA,NA,NA,NA,NA,Sudan,Non-CFA comparison
SD,SDN,2021,3248.9755859375,3248.9755859375,1009.54888916016,712.122009277344,-4.47700779563793,NA,NA,NA,NA,NA,NA,NA,NA,NA,NA,NA,Sudan,Non-CFA comparison
TZ,TZA,1980,NA,NA,536.933166503906,611.211791992188,-0.457883680216497,32245.68359375,32249.87109375,32848.515625,33691.28125,21657.869140625,18.538259,1739.4127244500144,1739.6386086606083,1771.9309901215643,1817.391873206648,1168.2795639345097,Tanzania,Non-CFA comparison
TZ,TZA,1981,NA,NA,515.711853027344,683.913269042969,-3.95231796044236,28639.126953125,28630.56640625,29393.73046875,30159.37109375,21548.744140625,19.12068,1497.809018984942,1497.3613075607143,1537.2743264753137,1577.316868110862,1126.9862860852752,Tanzania,Non-CFA comparison
TZ,TZA,1982,NA,NA,498.374603271484,701.959838867188,-3.36181308289295,28941.66015625,28702.90234375,29845.208984375,30318.408203125,21676.365234375,19.723322,1467.3826324110107,1455.2772775169417,1513.1938212221553,1537.185683178777,1099.0220224754735,Tanzania,Non-CFA comparison
TZ,TZA,1983,NA,NA,480.399017333984,685.276489257813,-3.60684190525168,30606.212890625,30259.71484375,31441.888671875,31772.01171875,21161.251953125,20.344547,1504.3939238669213,1487.3624290454834,1545.470079617649,1561.6966904571532,1040.1436784571808,Tanzania,Non-CFA comparison
TZ,TZA,1984,NA,NA,486.725524902344,609.331420898438,1.31693001082563,32498.345703125,31710.59375,33150.98828125,33033.75,21877.046875,20.981776,1548.8844082181126,1511.3398289067618,1579.9896196227621,1574.4019953315678,1042.6689749714228,Tanzania,Non-CFA comparison
TZ,TZA,1985,NA,NA,476.979888916016,700.450073242188,-2.00228811171158,37141.828125,36385.23828125,38199.125,38135.7734375,22881.37890625,21.633796,1716.8428566581658,1681.8702682252342,1765.7153187540457,1762.7869578459554,1057.668238447381,Tanzania,Non-CFA comparison
TZ,TZA,1986,NA,NA,486.831359863281,479.281768798828,2.06538325839534,25189.291015625,24619.490234375,26137.732421875,26005.267578125,23314.18359375,22.296286,1129.7527765666894,1104.1969157722053,1172.290865926056,1166.3497489279157,1045.6532354200158,Tanzania,Non-CFA comparison
TZ,TZA,1987,NA,NA,493.825897216797,334.822784423828,1.43674931403181,20855.337890625,20424.125,21658.630859375,21599.65234375,24463.7109375,22.9712,907.8906583297781,889.1187661071255,942.8602275621213,940.292729319757,1064.9731375592046,Tanzania,Non-CFA comparison
TZ,TZA,1988,NA,NA,513.868591308594,307.50634765625,4.05865766192876,27297.107421875,26233.349609375,28379.251953125,27775.947265625,25456.943359375,23.670807999999997,1153.1971118972788,1108.2574624987453,1198.9135289815626,1173.4262415387343,1075.4573041771537,Tanzania,Non-CFA comparison
TZ,TZA,1989,NA,NA,519.22265625,259.502227783203,1.04190402239107,26265.81640625,25434.779296875,27423.466796875,27018.287109375,26473.296875,24.411738,1075.9502828618756,1041.907761621684,1123.372157970686,1106.774417674604,1084.4494920845045,Tanzania,Non-CFA comparison
TZ,TZA,1990,1794.20458984375,925.357360839844,541.544799804688,243.611557006836,4.29914682952561,26849.095703125,25741.6328125,27564.6796875,26886.30859375,27655.189453125,24.523557999999998,1094.8287235940643,1049.66957945091,1124.0081756285122,1096.3461579983623,1127.6989029538456,Tanzania,Non-CFA comparison
TZ,TZA,1991,1785.66394042969,952.097473144531,538.966979980469,276.452453613281,-0.476012505289418,27257.3046875,26262.115234375,28041.599609375,27424.31640625,29231.97265625,25.355594,1075.001622423044,1035.7523169985684,1105.9334523724824,1081.5884023955423,1152.8806091567012,Tanzania,Non-CFA comparison
TZ,TZA,1992,1751.91845703125,955.3916015625,528.781555175781,250.329925537109,-1.88980012132932,25942.44140625,24590.615234375,26671.181640625,25738.69921875,30263.123046875,26.239196999999997,988.6903706028047,937.1710283045248,1016.4633331052396,980.9255679108626,1153.3555332076285,Tanzania,Non-CFA comparison
TZ,TZA,1993,1718.39306640625,959.321350097656,518.66259765625,224.491546630859,-1.91363289102119,24757.51953125,23687.478515625,25340.62109375,24718.923828125,31524.548828125,27.143203,912.1075184549885,872.6854570414921,933.5899338685268,910.6855896161186,1161.4159474150858,Tanzania,Non-CFA comparison
TZ,TZA,1994,1679.66235351563,957.721008300781,506.972503662109,228.890029907227,-2.2538960665397,24556.640625,23563.970703125,25032.25,24432.494140625,32480.79296875,28.025638999999998,876.2205430891336,840.8004792727475,893.1910526643122,871.7907962999524,1158.9670789932748,Tanzania,Non-CFA comparison
TZ,TZA,1995,1685.85107421875,981.404174804688,508.840423583984,258.418334960938,0.368447209863618,26638.462890625,24716.4140625,27117.498046875,25547.63671875,33638.69140625,28.859135,923.0513281366542,856.4502734576072,939.6504104116427,885.253030582864,1165.6167590002265,Tanzania,Non-CFA comparison
TZ,TZA,1996,1730.55456542969,1025.87158203125,522.333251953125,313.658386230469,2.65168980698766,28383.330078125,27345.52734375,28800.568359375,28161.580078125,35050.62109375,29.630526,957.9084110125146,922.8836283145969,971.9897770081773,950.4245749172661,1182.9226755458205,Tanzania,Non-CFA comparison
TZ,TZA,1997,1755.8037109375,1058.78796386719,529.954223632813,363.597686767578,1.45902793566377,31517.931640625,30464.044921875,31866.125,31241.65625,36213.41796875,30.556856999999997,1031.4520122480203,996.9626431761291,1042.8469459408082,1022.4106572871681,1185.1159289304526,Tanzania,Non-CFA comparison
TZ,TZA,1998,1773.72424316406,1081.615234375,535.363159179688,386.378448486328,1.02063893946291,33906.1015625,32854.6328125,34172.79296875,33451.66796875,37559.3671875,31.060195999999998,1091.625486281542,1057.772874726869,1100.2117619846958,1076.9947481577387,1209.244371397399,Tanzania,Non-CFA comparison
TZ,TZA,1999,1810.97155761719,1119.95593261719,546.605529785156,392.621765136719,2.09994947542917,36161.88671875,35054.265625,36486.546875,35722.4375,39377.4140625,31.793239,1137.4080734193203,1102.569814450173,1147.6196833861438,1123.5859768801788,1238.546788595525,Tanzania,Non-CFA comparison
TZ,TZA,2000,1839.93664550781,1163.64367675781,555.348083496094,401.698150634766,1.59942658531416,38667.6796875,37372.23046875,38881.2109375,38080.55078125,41320.2109375,32.58318,1186.737442063666,1146.9792226771606,1193.2908616500906,1168.718055795966,1268.14543385575,Tanzania,Non-CFA comparison
TZ,TZA,2001,1899.74536132813,1228.52233886719,573.400146484375,396.638732910156,3.25057961835962,42011.8671875,40438.84375,42269.5625,41303.68359375,43798.53125,33.441856,1256.26601548371,1209.2284516146472,1263.9717873314207,1235.0894517861088,1309.6919994512266,Tanzania,Non-CFA comparison
TZ,TZA,2002,1982.64428710938,1302.05554199219,598.421569824219,402.649047851563,4.36368727532306,46123.99609375,44727.41015625,46533.37890625,45796.078125,46936.0703125,34.352788,1342.656557999019,1302.002334024534,1354.573576568225,1333.1109581266012,1366.2958101828592,Tanzania,Non-CFA comparison
TZ,TZA,2003,2059.83740234375,1379.45776367188,621.720703125,422.18359375,3.89344253690891,49445.62890625,47666.4609375,49858.49609375,48790.58984375,50168.19140625,35.326782,1399.66411053942,1349.3009620151645,1411.3511979027696,1381.1218311294247,1420.1177850348781,Tanzania,Non-CFA comparison
TZ,TZA,2004,2155.24145507813,1482.162109375,650.516540527344,450.385284423828,4.63163110389122,52620.9375,50850.35546875,53085.57421875,52028.96484375,54095.49609375,36.338767,1448.066124533064,1399.341795739795,1460.8523789139572,1431.7757353668605,1488.6442375370084,Tanzania,Non-CFA comparison
TZ,TZA,2005,2253.09326171875,1598.03747558594,680.051208496094,483.334869384766,4.54018649750061,59614.65625,56338.671875,60563.2734375,58602.12109375,58082.2734375,37.37732,1594.9419661441752,1507.2956508117759,1620.3214526215363,1567.8524060513168,1553.9443019858033,Tanzania,Non-CFA comparison
TZ,TZA,2006,2334.1044921875,1706.54846191406,704.502746582031,475.746734619141,3.59554927104524,66071.4296875,61397.73828125,67051.5234375,63395.2265625,60789.2421875,38.404663,1720.4012358473242,1598.7052999592784,1745.9214116134804,1650.7169080613987,1582.860971530983,Tanzania,Non-CFA comparison
TZ,TZA,2007,2423.61596679688,1820.00134277344,731.52001953125,543.198303222656,3.83493311688827,72605.84375,66884.140625,73627.90625,68716.6171875,65934.671875,39.539930999999996,1836.266324035821,1691.5593662770937,1862.1151931195836,1737.9043273368384,1667.54645765568,Tanzania,Non-CFA comparison
TZ,TZA,2008,2493.25927734375,1908.37353515625,752.540466308594,675.977233886719,2.87353898673082,79838.9453125,73702.15625,80976.3515625,76157.4375,69604.984375,40.677319,1962.738628681502,1811.8734976117773,1990.7003104727723,1872.2334552087862,1711.1497533797644,Tanzania,Non-CFA comparison
TZ,TZA,2009,2560.81103515625,1972.16784667969,772.929565429688,693.823547363281,2.70936589724377,85677.2578125,81561.6015625,86964.09375,83614.5703125,73351.375,41.860414,2046.7369914807819,1948.4184165617664,2077.4781097482696,1997.4616188100767,1752.2849869568897,Tanzania,Non-CFA comparison
TZ,TZA,2010,2654.80346679688,2069.40185546875,801.29931640625,736.530151367188,3.67041498018565,98450.6953125,92945.296875,99422.328125,95140.7734375,78015.6953125,43.094401,2284.5356479719953,2156.783589473723,2307.082261684064,2207.7293390735376,1810.3441166869916,Tanzania,Non-CFA comparison
TZ,TZA,2011,2779.70776367188,2211.466796875,838.999267578125,775.392761230469,4.70485004341454,115991.65625,105279.703125,116590.3125,107684.8515625,84182.4609375,44.380917,2613.547986176131,2372.1840430877082,2627.037032605703,2426.377345076038,1896.816619122584,Tanzania,Non-CFA comparison
TZ,TZA,2012,2822.4853515625,2083.48486328125,851.910705566406,861.969909667969,1.53892032694513,108956.28125,101980.234375,109715.59375,104713.1796875,88510.2890625,45.749461,2381.586118577441,2229.102423195762,2398.18330865144,2288.8396365478493,1934.6739202566782,Tanzania,Non-CFA comparison
TZ,TZA,2013,2924.86328125,2176.21655273438,882.8115234375,963.05712890625,3.62722794168234,113287.7421875,106399.203125,113441.0390625,107952.640625,94512.6875,47.134353,2403.506889921667,2257.360000783293,2406.759228507921,2290.3176505891574,2005.176298908781,Tanzania,Non-CFA comparison
TZ,TZA,2014,3027.56909179688,2221.1796875,913.811218261719,1022.74841308594,3.51147946313948,114265.0546875,108682.765625,114285.453125,109936.3359375,100875.71875,48.565871,2352.7850388496067,2237.842406347453,2353.2050547389545,2263.6541602949937,2077.0906950273784,Tanzania,Non-CFA comparison
TZ,TZA,2015,3111.44458007813,2317.27978515625,939.127319335938,939.127319335938,2.77038211960942,123523.9765625,116010.625,123529.1328125,116403.2109375,107090.3046875,50.04145,2468.4332001270946,2318.2906370618757,2468.5362397072827,2326.1358521285856,2140.032007216018,Tanzania,Non-CFA comparison
TZ,TZA,2016,3214.24682617188,2434.69995117188,970.156127929688,953.0107421875,3.30400665890222,123972.6015625,122368.15625,123970.8515625,122259.7421875,114444.3125,51.561194,2404.3780204643826,2373.260717158722,2404.344080210788,2371.1580881447394,2219.5822792621907,Tanzania,Non-CFA comparison
TZ,TZA,2017,3318.28833007813,2472.4931640625,1001.55895996094,986.674011230469,3.23688527604725,122195.53125,120632.53125,122195.53125,120632.53125,122195.53125,53.126048,2300.105802148129,2270.6852060593706,2300.105802148129,2270.6852060593706,2300.105802148129,Tanzania,Non-CFA comparison
TZ,TZA,2018,3392.68872070313,2727.88012695313,1024.01525878906,1023.10626220703,2.24213027557943,126885.109375,125298.484375,126788.1171875,125040.2578125,130690.0859375,54.733588999999995,2318.2311208387964,2289.242979754169,2316.4590428648853,2284.525098701275,2387.7492473131992,Tanzania,Non-CFA comparison
TZ,TZA,2019,3484.63256835938,2981.87451171875,1051.7666015625,1063.32250976563,2.71005881950599,132986.65625,131421.703125,132853.90625,130906.890625,139809.578125,56.379874,2358.761146752474,2331.0038458936606,2356.4065831363864,2321.8727062958674,2479.778123040857,Tanzania,Non-CFA comparison
TZ,TZA,2020,3449.82153320313,3290.60986328125,1041.25964355469,1117.41528320313,-0.998987836780785,NA,NA,NA,NA,NA,NA,NA,NA,NA,NA,NA,Tanzania,Non-CFA comparison
TZ,TZA,2021,3493.0830078125,3493.0830078125,1054.31726074219,1159.85656738281,1.25401761079502,NA,NA,NA,NA,NA,NA,NA,NA,NA,NA,NA,Tanzania,Non-CFA comparison
TG,TGO,1980,NA,NA,867.454056803722,549.433466591605,11.3980264657862,6596.97998046875,5737.06640625,6160.71630859375,5673.30615234375,5042.8671875,2.720839,2424.6124009795326,2108.565191196539,2264.270803452079,2085.131149745998,1853.423590113197,Togo,WAEMU
TG,TGO,1981,NA,NA,813.046182654418,451.047897242509,-6.27213322971586,5966.65380859375,5061.103515625,5572.9072265625,5016.38134765625,4730.66259765625,2.8123069999999997,2121.622500172901,1799.6269666238431,1981.6141077636619,1783.724660094453,1682.1287994718396,Togo,WAEMU
TG,TGO,1982,NA,NA,758.250915974017,372.494829726432,-6.73950236153938,5841.96728515625,5114.14697265625,5498.728515625,5089.552734375,4555.271484375,2.9156199999999997,2003.6792466632314,1754.0512730246915,1885.955136686194,1745.6159356757742,1562.3680329998424,Togo,WAEMU
TG,TGO,1983,NA,NA,693.197485230724,335.532470799693,-8.57940681281325,5381.3037109375,4842.6806640625,5076.8427734375,4801.89501953125,4320.38671875,3.026973,1777.7838490589445,1599.8427022845926,1677.2012084143137,1586.3686327995824,1427.2960871306088,Togo,WAEMU
TG,TGO,1984,NA,NA,707.572089988551,304.296330488676,2.07366660498529,5189.30908203125,4945.29150390625,4883.19189453125,4876.6650390625,4574.47216796875,3.140846,1652.201057304704,1574.5093850211854,1554.737766363346,1552.659709856039,1456.4458645755794,Togo,WAEMU
TG,TGO,1985,NA,NA,723.385321562685,312.867204158294,2.23485801628915,5374.52197265625,5045.041015625,5100.458984375,4987.96728515625,4744.5126953125,3.2529939999999997,1652.1770321913446,1550.8915834535817,1567.9275720689925,1533.3465985969387,1458.5064390873456,Togo,WAEMU
TG,TGO,1986,NA,NA,712.728508104382,422.277296555811,-1.47318630066768,5586.16796875,5241.6005859375,5325.19677734375,5186.8134765625,4899.20458984375,3.3630419999999996,1661.0461507022512,1558.5890946165705,1583.4464087405838,1542.2981564198426,1456.7777000238923,Togo,WAEMU
TG,TGO,1987,NA,NA,694.906789602319,482.289598775121,-2.50049188427492,5541.75390625,5152.748046875,5285.013671875,5094.89111328125,4777.509765625,3.471739,1596.2472715402857,1484.1979903659233,1522.2957923608312,1467.5328742400422,1376.1143235781838,Togo,WAEMU
TG,TGO,1988,NA,NA,719.001834924917,516.536238879357,3.46737802581953,6360.00732421875,5872.787109375,6067.81884765625,5811.7392578125,5261.19140625,3.5774679999999996,1777.7957270949037,1641.6043719678278,1696.1210687716145,1624.5398303527804,1470.646671402791,Togo,WAEMU
TG,TGO,1989,NA,NA,726.293542036147,491.999321055752,1.01414304624012,6424.17041015625,5937.78857421875,6125.73828125,5874.08447265625,5476.89990234375,3.6785669999999997,1746.3785246146804,1614.1580605215972,1665.2512462733453,1596.8404198309424,1488.8677852934989,Togo,WAEMU
TG,TGO,1990,2237.59984450159,1110.16918289987,703.623952029279,575.094511928654,-3.12127104191437,7170.958984375,6647.6259765625,6829.04736328125,6572.77734375,5799.88623046875,3.7743119999999997,1899.9380507957478,1761.2815200657765,1809.3489259184855,1741.4504534203852,1536.6737647732223,Togo,WAEMU
TG,TGO,1991,2158.8791103229,1107.33545509982,678.86984140241,549.808011573,-3.51808811446465,6611.71044921875,6290.36181640625,6353.62890625,6216.0029296875,5813.0166015625,3.8629919999999998,1711.5516804639385,1628.3652196034188,1644.7429625145485,1609.116179812824,1504.796437984469,Togo,WAEMU
TG,TGO,1992,2015.13566927499,1057.16074093266,633.669030222095,564.71733648074,-6.65824410271924,6678.1240234375,6197.22021484375,6364.3564453125,6127.314453125,5622.38916015625,3.9459049999999998,1692.4188553544752,1570.5447077017186,1612.901589195001,1552.8286801443523,1424.8668328700894,Togo,WAEMU
TG,TGO,1993,1721.57369094046,924.562840995028,541.357064850428,414.013995214907,-14.5678518231059,5510.73681640625,5181.2705078125,5264.45458984375,5117.77294921875,4704.33935546875,4.029053,1367.749894679035,1285.9772526726504,1306.6233156634448,1270.2173312733164,1167.6042373899647,Togo,WAEMU
TG,TGO,1994,1972.24744911805,1081.80169503645,620.182624671753,328.600956079736,14.5607335600402,6139.04296875,5851.7109375,5871.10546875,5775.79736328125,5359.8583984375,4.120616,1489.8362207859213,1420.105862206039,1424.8125689824046,1401.6829918830704,1300.7420245995986,Togo,WAEMU
TG,TGO,1995,2036.38159822696,1140.39964749633,640.349913996042,419.220334892756,3.251830754685,6261.69091796875,5899.12646484375,6000.28173828125,5832.931640625,5722.765625,4.226291,1481.6042998384992,1395.8164416136397,1419.7512046097277,1380.1538135033768,1354.0869819423226,Togo,WAEMU
TG,TGO,1996,2135.45581609458,1217.77626455164,671.50427472391,452.068436882428,4.86520885642857,7462.73193359375,6897.9326171875,7144.9970703125,6814.423828125,6161.29296875,4.348805,1716.0419778752441,1586.167376368336,1642.9794093578582,1566.9646783714147,1416.7783951568306,Togo,WAEMU
TG,TGO,1997,2366.40275146203,1372.74831188195,744.126640948867,448.001096915436,10.8148777243175,8169.79345703125,7472.50732421875,7798.703125,7347.94384765625,6395.96142578125,4.485951,1821.1954292481682,1665.7576786324125,1738.4726505037615,1637.9902160447696,1425.776034063067,Togo,WAEMU
TG,TGO,1998,2247.34887088094,1318.33692291974,706.689579910124,461.158245854911,-5.03100668335236,7101.712890625,6641.126953125,6801.01318359375,6485.67529296875,6249.27587890625,4.632446,1533.0373825458516,1433.6113045084605,1468.1257339197803,1400.0541599338126,1349.0229306302222,Togo,WAEMU
TG,TGO,1999,2238.93514971661,1331.98719334349,704.043845128067,445.291484100954,-0.374384292236613,7824.189453125,7230.0498046875,7510.05712890625,7071.77685546875,6413.09765625,4.780448,1636.7063198104029,1512.4209707306723,1570.9944191226953,1479.3125781242156,1341.5264963137347,Togo,WAEMU
TG,TGO,2000,2160.98936671986,1314.73739642693,679.533421599502,409.889802792768,-3.48137743099034,7338.40576171875,6921.7470703125,7018.55224609375,6769.19482421875,6351.318359375,4.924402,1490.2125703219904,1405.6015472157837,1425.259807402757,1374.622710375544,1289.764393600482,Togo,WAEMU
TG,TGO,2001,2122.08047449583,1320.13616908956,667.298334712527,396.692654520135,-1.80051289577126,7352.27587890625,6957.79736328125,7042.45751953125,6827.1533203125,6403.61767578125,5.062567,1452.2821878517857,1374.3615369991649,1391.084309507657,1348.5556478190808,1264.8953931436859,Togo,WAEMU
TG,TGO,2002,2147.97438337226,1357.0098170239,675.440797960321,445.238691488925,1.22021333251216,7667.71240234375,7268.68505859375,7374.736328125,7151.83349609375,6648.65966796875,5.197031,1475.402475441026,1398.6226094463839,1419.0287354693478,1376.1383174535133,1279.3188395391041,Togo,WAEMU
TG,TGO,2003,2234.9772223053,1439.85178331415,702.799255960869,538.16537776929,4.05045980094252,7884.31005859375,7689.95361328125,7578.673828125,7571.1318359375,7095.46142578125,5.330639,1479.055336254012,1442.595083493977,1421.7195777326133,1420.3047394388366,1331.071457996171,Togo,WAEMU
TG,TGO,2004,2157.02751991461,1427.00228439547,678.28759996017,560.266308533382,-3.48771797818526,7786.52294921875,7465.8310546875,7490.94482421875,7350.1025390625,7026.0205078125,5.467766,1424.0775755982881,1365.426218804444,1370.0192773828928,1344.2606247345807,1284.989245664957,Togo,WAEMU
TG,TGO,2005,2004.25858232153,1367.51066289847,630.248678309054,551.259850017077,-7.08238240739422,7509.7041015625,7056.845703125,7288.2978515625,7087.9501953125,6698.1650390625,5.6116399999999995,1338.23696843748,1257.5371376504909,1298.7821477433515,1263.0799900407903,1193.6198756624624,Togo,WAEMU
TG,TGO,2006,2000.54176015054,1407.06825596295,629.079905835563,552.50227125256,-0.185446239510938,13219.50390625,7128.7744140625,12911.2880859375,7123.85595703125,6875.6748046875,5.76288,2293.9058085974375,1237.0159389163925,2240.4228590457374,1236.162466862272,1193.096993983477,Togo,WAEMU
TG,TGO,2007,1920.26928670654,1387.20061733991,603.83784338967,607.587886721352,-4.01253675594127,7666.26123046875,7074.8818359375,7549.8134765625,7075.4140625,6794.87841796875,5.9203589999999995,1294.8980341342055,1195.0089236037038,1275.228998201376,1195.0988212876957,1147.7139170054975,Togo,WAEMU
TG,TGO,2008,1941.15486668393,1429.30636492931,610.405413708475,718.948386717473,1.08763807878243,7524.62158203125,7346.0078125,7396.216796875,7406.6728515625,7070.90283203125,6.083419999999999,1236.9064739950966,1207.5457246910455,1215.799138786242,1217.5179178098012,1162.3236324355792,Togo,WAEMU
TG,TGO,2009,1989.82990346963,1474.18338993482,625.711511370434,720.693768151415,2.50752980203251,7827.685546875,7674.5263671875,7736.46435546875,7700.001953125,7462.4833984375,6.2508349999999995,1252.2623852453314,1227.7601899886176,1237.6689443040411,1231.835739245237,1193.837847013639,Togo,WAEMU
TG,TGO,2010,2049.78055930203,1537.05369658593,644.5632812645,704.986772286079,3.0128532960463,8331.79296875,8088.00390625,8218.3134765625,8140.73828125,7917.63916015625,6.421679,1297.4477498408125,1259.4843040659616,1279.7764379942535,1267.69623353176,1232.954677453708,Togo,WAEMU
TG,TGO,2011,2111.47483429916,1615.98146436985,663.96334052788,783.988944671672,3.00979901078473,9201.640625,8949.7109375,9076.279296875,9057.046875,8850.00390625,6.595943,1395.04550372858,1356.8508608246009,1376.0396802815003,1373.123884636359,1341.7344428613164,Togo,WAEMU
TG,TGO,2012,2186.30951971437,1645.31290397424,687.495464571464,762.39162379069,3.54419025979273,10599.8427734375,9848.677734375,10365.2236328125,9895.2578125,9905.6708984375,6.773809,1564.8275251690002,1453.9349624967283,1530.1913048939673,1460.8114596233818,1462.3487167172118,Togo,WAEMU
TG,TGO,2013,2254.98838359616,1715.36073848665,709.09186114976,826.542799987227,3.14131477096478,11352.611328125,10743.107421875,11143.9248046875,10755.6240234375,11042.3955078125,6.954721999999999,1632.3601904037287,1544.7213306117774,1602.3537396156885,1546.5210576982806,1587.755126346172,Togo,WAEMU
TG,TGO,2014,2322.40408294543,1803.14811022135,730.291049611232,855.584809246574,2.98962512799103,12527.212890625,11904.9873046875,12314.197265625,11920.8037109375,12287.3193359375,7.138,1755.0032068681703,1667.8323486533343,1725.1607264815075,1670.0481522747968,1721.3952558051976,Togo,WAEMU
TG,TGO,2015,2388.42609861568,1879.66835517243,751.051987587248,751.051987587248,2.84283067512166,14189.87109375,13353.8203125,14123.21875,13324.9072265625,13649.6552734375,7.323157999999999,1937.671028503004,1823.505694196411,1928.5694436744368,1819.5575223916378,1863.9028781623313,Togo,WAEMU
TG,TGO,2016,2427.30036226403,1932.92614273869,763.276185353302,772.581357620609,1.62761006802251,15357.4453125,14874.8017578125,15334.5361328125,14817.6953125,15136.68359375,7.509951,2044.9461404608367,1980.6789362290779,2041.8956305856723,1973.0748326453795,2015.550247098816,Togo,WAEMU
TG,TGO,2017,2462.27744935268,1985.52622129406,774.274897347436,792.765700965864,1.44098718199137,15794.7890625,15468.455078125,15794.7890625,15468.455078125,15794.7880859375,7.698474,2051.6779120771207,2009.288474329458,2051.6779120771207,2009.288474329458,2051.6777852256823,Togo,WAEMU
TG,TGO,2018,2517.34898693009,2067.0664295966,791.592405216309,851.120561233595,2.23660975297031,16947.33984375,16485.822265625,16973.330078125,16474.908203125,16570.3359375,7.889093,2148.198765529827,2089.698050919795,2151.493217043455,2088.3146140025224,2100.4107744071466,Togo,WAEMU
TG,TGO,2019,2577.51616831372,2214.69915550677,810.512262603518,826.255209019798,2.39010092347198,18065.919921875,17609.3515625,18116.091796875,17588.455078125,17448.564453125,8.082366,2235.2266553970703,2178.7372116654947,2241.4342281548497,2176.1517701778166,2158.8436422113277,Togo,WAEMU
TG,TGO,2020,2570.48315208534,2384.06645451827,808.300697079208,863.468665870276,-0.272860217710488,NA,NA,NA,NA,NA,NA,NA,NA,NA,NA,NA,Togo,WAEMU
TG,TGO,2021,2638.81095267963,2638.81095267963,829.786700130989,962.075187515872,2.65816955613427,NA,NA,NA,NA,NA,NA,NA,NA,NA,NA,NA,Togo,WAEMU
UG,UGA,1980,NA,NA,NA,93.7506991135184,NA,10303.10546875,10085.4140625,10221.1044921875,10009.7548828125,9396.361328125,12.442333999999999,828.0685495783991,810.5725230089467,821.4780677152294,804.4917362620631,755.1928221927656,Uganda,Non-CFA comparison
UG,UGA,1981,NA,NA,NA,98.6467550654109,NA,10877.861328125,10140.3056640625,10798.4853515625,10082.6240234375,9759.001953125,12.825082,848.1708988780734,790.6620530038326,841.9817784839504,786.1644879492778,760.9309595934748,Uganda,Non-CFA comparison
UG,UGA,1982,NA,NA,359.206285547545,156.952422909331,NA,12287.3203125,11814.900390625,12191.3515625,11780.810546875,10519.5234375,13.221991,929.3093840783888,893.5795214673041,922.0511163938926,891.0012529032126,795.6081226722965,Uganda,Non-CFA comparison
UG,UGA,1983,NA,NA,370.539961015941,157.527216922525,3.15519965111979,13356.7861328125,13161.662109375,13288.5419921875,13129.07421875,11186.986328125,13.638729,979.3277755436376,965.0211621167192,974.3240731733507,962.6317979299978,820.2367191345322,Uganda,Non-CFA comparison
UG,UGA,1984,NA,NA,359.510382451245,247.516937638636,-2.97662323233796,13029.4638671875,12949.177734375,12940.298828125,12872.1064453125,10670.2080078125,14.082875,925.1991420208942,919.4981659906092,918.8676905905222,914.0254703185607,757.6725638630252,Uganda,Non-CFA comparison
UG,UGA,1985,NA,NA,337.997945432752,234.276502777526,-5.98381522998432,12669.4677734375,12675.1904296875,12642.44921875,12629.5419921875,10636.3740234375,14.559355,870.1943027996432,870.5873597894619,868.3385506260407,867.4520260126565,730.552556994283,Uganda,Non-CFA comparison
UG,UGA,1986,NA,NA,329.57852173859,253.643058810817,-2.49096889727608,12857.3486328125,12731.166015625,12764.3125,12704.966796875,10798.0966796875,15.070302,853.157994631594,844.785062411158,846.9845196201111,843.0465956737297,716.5149497128525,Uganda,Non-CFA comparison
UG,UGA,1987,NA,NA,332.185941474188,392.97074320479,0.79113763901934,13772.513671875,13629.5791015625,13610.5625,13593.333984375,11488.921875,15.612753999999999,882.1322408509735,872.9772531843198,871.759236070715,870.6557462171633,735.8677319196858,Uganda,Non-CFA comparison
UG,UGA,1988,NA,NA,348.37383295348,395.187660960924,4.8731416529707,14622.6083984375,14418.751953125,14455.6640625,14395.982421875,12386.474609375,16.180124,903.7389576518387,891.1397683432464,893.4210926010209,889.732515144816,765.5364451703214,Uganda,Non-CFA comparison
UG,UGA,1989,NA,NA,358.769886121704,310.186025249445,2.98416591168392,15053.76953125,14881.5927734375,14906.802734375,14881.94921875,13240.990234375,16.763042,898.0332764930137,887.7620645129625,889.2659658297702,887.7833282735915,789.8918486498453,Uganda,Non-CFA comparison
UG,UGA,1990,1080.03830980398,665.877554591671,369.839286985576,244.987168126806,3.08537625148307,15557.37890625,15281.162109375,15515.70703125,15416.87109375,14059.830078125,17.354392,896.4519705588073,880.5357231399981,894.0507412331126,888.35558709,810.1597611788992,Uganda,Non-CFA comparison
UG,UGA,1991,1103.22897278835,703.177573275327,377.780503685951,182.955897348348,2.14720744383359,15883.158203125,15493.041015625,15843.751953125,15618.5322265625,14833.92578125,17.953530999999998,884.6815817526369,862.9523081350961,882.4866792568549,869.9420869667645,826.2400182588038,Uganda,Non-CFA comparison
UG,UGA,1992,1102.72992145701,718.876631284048,377.609612721367,152.113542415537,-0.0452355171633343,16505.671875,16225.8125,16456.646484375,16363.912109375,15520.75390625,18.561674,889.2340138610343,874.1567436212919,886.5927978465197,881.5967842865358,836.1720988230911,Uganda,Non-CFA comparison
UG,UGA,1993,1153.99369070318,770.127662001229,395.163949168597,165.616476211716,4.64880550066493,17293.9375,16957.74609375,17226.765625,17091.119140625,16616.09765625,19.175988,901.8537923574003,884.3218974558182,898.3508763668397,891.277108674922,866.505426278427,Uganda,Non-CFA comparison
UG,UGA,1994,1187.36780541734,809.319481696294,406.592301920177,198.441987998795,2.89205348201035,23174.16015625,22687.361328125,23070.833984375,22812.044921875,18411.220703125,19.793540999999998,1170.794056316149,1146.200234112987,1165.5738598957612,1152.499440189858,930.1630619364672,Uganda,Non-CFA comparison
UG,UGA,1995,1288.50886674348,896.672380939996,441.226201168263,278.520835668767,8.51809025515809,23450.39453125,22779.92578125,23423.166015625,22957.3359375,20140.375,20.413152,1148.78851297683,1115.9435731066912,1147.4546417733527,1124.634546271933,986.6371935113206,Uganda,Non-CFA comparison
UG,UGA,1996,1367.94573764936,969.380449356499,468.427898950193,284.698259285733,6.16502322616066,23529.142578125,23196.767578125,23508.1953125,23372.42578125,21393.98828125,21.032821,1118.6869596867202,1102.8842768226384,1117.691027394756,1111.2359003697127,1017.1716043820276,Uganda,Non-CFA comparison
UG,UGA,1997,1396.63106915218,1006.77500926624,478.250663988847,286.846637912964,2.09696413485794,24774.359375,24269.7109375,24646.55859375,24338.23828125,22570.51953125,21.655397999999998,1144.0269707811422,1120.7233844189795,1138.1254038254112,1123.8878307039197,1042.258356611594,Uganda,Non-CFA comparison
UG,UGA,1998,1422.20789184705,1036.73431787156,487.008977266219,292.453037058835,1.83132276374145,27130.138671875,26412.3828125,26908.755859375,26303.5859375,24673.421875,22.290779999999998,1217.1013608260905,1184.9016863698803,1207.169774201486,1180.0208847559395,1106.8891207485788,Uganda,Non-CFA comparison
UG,UGA,1999,1487.75796178874,1099.86476367009,509.455395054388,257.921949601357,4.60903573362658,28600.017578125,27618.482421875,28390.240234375,27538.236328125,26302.611328125,22.95241,1246.0572801777678,1203.2933544614705,1236.9176149421783,1199.7971597808248,1145.9629436788991,Uganda,Non-CFA comparison
UG,UGA,2000,1487.00498853512,1124.20958232447,509.19755319016,258.050338731086,-0.0506112736721605,30289.537109375,28883.916015625,29964.455078125,28799.412109375,27532.98046875,23.650171999999998,1280.7322124073771,1221.2983489348408,1266.986771940813,1217.7252710625107,1164.1767539259336,Uganda,Non-CFA comparison
UG,UGA,2001,1516.96423755695,1172.6831745569,519.456547890884,236.021188853993,2.01473762716464,32278.52734375,30904.419921875,31999.119140625,30903.615234375,29946.375,24.388968,1323.488855442756,1267.1475038170947,1312.0325198108014,1267.114509903617,1227.865607105639,Uganda,Non-CFA comparison
UG,UGA,2002,1598.5828380849,1254.98203506699,547.405338919875,241.984688408335,5.38039055287112,34145.73828125,32697.486328125,33961.5234375,32773.85546875,32059.673828125,25.167257,1356.7524772862614,1299.2073918951517,1349.4328538664345,1302.2418561049383,1273.8644433171642,Uganda,Non-CFA comparison
UG,UGA,2003,1649.1482601448,1320.23991630988,564.720539196569,250.71543664681,3.163140555198,35987.84375,33969.79296875,35849.2265625,34093.7578125,34034.1875,25.980552,1385.1839541361553,1307.5085151674223,1379.8485329526486,1312.2799628160326,1309.9870818757047,Uganda,Non-CFA comparison
UG,UGA,2004,1709.36159216857,1405.24288438896,585.339489080616,292.38185796262,3.65117760961586,38144.59765625,35955.40234375,38053.08203125,36105.54296875,36009.3046875,26.821296999999998,1422.1757305864069,1340.5542000355167,1418.7636798940036,1346.1520137803182,1342.5638844944747,Uganda,Non-CFA comparison
UG,UGA,2005,1765.03788457066,1496.50947836066,604.404813057618,330.405402707025,3.25713954596638,42135.69921875,39597.07421875,42451.21875,40524.74609375,39612.90625,27.684585,1521.9913615735977,1430.293219809869,1533.3883007457039,1463.8018266753863,1430.8650915301782,Uganda,Non-CFA comparison
UG,UGA,2006,1898.97915280479,1659.72529096776,650.270540867444,346.518255310647,7.58857752601207,45081.1015625,42838.125,45373.5703125,43557.77734375,42405.359375,28.571475,1577.835990704015,1499.3319385855998,1588.072380319882,1524.5197296866893,1484.1851663241048,Uganda,Non-CFA comparison
UG,UGA,2007,1999.0624896434,1794.53518881483,684.542241787248,401.389130865581,5.27037575377261,48118.31640625,46007.3984375,48514.6484375,46674.08203125,45824.8671875,29.486338,1631.8851261302777,1560.2954302938533,1645.3263351149267,1582.90534522293,1554.1050634195403,Uganda,Non-CFA comparison
UG,UGA,2008,2110.10049271503,1930.70869517816,722.565167003452,472.842681495852,5.5545038560267,51986.921875,49184.07421875,52451.62109375,50226.890625,50603.484375,30.431735999999997,1708.3127257347396,1616.209940134536,1723.5829429431828,1650.4773380329011,1662.8523714519606,Uganda,Non-CFA comparison
UG,UGA,2009,2188.29916246327,2014.60879442098,749.342865535423,798.947089938247,3.70592159085399,57533.6484375,55112.66796875,58178.89453125,55904.71875,54092.2421875,31.411095999999997,1831.6345420580042,1754.5604893490506,1852.1765216740607,1779.7761259269655,1722.0743328249357,Uganda,Non-CFA comparison
UG,UGA,2010,2244.60595194584,2091.55963145331,768.624091660131,823.488144282,2.57308463341826,63122.69140625,59635.6796875,63617.93359375,60535.13671875,58511.82421875,32.428167,1946.538988967523,1839.008652184997,1961.8109649475407,1866.74555853712,1804.3518839270193,Uganda,Non-CFA comparison
UG,UGA,2011,2384.4653273154,2267.72270357093,816.516366587228,835.620060555838,6.23090993981926,68782.4453125,64381.8046875,69218.0390625,65524.52734375,61946.6796875,33.476772,2054.6319493558103,1923.1783962772756,2067.643769910074,1957.3131884923075,1850.4376612984074,Uganda,Non-CFA comparison
UG,UGA,2012,2405.09455932767,2031.94669538814,823.580468285493,795.222867553127,0.865151267915266,66465.2734375,63321.48828125,66567.4296875,64264.54296875,63950.49609375,34.558704,1923.2571174399366,1832.2877004082677,1926.213138302293,1859.5761857490374,1850.4888404886365,Uganda,Non-CFA comparison
UG,UGA,2013,2420.88808087266,2044.88182485845,828.988669729986,818.285427416713,0.656669463732158,67684.171875,65324.78515625,67666.203125,65808.4375,66967.265625,35.694519,1896.2063020095607,1830.1068899751808,1895.7028983917671,1843.6566549615084,1876.1218108864277,Uganda,Non-CFA comparison
UG,UGA,2014,2470.50380909598,2134.00916281741,845.978664791099,896.054795546394,2.04948459267207,70358.921875,68944.59375,70311.078125,69357.6171875,70012.96875,36.911522999999995,1906.1506043790175,1867.8338943099154,1904.8544305527573,1879.0234471630988,1896.7781077470038,Uganda,Non-CFA comparison
UG,UGA,2015,2520.0201028843,2189.96485919003,862.934610355811,862.934610355811,2.00429943099081,75930.546875,73060.7421875,75801.6328125,73095.8046875,73999.734375,38.225453,1986.3871037708827,1911.3113502539786,1983.0146371973667,1912.2286055707436,1935.8759299726285,Uganda,Non-CFA comparison
UG,UGA,2016,2554.22769062073,2165.29759404413,874.648370639216,752.696571725656,1.35743312909598,75388.7421875,73038.0859375,75291.546875,72866.625,75909.1015625,39.649166,1901.3954086070814,1842.1090102500516,1898.9440250773496,1837.784557687796,1914.51950244048,Uganda,Non-CFA comparison
UG,UGA,2017,2543.84754394956,2157.95747503369,871.093880017151,765.218332297361,-0.406390812740796,79337.5390625,77850.265625,79337.5390625,77850.265625,79337.5390625,41.166588,1927.2313523408839,1891.1031836060838,1927.2313523408839,1891.1031836060838,1927.2313523408839,Uganda,Non-CFA comparison
UG,UGA,2018,2613.87976413963,2312.05752813495,895.07512785438,792.16570022814,2.75300382511665,85139.546875,82568.625,85236.78125,82497.203125,85424.671875,42.729036,1992.5454642833506,1932.3774353346048,1994.8210685118195,1930.705928516618,1999.2183272049479,Uganda,Non-CFA comparison
UG,UGA,2019,2689.41009144919,2441.37445233821,920.939101515671,822.171150036357,2.88958690241905,92618.59375,89417.125,92851.2265625,89275.765625,91112.75,44.269594,2092.1491565971896,2019.8316027022972,2097.4040684109277,2016.6384544886498,2058.1338514195545,Uganda,Non-CFA comparison
UG,UGA,2020,2678.00907202293,2532.21950102069,917.0350317644,845.766463890124,-0.423922683361482,NA,NA,NA,NA,NA,NA,NA,NA,NA,NA,NA,Uganda,Non-CFA comparison
UG,UGA,2021,2684.92035939744,2684.92035939744,919.401675217265,882.791717542504,0.258075577364949,NA,NA,NA,NA,NA,NA,NA,NA,NA,NA,NA,Uganda,Non-CFA comparison
ZM,ZMB,1980,NA,NA,1062.93600223771,669.419722015371,-0.00253335058172866,9353.337890625,10032.5751953125,9437.67578125,9933.734375,14327.712890625,5.851825,1598.362543415943,1714.435273664626,1612.7747807307976,1697.5446762334827,2448.4178680368946,Zambia,Non-CFA comparison
ZM,ZMB,1981,NA,NA,1094.46195855082,669.886829361684,2.96593174440794,10659.76953125,10802.810546875,10777.0625,10786.34765625,14209.8017578125,6.055365999999999,1760.3840182822973,1784.006209843468,1779.754105697327,1781.2874822512795,2346.646223830649,Zambia,Non-CFA comparison
ZM,ZMB,1982,NA,NA,1030.04718157436,626.532533448195,-5.88551995555419,11187.861328125,10731.7021484375,11289.2822265625,10737.712890625,14561.939453125,6.265864,1785.525719697236,1712.7250365532193,1801.7119788368373,1713.6843204105612,2324.011413769115,Zambia,Non-CFA comparison
ZM,ZMB,1983,NA,NA,977.759709968015,520.45583354177,-5.07622102576212,11245.4228515625,11235.51171875,11330.896484375,11201.568359375,14990.5615234375,6.481916,1734.891789952616,1733.3627462543482,1748.0782664223048,1728.1261218712184,2312.674450492339,Zambia,Non-CFA comparison
ZM,ZMB,1984,NA,NA,944.930593972368,413.269974271735,-3.35758526977152,12680.01171875,13421.4296875,12711.361328125,13304.365234375,14902.9248046875,6.70154,1892.1041609465885,2002.738129967142,1896.78213188685,1985.2698386303746,2223.805991561268,Zambia,Non-CFA comparison
ZM,ZMB,1985,NA,NA,931.808263595704,332.173737253298,-1.38870838349084,13693.4423828125,14997.54296875,13785.380859375,14939.6904296875,14899.73828125,6.9231489999999996,1977.9210851611747,2166.2892086751276,1991.2009490731748,2157.932817809858,2152.162012004942,Zambia,Non-CFA comparison
ZM,ZMB,1986,NA,NA,910.944542362099,238.23379616097,-2.23905733064601,11682.119140625,12819.2275390625,11640.2001953125,12851.8505859375,15294.8974609375,7.1469689999999995,1634.5557313351997,1793.6593175460116,1628.6904553961967,1798.2239164515056,2140.0537012176073,Zambia,Non-CFA comparison
ZM,ZMB,1987,NA,NA,908.680042753164,314.999602622841,-0.248588086719636,11884.734375,13841.23046875,11777.484375,13896.0244140625,15715.55078125,7.372837,1611.9621761609542,1877.3276106266828,1597.415536922897,1884.7594778051516,2131.547297363281,Zambia,Non-CFA comparison
ZM,ZMB,1988,NA,NA,939.599679398111,504.486020154114,3.40269789036691,13008.361328125,14088.0517578125,12949.9560546875,14182.1123046875,16021.48046875,7.598274999999999,1712.0150729112859,1854.111855363553,1704.328423844557,1866.4910528623275,2108.5681248375454,Zambia,Non-CFA comparison
ZM,ZMB,1989,NA,NA,905.747380200891,526.361769256072,-3.60284277862945,10935.4052734375,11383.3935546875,10963.494140625,11532.556640625,16174.4443359375,7.820205,1398.3527635704563,1455.6387658235942,1401.9445961614817,1474.7128292193108,2068.289045611656,Zambia,Non-CFA comparison
ZM,ZMB,1990,2425.11128678382,1521.62416937243,878.589205998477,422.336298804219,-2.99842702237687,10770.7177734375,11380.5869140625,10894.49609375,11631.970703125,16295.54296875,8.036845,1340.167413137556,1416.051561783573,1355.5687703010324,1447.330476464956,2027.6044851866623,Zambia,Non-CFA comparison
ZM,ZMB,1991,2364.86234039956,1534.00129938977,856.761723583768,423.071256835592,-2.48437862264691,10806.013671875,11716.4169921875,10726.89453125,11964.0341796875,15976.865234375,8.246656,1310.3509679408235,1420.7476330026984,1300.7568802736528,1450.7740082389153,1937.375008048717,Zambia,Non-CFA comparison
ZM,ZMB,1992,2268.49812195378,1505.02647935462,821.850104215064,389.254665832226,-4.07483415840184,9762.1943359375,10015.5146484375,10007.9921875,10233.0390625,15700.3173828125,8.451347,1155.1051371973604,1185.0790943073926,1184.1890041315307,1210.8175255968072,1857.7295882907777,Zambia,Non-CFA comparison
ZM,ZMB,1993,2365.62953630778,1606.66943649345,857.039669609389,390.916673784646,4.28174982443221,9549.0419921875,9510.4453125,9701.6201171875,9710.4111328125,16767.51171875,8.656486,1103.1083504539256,1098.6496498117135,1120.7342237008759,1121.7497646056956,1936.9882558292131,Zambia,Non-CFA comparison
ZM,ZMB,1994,2110.5832556481,1464.05611720688,764.639411345433,426.386598390102,-10.7813280458849,9019.0576171875,9184.408203125,9128.5380859375,9376.1611328125,15321.2216796875,8.86974,1016.8344976501565,1035.4765983134794,1029.1776406002318,1057.0953751533302,1727.3586012315468,Zambia,Non-CFA comparison
ZM,ZMB,1995,2119.95642928697,1501.39106250692,768.035201563368,433.312782642118,0.444103477737357,9289.21875,9387.75,9379.017578125,9613.962890625,15765.201171875,9.096606999999999,1021.1740212586958,1032.0056698063356,1031.0457050771788,1056.8735013643,1733.0858826675708,Zambia,Non-CFA comparison
ZM,ZMB,1996,2197.19564925242,1584.58166347442,796.018059633101,399.511304742449,3.64343431300713,10528.505859375,10447.9716796875,10582.9345703125,10697.1220703125,16745.546875,9.339732999999999,1127.2812466239668,1118.6584969492706,1133.1088983285176,1145.3348902278578,1792.936358566139,Zambia,Non-CFA comparison
ZM,ZMB,1997,2223.45745445731,1631.17313845153,805.53240180321,465.871942164799,1.19524199921966,11358.8154296875,11251.595703125,11425.0302734375,11466.6826171875,17384.228515625,9.597609,1183.5047072335933,1172.3332033139711,1190.4038050974466,1194.7436718027895,1811.3082660092737,Zambia,Non-CFA comparison
ZM,ZMB,1998,2157.57339335667,1600.62825155996,781.663383813883,373.084763057408,-2.96313567721118,10937.1728515625,10912.4287109375,11019.0625,11037.11328125,17317.18359375,9.866475999999999,1108.5186698434682,1106.0107692896129,1116.81845676207,1118.6479631886807,1755.1538759887524,Zambia,Non-CFA comparison
ZM,ZMB,1999,2198.18912998648,1653.83649536649,796.377985981253,349.515723095687,1.88247300207094,10949.6552734375,11252.98046875,11047.5380859375,11385.708984375,18122.447265625,10.140561,1079.787920356428,1109.699992806118,1089.4405236492833,1122.7888658600841,1787.1247227470947,Zambia,Non-CFA comparison
ZM,ZMB,2000,2220.5653712714,1708.51552615927,804.48463418783,359.429500988221,1.01793976595019,13461.0419921875,13513.984375,13600.5791015625,13663.42578125,18828.76953125,10.415944,1292.3496893020451,1297.4325106778608,1305.7461811970668,1311.7798810410272,1807.687285113092,Zambia,Non-CFA comparison
ZM,ZMB,2001,2268.96965564597,1785.06711385476,822.020935308251,396.548952993504,2.17981803196589,14295.365234375,14283.46875,14433.9892578125,14471.919921875,19829.849609375,10.692193,1336.9909460458673,1335.8783132702524,1349.9559218405898,1353.5034320718864,1854.6101449323821,Zambia,Non-CFA comparison
ZM,ZMB,2002,2299.33289188114,1837.06585172035,833.021177549004,393.864625518616,1.3381949009155,15283.810546875,15131.18359375,15469.8955078125,15380.8984375,20723.3671875,10.971698,1393.0214399699116,1379.1104707539344,1409.9818923025862,1401.8703793615173,1888.8021879111145,Zambia,Non-CFA comparison
ZM,ZMB,2003,2383.87611741089,1942.21520871647,863.650190656785,446.290104839041,3.67685887625342,17306.875,16366.416015625,17430.177734375,16597.865234375,22162.62109375,11.256743,1537.4673651161797,1453.9210867321924,1548.4210427807582,1474.482026850484,1968.8306905247814,Zambia,Non-CFA comparison
ZM,ZMB,2004,2471.72073328685,2067.9372845653,895.475258534826,548.685974566277,3.68494886266848,18396.50390625,18058.513671875,18511.09375,18287.806640625,23721.185546875,11.550642,1592.6823726551304,1563.4207753885023,1602.6030198148294,1583.271877063197,2053.668146487009,Zambia,Non-CFA comparison
ZM,ZMB,2005,2564.47560965912,2212.81202553596,929.079255855905,710.982068171696,3.75264386154687,21062.47265625,20284.173828125,21096.99609375,20885.212890625,25437.5546875,11.856247,1776.4873366968486,1710.8427167656848,1779.399171909121,1761.5365883171125,2145.498038924122,Zambia,Non-CFA comparison
ZM,ZMB,2006,2673.46151928529,2377.99239778211,968.563565019492,1051.71714895686,4.24983217682681,24503.1875,24451.1484375,24579.72265625,25009.8046875,27448.060546875,12.173513999999999,2012.8278079772201,2008.5530305793382,2019.1148304630858,2054.4441553605643,2254.7360233762415,Zambia,Non-CFA comparison
ZM,ZMB,2007,2796.3529332184,2554.68937629218,1013.08567432637,1118.73162626953,4.59671527144219,32965.0390625,33694.62109375,32948.09765625,34364.1171875,29740.642578125,12.502958,2636.5792048969533,2694.9319588012695,2635.224213042226,2748.4789749353713,2378.688513400189,Zambia,Non-CFA comparison
ZM,ZMB,2008,2908.14362510668,2708.00819669101,1053.58612301068,1375.50211006997,3.99773185138027,35393.59765625,35410.80859375,35336.92578125,36307.9765625,32052.650390625,12.84853,2754.680703259439,2756.020229065115,2750.269936035484,2825.8467359690176,2494.655060977793,Zambia,Non-CFA comparison
ZM,ZMB,2009,3065.84420108998,2872.46418366268,1110.71918102486,1136.24168316848,5.42272309461708,39705.671875,40417.09765625,39735.7109375,41177.83984375,35008.015625,13.215138999999999,3004.559533955716,3058.3936844137625,3006.8326135275615,3115.9596462625177,2649.0841772455065,Zambia,Non-CFA comparison
ZM,ZMB,2010,3266.50749293828,3097.66400499243,1183.41712409199,1451.10616017155,6.54512358380669,45006.21875,46988.75390625,44824.29296875,47823.73828125,38613.22265625,13.605984,3307.82534728837,3453.5358784965497,3294.454334853694,3514.9047861036734,2837.9588463612777,Zambia,Non-CFA comparison
ZM,ZMB,2011,3335.64339500657,3228.48714255039,1208.46424569634,1624.86817763443,2.11650829571791,51794.5390625,53234.61328125,51403.5390625,54185.234375,40762.0625,14.023202999999999,3693.4885034824074,3796.180749950636,3665.6061430830036,3863.9699058054002,2906.758356133046,Zambia,Non-CFA comparison
ZM,ZMB,2012,3474.55252844092,3323.63312219856,1258.78938578996,1710.05061343728,4.16438800509357,50681.57421875,51260.37109375,50534.98046875,52391.546875,43858.953125,14.46515,3503.7019470071173,3543.7151425149414,3493.5676760178776,3621.915215189611,3032.042745840866,Zambia,Non-CFA comparison
ZM,ZMB,2013,3535.22449043144,3477.28178777683,1280.77012176778,1820.71854827391,1.74618059430358,51322.3515625,51710.05078125,50706.1171875,52246.6953125,46077.66015625,14.926544,3438.3278247463045,3464.3016348091023,3397.043360304971,3500.253998011864,3086.9610645471585,Zambia,Non-CFA comparison
ZM,ZMB,2014,3585.57748507131,3441.31497643775,1299.01241762504,1707.48573136694,1.42432240940171,53353.97265625,53782.39453125,52669.3359375,54232.9765625,48239.5703125,15.399788,3464.591373352023,3492.4113586011704,3420.133831550149,3521.6703348448696,3132.4827531716674,Zambia,Non-CFA comparison
ZM,ZMB,2015,3576.92544834125,3337.47306887696,1295.87788680068,1295.87788680068,-0.241301067013211,52037.515625,51722.6484375,51843.8125,51739.125,49650.38671875,15.879361,3277.0535051756806,3257.2247987497735,3264.8550845339432,3258.2624074104747,3126.724477058617,Zambia,Non-CFA comparison
ZM,ZMB,2016,3598.17166023389,3313.35121570029,1303.57513869133,1239.08527877713,0.593979723633794,54400.3984375,54719.50390625,54246.23046875,54486.52734375,51514.00390625,16.363457999999998,3324.5050305076106,3344.0061328265706,3315.083551945439,3329.7685210393797,3148.112330917463,Zambia,Non-CFA comparison
ZM,ZMB,2017,3612.50597664593,3391.62768492775,1308.76829240086,1483.46577328065,0.398377780872721,53331.15234375,54565.28515625,53331.15234375,54565.28515625,53331.15234375,16.853599,3164.3776705349405,3237.604333427537,3164.3776705349405,3237.604333427537,3164.3776705349405,Zambia,Non-CFA comparison
ZM,ZMB,2018,3646.95966481655,3442.27307196302,1321.25045711573,1463.89997855593,0.9537337347912,55459.12109375,56671.4453125,55517.78125,56531.27734375,55482.79296875,17.351708,3196.1764855511633,3266.0442022479865,3199.5571415793765,3257.9661520208847,3197.540724449144,Zambia,Non-CFA comparison
ZM,ZMB,2019,3591.56418883108,3361.39750299612,1301.18132976178,1258.98619844462,-1.51894951073589,56783.71484375,57956.18359375,56811.10546875,57695.06640625,56282.2734375,17.86103,3179.1959838682315,3244.8399444908832,3180.729525046988,3230.220564337555,3151.1213763987857,Zambia,Non-CFA comparison
ZM,ZMB,2020,3391.59541156095,3157.30009311643,1228.73500113195,951.644316655957,-5.56773502453288,NA,NA,NA,NA,NA,NA,NA,NA,NA,NA,NA,Zambia,Non-CFA comparison
ZM,ZMB,2021,3503.03491418372,3503.03491418372,1269.10821808895,1127.16077872857,3.28575461102756,NA,NA,NA,NA,NA,NA,NA,NA,NA,NA,NA,Zambia,Non-CFA comparison
ZW,ZWE,1980,NA,NA,1547.24303557325,949.011610530352,8.02232255007959,23114.5546875,23582.5,23137.107421875,23230.087890625,13473.8583984375,7.408624,3119.952461820171,3183.1147052408114,3122.9965809946625,3135.546883014309,1818.6721850693868,Zimbabwe,Non-CFA comparison
ZW,ZWE,1981,NA,NA,1634.85792339379,1068.92311090177,5.66264548013156,28192.455078125,28733.197265625,28335.033203125,28450.337890625,15161.515625,7.675591,3673.0012162092794,3743.450799505211,3691.5767402308174,3706.598995520345,1975.2896715054255,Zimbabwe,Non-CFA comparison
ZW,ZWE,1982,NA,NA,1613.8207054948,1095.88472887835,-1.28679181217906,29824.212890625,30347.955078125,30042.0625,30129.099609375,15560.916015625,7.958240999999999,3747.588555137373,3813.3998553354945,3774.96264563991,3785.8993726597378,1955.321033331989,Zimbabwe,Non-CFA comparison
ZW,ZWE,1983,NA,NA,1578.2877877611,959.205194217604,-2.20178843986304,34796.50390625,35488.3359375,35008.5234375,35152.4609375,15807.6025390625,8.254747,4215.332572427719,4299.1427765744975,4241.017130809702,4258.454067399037,1914.9711722312627,Zimbabwe,Non-CFA comparison
ZW,ZWE,1984,NA,NA,1494.11174302875,757.359025240321,-5.33337743503436,33214.58984375,33903.171875,33276.65625,33413.64453125,15506.095703125,8.562249,3879.1899001944466,3959.6105970522467,3886.438744072965,3902.437844455353,1810.9839719827116,Zimbabwe,Non-CFA comparison
ZW,ZWE,1985,NA,NA,1543.54602241645,649.27581323637,3.30860657633907,36118.03125,37189.05859375,36367.78125,36790.91796875,16582.91015625,8.877488999999999,4068.4963112880237,4189.141613551986,4096.6292664513585,4144.293275806932,1867.9730446582364,Zimbabwe,Non-CFA comparison
ZW,ZWE,1986,NA,NA,1524.05510786515,692.529276865648,-1.26273621053356,37760.94140625,38681.9375,38064.86328125,38431.5859375,16935.919921875,9.200149,4104.383679682796,4204.490329450099,4137.418131081356,4177.2786438023995,1840.8310476140116,Zimbabwe,Non-CFA comparison
ZW,ZWE,1987,NA,NA,1491.43889200127,726.43141011947,-2.14009425876756,37379.97265625,38907.71875,37649.63671875,38700.765625,17124,9.527203,3923.4991273147007,4083.8553298381485,3951.8037685089735,4062.1329917080593,1797.3795666996914,Zimbabwe,Non-CFA comparison
ZW,ZWE,1988,NA,NA,1554.121523425,815.89246404532,4.20282934553336,44219.578125,45823.36328125,44615.734375,45647.421875,18417.416015625,9.849124999999999,4489.69610244565,4652.531395555443,4529.918584138185,4634.667736981712,1869.9545406952395,Zimbabwe,Non-CFA comparison
ZW,ZWE,1989,NA,NA,1588.24428841402,840.417972601175,2.1956304236636,49552.02734375,51686.2265625,50205.76171875,51695.89453125,19378.072265625,10.153851999999999,4880.121095299597,5090.307260978396,4944.5039891018705,5091.25940886769,1908.445412206619,Zimbabwe,Non-CFA comparison
ZW,ZWE,1990,6082.84245095319,2756.77305553483,1653.56521361694,866.928868406131,4.11277570329895,55290.62890625,55114.98828125,55947.61328125,55053.31640625,20731.287109375,10.432421,5299.884744514241,5283.048707605838,5362.859999730647,5277.137148342652,1987.198092310021,Zimbabwe,Non-CFA comparison
ZW,ZWE,1991,6254.27473513148,2930.32330543328,1700.16751573044,830.961354818769,2.81829236184525,65961.0703125,64479.61328125,66713.90625,64363.57421875,21876.16796875,10.680995,6175.55483477897,6036.854551589061,6246.038524500761,6025.990482979349,2048.1395196561743,Zimbabwe,Non-CFA comparison
ZW,ZWE,1992,5532.03740345063,2650.99889602854,1503.8338876162,631.149149280088,-11.5478990333428,60167.47265625,57687.8359375,60956.859375,57671.90625,20337.765625,10.900502,5519.697409922039,5292.218279259066,5592.114874617701,5290.756907342433,1865.7641294868806,Zimbabwe,Non-CFA comparison
ZW,ZWE,1993,5509.0831125663,2702.57555861021,1497.59397309998,604.70311652877,-0.4149337614747,61321.4921875,60193.09375,61908.94140625,60027.94140625,20766.974609375,11.092766,5528.061458025889,5426.337646534688,5581.019324328126,5411.449354133136,1872.1186951365423,Zimbabwe,Non-CFA comparison
ZW,ZWE,1994,6010.74241746159,3011.63318948501,1633.9654774338,634.062003018813,9.10603987351351,67541.4609375,67239.5625,68019.5546875,66810.125,21971.65234375,11.261744,5997.424638448539,5970.617206358092,6039.877543611362,5932.484790987967,1950.9990942566267,Zimbabwe,Non-CFA comparison
ZW,ZWE,1995,5964.5893804643,3051.16830439046,1621.41919547814,648.315259628165,-0.76784253577739,66349.6796875,64223.921875,66577.765625,63551.83203125,22007.341796875,11.410713999999999,5814.682559522568,5628.38766049171,5834.671311979251,5569.487766606893,1928.6559804123565,Zimbabwe,Non-CFA comparison
ZW,ZWE,1996,6474.16018296527,3372.4697143022,1759.94136824269,766.913775859535,8.54326710519177,74411.09375,73254.921875,74203.9609375,72070.3828125,24149.529296875,11.541217,6447.4217710316,6347.244131619742,6429.474546531791,6244.608589588082,2092.459512447864,Zimbabwe,Non-CFA comparison
ZW,ZWE,1997,6524.06265782805,3457.06927971344,1773.50690066801,750.583100340929,0.770794565665597,64145.95703125,63096.64453125,63965.1484375,61974.41015625,24493.859375,11.653241999999999,5504.5589056890785,5414.5142211283355,5489.043172492256,5318.211889553998,2101.8922781316996,Zimbabwe,Non-CFA comparison
ZW,ZWE,1998,6582.34841934183,3527.15454598776,1789.35135307089,552.448328691252,0.893396715677412,55145.48828125,55969.33203125,54891.91796875,54671.890625,24614.42578125,11.747072,4694.402850450734,4764.5346884100145,4672.817019317665,4654.0866204787035,2095.3668949377343,Zimbabwe,Non-CFA comparison
ZW,ZWE,1999,6423.70886833195,3490.85723088472,1746.22663873399,582.299355588147,-2.41007526346858,51630.2109375,51810.5703125,51478.44140625,50697.21875,23729,11.822719,4367.033584871636,4382.288906003771,4354.19647597562,4288.1183888410105,2007.0679172870473,Zimbabwe,Non-CFA comparison
ZW,ZWE,2000,6170.33390832202,3429.12057152309,1677.34896793251,562.833757496076,-3.94437178277245,39882.62890625,42878.47265625,39853.2890625,42038.15234375,21790.65234375,11.881477,3356.706317425855,3608.850369045027,3354.2369406177363,3538.1251290348832,1834.0019800358154,Zimbabwe,Non-CFA comparison
ZW,ZWE,2001,6217.41179425199,3533.08605903604,1690.14666163116,566.388746448872,0.762971447403842,45106.6953125,44335.37109375,45238.22265625,43646.5625,21748.474609375,11.923914,3782.8766051566627,3718.1894379437827,3793.9071563456428,3660.4224502122374,1823.9375602151274,Zimbabwe,Non-CFA comparison
ZW,ZWE,2002,5610.19146861437,3237.57082661378,1525.07935706564,524.936478570323,-9.76644857590099,38900.38671875,39335.8203125,39115.53515625,38816.25,20456.798828125,11.95429,3254.0942806933745,3290.519161949392,3272.0918729803275,3247.0560777762626,1711.2516785292141,Zimbabwe,Non-CFA comparison
ZW,ZWE,2003,4601.6607468251,2707.98957173272,1250.91948331231,468.471932927213,-17.9767611752894,27228.90234375,28165.544921875,27296.083984375,27842.6875,18930.34765625,11.982223999999999,2272.4414385634923,2350.610781594052,2278.0482141190987,2323.6660823566644,1579.8692843874394,Zimbabwe,Non-CFA comparison
ZW,ZWE,2004,4287.59829196083,2591.02005431794,1165.54447081543,469.719298949304,-6.82498063511001,25505.19921875,25710.44921875,25570.123046875,25425.1953125,18240.802734375,12.019912,2121.9123084054195,2138.988140574573,2127.313664765183,2115.2563606538884,1517.548775263496,Zimbabwe,Non-CFA comparison
ZW,ZWE,2005,4004.66443720945,2495.92081736268,1088.63148420699,461.271387547912,-6.59888906294871,21755.91015625,21581.513671875,21741.544921875,21571.02734375,17499.669921875,12.076699,1801.4782148871973,1787.037473723159,1800.288714811473,1786.1691629268892,1449.0441404455805,Zimbabwe,Non-CFA comparison
ZW,ZWE,2006,3819.2334285389,2453.75642369722,1038.22375658033,431.034994414964,-4.63037569259529,16519.853515625,18039.26171875,16355.3203125,17829.294921875,16865.478515625,12.155491,1359.0445269240872,1484.0422092986619,1345.5088167561476,1466.768797893479,1387.4781788432076,Zimbabwe,Non-CFA comparison
ZW,ZWE,2007,3631.53761566256,2396.37835055325,987.200362596937,413.521244592925,-4.91448916093475,18695.630859375,18921.921875,18381.310546875,18717.369140625,16314.435546875,12.255922,1525.43650811216,1543.900318148239,1499.7901052956277,1527.210204228209,1331.147142326379,Zimbabwe,Non-CFA comparison
ZW,ZWE,2008,2954.09932377926,1986.90882459937,803.044944654991,340.917447588572,-18.6543102007687,14817.7109375,14028.3759765625,14505.7119140625,13997.6767578125,15540.8837890625,12.379548999999999,1196.950788554575,1133.1895836078118,1171.7480106959067,1130.709750235045,1255.3675250255483,Zimbabwe,Non-CFA comparison
ZW,ZWE,2009,3299.41379594873,2232.8525728967,896.915532877845,735.821693871697,11.6893318173098,26465.283203125,25497.337890625,26136.494140625,25334.765625,24792.759765625,12.526968,2112.66470890043,2035.3957869633737,2086.4182091488537,2022.4180045003707,1979.1508819712,Zimbabwe,Non-CFA comparison
ZW,ZWE,2010,3885.39378454343,2661.36483256213,1056.20884563889,902.010759067388,17.7601242170416,28976.095703125,27993.345703125,28501.068359375,27934.52734375,29670.818359375,12.697723,2281.991480135848,2204.595713981554,2244.5810449145097,2199.9635165887616,2336.703860950109,Zimbabwe,Non-CFA comparison
ZW,ZWE,2011,4358.92582649309,3047.31708873749,1184.93421020563,1037.77565157218,12.187491621401,31580.892578125,29494.23828125,30923.115234375,29628.08203125,33882.265625,12.894321999999999,2449.2092393942853,2287.381863214677,2398.1962940257736,2297.7619165435767,2627.6888094620253,Zimbabwe,Non-CFA comparison
ZW,ZWE,2012,5003.48706186748,3472.48572001016,1360.15230034275,1239.22709745709,14.7871576858869,36233.01953125,34897.953125,34892.265625,34632.95703125,39528.890625,13.11515,2762.684340724277,2660.8886002066315,2660.454941422706,2640.6832580069613,3013.986925425939,Zimbabwe,Non-CFA comparison
ZW,ZWE,2013,5031.68744400391,3783.94633704647,1367.81831689463,1362.99498323368,0.563614570952865,38243.51953125,37219.421875,37278.37890625,37015.28515625,40315.31640625,13.350373,2864.603073730599,2787.8937820688607,2792.309915704228,2772.603069311247,3019.789514963365,Zimbabwe,Non-CFA comparison
ZW,ZWE,2014,5081.11240399225,3903.42797706084,1381.25404125871,1372.91526173161,0.982274048982148,38674.859375,37861.2109375,37860.33203125,37724.59765625,41273.58203125,13.586706999999999,2846.5219258058632,2786.6363010183413,2786.5716123303464,2776.581378861707,3037.791425931979,Zimbabwe,Non-CFA comparison
ZW,ZWE,2015,5102.71432347607,4045.89864738798,1387.12632595026,1387.12632595026,0.425141539219794,39798.64453125,40141.6171875,39455.90234375,39961.22265625,42008.19921875,13.814629,2880.9057797534774,2905.732552607819,2856.095689848059,2892.6743277904893,3040.8488869842254,Zimbabwe,Non-CFA comparison
ZW,ZWE,2016,5070.40217016051,4275.4493505094,1378.34256192374,1408.13945253431,-0.633234613329265,40963.19140625,41875.203125,40864.1640625,41680.89453125,42325.7265625,14.030330999999999,2919.616893304228,2984.6197587925762,2912.558802960529,2970.7705777753927,3016.73043654494,Zimbabwe,Non-CFA comparison
ZW,ZWE,2017,5234.3838655748,10756.4454416985,1422.91948946927,3445.44941020134,3.23409642689352,44316.7421875,44672.17578125,44316.7421875,44672.17578125,44316.7421875,14.236595,3112.875107250013,3137.841301325914,3112.875107250013,3137.841301325914,3112.875107250013,Zimbabwe,Non-CFA comparison
ZW,ZWE,2018,5415.46976371689,3992.890718675,1472.14603844842,2270.89531874302,3.45954562738599,43420.8984375,44325.109375,43567.51171875,44342.453125,46457.09765625,14.438801999999999,3007.236918790077,3069.8606002769484,3017.391035540899,3071.061790652715,3217.5174682948077,Zimbabwe,Non-CFA comparison
ZW,ZWE,2019,4993.8438389475205,4165.55567835558,1357.53087818754,2184.32923855469,-7.78558358121073,40826.5703125,42296.0625,41081.72265625,42325.1171875,42694.0703125,14.645468,2787.6589749470622,2887.9966485195287,2805.080906683897,2889.9805173518525,2915.17282428257,Zimbabwe,Non-CFA comparison
ZW,ZWE,2020,4527.71988082724,4178.58557943828,1230.81933361016,2059.67445384499,-9.33397144870511,NA,NA,NA,NA,NA,NA,NA,NA,NA,NA,NA,Zimbabwe,Non-CFA comparison
ZW,ZWE,2021,4827.0886936086,4827.0886936086,1312.20001358807,2613.60542083552,6.61191108683749,NA,NA,NA,NA,NA,NA,NA,NA,NA,NA,NA,Zimbabwe,Non-CFA comparison
